Site,Subsite,Trapnest,Treatment,Cavity_size,Cavity_number,Straw_ID,Straw_length_mm,Filled_length_mm,Occupant,06-May,07-May,11-May,12-May,15-May,16-May,17-May,18-May,19-May,21-May,22-May,23-May,25-May,26-May,28-May,29-May,31-May,01-Jun,02-Jun,04-Jun,05-Jun,08-Jun,09-Jun,10-Jun,11-Jun,12-Jun,14-Jun,15-Jun,16-Jun,19-Jun,20-Jun,22-Jun,23-Jun,29-Jun,30-Jun,03-Jul,04-Jul,05-Jul,06-Jul,07-Jul,10-Jul,12-Jul,14-Jul,17-Jul,20-Jul,24-Jul,26-Jul,28-Jul,29-Jul,01-Aug,04-Aug,09-Aug,Notes
BP,A,1,Low,small,16,a,141,91,osmia,non_existent,non_existent,empty,empty,empty,empty,empty,no_visit,empty,empty,empty,empty,no_visit,empty,empty,empty,empty,no_visit,empty,no_visit,2 cells,no change,no_visit,no change,no_visit,no change,2 cells + end cap,no_visit,non_existent,no_visit,non_existent,no_visit,non_existent,non_existent,non_existent,non_existent,non_existent,non_existent,non_existent,non_existent,non_existent,non_existent,non_existent,non_existent,non_existent,non_existent,non_existent,non_existent,non_existent,non_existent,non_existent,non_existent,
BP,A,1,Low,small,16,b,NA,NA,NA,non_existent,non_existent,non_existent,non_existent,non_existent,non_existent,non_existent,no_visit,non_existent,non_existent,non_existent,non_existent,no_visit,non_existent,non_existent,non_existent,non_existent,no_visit,non_existent,no_visit,non_existent,non_existent,no_visit,non_existent,no_visit,non_existent,non_existent,no_visit,empty,no_visit,empty,no_visit,empty,empty,non_existent,non_existent,non_existent,non_existent,non_existent,non_existent,non_existent,non_existent,non_existent,non_existent,non_existent,non_existent,non_existent,non_existent,non_existent,non_existent,non_existent,non_existent,
BP,A,1,Low,medium,18,a,NA,NA,osmia,non_existent,non_existent,empty,empty,empty,empty,empty,no_visit,empty,empty,empty,empty,no_visit,empty,empty,inner wall,no change,no_visit,no change,no_visit,non_existent,non_existent,no_visit,non_existent,no_visit,non_existent,non_existent,no_visit,non_existent,no_visit,non_existent,no_visit,non_existent,non_existent,non_existent,non_existent,non_existent,non_existent,non_existent,non_existent,non_existent,non_existent,non_existent,non_existent,non_existent,non_existent,non_existent,non_existent,non_existent,non_existent,non_existent,non_existent,
BP,A,1,Low,medium,18,b,NA,NA,NA,non_existent,non_existent,non_existent,non_existent,non_existent,non_existent,non_existent,no_visit,non_existent,non_existent,non_existent,non_existent,no_visit,non_existent,non_existent,non_existent,non_existent,no_visit,non_existent,no_visit,empty,empty,no_visit,empty,no_visit,empty,empty,no_visit,empty,no_visit,empty,no_visit,empty,empty,non_existent,non_existent,non_existent,non_existent,non_existent,non_existent,non_existent,non_existent,non_existent,non_existent,non_existent,non_existent,non_existent,non_existent,non_existent,non_existent,non_existent,non_existent,
BP,A,2,Mid,small,1,a,147.24,21.51,osmia,non_existent,non_existent,empty,empty,empty,empty,empty,no_visit,empty,empty,empty,empty,no_visit,empty,empty,2 cells + end cap ,no change,no_visit,no change,no_visit,non_existent,non_existent,no_visit,non_existent,no_visit,non_existent,non_existent,no_visit,non_existent,no_visit,non_existent,no_visit,non_existent,non_existent,non_existent,non_existent,non_existent,non_existent,non_existent,non_existent,non_existent,non_existent,non_existent,non_existent,non_existent,non_existent,non_existent,non_existent,non_existent,non_existent,non_existent,non_existent,
BP,A,2,Mid,small,1,b,NA,NA,wasp,non_existent,non_existent,non_existent,non_existent,non_existent,non_existent,non_existent,no_visit,non_existent,non_existent,non_existent,non_existent,no_visit,non_existent,non_existent,non_existent,non_existent,no_visit,non_existent,no_visit,empty,empty,no_visit,empty,no_visit,empty,empty,no_visit,empty,no_visit,empty,no_visit,empty,non-target inner wall ,non_existent,non_existent,non_existent,non_existent,non_existent,non_existent,non_existent,non_existent,non_existent,non_existent,non_existent,non_existent,non_existent,non_existent,non_existent,non_existent,non_existent,non_existent,
BP,A,2,Mid,medium,2,a,NA,NA,wasp,non_existent,non_existent,empty,empty,empty,empty,empty,no_visit,empty,empty,empty,empty,no_visit,empty,empty,empty,empty,no_visit,empty,no_visit,empty,empty,no_visit,empty,no_visit,empty,empty,no_visit,empty,no_visit,empty,no_visit,empty,non-target inner wall ,non_existent,non_existent,non_existent,non_existent,non_existent,non_existent,non_existent,non_existent,non_existent,non_existent,non_existent,non_existent,non_existent,non_existent,non_existent,non_existent,non_existent,non_existent,
BP,A,2,Mid,small,3,a,NA,NA,osmia,non_existent,non_existent,empty,empty,empty,empty,empty,no_visit,empty,empty,empty,empty,no_visit,empty,empty,empty,empty,no_visit,inner wall,no_visit,no change,no change,no_visit,no change,no_visit,no change,no change,no_visit,no change,no_visit,non_existent,no_visit,non_existent,non_existent,non_existent,non_existent,non_existent,non_existent,non_existent,non_existent,non_existent,non_existent,non_existent,non_existent,non_existent,non_existent,non_existent,non_existent,non_existent,non_existent,non_existent,non_existent,
BP,A,2,Mid,small,3,b,NA,NA,NA,non_existent,non_existent,non_existent,non_existent,non_existent,non_existent,non_existent,no_visit,non_existent,non_existent,non_existent,non_existent,no_visit,non_existent,non_existent,non_existent,non_existent,no_visit,non_existent,no_visit,non_existent,non_existent,no_visit,non_existent,no_visit,non_existent,non_existent,no_visit,non_existent,no_visit,empty,no_visit,empty,empty,non_existent,non_existent,non_existent,non_existent,non_existent,non_existent,non_existent,non_existent,non_existent,non_existent,non_existent,non_existent,non_existent,non_existent,non_existent,non_existent,non_existent,non_existent,
BP,A,2,Mid,small,5,a,NA,NA,NA,non_existent,non_existent,empty,empty,empty,empty,empty,no_visit,empty,empty,empty,empty,no_visit,empty,empty,empty,empty,no_visit,empty,no_visit,empty,non_existent,no_visit,non_existent,no_visit,non_existent,non_existent,no_visit,non_existent,no_visit,non_existent,no_visit,non_existent,non_existent,non_existent,non_existent,non_existent,non_existent,non_existent,non_existent,non_existent,non_existent,non_existent,non_existent,non_existent,non_existent,non_existent,non_existent,non_existent,non_existent,non_existent,non_existent,
BP,A,2,Mid,small,5,b,NA,NA,NA,non_existent,non_existent,non_existent,non_existent,non_existent,non_existent,non_existent,no_visit,non_existent,non_existent,non_existent,non_existent,no_visit,non_existent,non_existent,non_existent,non_existent,no_visit,non_existent,no_visit,non_existent,pseudo,no_visit,pseudo,no_visit,pseudo,pseudo,no_visit,pseudo,no_visit,non_existent,no_visit,non_existent,non_existent,non_existent,non_existent,non_existent,non_existent,non_existent,non_existent,non_existent,non_existent,non_existent,non_existent,non_existent,non_existent,non_existent,non_existent,non_existent,non_existent,non_existent,non_existent,other nests were just walls with little progress
BP,A,2,Mid,small,5,c,NA,NA,NA,non_existent,non_existent,non_existent,non_existent,non_existent,non_existent,non_existent,no_visit,non_existent,non_existent,non_existent,non_existent,no_visit,non_existent,non_existent,non_existent,non_existent,no_visit,non_existent,no_visit,non_existent,non_existent,no_visit,non_existent,no_visit,non_existent,non_existent,no_visit,non_existent,no_visit,empty,no_visit,empty,empty,non_existent,non_existent,non_existent,non_existent,non_existent,non_existent,non_existent,non_existent,non_existent,non_existent,non_existent,non_existent,non_existent,non_existent,non_existent,non_existent,non_existent,non_existent,
BP,A,2,Mid,small,7,a,146.52,7.14,osmia,non_existent,non_existent,empty,empty,empty,empty,empty,no_visit,empty,empty,empty,empty,no_visit,empty,empty,empty,1 cell,no_visit,no change,no_visit,no change,no change,no_visit,no change,no_visit,no change,no change,no_visit,no change,no_visit,no change,no_visit,no change,no change,non_existent,non_existent,non_existent,non_existent,non_existent,non_existent,non_existent,non_existent,non_existent,non_existent,non_existent,non_existent,non_existent,non_existent,non_existent,non_existent,non_existent,non_existent,
BP,A,2,Mid,medium,8,a,NA,NA,NA,non_existent,non_existent,pseudo,pseudo,pseudo,pseudo,pseudo,no_visit,pseudo,pseudo,pseudo,pseudo,no_visit,pseudo,pseudo,pseudo,pseudo,no_visit,pseudo,no_visit,pseudo,pseudo,no_visit,pseudo,no_visit,pseudo,pseudo,no_visit,pseudo,no_visit,pseudo,no_visit,pseudo,pseudo,non_existent,non_existent,non_existent,non_existent,non_existent,non_existent,non_existent,non_existent,non_existent,non_existent,non_existent,non_existent,non_existent,non_existent,non_existent,non_existent,non_existent,non_existent,
BP,A,2,Mid,small,9,a,148.95,64.69,osmia,non_existent,non_existent,empty,empty,empty,empty,empty,no_visit,empty,empty,empty,empty,no_visit,empty,empty,empty,6 cells,no_visit,1 cell + end cap,no_visit,non_existent,non_existent,no_visit,non_existent,no_visit,non_existent,non_existent,no_visit,non_existent,no_visit,non_existent,no_visit,non_existent,non_existent,non_existent,non_existent,non_existent,non_existent,non_existent,non_existent,non_existent,non_existent,non_existent,non_existent,non_existent,non_existent,non_existent,non_existent,non_existent,non_existent,non_existent,non_existent,
BP,A,2,Mid,small,9,b,138.76,5.98,osmia,non_existent,non_existent,non_existent,non_existent,non_existent,non_existent,non_existent,no_visit,non_existent,non_existent,non_existent,non_existent,no_visit,non_existent,non_existent,non_existent,non_existent,no_visit,non_existent,no_visit,empty,empty,no_visit,empty,no_visit,empty,1 cell,no_visit,1 cell,no_visit,no change,no_visit,no change,no change,non_existent,non_existent,non_existent,non_existent,non_existent,non_existent,non_existent,non_existent,non_existent,non_existent,non_existent,non_existent,non_existent,non_existent,non_existent,non_existent,non_existent,non_existent,
BP,A,2,Mid,medium,10,a,NA,NA,wasp,non_existent,non_existent,empty,empty,empty,empty,empty,no_visit,empty,empty,empty,empty,no_visit,empty,empty,empty,empty,no_visit,empty,no_visit,empty,empty,no_visit,empty,no_visit,empty,empty,no_visit,empty,no_visit,empty,no_visit,empty,non-target cells,non_existent,non_existent,non_existent,non_existent,non_existent,non_existent,non_existent,non_existent,non_existent,non_existent,non_existent,non_existent,non_existent,non_existent,non_existent,non_existent,non_existent,non_existent,
BP,A,2,Mid,medium,11,a,NA,NA,wasp,non_existent,non_existent,empty,empty,empty,empty,empty,no_visit,empty,empty,empty,empty,no_visit,empty,empty,empty,empty,no_visit,empty,no_visit,empty,empty,no_visit,empty,no_visit,empty,empty,no_visit,empty,no_visit,empty,no_visit,empty,non-target inner wall,non_existent,non_existent,non_existent,non_existent,non_existent,non_existent,non_existent,non_existent,non_existent,non_existent,non_existent,non_existent,non_existent,non_existent,non_existent,non_existent,non_existent,non_existent,
BP,A,2,Mid,small,12,a,NA,NA,osmia,non_existent,non_existent,inner wall,no change,no change,non_existent,non_existent,no_visit,non_existent,non_existent,non_existent,non_existent,no_visit,non_existent,non_existent,non_existent,non_existent,no_visit,non_existent,no_visit,non_existent,non_existent,no_visit,non_existent,no_visit,non_existent,non_existent,no_visit,non_existent,no_visit,non_existent,no_visit,non_existent,non_existent,non_existent,non_existent,non_existent,non_existent,non_existent,non_existent,non_existent,non_existent,non_existent,non_existent,non_existent,non_existent,non_existent,non_existent,non_existent,non_existent,non_existent,non_existent,
BP,A,2,Mid,small,12,b,NA,NA,NA,non_existent,non_existent,non_existent,non_existent,non_existent,empty,empty,no_visit,empty,empty,empty,empty,no_visit,empty,empty,empty,empty,no_visit,empty,no_visit,empty,empty,no_visit,empty,no_visit,empty,empty,no_visit,empty,no_visit,empty,no_visit,empty,empty,non_existent,non_existent,non_existent,non_existent,non_existent,non_existent,non_existent,non_existent,non_existent,non_existent,non_existent,non_existent,non_existent,non_existent,non_existent,non_existent,non_existent,non_existent,
BP,A,2,Mid,large,13,a,NA,NA,NA,non_existent,non_existent,pseudo,pseudo,pseudo,pseudo,pseudo,no_visit,pseudo,pseudo,pseudo,pseudo,no_visit,pseudo,pseudo,pseudo,pseudo,no_visit,pseudo,no_visit,pseudo,pseudo,no_visit,pseudo,no_visit,pseudo,pseudo,no_visit,pseudo,no_visit,pseudo,no_visit,pseudo,pseudo,non_existent,non_existent,non_existent,non_existent,non_existent,non_existent,non_existent,non_existent,non_existent,non_existent,non_existent,non_existent,non_existent,non_existent,non_existent,non_existent,non_existent,non_existent,
BP,A,2,Mid,small,14,a,NA,NA,NA,non_existent,non_existent,pseudo,pseudo,pseudo,pseudo,pseudo,no_visit,pseudo,pseudo,pseudo,pseudo,no_visit,pseudo,pseudo,pseudo,non_existent,no_visit,non_existent,no_visit,non_existent,non_existent,no_visit,non_existent,no_visit,non_existent,non_existent,no_visit,non_existent,no_visit,non_existent,no_visit,non_existent,non_existent,non_existent,non_existent,non_existent,non_existent,non_existent,non_existent,non_existent,non_existent,non_existent,non_existent,non_existent,non_existent,non_existent,non_existent,non_existent,non_existent,non_existent,non_existent,
BP,A,2,Mid,small,14,b,NA,NA,osmia,non_existent,non_existent,non_existent,non_existent,non_existent,non_existent,non_existent,no_visit,non_existent,non_existent,non_existent,non_existent,no_visit,non_existent,non_existent,non_existent,empty,no_visit,inner wall,no_visit,no change,no change,no_visit,no change,no_visit,no change,no change,no_visit,no change,no_visit,non_existent,no_visit,non_existent,non_existent,non_existent,non_existent,non_existent,non_existent,non_existent,non_existent,non_existent,non_existent,non_existent,non_existent,non_existent,non_existent,non_existent,non_existent,non_existent,non_existent,non_existent,non_existent,
BP,A,2,Mid,small,14,c,NA,NA,NA,non_existent,non_existent,non_existent,non_existent,non_existent,non_existent,non_existent,no_visit,non_existent,non_existent,non_existent,non_existent,no_visit,non_existent,non_existent,non_existent,non_existent,no_visit,non_existent,no_visit,non_existent,non_existent,no_visit,non_existent,no_visit,non_existent,non_existent,no_visit,non_existent,no_visit,empty,no_visit,empty,empty,non_existent,non_existent,non_existent,non_existent,non_existent,non_existent,non_existent,non_existent,non_existent,non_existent,non_existent,non_existent,non_existent,non_existent,non_existent,non_existent,non_existent,non_existent,
BP,A,2,Mid,small,15,a,NA,NA,NA,non_existent,non_existent,pseudo,pseudo,pseudo,pseudo,pseudo,no_visit,pseudo,pseudo,pseudo,pseudo,no_visit,pseudo,pseudo,pseudo,non_existent,no_visit,non_existent,no_visit,non_existent,non_existent,no_visit,non_existent,no_visit,non_existent,non_existent,no_visit,non_existent,no_visit,non_existent,no_visit,non_existent,non_existent,non_existent,non_existent,non_existent,non_existent,non_existent,non_existent,non_existent,non_existent,non_existent,non_existent,non_existent,non_existent,non_existent,non_existent,non_existent,non_existent,non_existent,non_existent,
BP,A,2,Mid,small,15,b,137.3,29,osmia,non_existent,non_existent,non_existent,non_existent,non_existent,non_existent,non_existent,no_visit,non_existent,non_existent,non_existent,non_existent,no_visit,non_existent,non_existent,non_existent,3 cells + end cap,no_visit,non_existent,no_visit,non_existent,non_existent,no_visit,non_existent,no_visit,non_existent,non_existent,no_visit,non_existent,no_visit,non_existent,no_visit,non_existent,non_existent,non_existent,non_existent,non_existent,non_existent,non_existent,non_existent,non_existent,non_existent,non_existent,non_existent,non_existent,non_existent,non_existent,non_existent,non_existent,non_existent,non_existent,non_existent,
BP,A,2,Mid,small,15,c,NA,NA,NA,non_existent,non_existent,non_existent,non_existent,non_existent,non_existent,non_existent,no_visit,non_existent,non_existent,non_existent,non_existent,no_visit,non_existent,non_existent,non_existent,non_existent,no_visit,empty,no_visit,empty,empty,no_visit,empty,no_visit,empty,empty,no_visit,empty,no_visit,empty,no_visit,empty,empty,non_existent,non_existent,non_existent,non_existent,non_existent,non_existent,non_existent,non_existent,non_existent,non_existent,non_existent,non_existent,non_existent,non_existent,non_existent,non_existent,non_existent,non_existent,
BP,A,2,Mid,small,16,a,NA,NA,NA,non_existent,non_existent,pseudo,pseudo,non_existent,non_existent,non_existent,no_visit,non_existent,non_existent,non_existent,non_existent,no_visit,non_existent,non_existent,non_existent,non_existent,no_visit,non_existent,no_visit,non_existent,non_existent,no_visit,non_existent,no_visit,non_existent,non_existent,no_visit,non_existent,no_visit,non_existent,no_visit,non_existent,non_existent,non_existent,non_existent,non_existent,non_existent,non_existent,non_existent,non_existent,non_existent,non_existent,non_existent,non_existent,non_existent,non_existent,non_existent,non_existent,non_existent,non_existent,non_existent,
BP,A,2,Mid,small,16,b,140.65,42.06,osmia,non_existent,non_existent,non_existent,non_existent,empty,empty,empty,no_visit,empty,empty,empty,empty,no_visit,empty,empty,4 cells + end cap,no change,no_visit,no change,no_visit,non_existent,non_existent,no_visit,non_existent,no_visit,non_existent,non_existent,no_visit,non_existent,no_visit,non_existent,no_visit,non_existent,non_existent,non_existent,non_existent,non_existent,non_existent,non_existent,non_existent,non_existent,non_existent,non_existent,non_existent,non_existent,non_existent,non_existent,non_existent,non_existent,non_existent,non_existent,non_existent,
BP,A,2,Mid,small,16,c,NA,NA,wasp,non_existent,non_existent,non_existent,non_existent,non_existent,non_existent,non_existent,no_visit,non_existent,non_existent,non_existent,non_existent,no_visit,non_existent,non_existent,non_existent,non_existent,no_visit,non_existent,no_visit,empty,empty,no_visit,empty,no_visit,empty,empty,no_visit,empty,no_visit,empty,no_visit,empty,non-target inner wall,non_existent,non_existent,non_existent,non_existent,non_existent,non_existent,non_existent,non_existent,non_existent,non_existent,non_existent,non_existent,non_existent,non_existent,non_existent,non_existent,non_existent,non_existent,
BP,A,2,Mid,medium,17,a,NA,NA,NA,non_existent,non_existent,pseudo,pseudo,pseudo,pseudo,pseudo,no_visit,pseudo,pseudo,pseudo,pseudo,no_visit,pseudo,pseudo,pseudo,pseudo,no_visit,pseudo,no_visit,pseudo,pseudo,no_visit,pseudo,no_visit,pseudo,pseudo,no_visit,pseudo,no_visit,pseudo,no_visit,pseudo,pseudo,non_existent,non_existent,non_existent,non_existent,non_existent,non_existent,non_existent,non_existent,non_existent,non_existent,non_existent,non_existent,non_existent,non_existent,non_existent,non_existent,non_existent,non_existent,
BP,A,2,Mid,small,18,a,142.77,106.85,osmia,non_existent,non_existent,inner wall,no change,5 cells,no change,no change,no_visit,no change,no change,3 cells,1 cell,no_visit,2 cells + end cap,no change,no change,no change,no_visit,non_existent,no_visit,non_existent,non_existent,no_visit,non_existent,no_visit,non_existent,non_existent,no_visit,non_existent,no_visit,non_existent,no_visit,non_existent,non_existent,non_existent,non_existent,non_existent,non_existent,non_existent,non_existent,non_existent,non_existent,non_existent,non_existent,non_existent,non_existent,non_existent,non_existent,non_existent,non_existent,non_existent,non_existent,
BP,A,2,Mid,small,18,b,NA,NA,NA,non_existent,non_existent,non_existent,non_existent,non_existent,non_existent,non_existent,no_visit,non_existent,non_existent,non_existent,non_existent,no_visit,non_existent,non_existent,non_existent,non_existent,no_visit,empty,no_visit,empty,non_existent,no_visit,non_existent,no_visit,non_existent,non_existent,no_visit,non_existent,no_visit,non_existent,no_visit,non_existent,non_existent,non_existent,non_existent,non_existent,non_existent,non_existent,non_existent,non_existent,non_existent,non_existent,non_existent,non_existent,non_existent,non_existent,non_existent,non_existent,non_existent,non_existent,non_existent,
BP,A,2,Mid,small,18,c,NA,NA,NA,non_existent,non_existent,non_existent,non_existent,non_existent,non_existent,non_existent,no_visit,non_existent,non_existent,non_existent,non_existent,no_visit,non_existent,non_existent,non_existent,non_existent,no_visit,non_existent,no_visit,non_existent,pseudo,no_visit,pseudo,no_visit,pseudo,pseudo,no_visit,pseudo,no_visit,pseudo,no_visit,pseudo,pseudo,non_existent,non_existent,non_existent,non_existent,non_existent,non_existent,non_existent,non_existent,non_existent,non_existent,non_existent,non_existent,non_existent,non_existent,non_existent,non_existent,non_existent,non_existent,
BP,A,3,High,small,2,a,142.17,46.68,osmia,non_existent,non_existent,empty,empty,empty,empty,empty,no_visit,empty,empty,empty,empty,no_visit,empty,empty,empty,2 cells,no_visit,3 cells + end cap,no_visit,no change,no change,no_visit,no change,no_visit,no change,no change,no_visit,no change,no_visit,no change,no_visit,no change,no change,non_existent,non_existent,non_existent,non_existent,non_existent,non_existent,non_existent,non_existent,non_existent,non_existent,non_existent,non_existent,non_existent,non_existent,non_existent,non_existent,non_existent,non_existent,
BP,A,3,High,small,3,a,NA,NA,NA,non_existent,non_existent,pseudo,pseudo,pseudo,pseudo,pseudo,no_visit,pseudo,pseudo,pseudo,pseudo,no_visit,pseudo,pseudo,pseudo,pseudo,no_visit,non_existent,no_visit,non_existent,non_existent,no_visit,non_existent,no_visit,non_existent,non_existent,no_visit,non_existent,no_visit,non_existent,no_visit,non_existent,non_existent,non_existent,non_existent,non_existent,non_existent,non_existent,non_existent,non_existent,non_existent,non_existent,non_existent,non_existent,non_existent,non_existent,non_existent,non_existent,non_existent,non_existent,non_existent,
BP,A,3,High,small,3,b,NA,NA,NA,non_existent,non_existent,non_existent,non_existent,non_existent,non_existent,non_existent,no_visit,non_existent,non_existent,non_existent,non_existent,no_visit,non_existent,non_existent,non_existent,non_existent,no_visit,empty,no_visit,empty,empty,no_visit,empty,no_visit,empty,empty,no_visit,empty,no_visit,empty,no_visit,empty,empty,non_existent,non_existent,non_existent,non_existent,non_existent,non_existent,non_existent,non_existent,non_existent,non_existent,non_existent,non_existent,non_existent,non_existent,non_existent,non_existent,non_existent,non_existent,
BP,A,3,High,small,4,a,NA,NA,NA,non_existent,non_existent,pseudo,pseudo,pseudo,pseudo,pseudo,no_visit,pseudo,pseudo,pseudo,pseudo,no_visit,pseudo,pseudo,pseudo,pseudo,no_visit,non_existent,no_visit,non_existent,non_existent,no_visit,non_existent,no_visit,non_existent,non_existent,no_visit,non_existent,no_visit,non_existent,no_visit,non_existent,non_existent,non_existent,non_existent,non_existent,non_existent,non_existent,non_existent,non_existent,non_existent,non_existent,non_existent,non_existent,non_existent,non_existent,non_existent,non_existent,non_existent,non_existent,non_existent,
BP,A,3,High,small,4,b,NA,NA,wasp,non_existent,non_existent,non_existent,non_existent,non_existent,non_existent,non_existent,no_visit,non_existent,non_existent,non_existent,non_existent,no_visit,non_existent,non_existent,non_existent,non_existent,no_visit,empty,no_visit,empty,empty,no_visit,empty,no_visit,empty,empty,no_visit,empty,no_visit,empty,no_visit,empty,non-target cells,non_existent,non_existent,non_existent,non_existent,non_existent,non_existent,non_existent,non_existent,non_existent,non_existent,non_existent,non_existent,non_existent,non_existent,non_existent,non_existent,non_existent,non_existent,
BP,A,3,High,large,5,a,NA,NA,NA,non_existent,non_existent,pseudo,pseudo,pseudo,pseudo,pseudo,no_visit,pseudo,pseudo,pseudo,pseudo,no_visit,pseudo,pseudo,pseudo,pseudo,no_visit,pseudo,no_visit,pseudo,pseudo,no_visit,pseudo,no_visit,pseudo,pseudo,no_visit,pseudo,no_visit,pseudo,no_visit,pseudo,pseudo,non_existent,non_existent,non_existent,non_existent,non_existent,non_existent,non_existent,non_existent,non_existent,non_existent,non_existent,non_existent,non_existent,non_existent,non_existent,non_existent,non_existent,non_existent,
BP,A,3,High,small,7,a,NA,NA,osmia,non_existent,non_existent,empty,empty,empty,empty,empty,no_visit,empty,empty,empty,empty,no_visit,empty,empty,empty,empty,no_visit,inner wall,no_visit,no change,no change,no_visit,no change,no_visit,no change,no change,no_visit,no change,no_visit,non_existent,no_visit,non_existent,non_existent,non_existent,non_existent,non_existent,non_existent,non_existent,non_existent,non_existent,non_existent,non_existent,non_existent,non_existent,non_existent,non_existent,non_existent,non_existent,non_existent,non_existent,non_existent,
BP,A,3,High,small,7,b,NA,NA,NA,non_existent,non_existent,non_existent,non_existent,non_existent,non_existent,non_existent,no_visit,non_existent,non_existent,non_existent,non_existent,no_visit,non_existent,non_existent,non_existent,non_existent,no_visit,non_existent,no_visit,non_existent,non_existent,no_visit,non_existent,no_visit,non_existent,non_existent,no_visit,non_existent,no_visit,empty,no_visit,empty,empty,non_existent,non_existent,non_existent,non_existent,non_existent,non_existent,non_existent,non_existent,non_existent,non_existent,non_existent,non_existent,non_existent,non_existent,non_existent,non_existent,non_existent,non_existent,
BP,A,3,High,medium,8,a,NA,NA,NA,non_existent,non_existent,pseudo,pseudo,pseudo,pseudo,pseudo,no_visit,pseudo,pseudo,pseudo,pseudo,no_visit,pseudo,pseudo,pseudo,pseudo,no_visit,pseudo,no_visit,pseudo,pseudo,no_visit,pseudo,no_visit,pseudo,pseudo,no_visit,pseudo,no_visit,pseudo,no_visit,pseudo,pseudo,non_existent,non_existent,non_existent,non_existent,non_existent,non_existent,non_existent,non_existent,non_existent,non_existent,non_existent,non_existent,non_existent,non_existent,non_existent,non_existent,non_existent,non_existent,
BP,A,3,High,small,9,a,NA,NA,NA,non_existent,non_existent,pseudo,pseudo,pseudo,pseudo,pseudo,no_visit,pseudo,pseudo,pseudo,pseudo,no_visit,pseudo,pseudo,pseudo,pseudo,no_visit,pseudo,no_visit,pseudo,non_existent,no_visit,non_existent,no_visit,non_existent,non_existent,no_visit,non_existent,no_visit,non_existent,no_visit,non_existent,non_existent,non_existent,non_existent,non_existent,non_existent,non_existent,non_existent,non_existent,non_existent,non_existent,non_existent,non_existent,non_existent,non_existent,non_existent,non_existent,non_existent,non_existent,non_existent,
BP,A,3,High,small,9,b,139.75,72.46,osmia,non_existent,non_existent,non_existent,non_existent,non_existent,non_existent,non_existent,no_visit,non_existent,non_existent,non_existent,non_existent,no_visit,non_existent,non_existent,non_existent,non_existent,no_visit,non_existent,no_visit,non_existent,empty,no_visit,empty,no_visit,empty,empty,no_visit,1 cell ,no_visit,no change,no_visit,3 cells,6 cells ,non_existent,non_existent,non_existent,non_existent,non_existent,non_existent,non_existent,non_existent,non_existent,non_existent,non_existent,non_existent,non_existent,non_existent,non_existent,non_existent,non_existent,non_existent,
BP,A,3,High,medium,10,a,NA,NA,NA,non_existent,non_existent,pseudo,pseudo,pseudo,pseudo,pseudo,no_visit,pseudo,pseudo,pseudo,pseudo,no_visit,pseudo,pseudo,pseudo,pseudo,no_visit,pseudo,no_visit,pseudo,pseudo,no_visit,pseudo,no_visit,pseudo,pseudo,no_visit,pseudo,no_visit,pseudo,no_visit,pseudo,pseudo,non_existent,non_existent,non_existent,non_existent,non_existent,non_existent,non_existent,non_existent,non_existent,non_existent,non_existent,non_existent,non_existent,non_existent,non_existent,non_existent,non_existent,non_existent,
BP,A,3,High,small,11,a,NA,NA,NA,non_existent,non_existent,pseudo,pseudo,pseudo,pseudo,pseudo,no_visit,pseudo,pseudo,pseudo,pseudo,no_visit,pseudo,pseudo,pseudo,pseudo,no_visit,non_existent,no_visit,non_existent,non_existent,no_visit,non_existent,no_visit,non_existent,non_existent,no_visit,non_existent,no_visit,non_existent,no_visit,non_existent,non_existent,non_existent,non_existent,non_existent,non_existent,non_existent,non_existent,non_existent,non_existent,non_existent,non_existent,non_existent,non_existent,non_existent,non_existent,non_existent,non_existent,non_existent,non_existent,
BP,A,3,High,small,11,b,141.84,18.88,osmia,non_existent,non_existent,non_existent,non_existent,non_existent,non_existent,non_existent,no_visit,non_existent,non_existent,non_existent,non_existent,no_visit,non_existent,non_existent,non_existent,non_existent,no_visit,2 cells + end cap,no_visit,no change,no change,no_visit,no change,no_visit,no change,no change,no_visit,no change,no_visit,no change,no_visit,no change,no change,non_existent,non_existent,non_existent,non_existent,non_existent,non_existent,non_existent,non_existent,non_existent,non_existent,non_existent,non_existent,non_existent,non_existent,non_existent,non_existent,non_existent,non_existent,
BP,A,3,High,medium,12,a,NA,NA,NA,non_existent,non_existent,pseudo,pseudo,pseudo,pseudo,pseudo,no_visit,pseudo,pseudo,pseudo,pseudo,no_visit,pseudo,pseudo,pseudo,pseudo,no_visit,pseudo,no_visit,pseudo,pseudo,no_visit,pseudo,no_visit,pseudo,pseudo,no_visit,pseudo,no_visit,pseudo,no_visit,pseudo,pseudo,non_existent,non_existent,non_existent,non_existent,non_existent,non_existent,non_existent,non_existent,non_existent,non_existent,non_existent,non_existent,non_existent,non_existent,non_existent,non_existent,non_existent,non_existent,
BP,A,3,High,small,13,a,NA,NA,NA,non_existent,non_existent,pseudo,pseudo,pseudo,pseudo,pseudo,no_visit,pseudo,pseudo,pseudo,pseudo,no_visit,pseudo,non_existent,non_existent,non_existent,no_visit,non_existent,no_visit,non_existent,non_existent,no_visit,non_existent,no_visit,non_existent,non_existent,no_visit,non_existent,no_visit,non_existent,no_visit,non_existent,non_existent,non_existent,non_existent,non_existent,non_existent,non_existent,non_existent,non_existent,non_existent,non_existent,non_existent,non_existent,non_existent,non_existent,non_existent,non_existent,non_existent,non_existent,non_existent,
BP,A,3,High,small,13,b,140,35,osmia,non_existent,non_existent,non_existent,non_existent,non_existent,non_existent,non_existent,no_visit,non_existent,non_existent,non_existent,non_existent,no_visit,non_existent,empty,1 cell ,no change,no_visit,4 cells + end cap,no_visit,no change,no change,no_visit,no change,no_visit,no change,no change,no_visit,no change,no_visit,no change,no_visit,no change,no change,non_existent,non_existent,non_existent,non_existent,non_existent,non_existent,non_existent,non_existent,non_existent,non_existent,non_existent,non_existent,non_existent,non_existent,non_existent,non_existent,non_existent,non_existent,
BP,A,3,High,small,14,a,142.78,8.71,osmia,non_existent,non_existent,empty,empty,empty,empty,empty,no_visit,empty,empty,empty,empty,no_visit,2 cells,end cap,no change,no change,no_visit,no change,no_visit,no change,non_existent,no_visit,non_existent,no_visit,non_existent,non_existent,no_visit,non_existent,no_visit,non_existent,no_visit,non_existent,non_existent,non_existent,non_existent,non_existent,non_existent,non_existent,non_existent,non_existent,non_existent,non_existent,non_existent,non_existent,non_existent,non_existent,non_existent,non_existent,non_existent,non_existent,non_existent,
BP,A,3,High,small,14,b,NA,NA,wasp,non_existent,non_existent,non_existent,non_existent,non_existent,non_existent,non_existent,no_visit,non_existent,non_existent,non_existent,non_existent,no_visit,non_existent,non_existent,non_existent,non_existent,no_visit,non_existent,no_visit,non_existent,empty,no_visit,empty,no_visit,empty,empty,no_visit,empty,no_visit,empty,no_visit,non-target cells,non-target cells,non_existent,non_existent,non_existent,non_existent,non_existent,non_existent,non_existent,non_existent,non_existent,non_existent,non_existent,non_existent,non_existent,non_existent,non_existent,non_existent,non_existent,non_existent,
BP,A,3,High,small,16,a,NA,NA,NA,non_existent,non_existent,pseudo,pseudo,pseudo,pseudo,pseudo,no_visit,pseudo,pseudo,pseudo,pseudo,no_visit,non_existent,non_existent,non_existent,non_existent,no_visit,non_existent,no_visit,non_existent,non_existent,no_visit,non_existent,no_visit,non_existent,non_existent,no_visit,non_existent,no_visit,non_existent,no_visit,non_existent,non_existent,non_existent,non_existent,non_existent,non_existent,non_existent,non_existent,non_existent,non_existent,non_existent,non_existent,non_existent,non_existent,non_existent,non_existent,non_existent,non_existent,non_existent,non_existent,
BP,A,3,High,small,16,b,143.88,4.82,osmia,non_existent,non_existent,non_existent,non_existent,non_existent,non_existent,non_existent,no_visit,non_existent,non_existent,non_existent,non_existent,no_visit,empty,empty,empty,empty,no_visit,1 cell,no_visit,no change,no change,no_visit,no change,no_visit,no change,no change,no_visit,no change,no_visit,no change,no_visit,no change,no change,non_existent,non_existent,non_existent,non_existent,non_existent,non_existent,non_existent,non_existent,non_existent,non_existent,non_existent,non_existent,non_existent,non_existent,non_existent,non_existent,non_existent,non_existent,
BP,A,3,High,medium,17,a,NA,NA,NA,non_existent,non_existent,pseudo,pseudo,pseudo,pseudo,pseudo,no_visit,pseudo,pseudo,pseudo,pseudo,no_visit,pseudo,pseudo,pseudo,pseudo,no_visit,pseudo,no_visit,pseudo,pseudo,no_visit,pseudo,no_visit,pseudo,pseudo,no_visit,pseudo,no_visit,pseudo,no_visit,pseudo,pseudo,non_existent,non_existent,non_existent,non_existent,non_existent,non_existent,non_existent,non_existent,non_existent,non_existent,non_existent,non_existent,non_existent,non_existent,non_existent,non_existent,non_existent,non_existent,
BP,A,3,High,small,18,a,144.35,61.17,osmia,non_existent,non_existent,empty,empty,empty,empty,empty,no_visit,empty,empty,empty,1 cell,no_visit,3 cells,no change,4 cells + end cap,no change,no_visit,no change,no_visit,no change,no change,no_visit,no change,no_visit,no change,no change,no_visit,no change,no_visit,no change,no_visit,no change,no change,non_existent,non_existent,non_existent,non_existent,non_existent,non_existent,non_existent,non_existent,non_existent,non_existent,non_existent,non_existent,non_existent,non_existent,non_existent,non_existent,non_existent,non_existent,
BP,B,4,Low,small,1,a,NA,NA,wasp,non_existent,non_existent,empty,empty,empty,empty,empty,no_visit,empty,empty,empty,empty,no_visit,empty,empty,empty,empty,no_visit,empty,no_visit,empty,empty,no_visit,empty,no_visit,empty,non-target cells,no_visit,no change,no_visit,non_existent,no_visit,non_existent,non_existent,non_existent,non_existent,non_existent,non_existent,non_existent,non_existent,non_existent,non_existent,non_existent,non_existent,non_existent,non_existent,non_existent,non_existent,non_existent,non_existent,non_existent,non_existent,
BP,B,4,Low,small,1,b,NA,NA,wasp,non_existent,non_existent,non_existent,non_existent,non_existent,non_existent,non_existent,no_visit,non_existent,non_existent,non_existent,non_existent,no_visit,non_existent,non_existent,non_existent,non_existent,no_visit,non_existent,no_visit,non_existent,non_existent,no_visit,non_existent,no_visit,non_existent,non_existent,no_visit,non_existent,no_visit,inner wall,no_visit,no change,non_existent,non_existent,non_existent,non_existent,non_existent,non_existent,non_existent,non_existent,non_existent,non_existent,non_existent,non_existent,non_existent,non_existent,non_existent,non_existent,non_existent,non_existent,non_existent,
BP,B,4,Low,small,1,c,NA,NA,NA,non_existent,non_existent,non_existent,non_existent,non_existent,non_existent,non_existent,no_visit,non_existent,non_existent,non_existent,non_existent,no_visit,non_existent,non_existent,non_existent,non_existent,no_visit,non_existent,no_visit,non_existent,non_existent,no_visit,non_existent,no_visit,non_existent,non_existent,no_visit,non_existent,no_visit,non_existent,no_visit,non_existent,empty,non_existent,non_existent,non_existent,non_existent,non_existent,non_existent,non_existent,non_existent,non_existent,non_existent,non_existent,non_existent,non_existent,non_existent,non_existent,non_existent,non_existent,non_existent,
BP,B,4,Low,medium,2,a,NA,NA,wasp,non_existent,non_existent,empty,empty,empty,empty,empty,no_visit,empty,empty,empty,empty,no_visit,empty,empty,empty,empty,no_visit,empty,no_visit,empty,empty,no_visit,empty,no_visit,empty,empty,no_visit,empty,no_visit,non-target cells,no_visit,non-target nest completed,non_existent,non_existent,non_existent,non_existent,non_existent,non_existent,non_existent,non_existent,non_existent,non_existent,non_existent,non_existent,non_existent,non_existent,non_existent,non_existent,non_existent,non_existent,non_existent,
BP,B,4,Low,medium,2,b,NA,NA,NA,non_existent,non_existent,non_existent,non_existent,non_existent,non_existent,non_existent,no_visit,non_existent,non_existent,non_existent,non_existent,no_visit,non_existent,non_existent,non_existent,non_existent,no_visit,non_existent,no_visit,non_existent,non_existent,no_visit,non_existent,no_visit,non_existent,non_existent,no_visit,non_existent,no_visit,non_existent,no_visit,non_existent,empty,non_existent,non_existent,non_existent,non_existent,non_existent,non_existent,non_existent,non_existent,non_existent,non_existent,non_existent,non_existent,non_existent,non_existent,non_existent,non_existent,non_existent,non_existent,
BP,B,4,Low,small,3,a,NA,NA,wasp,non_existent,non_existent,empty,empty,empty,empty,empty,no_visit,empty,empty,empty,empty,no_visit,empty,empty,empty,empty,no_visit,empty,no_visit,empty,empty,no_visit,empty,no_visit,empty,empty,no_visit,empty,no_visit,empty,no_visit,non-target cells,no change,non_existent,non_existent,non_existent,non_existent,non_existent,non_existent,non_existent,non_existent,non_existent,non_existent,non_existent,non_existent,non_existent,non_existent,non_existent,non_existent,non_existent,non_existent,
BP,B,4,Low,large,4,a,NA,NA,wasp,non_existent,non_existent,empty,empty,empty,empty,empty,no_visit,empty,empty,empty,empty,no_visit,empty,empty,empty,empty,no_visit,empty,no_visit,empty,empty,no_visit,empty,no_visit,empty,empty,no_visit,empty,no_visit,empty,no_visit,empty,non-target cells ,non_existent,non_existent,non_existent,non_existent,non_existent,non_existent,non_existent,non_existent,non_existent,non_existent,non_existent,non_existent,non_existent,non_existent,non_existent,non_existent,non_existent,non_existent,
BP,B,4,Low,small,8,a,139.8,139.8,hoplitis,non_existent,non_existent,empty,empty,empty,empty,empty,no_visit,empty,empty,empty,empty,no_visit,empty,empty,empty,empty,no_visit,empty,no_visit,empty,empty,no_visit,empty,no_visit,empty,empty,no_visit,empty,no_visit,empty,no_visit,4 cells,4 cells + end cap,non_existent,non_existent,non_existent,non_existent,non_existent,non_existent,non_existent,non_existent,non_existent,non_existent,non_existent,non_existent,non_existent,non_existent,non_existent,non_existent,non_existent,non_existent,
BP,B,5,Mid,medium,2,a,NA,NA,NA,non_existent,non_existent,pseudo,pseudo,pseudo,pseudo,pseudo,no_visit,pseudo,pseudo,pseudo,pseudo,no_visit,pseudo,pseudo,pseudo,pseudo,no_visit,pseudo,no_visit,pseudo,pseudo,no_visit,pseudo,no_visit,pseudo,pseudo,no_visit,pseudo,no_visit,pseudo,no_visit,pseudo,pseudo,non_existent,non_existent,non_existent,non_existent,non_existent,non_existent,non_existent,non_existent,non_existent,non_existent,non_existent,non_existent,non_existent,non_existent,non_existent,non_existent,non_existent,non_existent,
BP,B,5,Mid,medium,4,a,NA,NA,NA,non_existent,non_existent,pseudo,pseudo,pseudo,pseudo,pseudo,no_visit,pseudo,pseudo,pseudo,pseudo,no_visit,pseudo,pseudo,pseudo,pseudo,no_visit,pseudo,no_visit,pseudo,pseudo,no_visit,pseudo,no_visit,pseudo,pseudo,no_visit,pseudo,no_visit,pseudo,no_visit,pseudo,pseudo,non_existent,non_existent,non_existent,non_existent,non_existent,non_existent,non_existent,non_existent,non_existent,non_existent,non_existent,non_existent,non_existent,non_existent,non_existent,non_existent,non_existent,non_existent,
BP,B,5,Mid,large,5,a,NA,NA,NA,non_existent,non_existent,pseudo,pseudo,pseudo,pseudo,pseudo,no_visit,pseudo,pseudo,pseudo,pseudo,no_visit,pseudo,pseudo,pseudo,pseudo,no_visit,pseudo,no_visit,pseudo,pseudo,no_visit,pseudo,no_visit,pseudo,pseudo,no_visit,pseudo,no_visit,pseudo,no_visit,pseudo,pseudo,non_existent,non_existent,non_existent,non_existent,non_existent,non_existent,non_existent,non_existent,non_existent,non_existent,non_existent,non_existent,non_existent,non_existent,non_existent,non_existent,non_existent,non_existent,
BP,B,5,Mid,small,9,a,146,71,osmia,non_existent,non_existent,empty,empty,empty,empty,empty,no_visit,empty,empty,empty,empty,no_visit,empty,empty,1 cell,5 cells,no_visit,2 cells + end cap,no_visit,no change,no change,no_visit,no change,no_visit,no change,no change,no_visit,no change,no_visit,no change,no_visit,empty,non_existent,non_existent,non_existent,non_existent,non_existent,non_existent,non_existent,non_existent,non_existent,non_existent,non_existent,non_existent,non_existent,non_existent,non_existent,non_existent,non_existent,non_existent,non_existent,bird attack
BP,B,5,Mid,small,9,b,NA,NA,NA,non_existent,non_existent,non_existent,non_existent,non_existent,non_existent,non_existent,no_visit,non_existent,non_existent,non_existent,non_existent,no_visit,non_existent,non_existent,non_existent,non_existent,no_visit,non_existent,no_visit,non_existent,non_existent,no_visit,non_existent,no_visit,non_existent,non_existent,no_visit,non_existent,no_visit,non_existent,no_visit,non_existent,pseudo,non_existent,non_existent,non_existent,non_existent,non_existent,non_existent,non_existent,non_existent,non_existent,non_existent,non_existent,non_existent,non_existent,non_existent,non_existent,non_existent,non_existent,non_existent,
BP,B,5,Mid,small,10,a,NA,NA,NA,non_existent,non_existent,pseudo,pseudo,pseudo,pseudo,pseudo,no_visit,pseudo,pseudo,pseudo,pseudo,no_visit,pseudo,pseudo,pseudo,pseudo,no_visit,pseudo,no_visit,pseudo,pseudo,no_visit,pseudo,no_visit,pseudo,pseudo,no_visit,pseudo,no_visit,pseudo,no_visit,pseudo,pseudo,non_existent,non_existent,non_existent,non_existent,non_existent,non_existent,non_existent,non_existent,non_existent,non_existent,non_existent,non_existent,non_existent,non_existent,non_existent,non_existent,non_existent,non_existent,
BP,B,5,Mid,medium,11,a,144.23,85.18,megachile,non_existent,non_existent,empty,empty,empty,empty,empty,no_visit,empty,empty,empty,empty,no_visit,empty,empty,empty,empty,no_visit,empty,no_visit,empty,empty,no_visit,empty,no_visit,empty,empty,no_visit,empty,no_visit,6 cells,no_visit,no change,1 cell,non_existent,non_existent,non_existent,non_existent,non_existent,non_existent,non_existent,non_existent,non_existent,non_existent,non_existent,non_existent,non_existent,non_existent,non_existent,non_existent,non_existent,non_existent,
BP,B,5,Mid,medium,12,a,144,17,megachile,non_existent,non_existent,empty,empty,empty,empty,empty,no_visit,empty,empty,empty,empty,no_visit,empty,empty,empty,empty,no_visit,empty,no_visit,empty,empty,no_visit,empty,no_visit,empty,empty,no_visit,empty,no_visit,empty,no_visit,1 cell ,no change,non_existent,non_existent,non_existent,non_existent,non_existent,non_existent,non_existent,non_existent,non_existent,non_existent,non_existent,non_existent,non_existent,non_existent,non_existent,non_existent,non_existent,non_existent,
BP,B,5,Mid,small,13,a,NA,NA,NA,non_existent,non_existent,pseudo,pseudo,pseudo,pseudo,pseudo,no_visit,pseudo,pseudo,pseudo,pseudo,no_visit,pseudo,pseudo,pseudo,pseudo,no_visit,pseudo,no_visit,non_existent,non_existent,no_visit,non_existent,no_visit,non_existent,non_existent,no_visit,non_existent,no_visit,non_existent,no_visit,non_existent,non_existent,non_existent,non_existent,non_existent,non_existent,non_existent,non_existent,non_existent,non_existent,non_existent,non_existent,non_existent,non_existent,non_existent,non_existent,non_existent,non_existent,non_existent,non_existent,
BP,B,5,Mid,small,13,b,NA,NA,NA,non_existent,non_existent,non_existent,non_existent,non_existent,non_existent,non_existent,no_visit,non_existent,non_existent,non_existent,non_existent,no_visit,non_existent,non_existent,non_existent,non_existent,no_visit,non_existent,no_visit,empty,empty,no_visit,empty,no_visit,empty,empty,no_visit,empty,no_visit,empty,no_visit,empty,empty,non_existent,non_existent,non_existent,non_existent,non_existent,non_existent,non_existent,non_existent,non_existent,non_existent,non_existent,non_existent,non_existent,non_existent,non_existent,non_existent,non_existent,non_existent,
BP,B,5,Mid,medium,16,a,142.31,103.9,megachile,non_existent,non_existent,empty,empty,empty,empty,empty,no_visit,empty,empty,empty,empty,no_visit,empty,empty,empty,empty,no_visit,empty,no_visit,empty,empty,no_visit,empty,no_visit,empty,empty,no_visit,empty,no_visit,empty,no_visit,empty,9 cells ,non_existent,non_existent,non_existent,non_existent,non_existent,non_existent,non_existent,non_existent,non_existent,non_existent,non_existent,non_existent,non_existent,non_existent,non_existent,non_existent,non_existent,non_existent,
BP,B,5,Mid,small,17,a,NA,NA,NA,non_existent,non_existent,pseudo,pseudo,pseudo,pseudo,pseudo,no_visit,pseudo,pseudo,pseudo,pseudo,no_visit,pseudo,pseudo,pseudo,non_existent,no_visit,non_existent,no_visit,non_existent,non_existent,no_visit,non_existent,no_visit,non_existent,non_existent,no_visit,non_existent,no_visit,non_existent,no_visit,non_existent,non_existent,non_existent,non_existent,non_existent,non_existent,non_existent,non_existent,non_existent,non_existent,non_existent,non_existent,non_existent,non_existent,non_existent,non_existent,non_existent,non_existent,non_existent,non_existent,
BP,B,5,Mid,small,17,b,NA,NA,NA,non_existent,non_existent,non_existent,non_existent,non_existent,non_existent,non_existent,no_visit,non_existent,non_existent,non_existent,non_existent,no_visit,non_existent,non_existent,non_existent,empty,no_visit,empty,no_visit,empty,empty,no_visit,empty,no_visit,empty,empty,no_visit,empty,no_visit,empty,no_visit,empty,empty,non_existent,non_existent,non_existent,non_existent,non_existent,non_existent,non_existent,non_existent,non_existent,non_existent,non_existent,non_existent,non_existent,non_existent,non_existent,non_existent,non_existent,non_existent,
BP,B,5,Mid,small,18,a,143.69,24.8,osmia,non_existent,non_existent,empty,empty,empty,empty,empty,no_visit,empty,empty,empty,empty,no_visit,empty,empty,empty,empty,no_visit,3 cells,no_visit,end cap,no change,no_visit,no change,no_visit,no change,no change,no_visit,no change,no_visit,no change,no_visit,empty,non_existent,non_existent,non_existent,non_existent,non_existent,non_existent,non_existent,non_existent,non_existent,non_existent,non_existent,non_existent,non_existent,non_existent,non_existent,non_existent,non_existent,non_existent,non_existent,bird attack
BP,B,5,Mid,small,18,b,NA,NA,NA,non_existent,non_existent,non_existent,non_existent,non_existent,non_existent,non_existent,no_visit,non_existent,non_existent,non_existent,non_existent,no_visit,non_existent,non_existent,non_existent,non_existent,no_visit,non_existent,no_visit,non_existent,non_existent,no_visit,non_existent,no_visit,non_existent,non_existent,no_visit,non_existent,no_visit,non_existent,no_visit,non_existent,pseudo,non_existent,non_existent,non_existent,non_existent,non_existent,non_existent,non_existent,non_existent,non_existent,non_existent,non_existent,non_existent,non_existent,non_existent,non_existent,non_existent,non_existent,non_existent,
BP,B,6,High,small,1,a,NA,NA,NA,non_existent,non_existent,empty,empty,empty,empty,empty,no_visit,empty,empty,empty,empty,no_visit,empty,empty,empty,empty,no_visit,empty,no_visit,non_existent,non_existent,no_visit,non_existent,no_visit,non_existent,non_existent,no_visit,non_existent,no_visit,non_existent,no_visit,non_existent,non_existent,non_existent,non_existent,non_existent,non_existent,non_existent,non_existent,non_existent,non_existent,non_existent,non_existent,non_existent,non_existent,non_existent,non_existent,non_existent,non_existent,non_existent,non_existent,
BP,B,6,High,small,1,b,NA,NA,NA,non_existent,non_existent,non_existent,non_existent,non_existent,non_existent,non_existent,no_visit,non_existent,non_existent,non_existent,non_existent,no_visit,non_existent,non_existent,non_existent,non_existent,no_visit,non_existent,no_visit,pseudo,pseudo,no_visit,pseudo,no_visit,pseudo,pseudo,no_visit,pseudo,no_visit,pseudo,no_visit,pseudo,pseudo,non_existent,non_existent,non_existent,non_existent,non_existent,non_existent,non_existent,non_existent,non_existent,non_existent,non_existent,non_existent,non_existent,non_existent,non_existent,non_existent,non_existent,non_existent,trapnest was missing an occupied nest for some reason
BP,B,6,High,small,3,a,NA,NA,NA,non_existent,non_existent,pseudo,pseudo,pseudo,pseudo,pseudo,no_visit,pseudo,pseudo,pseudo,pseudo,no_visit,pseudo,pseudo,pseudo,pseudo,no_visit,non_existent,no_visit,non_existent,non_existent,no_visit,non_existent,no_visit,non_existent,non_existent,no_visit,non_existent,no_visit,non_existent,no_visit,non_existent,non_existent,non_existent,non_existent,non_existent,non_existent,non_existent,non_existent,non_existent,non_existent,non_existent,non_existent,non_existent,non_existent,non_existent,non_existent,non_existent,non_existent,non_existent,non_existent,
BP,B,6,High,small,3,b,NA,NA,NA,non_existent,non_existent,non_existent,non_existent,non_existent,non_existent,non_existent,no_visit,non_existent,non_existent,non_existent,non_existent,no_visit,non_existent,non_existent,non_existent,non_existent,no_visit,empty,no_visit,empty,empty,no_visit,empty,no_visit,empty,empty,no_visit,empty,no_visit,empty,no_visit,empty,empty,non_existent,non_existent,non_existent,non_existent,non_existent,non_existent,non_existent,non_existent,non_existent,non_existent,non_existent,non_existent,non_existent,non_existent,non_existent,non_existent,non_existent,non_existent,
BP,B,6,High,small,5,a,NA,NA,NA,non_existent,non_existent,pseudo,pseudo,pseudo,pseudo,pseudo,no_visit,pseudo,pseudo,pseudo,pseudo,no_visit,pseudo,pseudo,pseudo,pseudo,no_visit,non_existent,no_visit,non_existent,non_existent,no_visit,non_existent,no_visit,non_existent,non_existent,no_visit,non_existent,no_visit,non_existent,no_visit,non_existent,non_existent,non_existent,non_existent,non_existent,non_existent,non_existent,non_existent,non_existent,non_existent,non_existent,non_existent,non_existent,non_existent,non_existent,non_existent,non_existent,non_existent,non_existent,non_existent,
BP,B,6,High,small,5,b,135.46,17.78,osmia,non_existent,non_existent,non_existent,non_existent,non_existent,non_existent,non_existent,no_visit,non_existent,non_existent,non_existent,non_existent,no_visit,non_existent,non_existent,non_existent,non_existent,no_visit,empty,no_visit,1 cell,no change,no_visit,no change,no_visit,no change,no change,no_visit,1 cell + end cap,no_visit,no change,no_visit,no change,no change,non_existent,non_existent,non_existent,non_existent,non_existent,non_existent,non_existent,non_existent,non_existent,non_existent,non_existent,non_existent,non_existent,non_existent,non_existent,non_existent,non_existent,non_existent,
BP,B,6,High,small,6,a,NA,NA,NA,non_existent,non_existent,pseudo,pseudo,pseudo,pseudo,pseudo,no_visit,pseudo,pseudo,pseudo,pseudo,no_visit,pseudo,pseudo,pseudo,pseudo,no_visit,non_existent,no_visit,non_existent,non_existent,no_visit,non_existent,no_visit,non_existent,non_existent,no_visit,non_existent,no_visit,non_existent,no_visit,non_existent,non_existent,non_existent,non_existent,non_existent,non_existent,non_existent,non_existent,non_existent,non_existent,non_existent,non_existent,non_existent,non_existent,non_existent,non_existent,non_existent,non_existent,non_existent,non_existent,
BP,B,6,High,small,6,b,NA,NA,NA,non_existent,non_existent,non_existent,non_existent,non_existent,non_existent,non_existent,no_visit,non_existent,non_existent,non_existent,non_existent,no_visit,non_existent,non_existent,non_existent,non_existent,no_visit,empty,no_visit,empty,empty,no_visit,empty,no_visit,empty,empty,no_visit,empty,no_visit,empty,no_visit,empty,empty,non_existent,non_existent,non_existent,non_existent,non_existent,non_existent,non_existent,non_existent,non_existent,non_existent,non_existent,non_existent,non_existent,non_existent,non_existent,non_existent,non_existent,non_existent,
BP,B,6,High,medium,7,a,NA,NA,NA,non_existent,non_existent,pseudo,pseudo,pseudo,pseudo,pseudo,no_visit,pseudo,pseudo,pseudo,pseudo,no_visit,pseudo,pseudo,pseudo,pseudo,no_visit,pseudo,no_visit,pseudo,pseudo,no_visit,pseudo,no_visit,pseudo,pseudo,no_visit,pseudo,no_visit,pseudo,no_visit,pseudo,pseudo,non_existent,non_existent,non_existent,non_existent,non_existent,non_existent,non_existent,non_existent,non_existent,non_existent,non_existent,non_existent,non_existent,non_existent,non_existent,non_existent,non_existent,non_existent,
BP,B,6,High,medium,8,a,NA,NA,NA,non_existent,non_existent,pseudo,pseudo,pseudo,pseudo,pseudo,no_visit,pseudo,pseudo,pseudo,pseudo,no_visit,pseudo,pseudo,pseudo,pseudo,no_visit,pseudo,no_visit,pseudo,pseudo,no_visit,pseudo,no_visit,pseudo,pseudo,no_visit,pseudo,no_visit,pseudo,no_visit,pseudo,pseudo,non_existent,non_existent,non_existent,non_existent,non_existent,non_existent,non_existent,non_existent,non_existent,non_existent,non_existent,non_existent,non_existent,non_existent,non_existent,non_existent,non_existent,non_existent,
BP,B,6,High,small,9,a,NA,NA,NA,non_existent,non_existent,pseudo,pseudo,pseudo,pseudo,pseudo,no_visit,pseudo,pseudo,pseudo,pseudo,no_visit,pseudo,pseudo,pseudo,non_existent,no_visit,non_existent,no_visit,non_existent,non_existent,no_visit,non_existent,no_visit,non_existent,non_existent,no_visit,non_existent,no_visit,non_existent,no_visit,non_existent,non_existent,non_existent,non_existent,non_existent,non_existent,non_existent,non_existent,non_existent,non_existent,non_existent,non_existent,non_existent,non_existent,non_existent,non_existent,non_existent,non_existent,non_existent,non_existent,
BP,B,6,High,small,9,b,145,39,osmia,non_existent,non_existent,non_existent,non_existent,non_existent,non_existent,non_existent,no_visit,non_existent,non_existent,non_existent,non_existent,no_visit,non_existent,non_existent,non_existent,5 cells + end cap,no_visit,no change,no_visit,no change,no change,no_visit,no change,no_visit,no change,no change,no_visit,no change,no_visit,no change,no_visit,no change,no change,non_existent,non_existent,non_existent,non_existent,non_existent,non_existent,non_existent,non_existent,non_existent,non_existent,non_existent,non_existent,non_existent,non_existent,non_existent,non_existent,non_existent,non_existent,
BP,B,6,High,small,10,a,NA,NA,NA,non_existent,non_existent,pseudo,pseudo,pseudo,pseudo,pseudo,no_visit,pseudo,pseudo,pseudo,pseudo,no_visit,pseudo,pseudo,pseudo,pseudo,no_visit,non_existent,no_visit,non_existent,non_existent,no_visit,non_existent,no_visit,non_existent,non_existent,no_visit,non_existent,no_visit,non_existent,no_visit,non_existent,non_existent,non_existent,non_existent,non_existent,non_existent,non_existent,non_existent,non_existent,non_existent,non_existent,non_existent,non_existent,non_existent,non_existent,non_existent,non_existent,non_existent,non_existent,non_existent,
BP,B,6,High,small,10,b,NA,NA,NA,non_existent,non_existent,non_existent,non_existent,non_existent,non_existent,non_existent,no_visit,non_existent,non_existent,non_existent,non_existent,no_visit,non_existent,non_existent,non_existent,non_existent,no_visit,empty,no_visit,empty,empty,no_visit,empty,no_visit,empty,empty,no_visit,empty,no_visit,empty,no_visit,empty,empty,non_existent,non_existent,non_existent,non_existent,non_existent,non_existent,non_existent,non_existent,non_existent,non_existent,non_existent,non_existent,non_existent,non_existent,non_existent,non_existent,non_existent,non_existent,
BP,B,6,High,medium,11,a,NA,NA,NA,non_existent,non_existent,pseudo,pseudo,pseudo,pseudo,pseudo,no_visit,pseudo,pseudo,pseudo,pseudo,no_visit,pseudo,pseudo,pseudo,pseudo,no_visit,pseudo,no_visit,pseudo,pseudo,no_visit,pseudo,no_visit,pseudo,pseudo,no_visit,pseudo,no_visit,pseudo,no_visit,pseudo,pseudo,non_existent,non_existent,non_existent,non_existent,non_existent,non_existent,non_existent,non_existent,non_existent,non_existent,non_existent,non_existent,non_existent,non_existent,non_existent,non_existent,non_existent,non_existent,
BP,B,6,High,small,13,a,NA,NA,NA,non_existent,non_existent,pseudo,pseudo,pseudo,pseudo,pseudo,no_visit,pseudo,pseudo,pseudo,pseudo,no_visit,pseudo,pseudo,pseudo,pseudo,no_visit,pseudo,no_visit,pseudo,non_existent,no_visit,non_existent,no_visit,non_existent,non_existent,no_visit,non_existent,no_visit,non_existent,no_visit,non_existent,non_existent,non_existent,non_existent,non_existent,non_existent,non_existent,non_existent,non_existent,non_existent,non_existent,non_existent,non_existent,non_existent,non_existent,non_existent,non_existent,non_existent,non_existent,non_existent,
BP,B,6,High,small,13,b,144.68,69.56,hoplitis,non_existent,non_existent,non_existent,non_existent,non_existent,non_existent,non_existent,no_visit,non_existent,non_existent,non_existent,non_existent,no_visit,non_existent,non_existent,non_existent,non_existent,no_visit,non_existent,no_visit,non_existent,empty,no_visit,empty,no_visit,empty,empty,no_visit,empty,no_visit,2 cells,no_visit,no change,4 cells ,non_existent,non_existent,non_existent,non_existent,non_existent,non_existent,non_existent,non_existent,non_existent,non_existent,non_existent,non_existent,non_existent,non_existent,non_existent,non_existent,non_existent,non_existent,
BP,B,6,High,small,14,a,144.29,22.27,osmia,non_existent,non_existent,empty,empty,empty,empty,empty,no_visit,empty,empty,empty,empty,no_visit,empty,empty,empty,1 cell,no_visit,no change,no_visit,1 cell,1 cell,no_visit,no change,no_visit,no change,no change,no_visit,end cap,no_visit,no change,no_visit,no change,no change,non_existent,non_existent,non_existent,non_existent,non_existent,non_existent,non_existent,non_existent,non_existent,non_existent,non_existent,non_existent,non_existent,non_existent,non_existent,non_existent,non_existent,non_existent,
BP,B,6,High,small,15,a,138.87,81.61,osmia,non_existent,non_existent,empty,empty,empty,empty,empty,no_visit,empty,empty,empty,empty,no_visit,empty,empty,empty,1 cell,no_visit,6 cells,no_visit,5 cells + end cap,no change,no_visit,no change,no_visit,no change,no change,no_visit,no change,no_visit,no change,no_visit,no change,no change,non_existent,non_existent,non_existent,non_existent,non_existent,non_existent,non_existent,non_existent,non_existent,non_existent,non_existent,non_existent,non_existent,non_existent,non_existent,non_existent,non_existent,non_existent,
BP,B,6,High,large,16,a,NA,NA,NA,non_existent,non_existent,pseudo,pseudo,pseudo,pseudo,pseudo,no_visit,pseudo,pseudo,pseudo,pseudo,no_visit,pseudo,pseudo,pseudo,pseudo,no_visit,pseudo,no_visit,pseudo,pseudo,no_visit,pseudo,no_visit,pseudo,pseudo,no_visit,pseudo,no_visit,pseudo,no_visit,pseudo,pseudo,non_existent,non_existent,non_existent,non_existent,non_existent,non_existent,non_existent,non_existent,non_existent,non_existent,non_existent,non_existent,non_existent,non_existent,non_existent,non_existent,non_existent,non_existent,
BP,B,6,High,small,17,a,129,87,osmia,non_existent,non_existent,empty,empty,empty,empty,empty,no_visit,empty,empty,empty,empty,no_visit,empty,empty,inner wall,5 cells,no_visit,5 cells,no_visit,1 cell + end cap,no change,no_visit,no change,no_visit,no change,no change,no_visit,no change,no_visit,no change,no_visit,no change,no change,non_existent,non_existent,non_existent,non_existent,non_existent,non_existent,non_existent,non_existent,non_existent,non_existent,non_existent,non_existent,non_existent,non_existent,non_existent,non_existent,non_existent,non_existent,
BP,B,6,High,medium,18,a,NA,NA,NA,non_existent,non_existent,pseudo,pseudo,pseudo,pseudo,pseudo,no_visit,pseudo,pseudo,pseudo,pseudo,no_visit,pseudo,pseudo,pseudo,pseudo,no_visit,pseudo,no_visit,pseudo,pseudo,no_visit,pseudo,no_visit,pseudo,pseudo,no_visit,pseudo,no_visit,pseudo,no_visit,pseudo,pseudo,non_existent,non_existent,non_existent,non_existent,non_existent,non_existent,non_existent,non_existent,non_existent,non_existent,non_existent,non_existent,non_existent,non_existent,non_existent,non_existent,non_existent,non_existent,
BP,C,7,Low,small,2,a,unknown,unknown,osmia,non_existent,non_existent,empty,empty,empty,empty,empty,no_visit,empty,empty,empty,empty,no_visit,empty,empty,4 cells + end cap,non_existent,no_visit,non_existent,no_visit,non_existent,non_existent,no_visit,non_existent,no_visit,non_existent,non_existent,no_visit,non_existent,no_visit,non_existent,no_visit,non_existent,non_existent,non_existent,non_existent,non_existent,non_existent,non_existent,non_existent,non_existent,non_existent,non_existent,non_existent,non_existent,non_existent,non_existent,non_existent,non_existent,non_existent,non_existent,non_existent,
BP,C,7,Low,small,2,b,NA,NA,NA,non_existent,non_existent,non_existent,non_existent,non_existent,non_existent,non_existent,no_visit,non_existent,non_existent,non_existent,non_existent,no_visit,non_existent,non_existent,non_existent,empty,no_visit,empty,no_visit,empty,empty,no_visit,empty,no_visit,empty,empty,no_visit,empty,no_visit,empty,no_visit,empty,empty,non_existent,non_existent,non_existent,non_existent,non_existent,non_existent,non_existent,non_existent,non_existent,non_existent,non_existent,non_existent,non_existent,non_existent,non_existent,non_existent,non_existent,non_existent,
BP,C,7,Low,small,3,a,151.22,24.54,osmia,non_existent,non_existent,empty,empty,empty,empty,empty,no_visit,empty,empty,1 cell,1 cell,no_visit,non_existent,non_existent,non_existent,non_existent,no_visit,non_existent,no_visit,non_existent,non_existent,no_visit,non_existent,no_visit,non_existent,non_existent,no_visit,non_existent,no_visit,non_existent,no_visit,non_existent,non_existent,non_existent,non_existent,non_existent,non_existent,non_existent,non_existent,non_existent,non_existent,non_existent,non_existent,non_existent,non_existent,non_existent,non_existent,non_existent,non_existent,non_existent,non_existent,
BP,C,7,Low,small,3,b,139.07,66.62,osmia,non_existent,non_existent,non_existent,non_existent,non_existent,non_existent,non_existent,no_visit,non_existent,non_existent,non_existent,non_existent,no_visit,empty,empty,empty,3 cells,no_visit,3 cells,no_visit,3 cells + end cap,no change,no_visit,non_existent,no_visit,non_existent,non_existent,no_visit,non_existent,no_visit,non_existent,no_visit,non_existent,non_existent,non_existent,non_existent,non_existent,non_existent,non_existent,non_existent,non_existent,non_existent,non_existent,non_existent,non_existent,non_existent,non_existent,non_existent,non_existent,non_existent,non_existent,non_existent,
BP,C,7,Low,small,3,c,138.37,2.55,osmia,non_existent,non_existent,non_existent,non_existent,non_existent,non_existent,non_existent,no_visit,non_existent,non_existent,non_existent,non_existent,no_visit,non_existent,non_existent,non_existent,non_existent,no_visit,non_existent,no_visit,non_existent,non_existent,no_visit,empty,no_visit,empty,inner wall + end cap ,no_visit,non_existent,no_visit,non_existent,no_visit,non_existent,non_existent,non_existent,non_existent,non_existent,non_existent,non_existent,non_existent,non_existent,non_existent,non_existent,non_existent,non_existent,non_existent,non_existent,non_existent,non_existent,non_existent,non_existent,non_existent,not noted how many cells were in 
BP,C,7,Low,small,3,d,NA,NA,NA,non_existent,non_existent,non_existent,non_existent,non_existent,non_existent,non_existent,no_visit,non_existent,non_existent,non_existent,non_existent,no_visit,non_existent,non_existent,non_existent,non_existent,no_visit,non_existent,no_visit,non_existent,non_existent,no_visit,non_existent,no_visit,non_existent,non_existent,no_visit,empty,no_visit,empty,no_visit,empty,empty,non_existent,non_existent,non_existent,non_existent,non_existent,non_existent,non_existent,non_existent,non_existent,non_existent,non_existent,non_existent,non_existent,non_existent,non_existent,non_existent,non_existent,non_existent,
BP,C,7,Low,medium,4,a,148.6,125.2,megachile,non_existent,non_existent,empty,empty,empty,empty,empty,no_visit,empty,empty,empty,empty,no_visit,empty,empty,empty,empty,no_visit,empty,no_visit,inner wall,no change,no_visit,no change,no_visit,no change,3 cells,no_visit,2 cells,no_visit,no change,no_visit,5 cells + end cap,no change,non_existent,non_existent,non_existent,non_existent,non_existent,non_existent,non_existent,non_existent,non_existent,non_existent,non_existent,non_existent,non_existent,non_existent,non_existent,non_existent,non_existent,non_existent,
BP,C,7,Low,medium,8,a,147.29,14.12,megachile,non_existent,non_existent,empty,empty,empty,empty,empty,no_visit,empty,empty,empty,empty,no_visit,empty,empty,empty,empty,no_visit,empty,no_visit,empty,empty,no_visit,empty,no_visit,empty,1 cell,no_visit,no change,no_visit,no change,no_visit,no change,non_existent,non_existent,non_existent,non_existent,non_existent,non_existent,non_existent,non_existent,non_existent,non_existent,non_existent,non_existent,non_existent,non_existent,non_existent,non_existent,non_existent,non_existent,non_existent,
BP,C,7,Low,medium,8,b,NA,NA,NA,non_existent,non_existent,non_existent,non_existent,non_existent,non_existent,non_existent,no_visit,non_existent,non_existent,non_existent,non_existent,no_visit,non_existent,non_existent,non_existent,non_existent,no_visit,non_existent,no_visit,non_existent,non_existent,no_visit,non_existent,no_visit,non_existent,non_existent,no_visit,non_existent,no_visit,non_existent,no_visit,non_existent,empty,non_existent,non_existent,non_existent,non_existent,non_existent,non_existent,non_existent,non_existent,non_existent,non_existent,non_existent,non_existent,non_existent,non_existent,non_existent,non_existent,non_existent,non_existent,
BP,C,7,Low,small,9,a,147.02,16.75,osmia,non_existent,non_existent,empty,empty,empty,empty,empty,no_visit,empty,empty,empty,empty,no_visit,empty,empty,empty,empty,no_visit,empty,no_visit,empty,empty,no_visit,empty,no_visit,empty,empty,no_visit,empty,no_visit,empty,no_visit,3 cells,no change,non_existent,non_existent,non_existent,non_existent,non_existent,non_existent,non_existent,non_existent,non_existent,non_existent,non_existent,non_existent,non_existent,non_existent,non_existent,non_existent,non_existent,non_existent,
BP,C,7,Low,medium,11,a,NA,NA,wasp,non_existent,non_existent,empty,empty,empty,empty,empty,no_visit,empty,empty,empty,empty,no_visit,empty,empty,empty,empty,no_visit,empty,no_visit,empty,empty,no_visit,empty,no_visit,empty,empty,no_visit,non-target inner wall,no_visit,no change,no_visit,no change,non_existent,non_existent,non_existent,non_existent,non_existent,non_existent,non_existent,non_existent,non_existent,non_existent,non_existent,non_existent,non_existent,non_existent,non_existent,non_existent,non_existent,non_existent,non_existent,
BP,C,7,Low,medium,11,b,140,12,megachile,non_existent,non_existent,non_existent,non_existent,non_existent,non_existent,non_existent,no_visit,non_existent,non_existent,non_existent,non_existent,no_visit,non_existent,non_existent,non_existent,non_existent,no_visit,non_existent,no_visit,non_existent,non_existent,no_visit,non_existent,no_visit,non_existent,non_existent,no_visit,non_existent,no_visit,non_existent,no_visit,non_existent,1 cell ,non_existent,non_existent,non_existent,non_existent,non_existent,non_existent,non_existent,non_existent,non_existent,non_existent,non_existent,non_existent,non_existent,non_existent,non_existent,non_existent,non_existent,non_existent,
BP,C,7,Low,small,12,a,142.14,8.67,osmia,non_existent,non_existent,empty,empty,empty,empty,empty,no_visit,empty,empty,empty,empty,no_visit,empty,empty,1 cell,no change,no_visit,no change,no_visit,non_existent,non_existent,no_visit,non_existent,no_visit,non_existent,non_existent,no_visit,non_existent,no_visit,non_existent,no_visit,non_existent,non_existent,non_existent,non_existent,non_existent,non_existent,non_existent,non_existent,non_existent,non_existent,non_existent,non_existent,non_existent,non_existent,non_existent,non_existent,non_existent,non_existent,non_existent,non_existent,
BP,C,7,Low,small,12,b,NA,NA,NA,non_existent,non_existent,non_existent,non_existent,non_existent,non_existent,non_existent,no_visit,non_existent,non_existent,non_existent,non_existent,no_visit,non_existent,non_existent,non_existent,non_existent,no_visit,non_existent,no_visit,empty,empty,no_visit,empty,no_visit,empty,empty,no_visit,empty,no_visit,empty,no_visit,empty,empty,non_existent,non_existent,non_existent,non_existent,non_existent,non_existent,non_existent,non_existent,non_existent,non_existent,non_existent,non_existent,non_existent,non_existent,non_existent,non_existent,non_existent,non_existent,
BP,C,7,Low,small,14,a,138.07,138.07,osmia,non_existent,non_existent,empty,empty,empty,empty,empty,no_visit,empty,empty,empty,empty,no_visit,empty,empty,2 cells,6 cells,no_visit,5 cells,no_visit,6 cells + end cap,no change,no_visit,non_existent,no_visit,non_existent,non_existent,no_visit,non_existent,no_visit,non_existent,no_visit,non_existent,non_existent,non_existent,non_existent,non_existent,non_existent,non_existent,non_existent,non_existent,non_existent,non_existent,non_existent,non_existent,non_existent,non_existent,non_existent,non_existent,non_existent,non_existent,non_existent,
BP,C,7,Low,small,14,b,143.37,19.6,megachile,non_existent,non_existent,non_existent,non_existent,non_existent,non_existent,non_existent,no_visit,non_existent,non_existent,non_existent,non_existent,no_visit,non_existent,non_existent,non_existent,non_existent,no_visit,non_existent,no_visit,non_existent,non_existent,no_visit,empty,no_visit,empty,empty,no_visit,empty,no_visit,empty,no_visit,empty,1 cell ,non_existent,non_existent,non_existent,non_existent,non_existent,non_existent,non_existent,non_existent,non_existent,non_existent,non_existent,non_existent,non_existent,non_existent,non_existent,non_existent,non_existent,non_existent,
BP,C,7,Low,small,15,a,146.73,83.82,osmia,non_existent,non_existent,empty,empty,empty,empty,empty,no_visit,empty,empty,empty,empty,no_visit,empty,empty,4 cells,5 cells,no_visit,5 cells + end cap,no_visit,no change,non_existent,no_visit,non_existent,no_visit,non_existent,non_existent,no_visit,non_existent,no_visit,non_existent,no_visit,non_existent,non_existent,non_existent,non_existent,non_existent,non_existent,non_existent,non_existent,non_existent,non_existent,non_existent,non_existent,non_existent,non_existent,non_existent,non_existent,non_existent,non_existent,non_existent,non_existent,
BP,C,7,Low,small,15,b,133.69,23.85,megachile,non_existent,non_existent,non_existent,non_existent,non_existent,non_existent,non_existent,no_visit,non_existent,non_existent,non_existent,non_existent,no_visit,non_existent,non_existent,non_existent,non_existent,no_visit,non_existent,no_visit,non_existent,empty,no_visit,empty,no_visit,empty,empty,no_visit,empty,no_visit,empty,no_visit,empty,1 cell ,non_existent,non_existent,non_existent,non_existent,non_existent,non_existent,non_existent,non_existent,non_existent,non_existent,non_existent,non_existent,non_existent,non_existent,non_existent,non_existent,non_existent,non_existent,
BP,C,7,Low,medium,16,a,141.48,18.03,megachile,non_existent,non_existent,empty,empty,empty,empty,empty,no_visit,empty,empty,empty,empty,no_visit,empty,empty,empty,empty,no_visit,4 cells,no_visit,2 cells?,no change,no_visit,no change,no_visit,no change,no change,no_visit,non_existent,no_visit,non_existent,no_visit,non_existent,non_existent,non_existent,non_existent,non_existent,non_existent,non_existent,non_existent,non_existent,non_existent,non_existent,non_existent,non_existent,non_existent,non_existent,non_existent,non_existent,non_existent,non_existent,non_existent,
BP,C,7,Low,medium,16,b,143,45.7,megachile,non_existent,non_existent,non_existent,non_existent,non_existent,non_existent,non_existent,no_visit,non_existent,non_existent,non_existent,non_existent,no_visit,non_existent,non_existent,non_existent,non_existent,no_visit,non_existent,no_visit,non_existent,non_existent,no_visit,non_existent,no_visit,non_existent,non_existent,no_visit,empty,no_visit,empty,no_visit,empty,3 cells,non_existent,non_existent,non_existent,non_existent,non_existent,non_existent,non_existent,non_existent,non_existent,non_existent,non_existent,non_existent,non_existent,non_existent,non_existent,non_existent,non_existent,non_existent,
BP,C,7,Low,small,17,a,148.86,37.42,osmia,non_existent,non_existent,empty,empty,empty,empty,empty,no_visit,empty,empty,empty,empty,no_visit,empty,empty,5 cells + end cap ,non_existent,no_visit,non_existent,no_visit,non_existent,non_existent,no_visit,non_existent,no_visit,non_existent,non_existent,no_visit,non_existent,no_visit,non_existent,no_visit,non_existent,non_existent,non_existent,non_existent,non_existent,non_existent,non_existent,non_existent,non_existent,non_existent,non_existent,non_existent,non_existent,non_existent,non_existent,non_existent,non_existent,non_existent,non_existent,non_existent,
BP,C,7,Low,small,17,b,NA,NA,osmia,non_existent,non_existent,non_existent,non_existent,non_existent,non_existent,non_existent,no_visit,non_existent,non_existent,non_existent,non_existent,no_visit,non_existent,non_existent,non_existent,empty,no_visit,empty,no_visit,empty,1 cell,no_visit,no change,no_visit,no change,no change,no_visit,no change,no_visit,empty,no_visit,non_existent,non_existent,non_existent,non_existent,non_existent,non_existent,non_existent,non_existent,non_existent,non_existent,non_existent,non_existent,non_existent,non_existent,non_existent,non_existent,non_existent,non_existent,non_existent,non_existent,
BP,C,7,Low,small,17,c,142.66,116.74,megachile,non_existent,non_existent,non_existent,non_existent,non_existent,non_existent,non_existent,no_visit,non_existent,non_existent,non_existent,non_existent,no_visit,non_existent,non_existent,non_existent,non_existent,no_visit,non_existent,no_visit,non_existent,non_existent,no_visit,non_existent,no_visit,non_existent,non_existent,no_visit,non_existent,no_visit,non_existent,no_visit,1 cell,6 cells ,non_existent,non_existent,non_existent,non_existent,non_existent,non_existent,non_existent,non_existent,non_existent,non_existent,non_existent,non_existent,non_existent,non_existent,non_existent,non_existent,non_existent,non_existent,
BP,C,7,Low,medium,18,a,138.73,98.57,megachile,non_existent,non_existent,empty,empty,empty,empty,empty,no_visit,empty,empty,empty,empty,no_visit,empty,empty,3 cells,3 cells,no_visit,2-3 cells + end cap ,no_visit,non_existent,non_existent,no_visit,non_existent,no_visit,non_existent,non_existent,no_visit,non_existent,no_visit,non_existent,no_visit,non_existent,non_existent,non_existent,non_existent,non_existent,non_existent,non_existent,non_existent,non_existent,non_existent,non_existent,non_existent,non_existent,non_existent,non_existent,non_existent,non_existent,non_existent,non_existent,non_existent,
BP,C,7,Low,medium,18,b,144,102,megachile,non_existent,non_existent,non_existent,non_existent,non_existent,non_existent,non_existent,no_visit,non_existent,non_existent,non_existent,non_existent,no_visit,non_existent,non_existent,non_existent,non_existent,no_visit,non_existent,no_visit,2 cells,no change,no_visit,no change,no_visit,no change,1 cell,no_visit,end cap,no_visit,non_existent,no_visit,non_existent,non_existent,non_existent,non_existent,non_existent,non_existent,non_existent,non_existent,non_existent,non_existent,non_existent,non_existent,non_existent,non_existent,non_existent,non_existent,non_existent,non_existent,non_existent,non_existent,
BP,C,7,Low,medium,18,c,136,44,megachile,non_existent,non_existent,non_existent,non_existent,non_existent,non_existent,non_existent,no_visit,non_existent,non_existent,non_existent,non_existent,no_visit,non_existent,non_existent,non_existent,non_existent,no_visit,non_existent,no_visit,non_existent,non_existent,no_visit,non_existent,no_visit,non_existent,non_existent,no_visit,non_existent,no_visit,empty,no_visit,empty,5 cells ,non_existent,non_existent,non_existent,non_existent,non_existent,non_existent,non_existent,non_existent,non_existent,non_existent,non_existent,non_existent,non_existent,non_existent,non_existent,non_existent,non_existent,non_existent,
BP,C,8,Mid,small,2,a,145.88,17.28,osmia,non_existent,non_existent,empty,empty,empty,empty,empty,no_visit,empty,empty,empty,empty,no_visit,empty,empty,2 cells,no change,no_visit,no change,no_visit,non_existent,non_existent,no_visit,non_existent,no_visit,non_existent,non_existent,no_visit,non_existent,no_visit,non_existent,no_visit,non_existent,non_existent,non_existent,non_existent,non_existent,non_existent,non_existent,non_existent,non_existent,non_existent,non_existent,non_existent,non_existent,non_existent,non_existent,non_existent,non_existent,non_existent,non_existent,non_existent,
BP,C,8,Mid,small,2,b,NA,NA,NA,non_existent,non_existent,non_existent,non_existent,non_existent,non_existent,non_existent,no_visit,non_existent,non_existent,non_existent,non_existent,no_visit,non_existent,non_existent,non_existent,non_existent,no_visit,non_existent,no_visit,pseudo,pseudo,no_visit,pseudo,no_visit,pseudo,pseudo,no_visit,pseudo,no_visit,pseudo,no_visit,pseudo,pseudo,non_existent,non_existent,non_existent,non_existent,non_existent,non_existent,non_existent,non_existent,non_existent,non_existent,non_existent,non_existent,non_existent,non_existent,non_existent,non_existent,non_existent,non_existent,
BP,C,8,Mid,small,3,a,147.13,59.6,osmia,non_existent,non_existent,empty,empty,empty,empty,empty,no_visit,empty,empty,3 cells,3 cells,no_visit,no change,no change,end cap,no change,no_visit,non_existent,no_visit,non_existent,non_existent,no_visit,non_existent,no_visit,non_existent,non_existent,no_visit,non_existent,no_visit,non_existent,no_visit,non_existent,non_existent,non_existent,non_existent,non_existent,non_existent,non_existent,non_existent,non_existent,non_existent,non_existent,non_existent,non_existent,non_existent,non_existent,non_existent,non_existent,non_existent,non_existent,non_existent,
BP,C,8,Mid,small,3,b,136.81,14.85,megachile,non_existent,non_existent,non_existent,non_existent,non_existent,non_existent,non_existent,no_visit,non_existent,non_existent,non_existent,non_existent,no_visit,non_existent,non_existent,non_existent,non_existent,no_visit,empty,no_visit,empty,empty,no_visit,empty,no_visit,empty,empty,no_visit,empty,no_visit,empty,no_visit,empty,1 cell,non_existent,non_existent,non_existent,non_existent,non_existent,non_existent,non_existent,non_existent,non_existent,non_existent,non_existent,non_existent,non_existent,non_existent,non_existent,non_existent,non_existent,non_existent,
BP,C,8,Mid,small,4,a,NA,NA,NA,non_existent,non_existent,pseudo,pseudo,pseudo,pseudo,pseudo,no_visit,pseudo,pseudo,pseudo,non_existent,no_visit,non_existent,non_existent,non_existent,non_existent,no_visit,non_existent,no_visit,non_existent,non_existent,no_visit,non_existent,no_visit,non_existent,non_existent,no_visit,non_existent,no_visit,non_existent,no_visit,non_existent,non_existent,non_existent,non_existent,non_existent,non_existent,non_existent,non_existent,non_existent,non_existent,non_existent,non_existent,non_existent,non_existent,non_existent,non_existent,non_existent,non_existent,non_existent,non_existent,
BP,C,8,Mid,small,4,b,NA,NA,NA,non_existent,non_existent,non_existent,non_existent,non_existent,non_existent,non_existent,no_visit,non_existent,non_existent,non_existent,empty,no_visit,empty,empty,empty,empty,no_visit,empty,no_visit,empty,empty,no_visit,empty,no_visit,empty,empty,no_visit,empty,no_visit,empty,no_visit,empty,empty,non_existent,non_existent,non_existent,non_existent,non_existent,non_existent,non_existent,non_existent,non_existent,non_existent,non_existent,non_existent,non_existent,non_existent,non_existent,non_existent,non_existent,non_existent,
BP,C,8,Mid,medium,7,a,NA,NA,NA,non_existent,non_existent,pseudo,pseudo,pseudo,pseudo,pseudo,no_visit,pseudo,pseudo,pseudo,pseudo,no_visit,pseudo,pseudo,pseudo,pseudo,no_visit,pseudo,no_visit,pseudo,pseudo,no_visit,pseudo,no_visit,pseudo,pseudo,no_visit,pseudo,no_visit,pseudo,no_visit,pseudo,pseudo,non_existent,non_existent,non_existent,non_existent,non_existent,non_existent,non_existent,non_existent,non_existent,non_existent,non_existent,non_existent,non_existent,non_existent,non_existent,non_existent,non_existent,non_existent,
BP,C,8,Mid,large,10,a,NA,NA,NA,non_existent,non_existent,pseudo,pseudo,pseudo,pseudo,pseudo,no_visit,pseudo,pseudo,pseudo,pseudo,no_visit,pseudo,pseudo,pseudo,pseudo,no_visit,pseudo,no_visit,pseudo,pseudo,no_visit,pseudo,no_visit,pseudo,pseudo,no_visit,pseudo,no_visit,pseudo,no_visit,pseudo,pseudo,non_existent,non_existent,non_existent,non_existent,non_existent,non_existent,non_existent,non_existent,non_existent,non_existent,non_existent,non_existent,non_existent,non_existent,non_existent,non_existent,non_existent,non_existent,
BP,C,8,Mid,small,12,a,147.64,59.29,osmia,non_existent,non_existent,empty,empty,empty,empty,empty,no_visit,empty,empty,empty,inner wall,no_visit,6 cells,no change,3 cells,2 cells + end cap,no_visit,no change,no_visit,no change,no change,no_visit,no change,no_visit,no change,no change,no_visit,no change,no_visit,no change,no_visit,no change,no change,non_existent,non_existent,non_existent,non_existent,non_existent,non_existent,non_existent,non_existent,non_existent,non_existent,non_existent,non_existent,non_existent,non_existent,non_existent,non_existent,non_existent,non_existent,
BP,C,8,Mid,small,13,a,NA,NA,NA,non_existent,non_existent,pseudo,pseudo,pseudo,pseudo,pseudo,no_visit,pseudo,pseudo,pseudo,pseudo,no_visit,pseudo,pseudo,pseudo,non_existent,no_visit,non_existent,no_visit,non_existent,non_existent,no_visit,non_existent,no_visit,non_existent,non_existent,no_visit,non_existent,no_visit,non_existent,no_visit,non_existent,non_existent,non_existent,non_existent,non_existent,non_existent,non_existent,non_existent,non_existent,non_existent,non_existent,non_existent,non_existent,non_existent,non_existent,non_existent,non_existent,non_existent,non_existent,non_existent,
BP,C,8,Mid,small,13,b,NA,NA,masked bee,non_existent,non_existent,non_existent,non_existent,non_existent,non_existent,non_existent,no_visit,non_existent,non_existent,non_existent,non_existent,no_visit,non_existent,non_existent,non_existent,empty,no_visit,empty,no_visit,non-target inner wall,no change,no_visit,no change,no_visit,no change,non-target cells,no_visit,non-target cells,no_visit,non-target nest completed ,no_visit,non-target nest completed ,non_existent,non_existent,non_existent,non_existent,non_existent,non_existent,non_existent,non_existent,non_existent,non_existent,non_existent,non_existent,non_existent,non_existent,non_existent,non_existent,non_existent,non_existent,non_existent,
BP,C,8,Mid,small,13,c,137.81,17.22,megachile,non_existent,non_existent,non_existent,non_existent,non_existent,non_existent,non_existent,no_visit,non_existent,non_existent,non_existent,non_existent,no_visit,non_existent,non_existent,non_existent,non_existent,no_visit,non_existent,no_visit,non_existent,non_existent,no_visit,non_existent,no_visit,non_existent,non_existent,no_visit,non_existent,no_visit,non_existent,no_visit,non_existent,1 cell ,non_existent,non_existent,non_existent,non_existent,non_existent,non_existent,non_existent,non_existent,non_existent,non_existent,non_existent,non_existent,non_existent,non_existent,non_existent,non_existent,non_existent,non_existent,
BP,C,8,Mid,medium,14,a,NA,NA,NA,non_existent,non_existent,pseudo,pseudo,pseudo,pseudo,pseudo,no_visit,pseudo,pseudo,pseudo,pseudo,no_visit,pseudo,pseudo,pseudo,pseudo,no_visit,pseudo,no_visit,pseudo,pseudo,no_visit,pseudo,no_visit,pseudo,pseudo,no_visit,pseudo,no_visit,pseudo,no_visit,pseudo,pseudo,non_existent,non_existent,non_existent,non_existent,non_existent,non_existent,non_existent,non_existent,non_existent,non_existent,non_existent,non_existent,non_existent,non_existent,non_existent,non_existent,non_existent,non_existent,
BP,C,8,Mid,small,15,a,NA,NA,NA,non_existent,non_existent,pseudo,pseudo,pseudo,pseudo,pseudo,no_visit,pseudo,pseudo,pseudo,pseudo,no_visit,pseudo,pseudo,pseudo,non_existent,no_visit,non_existent,no_visit,non_existent,non_existent,no_visit,non_existent,no_visit,non_existent,non_existent,no_visit,non_existent,no_visit,non_existent,no_visit,non_existent,non_existent,non_existent,non_existent,non_existent,non_existent,non_existent,non_existent,non_existent,non_existent,non_existent,non_existent,non_existent,non_existent,non_existent,non_existent,non_existent,non_existent,non_existent,non_existent,
BP,C,8,Mid,small,15,b,NA,NA,NA,non_existent,non_existent,non_existent,non_existent,non_existent,non_existent,non_existent,no_visit,non_existent,non_existent,non_existent,non_existent,no_visit,non_existent,non_existent,non_existent,empty,no_visit,empty,no_visit,empty,empty,no_visit,empty,no_visit,empty,empty,no_visit,empty,no_visit,empty,no_visit,empty,empty,non_existent,non_existent,non_existent,non_existent,non_existent,non_existent,non_existent,non_existent,non_existent,non_existent,non_existent,non_existent,non_existent,non_existent,non_existent,non_existent,non_existent,non_existent,
BP,C,8,Mid,small,16,a,142.42,73.97,osmia,non_existent,non_existent,empty,empty,empty,empty,empty,no_visit,empty,empty,empty,empty,no_visit,4 cells,no change,3 cells,end cap,no_visit,no change,no_visit,no change,no change,no_visit,no change,no_visit,no change,no change,no_visit,no change,no_visit,no change,no_visit,no change,no change,non_existent,non_existent,non_existent,non_existent,non_existent,non_existent,non_existent,non_existent,non_existent,non_existent,non_existent,non_existent,non_existent,non_existent,non_existent,non_existent,non_existent,non_existent,
BP,C,8,Mid,small,18,a,NA,NA,masked bee,non_existent,non_existent,empty,empty,empty,empty,empty,no_visit,empty,empty,empty,empty,no_visit,empty,empty,empty,empty,no_visit,empty,no_visit,empty,empty,no_visit,empty,no_visit,empty,empty,no_visit,empty,no_visit,empty,no_visit,non-target cells,no change,non_existent,non_existent,non_existent,non_existent,non_existent,non_existent,non_existent,non_existent,non_existent,non_existent,non_existent,non_existent,non_existent,non_existent,non_existent,non_existent,non_existent,non_existent,
BP,C,9,High,small,1,a,NA,NA,wasp,non_existent,non_existent,empty,empty,empty,empty,empty,no_visit,empty,empty,empty,empty,no_visit,empty,empty,empty,empty,no_visit,empty,no_visit,empty,empty,no_visit,empty,no_visit,empty,empty,no_visit,empty,no_visit,non-target cells,no_visit,non-target nest completed,non_existent,non_existent,non_existent,non_existent,non_existent,non_existent,non_existent,non_existent,non_existent,non_existent,non_existent,non_existent,non_existent,non_existent,non_existent,non_existent,non_existent,non_existent,non_existent,
BP,C,9,High,small,1,b,NA,NA,NA,non_existent,non_existent,non_existent,non_existent,non_existent,non_existent,non_existent,no_visit,non_existent,non_existent,non_existent,non_existent,no_visit,non_existent,non_existent,non_existent,non_existent,no_visit,non_existent,no_visit,non_existent,non_existent,no_visit,non_existent,no_visit,non_existent,non_existent,no_visit,non_existent,no_visit,non_existent,no_visit,non_existent,empty,non_existent,non_existent,non_existent,non_existent,non_existent,non_existent,non_existent,non_existent,non_existent,non_existent,non_existent,non_existent,non_existent,non_existent,non_existent,non_existent,non_existent,non_existent,
BP,C,9,High,medium,2,a,NA,NA,NA,non_existent,non_existent,pseudo,pseudo,pseudo,pseudo,pseudo,no_visit,pseudo,pseudo,pseudo,pseudo,no_visit,pseudo,pseudo,pseudo,pseudo,no_visit,pseudo,no_visit,pseudo,pseudo,no_visit,pseudo,no_visit,pseudo,pseudo,no_visit,pseudo,no_visit,pseudo,no_visit,pseudo,pseudo,non_existent,non_existent,non_existent,non_existent,non_existent,non_existent,non_existent,non_existent,non_existent,non_existent,non_existent,non_existent,non_existent,non_existent,non_existent,non_existent,non_existent,non_existent,
BP,C,9,High,medium,3,a,NA,NA,NA,non_existent,non_existent,pseudo,pseudo,pseudo,pseudo,pseudo,no_visit,pseudo,pseudo,pseudo,pseudo,no_visit,pseudo,pseudo,pseudo,pseudo,no_visit,pseudo,no_visit,pseudo,pseudo,no_visit,pseudo,no_visit,pseudo,pseudo,no_visit,pseudo,no_visit,pseudo,no_visit,pseudo,pseudo,non_existent,non_existent,non_existent,non_existent,non_existent,non_existent,non_existent,non_existent,non_existent,non_existent,non_existent,non_existent,non_existent,non_existent,non_existent,non_existent,non_existent,non_existent,
BP,C,9,High,small,4,a,NA,NA,NA,non_existent,non_existent,pseudo,pseudo,pseudo,pseudo,pseudo,no_visit,pseudo,pseudo,pseudo,pseudo,no_visit,pseudo,pseudo,pseudo,pseudo,no_visit,pseudo,no_visit,pseudo,pseudo,no_visit,pseudo,no_visit,pseudo,pseudo,no_visit,pseudo,no_visit,pseudo,no_visit,pseudo,pseudo,non_existent,non_existent,non_existent,non_existent,non_existent,non_existent,non_existent,non_existent,non_existent,non_existent,non_existent,non_existent,non_existent,non_existent,non_existent,non_existent,non_existent,non_existent,
BP,C,9,High,small,5,a,146.38,70.8,osmia,non_existent,non_existent,empty,empty,empty,empty,empty,no_visit,empty,empty,empty,empty,no_visit,empty,empty,empty,empty,no_visit,empty,no_visit,8 cells,1 cell,no_visit,no change,no_visit,no change,3 cells + end cap,no_visit,no change,no_visit,no change,no_visit,no change,no change,non_existent,non_existent,non_existent,non_existent,non_existent,non_existent,non_existent,non_existent,non_existent,non_existent,non_existent,non_existent,non_existent,non_existent,non_existent,non_existent,non_existent,non_existent,
BP,C,9,High,large,6,a,119.65,92.04,megachile,non_existent,non_existent,empty,empty,empty,empty,empty,no_visit,empty,empty,empty,empty,no_visit,empty,empty,empty,empty,no_visit,empty,no_visit,7 cells + end cap,no change,no_visit,no change,no_visit,no change,no change,no_visit,non_existent,no_visit,non_existent,no_visit,non_existent,non_existent,non_existent,non_existent,non_existent,non_existent,non_existent,non_existent,non_existent,non_existent,non_existent,non_existent,non_existent,non_existent,non_existent,non_existent,non_existent,non_existent,non_existent,non_existent,
BP,C,9,High,large,6,b,NA,NA,wasp,non_existent,non_existent,non_existent,non_existent,non_existent,non_existent,non_existent,no_visit,non_existent,non_existent,non_existent,non_existent,no_visit,non_existent,non_existent,non_existent,non_existent,no_visit,non_existent,no_visit,non_existent,non_existent,no_visit,non_existent,no_visit,non_existent,non_existent,no_visit,pseudo,no_visit,pseudo,no_visit,non-target nest completed ,non_existent,non_existent,non_existent,non_existent,non_existent,non_existent,non_existent,non_existent,non_existent,non_existent,non_existent,non_existent,non_existent,non_existent,non_existent,non_existent,non_existent,non_existent,non_existent,
BP,C,9,High,large,6,c,NA,NA,NA,non_existent,non_existent,non_existent,non_existent,non_existent,non_existent,non_existent,no_visit,non_existent,non_existent,non_existent,non_existent,no_visit,non_existent,non_existent,non_existent,non_existent,no_visit,non_existent,no_visit,non_existent,non_existent,no_visit,non_existent,no_visit,non_existent,non_existent,no_visit,non_existent,no_visit,non_existent,no_visit,non_existent,empty,non_existent,non_existent,non_existent,non_existent,non_existent,non_existent,non_existent,non_existent,non_existent,non_existent,non_existent,non_existent,non_existent,non_existent,non_existent,non_existent,non_existent,non_existent,
BP,C,9,High,medium,7,a,147,61.5,megachile,non_existent,non_existent,empty,empty,empty,empty,empty,no_visit,empty,empty,empty,empty,no_visit,empty,empty,empty,empty,no_visit,empty,no_visit,empty,2 cells,no_visit,no change,no_visit,no change,3 cells + end cap ,no_visit,non_existent,no_visit,non_existent,no_visit,non_existent,non_existent,non_existent,non_existent,non_existent,non_existent,non_existent,non_existent,non_existent,non_existent,non_existent,non_existent,non_existent,non_existent,non_existent,non_existent,non_existent,non_existent,non_existent,non_existent,
BP,C,9,High,medium,7,b,146,81,megachile,non_existent,non_existent,non_existent,non_existent,non_existent,non_existent,non_existent,no_visit,non_existent,non_existent,non_existent,non_existent,no_visit,non_existent,non_existent,non_existent,non_existent,no_visit,non_existent,no_visit,non_existent,non_existent,no_visit,non_existent,no_visit,non_existent,non_existent,no_visit,empty,no_visit,4 cells,no_visit,3 cells ,no change,non_existent,non_existent,non_existent,non_existent,non_existent,non_existent,non_existent,non_existent,non_existent,non_existent,non_existent,non_existent,non_existent,non_existent,non_existent,non_existent,non_existent,non_existent,
BP,C,9,High,small,8,a,150.77,82.48,osmia,non_existent,non_existent,empty,empty,empty,empty,empty,no_visit,empty,empty,2 cells,2 cells,no_visit,4 cells,no change,1 cell + end cap,no change,no_visit,no change,no_visit,no change,no change,no_visit,no change,no_visit,no change,no change,no_visit,no change,no_visit,no change,no_visit,no change,no change,non_existent,non_existent,non_existent,non_existent,non_existent,non_existent,non_existent,non_existent,non_existent,non_existent,non_existent,non_existent,non_existent,non_existent,non_existent,non_existent,non_existent,non_existent,
BP,C,9,High,small,9,a,NA,NA,NA,non_existent,non_existent,pseudo,pseudo,pseudo,pseudo,pseudo,no_visit,pseudo,pseudo,pseudo,non_existent,no_visit,non_existent,non_existent,non_existent,non_existent,no_visit,non_existent,no_visit,non_existent,non_existent,no_visit,non_existent,no_visit,non_existent,non_existent,no_visit,non_existent,no_visit,non_existent,no_visit,non_existent,non_existent,non_existent,non_existent,non_existent,non_existent,non_existent,non_existent,non_existent,non_existent,non_existent,non_existent,non_existent,non_existent,non_existent,non_existent,non_existent,non_existent,non_existent,non_existent,
BP,C,9,High,small,9,b,150.1,104.11,osmia,non_existent,non_existent,non_existent,non_existent,non_existent,non_existent,non_existent,no_visit,non_existent,non_existent,non_existent,empty,no_visit,empty,empty,inner wall,5 cells,no_visit,7 cells,no_visit,3 cells + end cap,no change,no_visit,no change,no_visit,no change,no change,no_visit,no change,no_visit,no change,no_visit,no change,no change,non_existent,non_existent,non_existent,non_existent,non_existent,non_existent,non_existent,non_existent,non_existent,non_existent,non_existent,non_existent,non_existent,non_existent,non_existent,non_existent,non_existent,non_existent,
BP,C,9,High,medium,10,a,NA,NA,wasp,non_existent,non_existent,empty,empty,empty,empty,empty,no_visit,empty,empty,empty,empty,no_visit,empty,empty,empty,empty,no_visit,empty,no_visit,empty,empty,no_visit,empty,no_visit,empty,non-target inner wall ,no_visit,no change,no_visit,no change,no_visit,non_existent,non_existent,non_existent,non_existent,non_existent,non_existent,non_existent,non_existent,non_existent,non_existent,non_existent,non_existent,non_existent,non_existent,non_existent,non_existent,non_existent,non_existent,non_existent,non_existent,
BP,C,9,High,medium,10,b,NA,NA,wasp,non_existent,non_existent,non_existent,non_existent,non_existent,non_existent,non_existent,no_visit,non_existent,non_existent,non_existent,non_existent,no_visit,non_existent,non_existent,non_existent,non_existent,no_visit,non_existent,no_visit,non_existent,non_existent,no_visit,non_existent,no_visit,non_existent,non_existent,no_visit,non_existent,no_visit,non_existent,no_visit,non-target nest completed,non_existent,non_existent,non_existent,non_existent,non_existent,non_existent,non_existent,non_existent,non_existent,non_existent,non_existent,non_existent,non_existent,non_existent,non_existent,non_existent,non_existent,non_existent,non_existent,
BP,C,9,High,medium,10,c,NA,NA,wasp,non_existent,non_existent,non_existent,non_existent,non_existent,non_existent,non_existent,no_visit,non_existent,non_existent,non_existent,non_existent,no_visit,non_existent,non_existent,non_existent,non_existent,no_visit,non_existent,no_visit,non_existent,non_existent,no_visit,non_existent,no_visit,non_existent,non_existent,no_visit,non_existent,no_visit,non_existent,no_visit,non_existent,non-target nest completed ,non_existent,non_existent,non_existent,non_existent,non_existent,non_existent,non_existent,non_existent,non_existent,non_existent,non_existent,non_existent,non_existent,non_existent,non_existent,non_existent,non_existent,non_existent,
BP,C,9,High,small,11,a,NA,NA,wasp,non_existent,non_existent,empty,empty,empty,empty,empty,no_visit,empty,empty,empty,empty,no_visit,empty,empty,empty,empty,no_visit,empty,no_visit,empty,empty,no_visit,empty,no_visit,empty,non-target cells,no_visit,non-target cells,no_visit,non-target nest completed ,no_visit,non_existent,non_existent,non_existent,non_existent,non_existent,non_existent,non_existent,non_existent,non_existent,non_existent,non_existent,non_existent,non_existent,non_existent,non_existent,non_existent,non_existent,non_existent,non_existent,non_existent,
BP,C,9,High,small,11,b,NA,NA,wasp,non_existent,non_existent,non_existent,non_existent,non_existent,non_existent,non_existent,no_visit,non_existent,non_existent,non_existent,non_existent,no_visit,non_existent,non_existent,non_existent,non_existent,no_visit,non_existent,no_visit,non_existent,non_existent,no_visit,non_existent,no_visit,non_existent,non_existent,no_visit,non_existent,no_visit,non_existent,no_visit,non-target nest completed ,non_existent,non_existent,non_existent,non_existent,non_existent,non_existent,non_existent,non_existent,non_existent,non_existent,non_existent,non_existent,non_existent,non_existent,non_existent,non_existent,non_existent,non_existent,non_existent,
BP,C,9,High,small,11,c,NA,NA,NA,non_existent,non_existent,non_existent,non_existent,non_existent,non_existent,non_existent,no_visit,non_existent,non_existent,non_existent,non_existent,no_visit,non_existent,non_existent,non_existent,non_existent,no_visit,non_existent,no_visit,non_existent,non_existent,no_visit,non_existent,no_visit,non_existent,non_existent,no_visit,non_existent,no_visit,non_existent,no_visit,non_existent,empty,non_existent,non_existent,non_existent,non_existent,non_existent,non_existent,non_existent,non_existent,non_existent,non_existent,non_existent,non_existent,non_existent,non_existent,non_existent,non_existent,non_existent,non_existent,
BP,C,9,High,small,12,a,NA,NA,NA,non_existent,non_existent,pseudo,pseudo,pseudo,pseudo,pseudo,no_visit,pseudo,pseudo,pseudo,pseudo,no_visit,pseudo,pseudo,pseudo,pseudo,no_visit,pseudo,no_visit,pseudo,pseudo,no_visit,pseudo,no_visit,pseudo,pseudo,no_visit,pseudo,no_visit,pseudo,no_visit,pseudo,pseudo,non_existent,non_existent,non_existent,non_existent,non_existent,non_existent,non_existent,non_existent,non_existent,non_existent,non_existent,non_existent,non_existent,non_existent,non_existent,non_existent,non_existent,non_existent,
BP,C,9,High,small,13,a,NA,NA,NA,non_existent,non_existent,pseudo,pseudo,pseudo,pseudo,pseudo,no_visit,pseudo,pseudo,pseudo,pseudo,no_visit,pseudo,pseudo,pseudo,pseudo,no_visit,pseudo,no_visit,pseudo,pseudo,no_visit,pseudo,no_visit,pseudo,pseudo,no_visit,pseudo,no_visit,pseudo,no_visit,pseudo,pseudo,non_existent,non_existent,non_existent,non_existent,non_existent,non_existent,non_existent,non_existent,non_existent,non_existent,non_existent,non_existent,non_existent,non_existent,non_existent,non_existent,non_existent,non_existent,
BP,C,9,High,large,14,a,NA,NA,NA,non_existent,non_existent,pseudo,pseudo,pseudo,pseudo,pseudo,no_visit,pseudo,pseudo,pseudo,pseudo,no_visit,pseudo,pseudo,pseudo,pseudo,no_visit,pseudo,no_visit,pseudo,non_existent,no_visit,non_existent,no_visit,non_existent,non_existent,no_visit,non_existent,no_visit,non_existent,no_visit,non_existent,non_existent,non_existent,non_existent,non_existent,non_existent,non_existent,non_existent,non_existent,non_existent,non_existent,non_existent,non_existent,non_existent,non_existent,non_existent,non_existent,non_existent,non_existent,non_existent,
BP,C,9,High,large,14,b,141.25,64.75,megachile,non_existent,non_existent,non_existent,non_existent,non_existent,non_existent,non_existent,no_visit,non_existent,non_existent,non_existent,non_existent,no_visit,non_existent,non_existent,non_existent,non_existent,no_visit,non_existent,no_visit,non_existent,1 cell,no_visit,no change,no_visit,no change,4 cells,no_visit,no change,no_visit,no change,no_visit,non_existent,non_existent,non_existent,non_existent,non_existent,non_existent,non_existent,non_existent,non_existent,non_existent,non_existent,non_existent,non_existent,non_existent,non_existent,non_existent,non_existent,non_existent,non_existent,non_existent,
BP,C,9,High,large,14,c,NA,NA,wasp,non_existent,non_existent,non_existent,non_existent,non_existent,non_existent,non_existent,no_visit,non_existent,non_existent,non_existent,non_existent,no_visit,non_existent,non_existent,non_existent,non_existent,no_visit,non_existent,no_visit,non_existent,non_existent,no_visit,non_existent,no_visit,non_existent,non_existent,no_visit,non_existent,no_visit,non_existent,no_visit,non-target cells,no change,non_existent,non_existent,non_existent,non_existent,non_existent,non_existent,non_existent,non_existent,non_existent,non_existent,non_existent,non_existent,non_existent,non_existent,non_existent,non_existent,non_existent,non_existent,
BP,C,9,High,medium,15,a,NA,NA,NA,non_existent,non_existent,pseudo,pseudo,pseudo,pseudo,pseudo,no_visit,pseudo,pseudo,pseudo,pseudo,no_visit,pseudo,pseudo,pseudo,pseudo,no_visit,pseudo,no_visit,pseudo,pseudo,no_visit,pseudo,no_visit,pseudo,pseudo,no_visit,pseudo,no_visit,pseudo,no_visit,pseudo,pseudo,non_existent,non_existent,non_existent,non_existent,non_existent,non_existent,non_existent,non_existent,non_existent,non_existent,non_existent,non_existent,non_existent,non_existent,non_existent,non_existent,non_existent,non_existent,
BP,C,9,High,small,16,a,NA,NA,NA,non_existent,non_existent,pseudo,pseudo,pseudo,pseudo,pseudo,no_visit,pseudo,pseudo,pseudo,pseudo,no_visit,pseudo,pseudo,pseudo,pseudo,no_visit,pseudo,no_visit,pseudo,non_existent,no_visit,non_existent,no_visit,non_existent,non_existent,no_visit,non_existent,no_visit,non_existent,no_visit,non_existent,non_existent,non_existent,non_existent,non_existent,non_existent,non_existent,non_existent,non_existent,non_existent,non_existent,non_existent,non_existent,non_existent,non_existent,non_existent,non_existent,non_existent,non_existent,non_existent,
BP,C,9,High,small,16,b,NA,NA,wasp,non_existent,non_existent,non_existent,non_existent,non_existent,non_existent,non_existent,no_visit,non_existent,non_existent,non_existent,non_existent,no_visit,non_existent,non_existent,non_existent,non_existent,no_visit,non_existent,no_visit,non_existent,empty,no_visit,empty,no_visit,empty,empty,no_visit,empty,no_visit,inner wall ,no_visit,no change,no change,non_existent,non_existent,non_existent,non_existent,non_existent,non_existent,non_existent,non_existent,non_existent,non_existent,non_existent,non_existent,non_existent,non_existent,non_existent,non_existent,non_existent,non_existent,
BP,C,9,High,medium,17,a,NA,NA,NA,non_existent,non_existent,pseudo,pseudo,pseudo,pseudo,pseudo,no_visit,pseudo,pseudo,pseudo,pseudo,no_visit,pseudo,pseudo,pseudo,pseudo,no_visit,pseudo,no_visit,pseudo,pseudo,no_visit,pseudo,no_visit,pseudo,pseudo,no_visit,pseudo,no_visit,pseudo,no_visit,pseudo,pseudo,non_existent,non_existent,non_existent,non_existent,non_existent,non_existent,non_existent,non_existent,non_existent,non_existent,non_existent,non_existent,non_existent,non_existent,non_existent,non_existent,non_existent,non_existent,
BP,C,9,High,small,18,a,NA,NA,NA,non_existent,non_existent,pseudo,pseudo,pseudo,pseudo,pseudo,no_visit,pseudo,pseudo,pseudo,pseudo,no_visit,pseudo,pseudo,pseudo,non_existent,no_visit,non_existent,no_visit,non_existent,non_existent,no_visit,non_existent,no_visit,non_existent,non_existent,no_visit,non_existent,no_visit,non_existent,no_visit,non_existent,non_existent,non_existent,non_existent,non_existent,non_existent,non_existent,non_existent,non_existent,non_existent,non_existent,non_existent,non_existent,non_existent,non_existent,non_existent,non_existent,non_existent,non_existent,non_existent,
BP,C,9,High,small,18,b,NA,NA,NA,non_existent,non_existent,non_existent,non_existent,non_existent,non_existent,non_existent,no_visit,non_existent,non_existent,non_existent,non_existent,no_visit,non_existent,non_existent,non_existent,empty,no_visit,empty,no_visit,empty,empty,no_visit,empty,no_visit,empty,empty,no_visit,empty,no_visit,empty,no_visit,empty,empty,non_existent,non_existent,non_existent,non_existent,non_existent,non_existent,non_existent,non_existent,non_existent,non_existent,non_existent,non_existent,non_existent,non_existent,non_existent,non_existent,non_existent,non_existent,
BP,D,11,Mid,small,3,a,NA,NA,NA,non_existent,non_existent,pseudo,pseudo,pseudo,pseudo,pseudo,no_visit,pseudo,pseudo,pseudo,pseudo,no_visit,pseudo,pseudo,pseudo,pseudo,no_visit,pseudo,no_visit,pseudo,pseudo,no_visit,pseudo,no_visit,pseudo,pseudo,no_visit,pseudo,no_visit,pseudo,no_visit,pseudo,pseudo,non_existent,non_existent,non_existent,non_existent,non_existent,non_existent,non_existent,non_existent,non_existent,non_existent,non_existent,non_existent,non_existent,non_existent,non_existent,non_existent,non_existent,non_existent,
BP,D,11,Mid,medium,11,a,NA,NA,wasp,non_existent,non_existent,empty,empty,empty,empty,empty,no_visit,empty,empty,empty,empty,no_visit,empty,empty,empty,empty,no_visit,empty,no_visit,empty,empty,no_visit,empty,no_visit,empty,empty,no_visit,empty,no_visit,empty,no_visit,empty,non-target cells ,non_existent,non_existent,non_existent,non_existent,non_existent,non_existent,non_existent,non_existent,non_existent,non_existent,non_existent,non_existent,non_existent,non_existent,non_existent,non_existent,non_existent,non_existent,
BP,D,11,Mid,small,12,a,NA,NA,NA,non_existent,non_existent,pseudo,pseudo,pseudo,pseudo,pseudo,no_visit,pseudo,pseudo,pseudo,pseudo,no_visit,pseudo,pseudo,pseudo,pseudo,no_visit,pseudo,no_visit,pseudo,pseudo,no_visit,pseudo,no_visit,pseudo,pseudo,no_visit,pseudo,no_visit,pseudo,no_visit,pseudo,pseudo,non_existent,non_existent,non_existent,non_existent,non_existent,non_existent,non_existent,non_existent,non_existent,non_existent,non_existent,non_existent,non_existent,non_existent,non_existent,non_existent,non_existent,non_existent,
BP,D,11,Mid,medium,13,a,NA,NA,NA,non_existent,non_existent,pseudo,pseudo,pseudo,pseudo,pseudo,no_visit,pseudo,pseudo,pseudo,pseudo,no_visit,pseudo,pseudo,pseudo,pseudo,no_visit,pseudo,no_visit,pseudo,pseudo,no_visit,pseudo,no_visit,pseudo,pseudo,no_visit,pseudo,no_visit,pseudo,no_visit,pseudo,pseudo,non_existent,non_existent,non_existent,non_existent,non_existent,non_existent,non_existent,non_existent,non_existent,non_existent,non_existent,non_existent,non_existent,non_existent,non_existent,non_existent,non_existent,non_existent,
BP,D,11,Mid,small,14,a,NA,NA,osmia,non_existent,non_existent,empty,empty,empty,empty,empty,no_visit,empty,empty,empty,empty,no_visit,empty,empty,empty,empty,no_visit,empty,no_visit,empty,empty,no_visit,empty,no_visit,empty,empty,no_visit,empty,no_visit,empty,no_visit,empty,inner wall ,non_existent,non_existent,non_existent,non_existent,non_existent,non_existent,non_existent,non_existent,non_existent,non_existent,non_existent,non_existent,non_existent,non_existent,non_existent,non_existent,non_existent,non_existent,
BP,D,11,Mid,small,15,a,NA,NA,wasp,non_existent,non_existent,empty,empty,empty,empty,empty,no_visit,empty,empty,empty,empty,no_visit,empty,empty,empty,empty,no_visit,empty,no_visit,empty,empty,no_visit,empty,no_visit,empty,empty,no_visit,empty,no_visit,empty,no_visit,empty,non-target cells ,non_existent,non_existent,non_existent,non_existent,non_existent,non_existent,non_existent,non_existent,non_existent,non_existent,non_existent,non_existent,non_existent,non_existent,non_existent,non_existent,non_existent,non_existent,
BP,D,11,Mid,large,16,a,NA,NA,NA,non_existent,non_existent,pseudo,pseudo,pseudo,pseudo,pseudo,no_visit,pseudo,pseudo,pseudo,pseudo,no_visit,pseudo,pseudo,pseudo,pseudo,no_visit,pseudo,no_visit,pseudo,pseudo,no_visit,pseudo,no_visit,pseudo,pseudo,no_visit,pseudo,no_visit,pseudo,no_visit,pseudo,pseudo,non_existent,non_existent,non_existent,non_existent,non_existent,non_existent,non_existent,non_existent,non_existent,non_existent,non_existent,non_existent,non_existent,non_existent,non_existent,non_existent,non_existent,non_existent,
BP,D,11,Mid,small,17,a,NA,NA,NA,non_existent,non_existent,pseudo,pseudo,pseudo,pseudo,pseudo,no_visit,pseudo,pseudo,pseudo,pseudo,no_visit,pseudo,pseudo,pseudo,pseudo,no_visit,pseudo,no_visit,pseudo,pseudo,no_visit,pseudo,no_visit,pseudo,pseudo,no_visit,pseudo,no_visit,pseudo,no_visit,pseudo,pseudo,non_existent,non_existent,non_existent,non_existent,non_existent,non_existent,non_existent,non_existent,non_existent,non_existent,non_existent,non_existent,non_existent,non_existent,non_existent,non_existent,non_existent,non_existent,
BP,D,11,Mid,medium,18,a,NA,NA,NA,non_existent,non_existent,pseudo,pseudo,pseudo,pseudo,pseudo,no_visit,pseudo,pseudo,pseudo,pseudo,no_visit,pseudo,pseudo,pseudo,pseudo,no_visit,pseudo,no_visit,pseudo,pseudo,no_visit,pseudo,no_visit,pseudo,pseudo,no_visit,pseudo,no_visit,pseudo,no_visit,pseudo,pseudo,non_existent,non_existent,non_existent,non_existent,non_existent,non_existent,non_existent,non_existent,non_existent,non_existent,non_existent,non_existent,non_existent,non_existent,non_existent,non_existent,non_existent,non_existent,
BP,D,12,High,small,1,a,NA,NA,NA,non_existent,non_existent,pseudo,pseudo,pseudo,pseudo,pseudo,no_visit,pseudo,pseudo,pseudo,pseudo,no_visit,pseudo,pseudo,pseudo,pseudo,no_visit,pseudo,no_visit,pseudo,pseudo,no_visit,non_existent,no_visit,non_existent,non_existent,no_visit,non_existent,no_visit,non_existent,no_visit,non_existent,non_existent,non_existent,non_existent,non_existent,non_existent,non_existent,non_existent,non_existent,non_existent,non_existent,non_existent,non_existent,non_existent,non_existent,non_existent,non_existent,non_existent,non_existent,non_existent,
BP,D,12,High,small,1,b,NA,NA,NA,non_existent,non_existent,non_existent,non_existent,non_existent,non_existent,non_existent,no_visit,non_existent,non_existent,non_existent,non_existent,no_visit,non_existent,non_existent,non_existent,non_existent,no_visit,non_existent,no_visit,non_existent,non_existent,no_visit,empty,no_visit,empty,empty,no_visit,empty,no_visit,empty,no_visit,empty,empty,non_existent,non_existent,non_existent,non_existent,non_existent,non_existent,non_existent,non_existent,non_existent,non_existent,non_existent,non_existent,non_existent,non_existent,non_existent,non_existent,non_existent,non_existent,
BP,D,12,High,medium,2,a,NA,NA,NA,non_existent,non_existent,pseudo,pseudo,pseudo,pseudo,pseudo,no_visit,pseudo,pseudo,pseudo,pseudo,no_visit,pseudo,pseudo,pseudo,pseudo,no_visit,pseudo,no_visit,pseudo,pseudo,no_visit,pseudo,no_visit,pseudo,pseudo,no_visit,pseudo,no_visit,pseudo,no_visit,pseudo,pseudo,non_existent,non_existent,non_existent,non_existent,non_existent,non_existent,non_existent,non_existent,non_existent,non_existent,non_existent,non_existent,non_existent,non_existent,non_existent,non_existent,non_existent,non_existent,
BP,D,12,High,small,3,a,NA,NA,NA,non_existent,non_existent,pseudo,pseudo,pseudo,pseudo,pseudo,no_visit,pseudo,pseudo,pseudo,pseudo,no_visit,pseudo,pseudo,pseudo,non_existent,no_visit,non_existent,no_visit,non_existent,non_existent,no_visit,non_existent,no_visit,non_existent,non_existent,no_visit,non_existent,no_visit,non_existent,no_visit,non_existent,non_existent,non_existent,non_existent,non_existent,non_existent,non_existent,non_existent,non_existent,non_existent,non_existent,non_existent,non_existent,non_existent,non_existent,non_existent,non_existent,non_existent,non_existent,non_existent,
BP,D,12,High,small,3,b,NA,NA,osmia,non_existent,non_existent,non_existent,non_existent,non_existent,non_existent,non_existent,no_visit,non_existent,non_existent,non_existent,non_existent,no_visit,non_existent,non_existent,non_existent,empty,no_visit,empty,no_visit,empty,empty,no_visit,empty,no_visit,empty,inner wall started,no_visit,inner wall started,no_visit,inner wall started,no_visit,non_existent,non_existent,non_existent,non_existent,non_existent,non_existent,non_existent,non_existent,non_existent,non_existent,non_existent,non_existent,non_existent,non_existent,non_existent,non_existent,non_existent,non_existent,non_existent,non_existent,
BP,D,12,High,small,3,c,NA,NA,NA,non_existent,non_existent,non_existent,non_existent,non_existent,non_existent,non_existent,no_visit,non_existent,non_existent,non_existent,non_existent,no_visit,non_existent,non_existent,non_existent,non_existent,no_visit,non_existent,no_visit,non_existent,non_existent,no_visit,non_existent,no_visit,non_existent,non_existent,no_visit,non_existent,no_visit,non_existent,no_visit,empty,empty,non_existent,non_existent,non_existent,non_existent,non_existent,non_existent,non_existent,non_existent,non_existent,non_existent,non_existent,non_existent,non_existent,non_existent,non_existent,non_existent,non_existent,non_existent,
BP,D,12,High,large,4,a,NA,NA,NA,non_existent,non_existent,pseudo,pseudo,pseudo,pseudo,pseudo,no_visit,pseudo,pseudo,pseudo,pseudo,no_visit,pseudo,pseudo,pseudo,pseudo,no_visit,pseudo,no_visit,pseudo,pseudo,no_visit,pseudo,no_visit,pseudo,pseudo,no_visit,pseudo,no_visit,pseudo,no_visit,pseudo,pseudo,non_existent,non_existent,non_existent,non_existent,non_existent,non_existent,non_existent,non_existent,non_existent,non_existent,non_existent,non_existent,non_existent,non_existent,non_existent,non_existent,non_existent,non_existent,
BP,D,12,High,small,5,a,142.83,115.52,osmia,non_existent,non_existent,empty,empty,2 cells,no change,1 cell,no_visit,1 cell,no change,3 cells,2 cells,no_visit,4 cells,no change,1 cell + end cap,no change,no_visit,no change,no_visit,no change,no change,no_visit,no change,no_visit,no change,no change,no_visit,no change,no_visit,no change,no_visit,non_existent,non_existent,non_existent,non_existent,non_existent,non_existent,non_existent,non_existent,non_existent,non_existent,non_existent,non_existent,non_existent,non_existent,non_existent,non_existent,non_existent,non_existent,non_existent,non_existent,
BP,D,12,High,small,5,b,NA,NA,NA,non_existent,non_existent,non_existent,non_existent,non_existent,non_existent,non_existent,no_visit,non_existent,non_existent,non_existent,non_existent,no_visit,non_existent,non_existent,non_existent,non_existent,no_visit,non_existent,no_visit,non_existent,non_existent,no_visit,non_existent,no_visit,non_existent,non_existent,no_visit,non_existent,no_visit,non_existent,no_visit,empty,empty,non_existent,non_existent,non_existent,non_existent,non_existent,non_existent,non_existent,non_existent,non_existent,non_existent,non_existent,non_existent,non_existent,non_existent,non_existent,non_existent,non_existent,non_existent,
BP,D,12,High,small,6,a,NA,NA,NA,non_existent,non_existent,pseudo,pseudo,pseudo,pseudo,pseudo,no_visit,pseudo,non_existent,non_existent,non_existent,no_visit,non_existent,non_existent,non_existent,non_existent,no_visit,non_existent,no_visit,non_existent,non_existent,no_visit,non_existent,no_visit,non_existent,non_existent,no_visit,non_existent,no_visit,non_existent,no_visit,non_existent,non_existent,non_existent,non_existent,non_existent,non_existent,non_existent,non_existent,non_existent,non_existent,non_existent,non_existent,non_existent,non_existent,non_existent,non_existent,non_existent,non_existent,non_existent,non_existent,
BP,D,12,High,small,6,b,143.76,103.97,osmia,non_existent,non_existent,non_existent,non_existent,non_existent,non_existent,non_existent,no_visit,non_existent,empty,empty,empty,no_visit,empty,empty,9 cells,6 cells,no_visit,no change,no_visit,end cap ,no change,no_visit,no change,no_visit,no change,no change,no_visit,no change,no_visit,non_existent,no_visit,non_existent,non_existent,non_existent,non_existent,non_existent,non_existent,non_existent,non_existent,non_existent,non_existent,non_existent,non_existent,non_existent,non_existent,non_existent,non_existent,non_existent,non_existent,non_existent,non_existent,
BP,D,12,High,small,6,c,143.84,51.58,osmia,non_existent,non_existent,non_existent,non_existent,non_existent,non_existent,non_existent,no_visit,non_existent,non_existent,non_existent,non_existent,no_visit,non_existent,non_existent,non_existent,non_existent,no_visit,non_existent,no_visit,non_existent,non_existent,no_visit,non_existent,no_visit,non_existent,non_existent,no_visit,non_existent,no_visit,1 cell,no_visit,6 cells,end cap ,non_existent,non_existent,non_existent,non_existent,non_existent,non_existent,non_existent,non_existent,non_existent,non_existent,non_existent,non_existent,non_existent,non_existent,non_existent,non_existent,non_existent,non_existent,
BP,D,12,High,medium,7,a,NA,NA,NA,non_existent,non_existent,pseudo,pseudo,pseudo,pseudo,pseudo,no_visit,pseudo,pseudo,pseudo,pseudo,no_visit,pseudo,pseudo,pseudo,pseudo,no_visit,pseudo,no_visit,pseudo,pseudo,no_visit,pseudo,no_visit,pseudo,pseudo,no_visit,pseudo,no_visit,pseudo,no_visit,pseudo,pseudo,non_existent,non_existent,non_existent,non_existent,non_existent,non_existent,non_existent,non_existent,non_existent,non_existent,non_existent,non_existent,non_existent,non_existent,non_existent,non_existent,non_existent,non_existent,
BP,D,12,High,medium,8,a,NA,NA,NA,non_existent,non_existent,pseudo,pseudo,pseudo,pseudo,pseudo,no_visit,pseudo,pseudo,pseudo,pseudo,no_visit,pseudo,pseudo,pseudo,pseudo,no_visit,pseudo,no_visit,pseudo,pseudo,no_visit,pseudo,no_visit,pseudo,pseudo,no_visit,pseudo,no_visit,pseudo,no_visit,pseudo,pseudo,non_existent,non_existent,non_existent,non_existent,non_existent,non_existent,non_existent,non_existent,non_existent,non_existent,non_existent,non_existent,non_existent,non_existent,non_existent,non_existent,non_existent,non_existent,
BP,D,12,High,small,9,a,NA,NA,NA,non_existent,non_existent,pseudo,pseudo,pseudo,pseudo,pseudo,no_visit,pseudo,pseudo,pseudo,pseudo,no_visit,pseudo,pseudo,pseudo,pseudo,no_visit,pseudo,no_visit,non_existent,non_existent,no_visit,non_existent,no_visit,non_existent,non_existent,no_visit,non_existent,no_visit,non_existent,no_visit,non_existent,non_existent,non_existent,non_existent,non_existent,non_existent,non_existent,non_existent,non_existent,non_existent,non_existent,non_existent,non_existent,non_existent,non_existent,non_existent,non_existent,non_existent,non_existent,non_existent,
BP,D,12,High,small,9,b,130.53,21.9,osmia,non_existent,non_existent,non_existent,non_existent,non_existent,non_existent,non_existent,no_visit,non_existent,non_existent,non_existent,non_existent,no_visit,non_existent,non_existent,non_existent,non_existent,no_visit,non_existent,no_visit,empty,empty,no_visit,empty,no_visit,empty,2 cells,no_visit,1 cells + end cap,no_visit,no change,no_visit,no change,no change,non_existent,non_existent,non_existent,non_existent,non_existent,non_existent,non_existent,non_existent,non_existent,non_existent,non_existent,non_existent,non_existent,non_existent,non_existent,non_existent,non_existent,non_existent,
BP,D,12,High,medium,10,a,NA,NA,NA,non_existent,non_existent,pseudo,pseudo,pseudo,pseudo,pseudo,no_visit,pseudo,pseudo,pseudo,pseudo,no_visit,pseudo,pseudo,pseudo,pseudo,no_visit,pseudo,no_visit,pseudo,pseudo,no_visit,pseudo,no_visit,pseudo,pseudo,no_visit,pseudo,no_visit,pseudo,no_visit,pseudo,pseudo,non_existent,non_existent,non_existent,non_existent,non_existent,non_existent,non_existent,non_existent,non_existent,non_existent,non_existent,non_existent,non_existent,non_existent,non_existent,non_existent,non_existent,non_existent,
BP,D,12,High,small,11,a,NA,NA,NA,non_existent,non_existent,pseudo,pseudo,pseudo,pseudo,pseudo,no_visit,pseudo,pseudo,pseudo,pseudo,no_visit,pseudo,pseudo,pseudo,pseudo,no_visit,non_existent,no_visit,non_existent,non_existent,no_visit,non_existent,no_visit,non_existent,non_existent,no_visit,non_existent,no_visit,non_existent,no_visit,non_existent,non_existent,non_existent,non_existent,non_existent,non_existent,non_existent,non_existent,non_existent,non_existent,non_existent,non_existent,non_existent,non_existent,non_existent,non_existent,non_existent,non_existent,non_existent,non_existent,
BP,D,12,High,small,11,b,141.37,47.31,osmia,non_existent,non_existent,non_existent,non_existent,non_existent,non_existent,non_existent,no_visit,non_existent,non_existent,non_existent,non_existent,no_visit,non_existent,non_existent,non_existent,non_existent,no_visit,empty,no_visit,empty,1 cell,no_visit,no change,no_visit,no change,3 cells,no_visit,1 cell,no_visit,2 cells,no_visit,no change,no change,non_existent,non_existent,non_existent,non_existent,non_existent,non_existent,non_existent,non_existent,non_existent,non_existent,non_existent,non_existent,non_existent,non_existent,non_existent,non_existent,non_existent,non_existent,
BP,D,12,High,small,12,a,NA,NA,NA,non_existent,non_existent,pseudo,pseudo,pseudo,pseudo,pseudo,no_visit,pseudo,pseudo,pseudo,pseudo,no_visit,pseudo,pseudo,pseudo,non_existent,no_visit,non_existent,no_visit,non_existent,non_existent,no_visit,non_existent,no_visit,non_existent,non_existent,no_visit,non_existent,no_visit,non_existent,no_visit,non_existent,non_existent,non_existent,non_existent,non_existent,non_existent,non_existent,non_existent,non_existent,non_existent,non_existent,non_existent,non_existent,non_existent,non_existent,non_existent,non_existent,non_existent,non_existent,non_existent,
BP,D,12,High,small,12,b,106.02,57.04,osmia,non_existent,non_existent,non_existent,non_existent,non_existent,non_existent,non_existent,no_visit,non_existent,non_existent,non_existent,non_existent,no_visit,non_existent,non_existent,non_existent,empty,no_visit,2 cells,no_visit,4 cells + end cap,no change,no_visit,no change,no_visit,no change,no change,no_visit,no change,no_visit,no change,no_visit,no change,no change,non_existent,non_existent,non_existent,non_existent,non_existent,non_existent,non_existent,non_existent,non_existent,non_existent,non_existent,non_existent,non_existent,non_existent,non_existent,non_existent,non_existent,non_existent,
BP,D,12,High,small,15,a,145.25,116.97,osmia,non_existent,non_existent,empty,empty,empty,empty,empty,no_visit,empty,empty,empty,empty,no_visit,empty,empty,7 cells,4 cells,no_visit,no change,no_visit,2 cells + end cap,no change,no_visit,no change,no_visit,no change,no change,no_visit,no change,no_visit,no change,no_visit,no change,no change,non_existent,non_existent,non_existent,non_existent,non_existent,non_existent,non_existent,non_existent,non_existent,non_existent,non_existent,non_existent,non_existent,non_existent,non_existent,non_existent,non_existent,non_existent,
BP,D,12,High,small,16,a,143.33,5.27,osmia,non_existent,non_existent,empty,empty,empty,empty,empty,no_visit,empty,empty,empty,empty,no_visit,empty,empty,empty,empty,no_visit,empty,no_visit,empty,empty,no_visit,empty,no_visit,empty,empty,no_visit,empty,no_visit,empty,no_visit,empty,1 cell ,non_existent,non_existent,non_existent,non_existent,non_existent,non_existent,non_existent,non_existent,non_existent,non_existent,non_existent,non_existent,non_existent,non_existent,non_existent,non_existent,non_existent,non_existent,
BP,D,12,High,medium,17,a,NA,NA,osmia,non_existent,non_existent,empty,empty,empty,empty,empty,no_visit,empty,empty,empty,empty,no_visit,empty,empty,empty,empty,no_visit,empty,no_visit,empty,empty,no_visit,empty,no_visit,empty,empty,no_visit,empty,no_visit,inner wall,no_visit,no change,no change,non_existent,non_existent,non_existent,non_existent,non_existent,non_existent,non_existent,non_existent,non_existent,non_existent,non_existent,non_existent,non_existent,non_existent,non_existent,non_existent,non_existent,non_existent,
BP,D,12,High,small,18,a,144.81,83.98,osmia,non_existent,non_existent,empty,empty,empty,empty,empty,no_visit,empty,empty,empty,empty,no_visit,empty,empty,empty,empty,no_visit,5 cells,no_visit,7 cells,no change,no_visit,no change,no_visit,no change,1 cell + end cap,no_visit,no change,no_visit,no change,no_visit,no change,no change,non_existent,non_existent,non_existent,non_existent,non_existent,non_existent,non_existent,non_existent,non_existent,non_existent,non_existent,non_existent,non_existent,non_existent,non_existent,non_existent,non_existent,non_existent,
BP,E,13,Low,medium,1,a,NA,NA,wasp,non_existent,non_existent,empty,empty,empty,empty,empty,no_visit,empty,empty,empty,empty,no_visit,empty,empty,empty,empty,no_visit,empty,no_visit,empty,no_visit,empty,empty,no_visit,empty,empty,no_visit,empty,no_visit,empty,no_visit,empty,non-target cells,non_existent,non_existent,non_existent,non_existent,non_existent,non_existent,non_existent,non_existent,non_existent,non_existent,non_existent,non_existent,non_existent,non_existent,non_existent,non_existent,non_existent,non_existent,
BP,E,13,Low,small,2,a,123.3,105.25,osmia,non_existent,non_existent,empty,empty,empty,empty,empty,no_visit,empty,empty,empty,2 cells,no_visit,5 cells,no change,5 cells + end cap ,non_existent,no_visit,non_existent,no_visit,non_existent,no_visit,non_existent,non_existent,no_visit,non_existent,non_existent,no_visit,non_existent,no_visit,non_existent,no_visit,non_existent,non_existent,non_existent,non_existent,non_existent,non_existent,non_existent,non_existent,non_existent,non_existent,non_existent,non_existent,non_existent,non_existent,non_existent,non_existent,non_existent,non_existent,non_existent,non_existent,
BP,E,13,Low,small,2,b,146.25,34.05,osmia,non_existent,non_existent,non_existent,non_existent,non_existent,non_existent,non_existent,no_visit,non_existent,non_existent,non_existent,non_existent,no_visit,non_existent,non_existent,non_existent,3 cells,no_visit,1 cells + end cap,no_visit,no change,no_visit,non_existent,non_existent,no_visit,non_existent,non_existent,no_visit,non_existent,no_visit,non_existent,no_visit,non_existent,non_existent,non_existent,non_existent,non_existent,non_existent,non_existent,non_existent,non_existent,non_existent,non_existent,non_existent,non_existent,non_existent,non_existent,non_existent,non_existent,non_existent,non_existent,non_existent,
BP,E,13,Low,small,2,c,NA,NA,NA,non_existent,non_existent,non_existent,non_existent,non_existent,non_existent,non_existent,no_visit,non_existent,non_existent,non_existent,non_existent,no_visit,non_existent,non_existent,non_existent,non_existent,no_visit,non_existent,no_visit,non_existent,no_visit,empty,empty,no_visit,empty,empty,no_visit,empty,no_visit,empty,no_visit,empty,empty,non_existent,non_existent,non_existent,non_existent,non_existent,non_existent,non_existent,non_existent,non_existent,non_existent,non_existent,non_existent,non_existent,non_existent,non_existent,non_existent,non_existent,non_existent,
BP,E,13,Low,small,4,a,150.06,75.74,osmia,non_existent,non_existent,empty,empty,empty,empty,empty,no_visit,empty,empty,empty,empty,no_visit,empty,empty,6 cells,2 cells + end cap ,no_visit,non_existent,no_visit,non_existent,no_visit,non_existent,non_existent,no_visit,non_existent,non_existent,no_visit,non_existent,no_visit,non_existent,no_visit,non_existent,non_existent,non_existent,non_existent,non_existent,non_existent,non_existent,non_existent,non_existent,non_existent,non_existent,non_existent,non_existent,non_existent,non_existent,non_existent,non_existent,non_existent,non_existent,non_existent,
BP,E,13,Low,small,4,b,85.621,41.56,osmia,non_existent,non_existent,non_existent,non_existent,non_existent,non_existent,non_existent,no_visit,non_existent,non_existent,non_existent,non_existent,no_visit,non_existent,non_existent,non_existent,non_existent,no_visit,4 cells,no_visit,no change,no_visit,non_existent,non_existent,no_visit,non_existent,non_existent,no_visit,non_existent,no_visit,non_existent,no_visit,non_existent,non_existent,non_existent,non_existent,non_existent,non_existent,non_existent,non_existent,non_existent,non_existent,non_existent,non_existent,non_existent,non_existent,non_existent,non_existent,non_existent,non_existent,non_existent,non_existent,
BP,E,13,Low,small,4,c,NA,NA,NA,non_existent,non_existent,non_existent,non_existent,non_existent,non_existent,non_existent,no_visit,non_existent,non_existent,non_existent,non_existent,no_visit,non_existent,non_existent,non_existent,non_existent,no_visit,non_existent,no_visit,non_existent,no_visit,empty,empty,no_visit,empty,empty,no_visit,empty,no_visit,empty,no_visit,empty,empty,non_existent,non_existent,non_existent,non_existent,non_existent,non_existent,non_existent,non_existent,non_existent,non_existent,non_existent,non_existent,non_existent,non_existent,non_existent,non_existent,non_existent,non_existent,
BP,E,13,Low,small,5,a,150.06,9.55,osmia,non_existent,non_existent,empty,empty,empty,empty,empty,no_visit,empty,empty,empty,empty,no_visit,empty,empty,empty,empty,no_visit,empty,no_visit,empty,no_visit,empty,empty,no_visit,empty,empty,no_visit,1 cell + end cap ,no_visit,no change,no_visit,non_existent,non_existent,non_existent,non_existent,non_existent,non_existent,non_existent,non_existent,non_existent,non_existent,non_existent,non_existent,non_existent,non_existent,non_existent,non_existent,non_existent,non_existent,non_existent,non_existent,
BP,E,13,Low,small,5,b,NA,NA,NA,non_existent,non_existent,non_existent,non_existent,non_existent,non_existent,non_existent,no_visit,non_existent,non_existent,non_existent,non_existent,no_visit,non_existent,non_existent,non_existent,non_existent,no_visit,non_existent,no_visit,non_existent,no_visit,non_existent,non_existent,no_visit,non_existent,non_existent,no_visit,non_existent,no_visit,non_existent,no_visit,empty,empty,non_existent,non_existent,non_existent,non_existent,non_existent,non_existent,non_existent,non_existent,non_existent,non_existent,non_existent,non_existent,non_existent,non_existent,non_existent,non_existent,non_existent,non_existent,
BP,E,13,Low,medium,6,a,141.9,119.72,megachile,non_existent,non_existent,empty,empty,empty,empty,empty,no_visit,empty,empty,empty,empty,no_visit,empty,empty,empty,empty,no_visit,empty,no_visit,empty,no_visit,empty,empty,no_visit,empty,empty,no_visit,empty,no_visit,empty,no_visit,6 cells,no change,non_existent,non_existent,non_existent,non_existent,non_existent,non_existent,non_existent,non_existent,non_existent,non_existent,non_existent,non_existent,non_existent,non_existent,non_existent,non_existent,non_existent,non_existent,
BP,E,13,Low,small,7,a,152.52,133.33,osmia,non_existent,non_existent,empty,empty,empty,empty,empty,no_visit,empty,empty,empty,empty,no_visit,empty,empty,9 cells,7 cells,no_visit,3 cells + end cap,no_visit,non_existent,no_visit,non_existent,non_existent,no_visit,non_existent,non_existent,no_visit,non_existent,no_visit,non_existent,no_visit,non_existent,non_existent,non_existent,non_existent,non_existent,non_existent,non_existent,non_existent,non_existent,non_existent,non_existent,non_existent,non_existent,non_existent,non_existent,non_existent,non_existent,non_existent,non_existent,non_existent,
BP,E,13,Low,small,7,b,153,48.93,osmia,non_existent,non_existent,non_existent,non_existent,non_existent,non_existent,non_existent,no_visit,non_existent,non_existent,non_existent,non_existent,no_visit,non_existent,non_existent,non_existent,non_existent,no_visit,non_existent,no_visit,4 cells + end cap,no_visit,non_existent,non_existent,no_visit,non_existent,non_existent,no_visit,non_existent,no_visit,non_existent,no_visit,non_existent,non_existent,non_existent,non_existent,non_existent,non_existent,non_existent,non_existent,non_existent,non_existent,non_existent,non_existent,non_existent,non_existent,non_existent,non_existent,non_existent,non_existent,non_existent,non_existent,
BP,E,13,Low,small,7,c,NA,NA,NA,non_existent,non_existent,non_existent,non_existent,non_existent,non_existent,non_existent,no_visit,non_existent,non_existent,non_existent,non_existent,no_visit,non_existent,non_existent,non_existent,non_existent,no_visit,non_existent,no_visit,non_existent,no_visit,empty,empty,no_visit,empty,empty,no_visit,empty,no_visit,empty,no_visit,empty,empty,non_existent,non_existent,non_existent,non_existent,non_existent,non_existent,non_existent,non_existent,non_existent,non_existent,non_existent,non_existent,non_existent,non_existent,non_existent,non_existent,non_existent,non_existent,
BP,E,13,Low,small,8,a,147.37,3.094,osmia,non_existent,non_existent,empty,empty,empty,empty,empty,no_visit,empty,empty,empty,empty,no_visit,empty,empty,empty,empty,no_visit,3 cells,no_visit,1 cell + end cap ,no_visit,non_existent,non_existent,no_visit,non_existent,non_existent,no_visit,non_existent,no_visit,non_existent,no_visit,non_existent,non_existent,non_existent,non_existent,non_existent,non_existent,non_existent,non_existent,non_existent,non_existent,non_existent,non_existent,non_existent,non_existent,non_existent,non_existent,non_existent,non_existent,non_existent,non_existent,
BP,E,13,Low,small,8,b,NA,NA,NA,non_existent,non_existent,non_existent,non_existent,non_existent,non_existent,non_existent,no_visit,non_existent,non_existent,non_existent,non_existent,no_visit,non_existent,non_existent,non_existent,non_existent,no_visit,non_existent,no_visit,non_existent,no_visit,empty,empty,no_visit,empty,empty,no_visit,empty,no_visit,empty,no_visit,empty,empty,non_existent,non_existent,non_existent,non_existent,non_existent,non_existent,non_existent,non_existent,non_existent,non_existent,non_existent,non_existent,non_existent,non_existent,non_existent,non_existent,non_existent,non_existent,
BP,E,13,Low,medium,9,a,140.44,46.21,megachile,non_existent,non_existent,empty,empty,empty,empty,empty,no_visit,empty,empty,empty,empty,no_visit,empty,empty,empty,empty,no_visit,empty,no_visit,empty,no_visit,empty,empty,no_visit,empty,empty,no_visit,empty,no_visit,empty,no_visit,empty,4 cells,non_existent,non_existent,non_existent,non_existent,non_existent,non_existent,non_existent,non_existent,non_existent,non_existent,non_existent,non_existent,non_existent,non_existent,non_existent,non_existent,non_existent,non_existent,
BP,E,13,Low,medium,10,a,NA,NA,megachile,non_existent,non_existent,empty,empty,empty,empty,empty,no_visit,empty,empty,empty,empty,no_visit,empty,empty,empty,empty,no_visit,empty,no_visit,empty,no_visit,empty,empty,no_visit,empty,empty,no_visit,empty,no_visit,empty,no_visit,inner wall started,inner wall started,non_existent,non_existent,non_existent,non_existent,non_existent,non_existent,non_existent,non_existent,non_existent,non_existent,non_existent,non_existent,non_existent,non_existent,non_existent,non_existent,non_existent,non_existent,
BP,E,13,Low,small,11,a,140.51,41.44,osmia,non_existent,non_existent,empty,empty,empty,empty,empty,no_visit,empty,empty,empty,empty,no_visit,empty,empty,empty,empty,no_visit,empty,no_visit,3 cells,no_visit,1 cell,no change,no_visit,no change,end cap,no_visit,non_existent,no_visit,non_existent,no_visit,non_existent,non_existent,non_existent,non_existent,non_existent,non_existent,non_existent,non_existent,non_existent,non_existent,non_existent,non_existent,non_existent,non_existent,non_existent,non_existent,non_existent,non_existent,non_existent,non_existent,
BP,E,13,Low,small,11,b,NA,NA,NA,non_existent,non_existent,non_existent,non_existent,non_existent,non_existent,non_existent,no_visit,non_existent,non_existent,non_existent,non_existent,no_visit,non_existent,non_existent,non_existent,non_existent,no_visit,non_existent,no_visit,non_existent,no_visit,non_existent,non_existent,no_visit,non_existent,non_existent,no_visit,empty,no_visit,empty,no_visit,empty,empty,non_existent,non_existent,non_existent,non_existent,non_existent,non_existent,non_existent,non_existent,non_existent,non_existent,non_existent,non_existent,non_existent,non_existent,non_existent,non_existent,non_existent,non_existent,
BP,E,13,Low,small,12,a,137,101,osmia,non_existent,non_existent,empty,empty,empty,empty,empty,no_visit,empty,empty,empty,empty,no_visit,empty,empty,2 cells,4 cells,no_visit,5 cells,no_visit,1 cell + end cap,no_visit,non_existent,non_existent,no_visit,non_existent,non_existent,no_visit,non_existent,no_visit,non_existent,no_visit,non_existent,non_existent,non_existent,non_existent,non_existent,non_existent,non_existent,non_existent,non_existent,non_existent,non_existent,non_existent,non_existent,non_existent,non_existent,non_existent,non_existent,non_existent,non_existent,non_existent,
BP,E,13,Low,small,12,b,NA,NA,NA,non_existent,non_existent,non_existent,non_existent,non_existent,non_existent,non_existent,no_visit,non_existent,non_existent,non_existent,non_existent,no_visit,non_existent,non_existent,non_existent,non_existent,no_visit,non_existent,no_visit,non_existent,no_visit,empty,empty,no_visit,empty,empty,no_visit,empty,no_visit,empty,no_visit,empty,empty,non_existent,non_existent,non_existent,non_existent,non_existent,non_existent,non_existent,non_existent,non_existent,non_existent,non_existent,non_existent,non_existent,non_existent,non_existent,non_existent,non_existent,non_existent,
BP,E,13,Low,medium,13,a,139.2,119.8,megachile,non_existent,non_existent,empty,empty,empty,empty,empty,no_visit,empty,empty,empty,empty,no_visit,empty,empty,empty,empty,no_visit,empty,no_visit,empty,no_visit,empty,empty,no_visit,empty,empty,no_visit,empty,no_visit,empty,no_visit,5 cells ,6 cells,non_existent,non_existent,non_existent,non_existent,non_existent,non_existent,non_existent,non_existent,non_existent,non_existent,non_existent,non_existent,non_existent,non_existent,non_existent,non_existent,non_existent,non_existent,
BP,E,13,Low,small,14,a,140.03,19.88,osmia,non_existent,non_existent,empty,empty,empty,empty,empty,no_visit,empty,empty,empty,empty,no_visit,empty,empty,empty,empty,no_visit,empty,no_visit,inner wall started,no_visit,inner wall started,inner wall started,no_visit,inner wall started,2 cells + end cap ,no_visit,non_existent,no_visit,non_existent,no_visit,non_existent,non_existent,non_existent,non_existent,non_existent,non_existent,non_existent,non_existent,non_existent,non_existent,non_existent,non_existent,non_existent,non_existent,non_existent,non_existent,non_existent,non_existent,non_existent,non_existent,
BP,E,13,Low,small,14,b,NA,NA,NA,non_existent,non_existent,non_existent,non_existent,non_existent,non_existent,non_existent,no_visit,non_existent,non_existent,non_existent,non_existent,no_visit,non_existent,non_existent,non_existent,non_existent,no_visit,non_existent,no_visit,non_existent,no_visit,non_existent,non_existent,no_visit,non_existent,non_existent,no_visit,empty,no_visit,empty,no_visit,empty,empty,non_existent,non_existent,non_existent,non_existent,non_existent,non_existent,non_existent,non_existent,non_existent,non_existent,non_existent,non_existent,non_existent,non_existent,non_existent,non_existent,non_existent,non_existent,
BP,E,13,Low,small,16,a,141.29,15.4,osmia,non_existent,non_existent,empty,empty,empty,empty,empty,no_visit,empty,empty,empty,empty,no_visit,empty,empty,empty,empty,no_visit,empty,no_visit,inner wall started,no_visit,inner wall started,inner wall started,no_visit,inner wall started,2 cells + end cap ,no_visit,non_existent,no_visit,non_existent,no_visit,non_existent,non_existent,non_existent,non_existent,non_existent,non_existent,non_existent,non_existent,non_existent,non_existent,non_existent,non_existent,non_existent,non_existent,non_existent,non_existent,non_existent,non_existent,non_existent,non_existent,
BP,E,13,Low,small,16,b,NA,NA,NA,non_existent,non_existent,non_existent,non_existent,non_existent,non_existent,non_existent,no_visit,non_existent,non_existent,non_existent,non_existent,no_visit,non_existent,non_existent,non_existent,non_existent,no_visit,non_existent,no_visit,non_existent,no_visit,non_existent,non_existent,no_visit,non_existent,non_existent,no_visit,empty,no_visit,empty,no_visit,empty,empty,non_existent,non_existent,non_existent,non_existent,non_existent,non_existent,non_existent,non_existent,non_existent,non_existent,non_existent,non_existent,non_existent,non_existent,non_existent,non_existent,non_existent,non_existent,
BP,E,13,Low,small,18,a,138.41,23.44,osmia,non_existent,non_existent,empty,empty,empty,empty,empty,no_visit,empty,empty,empty,empty,no_visit,empty,empty,empty,empty,no_visit,empty,no_visit,inner wall started,no_visit,inner wall started,inner wall started,no_visit,inner wall started,2 cells,no_visit,1 cell,no_visit,1 cell,no_visit,no change,no change,non_existent,non_existent,non_existent,non_existent,non_existent,non_existent,non_existent,non_existent,non_existent,non_existent,non_existent,non_existent,non_existent,non_existent,non_existent,non_existent,non_existent,non_existent,
BP,E,14,Mid,medium,1,a,NA,NA,NA,non_existent,non_existent,pseudo,pseudo,pseudo,pseudo,pseudo,no_visit,pseudo,pseudo,pseudo,pseudo,no_visit,pseudo,pseudo,pseudo,pseudo,no_visit,pseudo,no_visit,pseudo,no_visit,pseudo,pseudo,no_visit,pseudo,pseudo,no_visit,pseudo,no_visit,pseudo,no_visit,pseudo,pseudo,non_existent,non_existent,non_existent,non_existent,non_existent,non_existent,non_existent,non_existent,non_existent,non_existent,non_existent,non_existent,non_existent,non_existent,non_existent,non_existent,non_existent,non_existent,
BP,E,14,Mid,small,3,a,NA,NA,NA,non_existent,non_existent,pseudo,pseudo,pseudo,pseudo,pseudo,no_visit,pseudo,pseudo,pseudo,pseudo,no_visit,pseudo,pseudo,non_existent,non_existent,no_visit,non_existent,no_visit,non_existent,no_visit,non_existent,non_existent,no_visit,non_existent,non_existent,no_visit,non_existent,no_visit,non_existent,no_visit,non_existent,non_existent,non_existent,non_existent,non_existent,non_existent,non_existent,non_existent,non_existent,non_existent,non_existent,non_existent,non_existent,non_existent,non_existent,non_existent,non_existent,non_existent,non_existent,non_existent,
BP,E,14,Mid,small,3,b,NA,NA,NA,non_existent,non_existent,non_existent,non_existent,non_existent,non_existent,non_existent,no_visit,non_existent,non_existent,non_existent,non_existent,no_visit,non_existent,non_existent,empty,empty,no_visit,empty,no_visit,empty,no_visit,empty,empty,no_visit,empty,empty,no_visit,empty,no_visit,empty,no_visit,empty,empty,non_existent,non_existent,non_existent,non_existent,non_existent,non_existent,non_existent,non_existent,non_existent,non_existent,non_existent,non_existent,non_existent,non_existent,non_existent,non_existent,non_existent,non_existent,
BP,E,14,Mid,large,4,a,NA,NA,NA,non_existent,non_existent,pseudo,pseudo,pseudo,pseudo,pseudo,no_visit,pseudo,pseudo,pseudo,pseudo,no_visit,pseudo,pseudo,pseudo,pseudo,no_visit,pseudo,no_visit,pseudo,no_visit,pseudo,pseudo,no_visit,pseudo,pseudo,no_visit,pseudo,no_visit,pseudo,no_visit,pseudo,pseudo,non_existent,non_existent,non_existent,non_existent,non_existent,non_existent,non_existent,non_existent,non_existent,non_existent,non_existent,non_existent,non_existent,non_existent,non_existent,non_existent,non_existent,non_existent,
BP,E,14,Mid,small,8,a,NA,NA,NA,non_existent,non_existent,pseudo,pseudo,pseudo,pseudo,pseudo,no_visit,pseudo,pseudo,pseudo,pseudo,no_visit,pseudo,pseudo,pseudo,pseudo,no_visit,non_existent,no_visit,non_existent,no_visit,non_existent,non_existent,no_visit,non_existent,non_existent,no_visit,non_existent,no_visit,non_existent,no_visit,non_existent,non_existent,non_existent,non_existent,non_existent,non_existent,non_existent,non_existent,non_existent,non_existent,non_existent,non_existent,non_existent,non_existent,non_existent,non_existent,non_existent,non_existent,non_existent,non_existent,
BP,E,14,Mid,small,8,b,NA,NA,NA,non_existent,non_existent,non_existent,non_existent,non_existent,non_existent,non_existent,no_visit,non_existent,non_existent,non_existent,non_existent,no_visit,non_existent,non_existent,non_existent,non_existent,no_visit,empty,no_visit,empty,no_visit,empty,empty,no_visit,empty,empty,no_visit,empty,no_visit,empty,no_visit,empty,empty,non_existent,non_existent,non_existent,non_existent,non_existent,non_existent,non_existent,non_existent,non_existent,non_existent,non_existent,non_existent,non_existent,non_existent,non_existent,non_existent,non_existent,non_existent,
BP,E,14,Mid,medium,9,a,NA,NA,NA,non_existent,non_existent,pseudo,pseudo,pseudo,pseudo,pseudo,no_visit,pseudo,pseudo,pseudo,pseudo,no_visit,pseudo,pseudo,pseudo,pseudo,no_visit,pseudo,no_visit,pseudo,no_visit,pseudo,pseudo,no_visit,pseudo,pseudo,no_visit,pseudo,no_visit,pseudo,no_visit,pseudo,pseudo,non_existent,non_existent,non_existent,non_existent,non_existent,non_existent,non_existent,non_existent,non_existent,non_existent,non_existent,non_existent,non_existent,non_existent,non_existent,non_existent,non_existent,non_existent,
BP,E,14,Mid,small,10,a,149.7,32.56,osmia,non_existent,non_existent,empty,empty,empty,empty,empty,no_visit,empty,empty,empty,empty,no_visit,empty,empty,empty,3 cells,no_visit,end cap ,no_visit,non_existent,no_visit,non_existent,non_existent,no_visit,non_existent,non_existent,no_visit,non_existent,no_visit,non_existent,no_visit,non_existent,non_existent,non_existent,non_existent,non_existent,non_existent,non_existent,non_existent,non_existent,non_existent,non_existent,non_existent,non_existent,non_existent,non_existent,non_existent,non_existent,non_existent,non_existent,non_existent,
BP,E,14,Mid,small,10,b,141.14,48.98,osmia,non_existent,non_existent,non_existent,non_existent,non_existent,non_existent,non_existent,no_visit,non_existent,non_existent,non_existent,non_existent,no_visit,non_existent,non_existent,non_existent,non_existent,no_visit,non_existent,no_visit,6 cells + end cap,no_visit,no change,no change,no_visit,no change,no change,no_visit,no change,no_visit,no change,no_visit,no change,no change,non_existent,non_existent,non_existent,non_existent,non_existent,non_existent,non_existent,non_existent,non_existent,non_existent,non_existent,non_existent,non_existent,non_existent,non_existent,non_existent,non_existent,non_existent,
BP,E,14,Mid,small,12,a,145.71,76.22,osmia,non_existent,non_existent,empty,empty,empty,empty,empty,no_visit,empty,empty,empty,empty,no_visit,empty,empty,7 cells,1 cell + end cap,no_visit,non_existent,no_visit,non_existent,no_visit,non_existent,non_existent,no_visit,non_existent,non_existent,no_visit,non_existent,no_visit,non_existent,no_visit,non_existent,non_existent,non_existent,non_existent,non_existent,non_existent,non_existent,non_existent,non_existent,non_existent,non_existent,non_existent,non_existent,non_existent,non_existent,non_existent,non_existent,non_existent,non_existent,non_existent,
BP,E,14,Mid,small,12,b,NA,NA,osmia,non_existent,non_existent,non_existent,non_existent,non_existent,non_existent,non_existent,no_visit,non_existent,non_existent,non_existent,non_existent,no_visit,non_existent,non_existent,non_existent,non_existent,no_visit,inner wall,no_visit,no change,no_visit,no change,no change,no_visit,no change,no change,no_visit,no change,no_visit,non_existent,no_visit,non_existent,non_existent,non_existent,non_existent,non_existent,non_existent,non_existent,non_existent,non_existent,non_existent,non_existent,non_existent,non_existent,non_existent,non_existent,non_existent,non_existent,non_existent,non_existent,non_existent,
BP,E,14,Mid,small,12,c,NA,NA,NA,non_existent,non_existent,non_existent,non_existent,non_existent,non_existent,non_existent,no_visit,non_existent,non_existent,non_existent,non_existent,no_visit,non_existent,non_existent,non_existent,non_existent,no_visit,non_existent,no_visit,non_existent,no_visit,non_existent,non_existent,no_visit,non_existent,non_existent,no_visit,non_existent,no_visit,pseudo,no_visit,pseudo,pseudo,non_existent,non_existent,non_existent,non_existent,non_existent,non_existent,non_existent,non_existent,non_existent,non_existent,non_existent,non_existent,non_existent,non_existent,non_existent,non_existent,non_existent,non_existent,
BP,E,14,Mid,small,14,a,NA,NA,NA,non_existent,non_existent,pseudo,pseudo,pseudo,pseudo,pseudo,no_visit,pseudo,pseudo,pseudo,pseudo,no_visit,pseudo,pseudo,pseudo,pseudo,no_visit,non_existent,no_visit,non_existent,no_visit,non_existent,non_existent,no_visit,non_existent,non_existent,no_visit,non_existent,no_visit,non_existent,no_visit,non_existent,non_existent,non_existent,non_existent,non_existent,non_existent,non_existent,non_existent,non_existent,non_existent,non_existent,non_existent,non_existent,non_existent,non_existent,non_existent,non_existent,non_existent,non_existent,non_existent,
BP,E,14,Mid,small,14,b,NA,NA,NA,non_existent,non_existent,non_existent,non_existent,non_existent,non_existent,non_existent,no_visit,non_existent,non_existent,non_existent,non_existent,no_visit,non_existent,non_existent,non_existent,non_existent,no_visit,empty,no_visit,empty,no_visit,empty,empty,no_visit,empty,empty,no_visit,empty,no_visit,empty,no_visit,empty,empty,non_existent,non_existent,non_existent,non_existent,non_existent,non_existent,non_existent,non_existent,non_existent,non_existent,non_existent,non_existent,non_existent,non_existent,non_existent,non_existent,non_existent,non_existent,
BP,E,14,Mid,small,16,a,143.11,67.77,osmia,non_existent,non_existent,empty,empty,empty,empty,empty,no_visit,empty,empty,empty,empty,no_visit,empty,empty,empty,2 cells,no_visit,7 cells + end cap,no_visit,no change,no_visit,no change,no change,no_visit,no change,no change,no_visit,no change,no_visit,no change,no_visit,no change,no change,non_existent,non_existent,non_existent,non_existent,non_existent,non_existent,non_existent,non_existent,non_existent,non_existent,non_existent,non_existent,non_existent,non_existent,non_existent,non_existent,non_existent,non_existent,
BP,E,14,Mid,small,17,a,NA,NA,osmia,non_existent,non_existent,empty,empty,empty,empty,empty,no_visit,empty,empty,empty,empty,no_visit,empty,empty,empty,inner wall,no_visit,no change,no_visit,no change,no_visit,non_existent,non_existent,no_visit,non_existent,non_existent,no_visit,non_existent,no_visit,non_existent,no_visit,non_existent,non_existent,non_existent,non_existent,non_existent,non_existent,non_existent,non_existent,non_existent,non_existent,non_existent,non_existent,non_existent,non_existent,non_existent,non_existent,non_existent,non_existent,non_existent,non_existent,
BP,E,14,Mid,small,17,b,NA,NA,NA,non_existent,non_existent,non_existent,non_existent,non_existent,non_existent,non_existent,no_visit,non_existent,non_existent,non_existent,non_existent,no_visit,non_existent,non_existent,non_existent,non_existent,no_visit,non_existent,no_visit,non_existent,no_visit,empty,empty,no_visit,empty,empty,no_visit,empty,no_visit,empty,no_visit,empty,empty,non_existent,non_existent,non_existent,non_existent,non_existent,non_existent,non_existent,non_existent,non_existent,non_existent,non_existent,non_existent,non_existent,non_existent,non_existent,non_existent,non_existent,non_existent,
BP,E,15,High,small,1,a,NA,NA,NA,non_existent,non_existent,pseudo,pseudo,pseudo,pseudo,pseudo,no_visit,pseudo,pseudo,pseudo,pseudo,no_visit,pseudo,pseudo,pseudo,pseudo,no_visit,pseudo,no_visit,pseudo,no_visit,pseudo,pseudo,no_visit,pseudo,pseudo,no_visit,pseudo,no_visit,pseudo,no_visit,pseudo,pseudo,non_existent,non_existent,non_existent,non_existent,non_existent,non_existent,non_existent,non_existent,non_existent,non_existent,non_existent,non_existent,non_existent,non_existent,non_existent,non_existent,non_existent,non_existent,
BP,E,15,High,medium,3,a,NA,NA,NA,non_existent,non_existent,pseudo,pseudo,pseudo,pseudo,pseudo,no_visit,pseudo,pseudo,pseudo,pseudo,no_visit,pseudo,pseudo,pseudo,pseudo,no_visit,pseudo,no_visit,pseudo,no_visit,pseudo,pseudo,no_visit,pseudo,pseudo,no_visit,pseudo,no_visit,pseudo,no_visit,pseudo,pseudo,non_existent,non_existent,non_existent,non_existent,non_existent,non_existent,non_existent,non_existent,non_existent,non_existent,non_existent,non_existent,non_existent,non_existent,non_existent,non_existent,non_existent,non_existent,
BP,E,15,High,small,4,a,143.02,10.75,osmia,non_existent,non_existent,empty,empty,inner wall,no change,1 cell + end cap,no_visit,no change,no change,no change,no change,no_visit,no change,no change,no change,no change,no_visit,no change,no_visit,no change,no_visit,no change,no change,no_visit,no change,no change,no_visit,no change,no_visit,no change,no_visit,non_existent,non_existent,non_existent,non_existent,non_existent,non_existent,non_existent,non_existent,non_existent,non_existent,non_existent,non_existent,non_existent,non_existent,non_existent,non_existent,non_existent,non_existent,non_existent,non_existent,
BP,E,15,High,small,4,b,NA,NA,NA,non_existent,non_existent,non_existent,non_existent,non_existent,non_existent,non_existent,no_visit,non_existent,non_existent,non_existent,non_existent,no_visit,non_existent,non_existent,non_existent,non_existent,no_visit,non_existent,no_visit,non_existent,no_visit,non_existent,non_existent,no_visit,non_existent,non_existent,no_visit,non_existent,no_visit,non_existent,no_visit,empty,non_existent,non_existent,non_existent,non_existent,non_existent,non_existent,non_existent,non_existent,non_existent,non_existent,non_existent,non_existent,non_existent,non_existent,non_existent,non_existent,non_existent,non_existent,non_existent,empty should have been pseudo
BP,E,15,High,small,4,c,NA,NA,NA,non_existent,non_existent,non_existent,non_existent,non_existent,non_existent,non_existent,no_visit,non_existent,non_existent,non_existent,non_existent,no_visit,non_existent,non_existent,non_existent,non_existent,no_visit,non_existent,no_visit,non_existent,no_visit,non_existent,non_existent,no_visit,non_existent,non_existent,no_visit,non_existent,no_visit,non_existent,no_visit,non_existent,pseudo,non_existent,non_existent,non_existent,non_existent,non_existent,non_existent,non_existent,non_existent,non_existent,non_existent,non_existent,non_existent,non_existent,non_existent,non_existent,non_existent,non_existent,non_existent,
BP,E,15,High,small,6,a,NA,NA,osmia,non_existent,non_existent,empty,empty,empty,empty,inner wall,no_visit,no change,non_existent,non_existent,non_existent,no_visit,non_existent,non_existent,non_existent,non_existent,no_visit,non_existent,no_visit,non_existent,no_visit,non_existent,non_existent,no_visit,non_existent,non_existent,no_visit,non_existent,no_visit,non_existent,no_visit,non_existent,non_existent,non_existent,non_existent,non_existent,non_existent,non_existent,non_existent,non_existent,non_existent,non_existent,non_existent,non_existent,non_existent,non_existent,non_existent,non_existent,non_existent,non_existent,non_existent,
BP,E,15,High,small,6,b,144.32,8.77,osmia,non_existent,non_existent,non_existent,non_existent,non_existent,non_existent,non_existent,no_visit,non_existent,empty,1 cell + end cap,no change,no_visit,no change,no change,no change,no change,no_visit,no change,no_visit,no change,no_visit,no change,no change,no_visit,no change,no change,no_visit,no change,no_visit,no change,no_visit,no change,no change,non_existent,non_existent,non_existent,non_existent,non_existent,non_existent,non_existent,non_existent,non_existent,non_existent,non_existent,non_existent,non_existent,non_existent,non_existent,non_existent,non_existent,non_existent,
BP,E,15,High,medium,7,a,NA,NA,NA,non_existent,non_existent,pseudo,pseudo,pseudo,pseudo,pseudo,no_visit,pseudo,pseudo,pseudo,pseudo,no_visit,pseudo,pseudo,pseudo,pseudo,no_visit,pseudo,no_visit,pseudo,no_visit,pseudo,pseudo,no_visit,pseudo,pseudo,no_visit,pseudo,no_visit,pseudo,no_visit,pseudo,pseudo,non_existent,non_existent,non_existent,non_existent,non_existent,non_existent,non_existent,non_existent,non_existent,non_existent,non_existent,non_existent,non_existent,non_existent,non_existent,non_existent,non_existent,non_existent,
BP,E,15,High,small,8,a,NA,NA,NA,non_existent,non_existent,pseudo,pseudo,pseudo,pseudo,pseudo,no_visit,pseudo,pseudo,pseudo,pseudo,no_visit,pseudo,pseudo,pseudo,pseudo,no_visit,pseudo,no_visit,pseudo,no_visit,pseudo,pseudo,no_visit,pseudo,pseudo,no_visit,pseudo,no_visit,pseudo,no_visit,pseudo,pseudo,non_existent,non_existent,non_existent,non_existent,non_existent,non_existent,non_existent,non_existent,non_existent,non_existent,non_existent,non_existent,non_existent,non_existent,non_existent,non_existent,non_existent,non_existent,
BP,E,15,High,medium,10,a,NA,NA,NA,non_existent,non_existent,pseudo,pseudo,pseudo,pseudo,pseudo,no_visit,pseudo,pseudo,pseudo,pseudo,no_visit,pseudo,pseudo,pseudo,pseudo,no_visit,pseudo,no_visit,pseudo,no_visit,pseudo,pseudo,no_visit,pseudo,pseudo,no_visit,pseudo,no_visit,pseudo,no_visit,pseudo,pseudo,non_existent,non_existent,non_existent,non_existent,non_existent,non_existent,non_existent,non_existent,non_existent,non_existent,non_existent,non_existent,non_existent,non_existent,non_existent,non_existent,non_existent,non_existent,
BP,E,15,High,small,11,a,NA,NA,NA,non_existent,non_existent,pseudo,pseudo,pseudo,pseudo,pseudo,no_visit,pseudo,pseudo,pseudo,non_existent,no_visit,non_existent,non_existent,non_existent,non_existent,no_visit,non_existent,no_visit,non_existent,no_visit,non_existent,non_existent,no_visit,non_existent,non_existent,no_visit,non_existent,no_visit,non_existent,no_visit,non_existent,non_existent,non_existent,non_existent,non_existent,non_existent,non_existent,non_existent,non_existent,non_existent,non_existent,non_existent,non_existent,non_existent,non_existent,non_existent,non_existent,non_existent,non_existent,non_existent,
BP,E,15,High,small,11,b,NA,NA,NA,non_existent,non_existent,non_existent,non_existent,non_existent,non_existent,non_existent,no_visit,non_existent,non_existent,non_existent,empty,no_visit,empty,empty,empty,empty,no_visit,empty,no_visit,empty,no_visit,empty,empty,no_visit,empty,empty,no_visit,empty,no_visit,empty,no_visit,empty,empty,non_existent,non_existent,non_existent,non_existent,non_existent,non_existent,non_existent,non_existent,non_existent,non_existent,non_existent,non_existent,non_existent,non_existent,non_existent,non_existent,non_existent,non_existent,
BP,E,15,High,small,12,a,NA,NA,osmia,non_existent,non_existent,empty,empty,empty,empty,empty,no_visit,empty,empty,inner wall,no change,no_visit,no change,no change,no change,non_existent,no_visit,non_existent,no_visit,non_existent,no_visit,non_existent,non_existent,no_visit,non_existent,non_existent,no_visit,non_existent,no_visit,non_existent,no_visit,non_existent,non_existent,non_existent,non_existent,non_existent,non_existent,non_existent,non_existent,non_existent,non_existent,non_existent,non_existent,non_existent,non_existent,non_existent,non_existent,non_existent,non_existent,non_existent,non_existent,
BP,E,15,High,small,12,b,NA,NA,NA,non_existent,non_existent,non_existent,non_existent,non_existent,non_existent,non_existent,no_visit,non_existent,non_existent,non_existent,non_existent,no_visit,non_existent,non_existent,non_existent,pseudo,no_visit,pseudo,no_visit,pseudo,no_visit,pseudo,pseudo,no_visit,pseudo,pseudo,no_visit,pseudo,no_visit,pseudo,no_visit,pseudo,pseudo,non_existent,non_existent,non_existent,non_existent,non_existent,non_existent,non_existent,non_existent,non_existent,non_existent,non_existent,non_existent,non_existent,non_existent,non_existent,non_existent,non_existent,non_existent,
BP,E,15,High,medium,13,a,NA,NA,NA,non_existent,non_existent,pseudo,pseudo,pseudo,pseudo,pseudo,no_visit,pseudo,pseudo,pseudo,pseudo,no_visit,pseudo,pseudo,pseudo,pseudo,no_visit,pseudo,no_visit,pseudo,no_visit,pseudo,pseudo,no_visit,pseudo,pseudo,no_visit,pseudo,no_visit,pseudo,no_visit,pseudo,pseudo,non_existent,non_existent,non_existent,non_existent,non_existent,non_existent,non_existent,non_existent,non_existent,non_existent,non_existent,non_existent,non_existent,non_existent,non_existent,non_existent,non_existent,non_existent,
BP,E,15,High,small,14,a,NA,NA,NA,non_existent,non_existent,pseudo,pseudo,pseudo,pseudo,pseudo,no_visit,pseudo,pseudo,pseudo,pseudo,no_visit,pseudo,pseudo,pseudo,pseudo,no_visit,pseudo,no_visit,pseudo,no_visit,pseudo,pseudo,no_visit,pseudo,pseudo,no_visit,pseudo,no_visit,pseudo,no_visit,pseudo,pseudo,non_existent,non_existent,non_existent,non_existent,non_existent,non_existent,non_existent,non_existent,non_existent,non_existent,non_existent,non_existent,non_existent,non_existent,non_existent,non_existent,non_existent,non_existent,
BP,E,15,High,large,15,a,NA,NA,NA,non_existent,non_existent,pseudo,pseudo,pseudo,pseudo,pseudo,no_visit,pseudo,pseudo,pseudo,pseudo,no_visit,pseudo,pseudo,pseudo,pseudo,no_visit,pseudo,no_visit,pseudo,no_visit,pseudo,pseudo,no_visit,pseudo,pseudo,no_visit,pseudo,no_visit,pseudo,no_visit,pseudo,pseudo,non_existent,non_existent,non_existent,non_existent,non_existent,non_existent,non_existent,non_existent,non_existent,non_existent,non_existent,non_existent,non_existent,non_existent,non_existent,non_existent,non_existent,non_existent,
BP,E,15,High,small,16,a,NA,NA,NA,non_existent,non_existent,pseudo,pseudo,pseudo,pseudo,pseudo,no_visit,non_existent,non_existent,non_existent,non_existent,no_visit,non_existent,non_existent,non_existent,non_existent,no_visit,non_existent,no_visit,non_existent,no_visit,non_existent,non_existent,no_visit,non_existent,non_existent,no_visit,non_existent,no_visit,non_existent,no_visit,non_existent,non_existent,non_existent,non_existent,non_existent,non_existent,non_existent,non_existent,non_existent,non_existent,non_existent,non_existent,non_existent,non_existent,non_existent,non_existent,non_existent,non_existent,non_existent,non_existent,
BP,E,15,High,small,16,b,NA,NA,NA,non_existent,non_existent,non_existent,non_existent,non_existent,non_existent,non_existent,no_visit,empty,empty,empty,empty,no_visit,empty,empty,empty,empty,no_visit,empty,no_visit,empty,no_visit,empty,empty,no_visit,empty,empty,no_visit,empty,no_visit,empty,no_visit,empty,empty,non_existent,non_existent,non_existent,non_existent,non_existent,non_existent,non_existent,non_existent,non_existent,non_existent,non_existent,non_existent,non_existent,non_existent,non_existent,non_existent,non_existent,non_existent,
BP,E,15,High,medium,17,a,145.5,45.22,megachile,non_existent,non_existent,empty,empty,empty,empty,empty,no_visit,empty,empty,empty,empty,no_visit,empty,empty,empty,empty,no_visit,empty,no_visit,empty,no_visit,empty,empty,no_visit,empty,empty,no_visit,empty,no_visit,empty,no_visit,2 cells,no change,non_existent,non_existent,non_existent,non_existent,non_existent,non_existent,non_existent,non_existent,non_existent,non_existent,non_existent,non_existent,non_existent,non_existent,non_existent,non_existent,non_existent,non_existent,
BP,E,15,High,small,18,a,NA,NA,NA,non_existent,non_existent,pseudo,pseudo,pseudo,pseudo,pseudo,no_visit,pseudo,pseudo,pseudo,non_existent,no_visit,non_existent,non_existent,non_existent,non_existent,no_visit,non_existent,no_visit,non_existent,no_visit,non_existent,non_existent,no_visit,non_existent,non_existent,no_visit,non_existent,no_visit,non_existent,no_visit,non_existent,non_existent,non_existent,non_existent,non_existent,non_existent,non_existent,non_existent,non_existent,non_existent,non_existent,non_existent,non_existent,non_existent,non_existent,non_existent,non_existent,non_existent,non_existent,non_existent,
BP,E,15,High,small,18,b,NA,NA,NA,non_existent,non_existent,non_existent,non_existent,non_existent,non_existent,non_existent,no_visit,non_existent,non_existent,non_existent,empty,no_visit,empty,empty,empty,empty,no_visit,empty,no_visit,empty,no_visit,empty,empty,no_visit,empty,empty,no_visit,empty,no_visit,empty,no_visit,empty,empty,non_existent,non_existent,non_existent,non_existent,non_existent,non_existent,non_existent,non_existent,non_existent,non_existent,non_existent,non_existent,non_existent,non_existent,non_existent,non_existent,non_existent,non_existent,
BP,F,16,Low,small,1,a,140.01,7.13,osmia,non_existent,non_existent,empty,empty,empty,empty,empty,no_visit,empty,empty,empty,empty,no_visit,empty,empty,inner wall,1 cell,no_visit,no change,no_visit,no change,no_visit,non_existent,non_existent,no_visit,non_existent,non_existent,no_visit,non_existent,no_visit,non_existent,no_visit,non_existent,non_existent,non_existent,non_existent,non_existent,non_existent,non_existent,non_existent,non_existent,non_existent,non_existent,non_existent,non_existent,non_existent,non_existent,non_existent,non_existent,non_existent,non_existent,non_existent,
BP,F,16,Low,small,1,b,NA,NA,NA,non_existent,non_existent,non_existent,non_existent,non_existent,non_existent,non_existent,no_visit,non_existent,non_existent,non_existent,non_existent,no_visit,non_existent,non_existent,non_existent,non_existent,no_visit,non_existent,no_visit,non_existent,no_visit,empty,empty,no_visit,empty,empty,no_visit,empty,no_visit,empty,no_visit,empty,empty,non_existent,non_existent,non_existent,non_existent,non_existent,non_existent,non_existent,non_existent,non_existent,non_existent,non_existent,non_existent,non_existent,non_existent,non_existent,non_existent,non_existent,non_existent,
BP,F,16,Low,small,3,a,NA,NA,osmia,non_existent,non_existent,inner wall,no change,non_existent,non_existent,non_existent,no_visit,non_existent,non_existent,non_existent,non_existent,no_visit,non_existent,non_existent,non_existent,non_existent,no_visit,non_existent,no_visit,non_existent,no_visit,non_existent,non_existent,no_visit,non_existent,non_existent,no_visit,non_existent,no_visit,non_existent,no_visit,non_existent,non_existent,non_existent,non_existent,non_existent,non_existent,non_existent,non_existent,non_existent,non_existent,non_existent,non_existent,non_existent,non_existent,non_existent,non_existent,non_existent,non_existent,non_existent,non_existent,
BP,F,16,Low,small,3,b,143.64,65.59,osmia,non_existent,non_existent,non_existent,non_existent,empty,empty,empty,no_visit,empty,empty,empty,empty,no_visit,empty,empty,3 cells + end cap,no change,no_visit,non_existent,no_visit,non_existent,no_visit,non_existent,non_existent,no_visit,non_existent,non_existent,no_visit,non_existent,no_visit,non_existent,no_visit,non_existent,non_existent,non_existent,non_existent,non_existent,non_existent,non_existent,non_existent,non_existent,non_existent,non_existent,non_existent,non_existent,non_existent,non_existent,non_existent,non_existent,non_existent,non_existent,non_existent,
BP,F,16,Low,small,3,c,NA,NA,NA,non_existent,non_existent,non_existent,non_existent,non_existent,non_existent,non_existent,no_visit,non_existent,non_existent,non_existent,non_existent,no_visit,non_existent,non_existent,non_existent,non_existent,no_visit,empty,no_visit,empty,no_visit,empty,empty,no_visit,empty,empty,no_visit,empty,no_visit,empty,no_visit,empty,empty,non_existent,non_existent,non_existent,non_existent,non_existent,non_existent,non_existent,non_existent,non_existent,non_existent,non_existent,non_existent,non_existent,non_existent,non_existent,non_existent,non_existent,non_existent,
BP,F,16,Low,small,5,a,140.489,86.8,osmia,non_existent,non_existent,empty,1 cell,5 cells,no change,1 cell,no_visit,1 cell,no change,2 cells + end cap ,non_existent,no_visit,non_existent,non_existent,non_existent,non_existent,no_visit,non_existent,no_visit,non_existent,no_visit,non_existent,non_existent,no_visit,non_existent,non_existent,no_visit,non_existent,no_visit,non_existent,no_visit,non_existent,non_existent,non_existent,non_existent,non_existent,non_existent,non_existent,non_existent,non_existent,non_existent,non_existent,non_existent,non_existent,non_existent,non_existent,non_existent,non_existent,non_existent,non_existent,non_existent,
BP,F,16,Low,small,5,b,133,77,osmia,non_existent,non_existent,non_existent,non_existent,non_existent,non_existent,non_existent,no_visit,non_existent,non_existent,non_existent,2 cells,no_visit,4 cells,no change,2 cells + end cap,non_existent,no_visit,non_existent,no_visit,non_existent,no_visit,non_existent,non_existent,no_visit,non_existent,non_existent,no_visit,non_existent,no_visit,non_existent,no_visit,non_existent,non_existent,non_existent,non_existent,non_existent,non_existent,non_existent,non_existent,non_existent,non_existent,non_existent,non_existent,non_existent,non_existent,non_existent,non_existent,non_existent,non_existent,non_existent,non_existent,
BP,F,16,Low,small,5,c,142.88,19.57,osmia,non_existent,non_existent,non_existent,non_existent,non_existent,non_existent,non_existent,no_visit,non_existent,non_existent,non_existent,non_existent,no_visit,non_existent,non_existent,non_existent,empty,no_visit,3 cells + end cap,no_visit,non_existent,no_visit,non_existent,non_existent,no_visit,non_existent,non_existent,no_visit,non_existent,no_visit,non_existent,no_visit,non_existent,non_existent,non_existent,non_existent,non_existent,non_existent,non_existent,non_existent,non_existent,non_existent,non_existent,non_existent,non_existent,non_existent,non_existent,non_existent,non_existent,non_existent,non_existent,non_existent,
BP,F,16,Low,small,5,d,NA,NA,NA,non_existent,non_existent,non_existent,non_existent,non_existent,non_existent,non_existent,no_visit,non_existent,non_existent,non_existent,non_existent,no_visit,non_existent,non_existent,non_existent,non_existent,no_visit,non_existent,no_visit,empty,no_visit,empty,empty,no_visit,empty,empty,no_visit,empty,no_visit,empty,no_visit,empty,empty,non_existent,non_existent,non_existent,non_existent,non_existent,non_existent,non_existent,non_existent,non_existent,non_existent,non_existent,non_existent,non_existent,non_existent,non_existent,non_existent,non_existent,non_existent,
BP,F,16,Low,small,6,a,142.06,41.41,osmia,non_existent,non_existent,empty,empty,empty,empty,empty,no_visit,empty,empty,empty,empty,no_visit,empty,empty,5 cells + end cap,non_existent,no_visit,non_existent,no_visit,non_existent,no_visit,non_existent,non_existent,no_visit,non_existent,non_existent,no_visit,non_existent,no_visit,non_existent,no_visit,non_existent,non_existent,non_existent,non_existent,non_existent,non_existent,non_existent,non_existent,non_existent,non_existent,non_existent,non_existent,non_existent,non_existent,non_existent,non_existent,non_existent,non_existent,non_existent,non_existent,
BP,F,16,Low,small,6,b,150.21,58.2,osmia,non_existent,non_existent,non_existent,non_existent,non_existent,non_existent,non_existent,no_visit,non_existent,non_existent,non_existent,non_existent,no_visit,non_existent,non_existent,non_existent,1 cell + end cap,no_visit,non_existent,no_visit,non_existent,no_visit,non_existent,non_existent,no_visit,non_existent,non_existent,no_visit,non_existent,no_visit,non_existent,no_visit,non_existent,non_existent,non_existent,non_existent,non_existent,non_existent,non_existent,non_existent,non_existent,non_existent,non_existent,non_existent,non_existent,non_existent,non_existent,non_existent,non_existent,non_existent,non_existent,non_existent,
BP,F,16,Low,small,6,c,NA,NA,wasp,non_existent,non_existent,non_existent,non_existent,non_existent,non_existent,non_existent,no_visit,non_existent,non_existent,non_existent,non_existent,no_visit,non_existent,non_existent,non_existent,non_existent,no_visit,empty,no_visit,empty,no_visit,empty,empty,no_visit,empty,empty,no_visit,empty,no_visit,empty,no_visit,empty,non-target cells,non_existent,non_existent,non_existent,non_existent,non_existent,non_existent,non_existent,non_existent,non_existent,non_existent,non_existent,non_existent,non_existent,non_existent,non_existent,non_existent,non_existent,non_existent,
BP,F,16,Low,small,8,a,123.63,26.95,osmia,non_existent,non_existent,empty,empty,1 cell,no change,1 cell,no_visit,no change,no change,no change,no change,no_visit,no change,non_existent,non_existent,non_existent,no_visit,non_existent,no_visit,non_existent,no_visit,non_existent,non_existent,no_visit,non_existent,non_existent,no_visit,non_existent,no_visit,non_existent,no_visit,non_existent,non_existent,non_existent,non_existent,non_existent,non_existent,non_existent,non_existent,non_existent,non_existent,non_existent,non_existent,non_existent,non_existent,non_existent,non_existent,non_existent,non_existent,non_existent,non_existent,
BP,F,16,Low,small,8,b,149.35,33.96,osmia,non_existent,non_existent,non_existent,non_existent,non_existent,non_existent,non_existent,no_visit,non_existent,non_existent,non_existent,non_existent,no_visit,non_existent,empty,empty,2 cells,no_visit,1 cell + end cap,no_visit,non_existent,no_visit,non_existent,non_existent,no_visit,non_existent,non_existent,no_visit,non_existent,no_visit,non_existent,no_visit,non_existent,non_existent,non_existent,non_existent,non_existent,non_existent,non_existent,non_existent,non_existent,non_existent,non_existent,non_existent,non_existent,non_existent,non_existent,non_existent,non_existent,non_existent,non_existent,non_existent,
BP,F,16,Low,small,8,c,NA,NA,NA,non_existent,non_existent,non_existent,non_existent,non_existent,non_existent,non_existent,no_visit,non_existent,non_existent,non_existent,non_existent,no_visit,non_existent,non_existent,non_existent,non_existent,no_visit,non_existent,no_visit,empty,no_visit,empty,empty,no_visit,empty,empty,no_visit,empty,no_visit,empty,no_visit,empty,empty,non_existent,non_existent,non_existent,non_existent,non_existent,non_existent,non_existent,non_existent,non_existent,non_existent,non_existent,non_existent,non_existent,non_existent,non_existent,non_existent,non_existent,non_existent,
BP,F,16,Low,small,11,a,149.85,44.25,osmia,non_existent,non_existent,empty,empty,empty,empty,empty,no_visit,empty,empty,empty,empty,no_visit,inner wall,no change,no change,no change,no_visit,6 cells + end cap,no_visit,no change,no_visit,non_existent,non_existent,no_visit,non_existent,non_existent,no_visit,non_existent,no_visit,non_existent,no_visit,non_existent,non_existent,non_existent,non_existent,non_existent,non_existent,non_existent,non_existent,non_existent,non_existent,non_existent,non_existent,non_existent,non_existent,non_existent,non_existent,non_existent,non_existent,non_existent,non_existent,
BP,F,16,Low,small,11,b,NA,NA,NA,non_existent,non_existent,non_existent,non_existent,non_existent,non_existent,non_existent,no_visit,non_existent,non_existent,non_existent,non_existent,no_visit,non_existent,non_existent,non_existent,non_existent,no_visit,non_existent,no_visit,non_existent,no_visit,empty,empty,no_visit,empty,empty,no_visit,empty,no_visit,empty,no_visit,empty,empty,non_existent,non_existent,non_existent,non_existent,non_existent,non_existent,non_existent,non_existent,non_existent,non_existent,non_existent,non_existent,non_existent,non_existent,non_existent,non_existent,non_existent,non_existent,
BP,F,16,Low,small,14,a,142.13,11.4,osmia,non_existent,non_existent,empty,empty,empty,empty,empty,no_visit,empty,empty,empty,empty,no_visit,empty,empty,2 cells ,5 cells + end cap ,no_visit,non_existent,no_visit,non_existent,no_visit,non_existent,non_existent,no_visit,non_existent,non_existent,no_visit,non_existent,no_visit,non_existent,no_visit,non_existent,non_existent,non_existent,non_existent,non_existent,non_existent,non_existent,non_existent,non_existent,non_existent,non_existent,non_existent,non_existent,non_existent,non_existent,non_existent,non_existent,non_existent,non_existent,non_existent,
BP,F,16,Low,small,14,b,NA,NA,NA,non_existent,non_existent,non_existent,non_existent,non_existent,non_existent,non_existent,no_visit,non_existent,non_existent,non_existent,non_existent,no_visit,non_existent,non_existent,non_existent,non_existent,no_visit,empty,no_visit,empty,no_visit,empty,empty,no_visit,empty,empty,no_visit,empty,no_visit,empty,no_visit,empty,empty,non_existent,non_existent,non_existent,non_existent,non_existent,non_existent,non_existent,non_existent,non_existent,non_existent,non_existent,non_existent,non_existent,non_existent,non_existent,non_existent,non_existent,non_existent,
BP,F,17,Mid,medium,1,a,NA,NA,NA,non_existent,non_existent,pseudo,pseudo,pseudo,pseudo,pseudo,no_visit,pseudo,pseudo,pseudo,pseudo,no_visit,pseudo,pseudo,pseudo,non_existent,no_visit,non_existent,no_visit,non_existent,no_visit,non_existent,non_existent,no_visit,non_existent,non_existent,no_visit,non_existent,no_visit,non_existent,no_visit,non_existent,non_existent,non_existent,non_existent,non_existent,non_existent,non_existent,non_existent,non_existent,non_existent,non_existent,non_existent,non_existent,non_existent,non_existent,non_existent,non_existent,non_existent,non_existent,non_existent,
BP,F,17,Mid,medium,1,b,143.69,101.33,megachile,non_existent,non_existent,non_existent,non_existent,non_existent,non_existent,non_existent,no_visit,non_existent,non_existent,non_existent,non_existent,no_visit,non_existent,non_existent,non_existent,empty,no_visit,empty,no_visit,empty,no_visit,empty,empty,no_visit,empty,2 cells,no_visit,2 cells,no_visit,1 cell,no_visit,1 cell ,no change,non_existent,non_existent,non_existent,non_existent,non_existent,non_existent,non_existent,non_existent,non_existent,non_existent,non_existent,non_existent,non_existent,non_existent,non_existent,non_existent,non_existent,non_existent,
BP,F,17,Mid,small,2,a,NA,NA,osmia,non_existent,non_existent,empty,empty,empty,empty,empty,no_visit,empty,empty,empty,empty,no_visit,empty,empty,empty,empty,no_visit,empty,no_visit,inner wall started,no_visit,inner wall started,inner wall started,no_visit,inner wall started,inner wall started,no_visit,inner wall started,no_visit,non_existent,no_visit,non_existent,non_existent,non_existent,non_existent,non_existent,non_existent,non_existent,non_existent,non_existent,non_existent,non_existent,non_existent,non_existent,non_existent,non_existent,non_existent,non_existent,non_existent,non_existent,non_existent,
BP,F,17,Mid,small,2,b,NA,NA,NA,non_existent,non_existent,non_existent,non_existent,non_existent,non_existent,non_existent,no_visit,non_existent,non_existent,non_existent,non_existent,no_visit,non_existent,non_existent,non_existent,non_existent,no_visit,non_existent,no_visit,non_existent,no_visit,non_existent,non_existent,no_visit,non_existent,non_existent,no_visit,non_existent,no_visit,empty,no_visit,empty,empty,non_existent,non_existent,non_existent,non_existent,non_existent,non_existent,non_existent,non_existent,non_existent,non_existent,non_existent,non_existent,non_existent,non_existent,non_existent,non_existent,non_existent,non_existent,
BP,F,17,Mid,medium,3,a,139.37,25.45,megachile,non_existent,non_existent,empty,empty,empty,empty,empty,no_visit,empty,empty,empty,empty,no_visit,empty,empty,empty,empty,no_visit,empty,no_visit,empty,no_visit,empty,empty,no_visit,empty,empty,no_visit,empty,no_visit,empty,no_visit,1 cell,1 cell ,non_existent,non_existent,non_existent,non_existent,non_existent,non_existent,non_existent,non_existent,non_existent,non_existent,non_existent,non_existent,non_existent,non_existent,non_existent,non_existent,non_existent,non_existent,
BP,F,17,Mid,small,5,a,NA,NA,osmia,non_existent,non_existent,empty,empty,empty,empty,empty,no_visit,empty,empty,empty,empty,no_visit,empty,empty,empty,empty,no_visit,empty,no_visit,inner wall started,no_visit,inner wall started,inner wall started,no_visit,inner wall started,inner wall started,no_visit,inner wall started,no_visit,inner wall started,no_visit,inner wall started,non_existent,non_existent,non_existent,non_existent,non_existent,non_existent,non_existent,non_existent,non_existent,non_existent,non_existent,non_existent,non_existent,non_existent,non_existent,non_existent,non_existent,non_existent,non_existent,
BP,F,17,Mid,small,5,b,NA,NA,NA,non_existent,non_existent,non_existent,non_existent,non_existent,non_existent,non_existent,no_visit,non_existent,non_existent,non_existent,non_existent,no_visit,non_existent,non_existent,non_existent,non_existent,no_visit,non_existent,no_visit,non_existent,no_visit,non_existent,non_existent,no_visit,non_existent,non_existent,no_visit,non_existent,no_visit,non_existent,no_visit,non_existent,empty,non_existent,non_existent,non_existent,non_existent,non_existent,non_existent,non_existent,non_existent,non_existent,non_existent,non_existent,non_existent,non_existent,non_existent,non_existent,non_existent,non_existent,non_existent,
BP,F,17,Mid,small,7,a,145.32,2.9,osmia,non_existent,non_existent,empty,empty,empty,empty,empty,no_visit,empty,empty,empty,empty,no_visit,empty,empty,empty,empty,no_visit,inner wall,no_visit,no change,no_visit,no change,no change,no_visit,no change,end cap,no_visit,no change,no_visit,no change,no_visit,no change,non_existent,non_existent,non_existent,non_existent,non_existent,non_existent,non_existent,non_existent,non_existent,non_existent,non_existent,non_existent,non_existent,non_existent,non_existent,non_existent,non_existent,non_existent,non_existent,
BP,F,17,Mid,small,7,b,NA,NA,NA,non_existent,non_existent,non_existent,non_existent,non_existent,non_existent,non_existent,no_visit,non_existent,non_existent,non_existent,non_existent,no_visit,non_existent,non_existent,non_existent,non_existent,no_visit,non_existent,no_visit,non_existent,no_visit,non_existent,non_existent,no_visit,non_existent,non_existent,no_visit,non_existent,no_visit,non_existent,no_visit,non_existent,empty,non_existent,non_existent,non_existent,non_existent,non_existent,non_existent,non_existent,non_existent,non_existent,non_existent,non_existent,non_existent,non_existent,non_existent,non_existent,non_existent,non_existent,non_existent,
BP,F,17,Mid,small,9,a,149.03,78.68,osmia,non_existent,non_existent,empty,empty,empty,empty,empty,no_visit,empty,empty,empty,empty,no_visit,empty,empty,empty,empty,no_visit,inner wall,no_visit,10 cells,no_visit,1 cell,no change,no_visit,no change,1 cell + end cap ,no_visit,no change,no_visit,no change,no_visit,no change,no change,non_existent,non_existent,non_existent,non_existent,non_existent,non_existent,non_existent,non_existent,non_existent,non_existent,non_existent,non_existent,non_existent,non_existent,non_existent,non_existent,non_existent,non_existent,
BP,F,17,Mid,small,10,a,NA,NA,NA,non_existent,non_existent,pseudo,pseudo,pseudo,pseudo,pseudo,no_visit,pseudo,pseudo,pseudo,pseudo,no_visit,pseudo,pseudo,pseudo,pseudo,no_visit,pseudo,no_visit,non_existent,no_visit,non_existent,non_existent,no_visit,non_existent,non_existent,no_visit,non_existent,no_visit,non_existent,no_visit,non_existent,non_existent,non_existent,non_existent,non_existent,non_existent,non_existent,non_existent,non_existent,non_existent,non_existent,non_existent,non_existent,non_existent,non_existent,non_existent,non_existent,non_existent,non_existent,non_existent,
BP,F,17,Mid,small,10,b,132.75,9.1,megachile,non_existent,non_existent,non_existent,non_existent,non_existent,non_existent,non_existent,no_visit,non_existent,non_existent,non_existent,non_existent,no_visit,non_existent,non_existent,non_existent,non_existent,no_visit,non_existent,no_visit,empty,no_visit,empty,empty,no_visit,empty,empty,no_visit,empty,no_visit,empty,no_visit,1 cell ,no change,non_existent,non_existent,non_existent,non_existent,non_existent,non_existent,non_existent,non_existent,non_existent,non_existent,non_existent,non_existent,non_existent,non_existent,non_existent,non_existent,non_existent,non_existent,
BP,F,17,Mid,medium,11,a,NA,NA,NA,non_existent,non_existent,pseudo,pseudo,pseudo,pseudo,pseudo,no_visit,pseudo,pseudo,pseudo,pseudo,no_visit,pseudo,pseudo,pseudo,non_existent,no_visit,non_existent,no_visit,non_existent,no_visit,non_existent,non_existent,no_visit,non_existent,non_existent,no_visit,non_existent,no_visit,non_existent,no_visit,non_existent,non_existent,non_existent,non_existent,non_existent,non_existent,non_existent,non_existent,non_existent,non_existent,non_existent,non_existent,non_existent,non_existent,non_existent,non_existent,non_existent,non_existent,non_existent,non_existent,
BP,F,17,Mid,medium,11,b,146.29,101.72,megachile,non_existent,non_existent,non_existent,non_existent,non_existent,non_existent,non_existent,no_visit,non_existent,non_existent,non_existent,non_existent,no_visit,non_existent,non_existent,non_existent,empty,no_visit,empty,no_visit,empty,no_visit,empty,empty,no_visit,empty,empty,no_visit,empty,no_visit,2 cells,no_visit,4 cells,no change,non_existent,non_existent,non_existent,non_existent,non_existent,non_existent,non_existent,non_existent,non_existent,non_existent,non_existent,non_existent,non_existent,non_existent,non_existent,non_existent,non_existent,non_existent,
BP,F,17,Mid,large,12,a,NA,NA,NA,non_existent,non_existent,pseudo,pseudo,pseudo,pseudo,pseudo,no_visit,pseudo,pseudo,pseudo,pseudo,no_visit,pseudo,pseudo,pseudo,pseudo,no_visit,pseudo,no_visit,pseudo,no_visit,pseudo,pseudo,no_visit,pseudo,pseudo,no_visit,pseudo,no_visit,pseudo,no_visit,pseudo,pseudo,non_existent,non_existent,non_existent,non_existent,non_existent,non_existent,non_existent,non_existent,non_existent,non_existent,non_existent,non_existent,non_existent,non_existent,non_existent,non_existent,non_existent,non_existent,
BP,F,17,Mid,small,13,a,NA,NA,NA,non_existent,non_existent,pseudo,pseudo,pseudo,pseudo,pseudo,no_visit,pseudo,pseudo,pseudo,pseudo,no_visit,pseudo,pseudo,pseudo,pseudo,no_visit,pseudo,no_visit,non_existent,no_visit,non_existent,non_existent,no_visit,non_existent,non_existent,no_visit,non_existent,no_visit,non_existent,no_visit,non_existent,non_existent,non_existent,non_existent,non_existent,non_existent,non_existent,non_existent,non_existent,non_existent,non_existent,non_existent,non_existent,non_existent,non_existent,non_existent,non_existent,non_existent,non_existent,non_existent,
BP,F,17,Mid,small,13,b,134.99,40.29,osmia,non_existent,non_existent,non_existent,non_existent,non_existent,non_existent,non_existent,no_visit,non_existent,non_existent,non_existent,non_existent,no_visit,non_existent,non_existent,non_existent,non_existent,no_visit,non_existent,no_visit,empty,no_visit,empty,empty,no_visit,empty,empty,no_visit,empty,no_visit,empty,no_visit,5 cells + end cap,no change,non_existent,non_existent,non_existent,non_existent,non_existent,non_existent,non_existent,non_existent,non_existent,non_existent,non_existent,non_existent,non_existent,non_existent,non_existent,non_existent,non_existent,non_existent,
BP,F,17,Mid,small,14,a,NA,NA,NA,non_existent,non_existent,pseudo,pseudo,pseudo,pseudo,pseudo,no_visit,pseudo,pseudo,pseudo,pseudo,no_visit,pseudo,pseudo,pseudo,non_existent,no_visit,non_existent,no_visit,non_existent,no_visit,non_existent,non_existent,no_visit,non_existent,non_existent,no_visit,non_existent,no_visit,non_existent,no_visit,non_existent,non_existent,non_existent,non_existent,non_existent,non_existent,non_existent,non_existent,non_existent,non_existent,non_existent,non_existent,non_existent,non_existent,non_existent,non_existent,non_existent,non_existent,non_existent,non_existent,
BP,F,17,Mid,small,14,b,NA,NA,osmia,non_existent,non_existent,non_existent,non_existent,non_existent,non_existent,non_existent,no_visit,non_existent,non_existent,non_existent,non_existent,no_visit,non_existent,non_existent,non_existent,empty,no_visit,inner wall,no_visit,no change,no_visit,no change,no change,no_visit,no change,no change,no_visit,no change,no_visit,non_existent,no_visit,non_existent,non_existent,non_existent,non_existent,non_existent,non_existent,non_existent,non_existent,non_existent,non_existent,non_existent,non_existent,non_existent,non_existent,non_existent,non_existent,non_existent,non_existent,non_existent,non_existent,
BP,F,17,Mid,small,14,c,NA,NA,NA,non_existent,non_existent,non_existent,non_existent,non_existent,non_existent,non_existent,no_visit,non_existent,non_existent,non_existent,non_existent,no_visit,non_existent,non_existent,non_existent,non_existent,no_visit,non_existent,no_visit,non_existent,no_visit,non_existent,non_existent,no_visit,non_existent,non_existent,no_visit,non_existent,no_visit,empty,no_visit,empty,empty,non_existent,non_existent,non_existent,non_existent,non_existent,non_existent,non_existent,non_existent,non_existent,non_existent,non_existent,non_existent,non_existent,non_existent,non_existent,non_existent,non_existent,non_existent,
BP,F,17,Mid,medium,15,a,146.51,74.49,osmia,non_existent,non_existent,empty,empty,empty,empty,empty,no_visit,empty,empty,empty,empty,no_visit,8 cells,no change,no change,5 cells + end cap,no_visit,no change,no_visit,no change,no_visit,no change,no change,no_visit,no change,no change,no_visit,no change,no_visit,no change,no_visit,no change,no change,non_existent,non_existent,non_existent,non_existent,non_existent,non_existent,non_existent,non_existent,non_existent,non_existent,non_existent,non_existent,non_existent,non_existent,non_existent,non_existent,non_existent,non_existent,
BP,F,17,Mid,small,16,a,144.92,22.77,osmia,non_existent,non_existent,empty,empty,empty,empty,empty,no_visit,empty,empty,empty,empty,no_visit,empty,empty,empty,empty,no_visit,empty,no_visit,3 cells,no_visit,no change,no change,no_visit,no change,end cap,no_visit,no change,no_visit,no change,no_visit,no change,no change,non_existent,non_existent,non_existent,non_existent,non_existent,non_existent,non_existent,non_existent,non_existent,non_existent,non_existent,non_existent,non_existent,non_existent,non_existent,non_existent,non_existent,non_existent,
BP,F,17,Mid,small,17,a,153.18,55.95,osmia,non_existent,non_existent,empty,empty,empty,empty,empty,no_visit,empty,empty,empty,empty,no_visit,empty,empty,4 cells,no change,no_visit,1 cell + end cap ,no_visit,non_existent,no_visit,non_existent,non_existent,no_visit,non_existent,non_existent,no_visit,non_existent,no_visit,non_existent,no_visit,non_existent,non_existent,non_existent,non_existent,non_existent,non_existent,non_existent,non_existent,non_existent,non_existent,non_existent,non_existent,non_existent,non_existent,non_existent,non_existent,non_existent,non_existent,non_existent,non_existent,
BP,F,17,Mid,small,17,b,139.02,24.4,osmia,non_existent,non_existent,non_existent,non_existent,non_existent,non_existent,non_existent,no_visit,non_existent,non_existent,non_existent,non_existent,no_visit,non_existent,non_existent,non_existent,non_existent,no_visit,non_existent,no_visit,3 cells + end cap,no_visit,non_existent,non_existent,no_visit,non_existent,non_existent,no_visit,non_existent,no_visit,non_existent,no_visit,non_existent,non_existent,non_existent,non_existent,non_existent,non_existent,non_existent,non_existent,non_existent,non_existent,non_existent,non_existent,non_existent,non_existent,non_existent,non_existent,non_existent,non_existent,non_existent,non_existent,
BP,F,17,Mid,small,17,c,NA,NA,NA,non_existent,non_existent,non_existent,non_existent,non_existent,non_existent,non_existent,no_visit,non_existent,non_existent,non_existent,non_existent,no_visit,non_existent,non_existent,non_existent,non_existent,no_visit,non_existent,no_visit,non_existent,no_visit,empty,empty,no_visit,empty,empty,no_visit,empty,no_visit,empty,no_visit,empty,empty,non_existent,non_existent,non_existent,non_existent,non_existent,non_existent,non_existent,non_existent,non_existent,non_existent,non_existent,non_existent,non_existent,non_existent,non_existent,non_existent,non_existent,non_existent,
BP,F,17,Mid,medium,18,a,139.95,21.07,osmia,non_existent,non_existent,empty,empty,empty,empty,empty,no_visit,empty,empty,empty,empty,no_visit,empty,empty,inner wall,no change,no_visit,4 cells + end cap ,no_visit,no change,no_visit,no change,no change,no_visit,no change,no change,no_visit,no change,no_visit,no change,no_visit,no change,non_existent,non_existent,non_existent,non_existent,non_existent,non_existent,non_existent,non_existent,non_existent,non_existent,non_existent,non_existent,non_existent,non_existent,non_existent,non_existent,non_existent,non_existent,non_existent,making room for 2 medium empty
BP,F,17,Mid,medium,18,b,NA,NA,NA,non_existent,non_existent,non_existent,non_existent,non_existent,non_existent,non_existent,no_visit,non_existent,non_existent,non_existent,non_existent,no_visit,non_existent,non_existent,non_existent,non_existent,no_visit,non_existent,no_visit,non_existent,no_visit,non_existent,non_existent,no_visit,non_existent,non_existent,no_visit,non_existent,no_visit,non_existent,no_visit,non_existent,empty,non_existent,non_existent,non_existent,non_existent,non_existent,non_existent,non_existent,non_existent,non_existent,non_existent,non_existent,non_existent,non_existent,non_existent,non_existent,non_existent,non_existent,non_existent,
BP,F,18,High,small,1,a,142.7,27.2,osmia,non_existent,non_existent,empty,empty,empty,empty,empty,no_visit,empty,empty,empty,empty,no_visit,empty,empty,3 cells + end cap,no change,no_visit,no change,no_visit,no change,no_visit,no change,no change,no_visit,no change,no change,no_visit,no change,no_visit,no change,no_visit,no change,no change,non_existent,non_existent,non_existent,non_existent,non_existent,non_existent,non_existent,non_existent,non_existent,non_existent,non_existent,non_existent,non_existent,non_existent,non_existent,non_existent,non_existent,non_existent,
BP,F,18,High,small,2,a,NA,NA,NA,non_existent,non_existent,pseudo,pseudo,pseudo,pseudo,pseudo,no_visit,pseudo,pseudo,pseudo,pseudo,no_visit,pseudo,pseudo,pseudo,pseudo,no_visit,pseudo,no_visit,pseudo,no_visit,pseudo,pseudo,no_visit,pseudo,pseudo,no_visit,pseudo,no_visit,pseudo,no_visit,pseudo,non_existent,non_existent,non_existent,non_existent,non_existent,non_existent,non_existent,non_existent,non_existent,non_existent,non_existent,non_existent,non_existent,non_existent,non_existent,non_existent,non_existent,non_existent,non_existent,
BP,F,18,High,small,2,b,NA,NA,wasp,non_existent,non_existent,non_existent,non_existent,non_existent,non_existent,non_existent,no_visit,non_existent,non_existent,non_existent,non_existent,no_visit,non_existent,non_existent,non_existent,non_existent,no_visit,non_existent,no_visit,non_existent,no_visit,non_existent,non_existent,no_visit,non_existent,non_existent,no_visit,non_existent,no_visit,non_existent,no_visit,non_existent,non-target cells ,non_existent,non_existent,non_existent,non_existent,non_existent,non_existent,non_existent,non_existent,non_existent,non_existent,non_existent,non_existent,non_existent,non_existent,non_existent,non_existent,non_existent,non_existent,
BP,F,18,High,medium,3,a,NA,NA,NA,non_existent,non_existent,pseudo,pseudo,pseudo,pseudo,pseudo,no_visit,pseudo,pseudo,pseudo,pseudo,no_visit,pseudo,pseudo,pseudo,pseudo,no_visit,pseudo,no_visit,pseudo,no_visit,pseudo,pseudo,no_visit,pseudo,pseudo,no_visit,pseudo,no_visit,pseudo,no_visit,pseudo,pseudo,non_existent,non_existent,non_existent,non_existent,non_existent,non_existent,non_existent,non_existent,non_existent,non_existent,non_existent,non_existent,non_existent,non_existent,non_existent,non_existent,non_existent,non_existent,
BP,F,18,High,small,4,a,NA,NA,NA,non_existent,non_existent,pseudo,pseudo,pseudo,pseudo,pseudo,no_visit,pseudo,pseudo,pseudo,pseudo,no_visit,pseudo,pseudo,pseudo,pseudo,no_visit,pseudo,no_visit,pseudo,no_visit,pseudo,pseudo,no_visit,pseudo,pseudo,no_visit,pseudo,no_visit,pseudo,no_visit,pseudo,non_existent,non_existent,non_existent,non_existent,non_existent,non_existent,non_existent,non_existent,non_existent,non_existent,non_existent,non_existent,non_existent,non_existent,non_existent,non_existent,non_existent,non_existent,non_existent,
BP,F,18,High,small,4,b,NA,NA,wasp,non_existent,non_existent,non_existent,non_existent,non_existent,non_existent,non_existent,no_visit,non_existent,non_existent,non_existent,non_existent,no_visit,non_existent,non_existent,non_existent,non_existent,no_visit,non_existent,no_visit,non_existent,no_visit,non_existent,non_existent,no_visit,non_existent,non_existent,no_visit,non_existent,no_visit,non_existent,no_visit,non_existent,non-target cells ,non_existent,non_existent,non_existent,non_existent,non_existent,non_existent,non_existent,non_existent,non_existent,non_existent,non_existent,non_existent,non_existent,non_existent,non_existent,non_existent,non_existent,non_existent,
BP,F,18,High,small,5,a,146.22,27.76,osmia,non_existent,non_existent,empty,empty,empty,empty,empty,no_visit,empty,empty,empty,empty,no_visit,empty,empty,5 cells,no change,no_visit,no change,no_visit,no change,no_visit,no change,no change,no_visit,no change,no change,no_visit,no change,no_visit,no change,no_visit,no change,no change,non_existent,non_existent,non_existent,non_existent,non_existent,non_existent,non_existent,non_existent,non_existent,non_existent,non_existent,non_existent,non_existent,non_existent,non_existent,non_existent,non_existent,non_existent,
BP,F,18,High,medium,7,a,NA,NA,NA,non_existent,non_existent,pseudo,pseudo,pseudo,pseudo,pseudo,no_visit,pseudo,pseudo,pseudo,pseudo,no_visit,pseudo,pseudo,pseudo,pseudo,no_visit,pseudo,no_visit,pseudo,no_visit,pseudo,pseudo,no_visit,pseudo,pseudo,no_visit,pseudo,no_visit,pseudo,no_visit,pseudo,pseudo,non_existent,non_existent,non_existent,non_existent,non_existent,non_existent,non_existent,non_existent,non_existent,non_existent,non_existent,non_existent,non_existent,non_existent,non_existent,non_existent,non_existent,non_existent,
BP,F,18,High,small,8,a,148.55,78.55,osmia,non_existent,non_existent,empty,empty,empty,empty,empty,no_visit,empty,empty,empty,empty,no_visit,empty,empty,2 cells,6 cells,no_visit,2 cells + end cap,no_visit,no change,no_visit,no change,no change,no_visit,no change,no change,no_visit,no change,no_visit,no change,no_visit,no change,no change,non_existent,non_existent,non_existent,non_existent,non_existent,non_existent,non_existent,non_existent,non_existent,non_existent,non_existent,non_existent,non_existent,non_existent,non_existent,non_existent,non_existent,non_existent,
BP,F,18,High,medium,9,a,NA,NA,wasp,non_existent,non_existent,empty,empty,empty,empty,empty,no_visit,empty,empty,empty,empty,no_visit,empty,empty,empty,empty,no_visit,empty,no_visit,empty,no_visit,empty,empty,no_visit,empty,empty,no_visit,empty,no_visit,empty,no_visit,empty,non-target cells,non_existent,non_existent,non_existent,non_existent,non_existent,non_existent,non_existent,non_existent,non_existent,non_existent,non_existent,non_existent,non_existent,non_existent,non_existent,non_existent,non_existent,non_existent,
BP,F,18,High,small,10,a,NA,NA,NA,non_existent,non_existent,pseudo,pseudo,pseudo,pseudo,pseudo,no_visit,pseudo,pseudo,pseudo,pseudo,no_visit,pseudo,pseudo,pseudo,pseudo,no_visit,pseudo,no_visit,non_existent,no_visit,non_existent,non_existent,no_visit,non_existent,non_existent,no_visit,non_existent,no_visit,non_existent,no_visit,non_existent,non_existent,non_existent,non_existent,non_existent,non_existent,non_existent,non_existent,non_existent,non_existent,non_existent,non_existent,non_existent,non_existent,non_existent,non_existent,non_existent,non_existent,non_existent,non_existent,
BP,F,18,High,small,10,b,144.44,17.79,osmia,non_existent,non_existent,non_existent,non_existent,non_existent,non_existent,non_existent,no_visit,non_existent,non_existent,non_existent,non_existent,no_visit,non_existent,non_existent,non_existent,non_existent,no_visit,non_existent,no_visit,2 cell + end cap,no_visit,no change,no change,no_visit,no change,no change,no_visit,no change,no_visit,no change,no_visit,no change,no change,non_existent,non_existent,non_existent,non_existent,non_existent,non_existent,non_existent,non_existent,non_existent,non_existent,non_existent,non_existent,non_existent,non_existent,non_existent,non_existent,non_existent,non_existent,
BP,F,18,High,small,12,a,NA,NA,NA,non_existent,non_existent,pseudo,pseudo,pseudo,pseudo,pseudo,no_visit,pseudo,pseudo,pseudo,pseudo,no_visit,pseudo,pseudo,pseudo,non_existent,no_visit,non_existent,no_visit,non_existent,no_visit,non_existent,non_existent,no_visit,non_existent,non_existent,no_visit,non_existent,no_visit,non_existent,no_visit,non_existent,non_existent,non_existent,non_existent,non_existent,non_existent,non_existent,non_existent,non_existent,non_existent,non_existent,non_existent,non_existent,non_existent,non_existent,non_existent,non_existent,non_existent,non_existent,non_existent,
BP,F,18,High,small,12,b,145.84,95.42,osmia,non_existent,non_existent,non_existent,non_existent,non_existent,non_existent,non_existent,no_visit,non_existent,non_existent,non_existent,non_existent,no_visit,non_existent,non_existent,non_existent,7 cells,no_visit,5 cells + end cap,no_visit,no change,no_visit,no change,no change,no_visit,no change,no change,no_visit,no change,no_visit,no change,no_visit,no change,no change,non_existent,non_existent,non_existent,non_existent,non_existent,non_existent,non_existent,non_existent,non_existent,non_existent,non_existent,non_existent,non_existent,non_existent,non_existent,non_existent,non_existent,non_existent,
BP,F,18,High,small,13,a,unknown,unknown,osmia,non_existent,non_existent,empty,empty,empty,empty,empty,no_visit,empty,empty,empty,empty,no_visit,empty,empty,2 cells + end cap,no change,no_visit,no change,no_visit,no change,no_visit,no change,no change,no_visit,no change,no change,no_visit,no change,no_visit,no change,no_visit,no change,no change,non_existent,non_existent,non_existent,non_existent,non_existent,non_existent,non_existent,non_existent,non_existent,non_existent,non_existent,non_existent,non_existent,non_existent,non_existent,non_existent,non_existent,non_existent,
BP,F,18,High,large,14,a,NA,NA,NA,non_existent,non_existent,pseudo,pseudo,pseudo,pseudo,pseudo,no_visit,pseudo,pseudo,pseudo,pseudo,no_visit,pseudo,pseudo,pseudo,pseudo,no_visit,pseudo,no_visit,pseudo,no_visit,pseudo,pseudo,no_visit,pseudo,pseudo,no_visit,pseudo,no_visit,pseudo,no_visit,pseudo,pseudo,non_existent,non_existent,non_existent,non_existent,non_existent,non_existent,non_existent,non_existent,non_existent,non_existent,non_existent,non_existent,non_existent,non_existent,non_existent,non_existent,non_existent,non_existent,
BP,F,18,High,small,15,a,NA,NA,NA,non_existent,non_existent,pseudo,pseudo,pseudo,pseudo,pseudo,no_visit,pseudo,pseudo,pseudo,pseudo,no_visit,pseudo,pseudo,pseudo,pseudo,no_visit,pseudo,no_visit,non_existent,no_visit,non_existent,non_existent,no_visit,non_existent,non_existent,no_visit,non_existent,no_visit,non_existent,no_visit,non_existent,non_existent,non_existent,non_existent,non_existent,non_existent,non_existent,non_existent,non_existent,non_existent,non_existent,non_existent,non_existent,non_existent,non_existent,non_existent,non_existent,non_existent,non_existent,non_existent,
BP,F,18,High,small,15,b,NA,NA,wasp,non_existent,non_existent,non_existent,non_existent,non_existent,non_existent,non_existent,no_visit,non_existent,non_existent,non_existent,non_existent,no_visit,non_existent,non_existent,non_existent,non_existent,no_visit,non_existent,no_visit,empty,no_visit,empty,empty,no_visit,empty,empty,no_visit,empty,no_visit,empty,no_visit,empty,non-target cells ,non_existent,non_existent,non_existent,non_existent,non_existent,non_existent,non_existent,non_existent,non_existent,non_existent,non_existent,non_existent,non_existent,non_existent,non_existent,non_existent,non_existent,non_existent,
BP,F,18,High,medium,16,a,NA,NA,NA,non_existent,non_existent,pseudo,pseudo,pseudo,pseudo,pseudo,no_visit,pseudo,pseudo,pseudo,pseudo,no_visit,pseudo,pseudo,pseudo,pseudo,no_visit,pseudo,no_visit,pseudo,no_visit,pseudo,pseudo,no_visit,pseudo,pseudo,no_visit,pseudo,no_visit,pseudo,no_visit,pseudo,pseudo,non_existent,non_existent,non_existent,non_existent,non_existent,non_existent,non_existent,non_existent,non_existent,non_existent,non_existent,non_existent,non_existent,non_existent,non_existent,non_existent,non_existent,non_existent,
BP,F,18,High,medium,17,a,NA,NA,NA,non_existent,non_existent,pseudo,pseudo,pseudo,pseudo,pseudo,no_visit,pseudo,pseudo,pseudo,pseudo,no_visit,pseudo,pseudo,pseudo,pseudo,no_visit,pseudo,no_visit,pseudo,no_visit,pseudo,pseudo,no_visit,pseudo,pseudo,no_visit,pseudo,no_visit,pseudo,no_visit,pseudo,pseudo,non_existent,non_existent,non_existent,non_existent,non_existent,non_existent,non_existent,non_existent,non_existent,non_existent,non_existent,non_existent,non_existent,non_existent,non_existent,non_existent,non_existent,non_existent,
BP,F,18,High,small,18,a,NA,NA,NA,non_existent,non_existent,pseudo,pseudo,pseudo,pseudo,pseudo,no_visit,pseudo,pseudo,pseudo,pseudo,no_visit,pseudo,pseudo,pseudo,pseudo,no_visit,pseudo,no_visit,pseudo,no_visit,non_existent,non_existent,no_visit,non_existent,non_existent,no_visit,non_existent,no_visit,non_existent,no_visit,non_existent,non_existent,non_existent,non_existent,non_existent,non_existent,non_existent,non_existent,non_existent,non_existent,non_existent,non_existent,non_existent,non_existent,non_existent,non_existent,non_existent,non_existent,non_existent,non_existent,
BP,F,18,High,small,18,b,NA,NA,wasp,non_existent,non_existent,non_existent,non_existent,non_existent,non_existent,non_existent,no_visit,non_existent,non_existent,non_existent,non_existent,no_visit,non_existent,non_existent,non_existent,non_existent,no_visit,non_existent,no_visit,non_existent,no_visit,empty,empty,no_visit,empty,empty,no_visit,empty,no_visit,empty,no_visit,non-target cells,non-target cells,non_existent,non_existent,non_existent,non_existent,non_existent,non_existent,non_existent,non_existent,non_existent,non_existent,non_existent,non_existent,non_existent,non_existent,non_existent,non_existent,non_existent,non_existent,
NN,G,19,Low,medium,2,a,NA,NA,wasp,non_existent,empty,empty,empty,empty,empty,no_visit,empty,empty,empty,empty,no_visit,empty,empty,empty,empty,empty,empty,no_visit,empty,empty,empty,no_visit,empty,empty,empty,no_visit,empty,no_visit,empty,no_visit,empty,empty,no_visit,empty,empty,non-target nest completed ,no_visit,non_existent,non_existent,non_existent,non_existent,non_existent,non_existent,non_existent,non_existent,non_existent,non_existent,non_existent,non_existent,non_existent,non_existent,
NN,G,19,Low,medium,2,b,NA,NA,NA,non_existent,non_existent,non_existent,non_existent,non_existent,non_existent,no_visit,non_existent,non_existent,non_existent,non_existent,no_visit,non_existent,non_existent,non_existent,non_existent,non_existent,non_existent,no_visit,non_existent,non_existent,non_existent,no_visit,non_existent,non_existent,non_existent,no_visit,non_existent,no_visit,non_existent,no_visit,non_existent,non_existent,no_visit,non_existent,non_existent,non_existent,no_visit,empty,non_existent,non_existent,non_existent,non_existent,non_existent,non_existent,non_existent,non_existent,non_existent,non_existent,non_existent,non_existent,non_existent,
NN,G,19,Low,medium,6,a,NA,NA,wasp,non_existent,empty,empty,empty,empty,empty,no_visit,empty,empty,empty,empty,no_visit,empty,empty,empty,empty,empty,empty,no_visit,empty,empty,empty,no_visit,empty,empty,empty,no_visit,empty,no_visit,empty,no_visit,empty,empty,no_visit,empty,empty,non-target nest completed ,no_visit,non_existent,non_existent,non_existent,non_existent,non_existent,non_existent,non_existent,non_existent,non_existent,non_existent,non_existent,non_existent,non_existent,non_existent,
NN,G,19,Low,medium,6,b,NA,NA,NA,non_existent,non_existent,non_existent,non_existent,non_existent,non_existent,no_visit,non_existent,non_existent,non_existent,non_existent,no_visit,non_existent,non_existent,non_existent,non_existent,non_existent,non_existent,no_visit,non_existent,non_existent,non_existent,no_visit,non_existent,non_existent,non_existent,no_visit,non_existent,no_visit,non_existent,no_visit,non_existent,non_existent,no_visit,non_existent,non_existent,non_existent,no_visit,empty,non_existent,non_existent,non_existent,non_existent,non_existent,non_existent,non_existent,non_existent,non_existent,non_existent,non_existent,non_existent,non_existent,
NN,G,19,Low,small,8,a,139.14,30.46,osmia,non_existent,empty,empty,empty,empty,empty,no_visit,empty,empty,empty,empty,no_visit,empty,empty,empty,3 cells + end cap ,non_existent,non_existent,no_visit,non_existent,non_existent,non_existent,no_visit,non_existent,non_existent,non_existent,no_visit,non_existent,no_visit,non_existent,no_visit,non_existent,non_existent,no_visit,non_existent,non_existent,non_existent,no_visit,non_existent,non_existent,non_existent,non_existent,non_existent,non_existent,non_existent,non_existent,non_existent,non_existent,non_existent,non_existent,non_existent,non_existent,
NN,G,19,Low,small,8,b,139.95,18.39,osmia,non_existent,non_existent,non_existent,non_existent,non_existent,non_existent,no_visit,non_existent,non_existent,non_existent,non_existent,no_visit,non_existent,non_existent,non_existent,non_existent,empty,empty,no_visit,2 cells + end cap,non_existent,non_existent,no_visit,non_existent,non_existent,non_existent,no_visit,non_existent,no_visit,non_existent,no_visit,non_existent,non_existent,no_visit,non_existent,non_existent,non_existent,no_visit,non_existent,non_existent,non_existent,non_existent,non_existent,non_existent,non_existent,non_existent,non_existent,non_existent,non_existent,non_existent,non_existent,non_existent,
NN,G,19,Low,small,8,c,NA,NA,NA,non_existent,non_existent,non_existent,non_existent,non_existent,non_existent,no_visit,non_existent,non_existent,non_existent,non_existent,no_visit,non_existent,non_existent,non_existent,non_existent,non_existent,non_existent,no_visit,non_existent,empty,empty,no_visit,empty,empty,empty,no_visit,empty,no_visit,empty,no_visit,empty,empty,no_visit,empty,empty,empty,no_visit,empty,non_existent,non_existent,non_existent,non_existent,non_existent,non_existent,non_existent,non_existent,non_existent,non_existent,non_existent,non_existent,non_existent,
NN,G,19,Low,small,9,a,143.3,74.4,osmia,non_existent,empty,empty,empty,2 cells,no change,no_visit,no change,no change,no change,3 cells ,no_visit,5 cells ,end cap,no change,no change,non_existent,non_existent,no_visit,non_existent,non_existent,non_existent,no_visit,non_existent,non_existent,non_existent,no_visit,non_existent,no_visit,non_existent,no_visit,non_existent,non_existent,no_visit,non_existent,non_existent,non_existent,no_visit,non_existent,non_existent,non_existent,non_existent,non_existent,non_existent,non_existent,non_existent,non_existent,non_existent,non_existent,non_existent,non_existent,non_existent,
NN,G,19,Low,small,9,b,NA,NA,wasp,non_existent,non_existent,non_existent,non_existent,non_existent,non_existent,no_visit,non_existent,non_existent,non_existent,non_existent,no_visit,non_existent,non_existent,non_existent,non_existent,empty,empty,no_visit,empty,empty,empty,no_visit,empty,empty,empty,no_visit,empty,no_visit,empty,no_visit,empty,empty,no_visit,inner wall,no change,no change,no_visit,no change,non_existent,non_existent,non_existent,non_existent,non_existent,non_existent,non_existent,non_existent,non_existent,non_existent,non_existent,non_existent,non_existent,
NN,G,19,Low,medium,13,a,NA,NA,wasp,non_existent,empty,empty,empty,empty,empty,no_visit,empty,empty,empty,empty,no_visit,empty,empty,empty,empty,empty,empty,no_visit,empty,empty,empty,no_visit,empty,empty,empty,no_visit,empty,no_visit,empty,no_visit,empty,empty,no_visit,empty,empty,non-target cells,no_visit,non-target nest completed ,non_existent,non_existent,non_existent,non_existent,non_existent,non_existent,non_existent,non_existent,non_existent,non_existent,non_existent,non_existent,non_existent,
NN,G,19,Low,small,14,a,NA,NA,wasp,non_existent,empty,empty,empty,empty,empty,no_visit,empty,empty,empty,empty,no_visit,empty,empty,empty,empty,empty,empty,no_visit,empty,empty,empty,no_visit,empty,empty,empty,no_visit,non-target cells,no_visit,non-target nest completed ,no_visit,non_existent,non_existent,no_visit,non_existent,non_existent,non_existent,no_visit,non_existent,non_existent,non_existent,non_existent,non_existent,non_existent,non_existent,non_existent,non_existent,non_existent,non_existent,non_existent,non_existent,non_existent,
NN,G,19,Low,small,14,b,NA,NA,NA,non_existent,non_existent,non_existent,non_existent,non_existent,non_existent,no_visit,non_existent,non_existent,non_existent,non_existent,no_visit,non_existent,non_existent,non_existent,non_existent,non_existent,non_existent,no_visit,non_existent,non_existent,non_existent,no_visit,non_existent,non_existent,non_existent,no_visit,non_existent,no_visit,non_existent,no_visit,empty,empty,no_visit,empty,empty,empty,no_visit,empty,non_existent,non_existent,non_existent,non_existent,non_existent,non_existent,non_existent,non_existent,non_existent,non_existent,non_existent,non_existent,non_existent,
NN,G,19,Low,medium,17,a,NA,NA,wasp,non_existent,empty,empty,empty,empty,empty,no_visit,empty,empty,empty,empty,no_visit,empty,empty,empty,empty,empty,empty,no_visit,empty,empty,empty,no_visit,empty,empty,empty,no_visit,empty,no_visit,empty,no_visit,empty,empty,no_visit,empty,empty,empty,no_visit,non-target cells ,non_existent,non_existent,non_existent,non_existent,non_existent,non_existent,non_existent,non_existent,non_existent,non_existent,non_existent,non_existent,non_existent,
NN,G,19,Low,small,18,a,NA,NA,wasp,non_existent,empty,empty,empty,empty,empty,no_visit,empty,empty,empty,empty,no_visit,empty,empty,empty,empty,empty,empty,no_visit,empty,empty,empty,no_visit,empty,empty,empty,no_visit,empty,no_visit,empty,no_visit,empty,empty,no_visit,empty,empty,empty,no_visit,non-target cells ,non_existent,non_existent,non_existent,non_existent,non_existent,non_existent,non_existent,non_existent,non_existent,non_existent,non_existent,non_existent,non_existent,
NN,G,20,Mid,medium,1,a,NA,NA,wasp,non_existent,empty,empty,empty,empty,empty,no_visit,empty,empty,empty,empty,no_visit,empty,empty,empty,empty,empty,empty,no_visit,empty,empty,empty,no_visit,empty,non-target cells,no change,no_visit,no change,no_visit,non-target cells,no_visit,no change,no change,no_visit,non-target nest completed ,non_existent,non_existent,no_visit,non_existent,non_existent,non_existent,non_existent,non_existent,non_existent,non_existent,non_existent,non_existent,non_existent,non_existent,non_existent,non_existent,non_existent,
NN,G,20,Mid,medium,1,b,NA,NA,NA,non_existent,non_existent,non_existent,non_existent,non_existent,non_existent,no_visit,non_existent,non_existent,non_existent,non_existent,no_visit,non_existent,non_existent,non_existent,non_existent,non_existent,non_existent,no_visit,non_existent,non_existent,non_existent,no_visit,non_existent,non_existent,non_existent,no_visit,non_existent,no_visit,non_existent,no_visit,non_existent,non_existent,no_visit,non_existent,empty,empty,no_visit,empty,non_existent,non_existent,non_existent,non_existent,non_existent,non_existent,non_existent,non_existent,non_existent,non_existent,non_existent,non_existent,non_existent,
NN,G,20,Mid,small,2,a,149.23,96.03,osmia,non_existent,empty,empty,empty,empty,empty,no_visit,empty,empty,empty,empty,no_visit,empty,empty,empty,9 cells,5 cells,end cap,no_visit,no change,no change,no change,no_visit,no change,no change,no change,no_visit,no change,no_visit,no change,no_visit,no change,no change,no_visit,no change,no change,no change,no_visit,no change,non_existent,non_existent,non_existent,non_existent,non_existent,non_existent,non_existent,non_existent,non_existent,non_existent,non_existent,non_existent,non_existent,
NN,G,20,Mid,small,3,a,NA,NA,NA,non_existent,pseudo,pseudo,pseudo,pseudo,pseudo,no_visit,pseudo,pseudo,pseudo,pseudo,no_visit,pseudo,pseudo,pseudo,pseudo,non_existent,non_existent,no_visit,non_existent,non_existent,non_existent,no_visit,non_existent,non_existent,non_existent,no_visit,non_existent,no_visit,non_existent,no_visit,non_existent,non_existent,no_visit,non_existent,non_existent,non_existent,no_visit,non_existent,non_existent,non_existent,non_existent,non_existent,non_existent,non_existent,non_existent,non_existent,non_existent,non_existent,non_existent,non_existent,non_existent,
NN,G,20,Mid,small,3,b,142.17,41.3,osmia,non_existent,non_existent,non_existent,non_existent,non_existent,non_existent,no_visit,non_existent,non_existent,non_existent,non_existent,no_visit,non_existent,non_existent,non_existent,non_existent,empty,5 cells + end cap,no_visit,no change,no change,no change,no_visit,no change,no change,no change,no_visit,no change,no_visit,no change,no_visit,no change,no change,no_visit,no change,no change,no change,no_visit,no change,non_existent,non_existent,non_existent,non_existent,non_existent,non_existent,non_existent,non_existent,non_existent,non_existent,non_existent,non_existent,non_existent,
NN,G,20,Mid,small,5,a,145.52,89.81,osmia,non_existent,empty,empty,empty,empty,empty,no_visit,empty,empty,empty,empty,no_visit,empty,empty,empty,8 cells ,3 cells + end cap ,no change,no_visit,non_existent,non_existent,non_existent,no_visit,non_existent,non_existent,non_existent,no_visit,non_existent,no_visit,non_existent,no_visit,non_existent,non_existent,no_visit,non_existent,non_existent,non_existent,no_visit,non_existent,non_existent,non_existent,non_existent,non_existent,non_existent,non_existent,non_existent,non_existent,non_existent,non_existent,non_existent,non_existent,non_existent,
NN,G,20,Mid,small,5,b,NA,NA,NA,non_existent,non_existent,non_existent,non_existent,non_existent,non_existent,no_visit,non_existent,non_existent,non_existent,non_existent,no_visit,non_existent,non_existent,non_existent,non_existent,non_existent,non_existent,no_visit,empty,empty,empty,no_visit,empty,empty,empty,no_visit,empty,no_visit,empty,no_visit,empty,empty,no_visit,empty,empty,empty,no_visit,empty,non_existent,non_existent,non_existent,non_existent,non_existent,non_existent,non_existent,non_existent,non_existent,non_existent,non_existent,non_existent,non_existent,
NN,G,20,Mid,medium,7,a,NA,NA,NA,non_existent,pseudo,pseudo,pseudo,pseudo,pseudo,no_visit,pseudo,pseudo,pseudo,pseudo,no_visit,pseudo,pseudo,pseudo,pseudo,pseudo,pseudo,no_visit,pseudo,pseudo,pseudo,no_visit,pseudo,pseudo,pseudo,no_visit,pseudo,no_visit,pseudo,no_visit,pseudo,pseudo,no_visit,pseudo,pseudo,pseudo,no_visit,pseudo,non_existent,non_existent,non_existent,non_existent,non_existent,non_existent,non_existent,non_existent,non_existent,non_existent,non_existent,non_existent,non_existent,
NN,G,20,Mid,small,10,a,NA,NA,NA,non_existent,pseudo,pseudo,pseudo,pseudo,pseudo,no_visit,pseudo,pseudo,pseudo,pseudo,no_visit,pseudo,pseudo,pseudo,pseudo,pseudo,pseudo,no_visit,non_existent,non_existent,non_existent,no_visit,non_existent,non_existent,non_existent,no_visit,non_existent,no_visit,non_existent,no_visit,non_existent,non_existent,no_visit,non_existent,non_existent,non_existent,no_visit,non_existent,non_existent,non_existent,non_existent,non_existent,non_existent,non_existent,non_existent,non_existent,non_existent,non_existent,non_existent,non_existent,non_existent,
NN,G,20,Mid,small,10,b,NA,NA,NA,non_existent,non_existent,non_existent,non_existent,non_existent,non_existent,no_visit,non_existent,non_existent,non_existent,non_existent,no_visit,non_existent,non_existent,non_existent,non_existent,non_existent,non_existent,no_visit,empty,empty,empty,no_visit,empty,empty,empty,no_visit,empty,no_visit,empty,no_visit,empty,empty,no_visit,empty,empty,empty,no_visit,empty,non_existent,non_existent,non_existent,non_existent,non_existent,non_existent,non_existent,non_existent,non_existent,non_existent,non_existent,non_existent,non_existent,
NN,G,20,Mid,small,12,a,NA,NA,NA,non_existent,pseudo,pseudo,pseudo,pseudo,pseudo,no_visit,pseudo,pseudo,pseudo,pseudo,no_visit,pseudo,pseudo,pseudo,pseudo,non_existent,non_existent,no_visit,non_existent,non_existent,non_existent,no_visit,non_existent,non_existent,non_existent,no_visit,non_existent,no_visit,non_existent,no_visit,non_existent,non_existent,no_visit,non_existent,non_existent,non_existent,no_visit,non_existent,non_existent,non_existent,non_existent,non_existent,non_existent,non_existent,non_existent,non_existent,non_existent,non_existent,non_existent,non_existent,non_existent,
NN,G,20,Mid,small,12,b,NA,NA,wasp,non_existent,non_existent,non_existent,non_existent,non_existent,non_existent,no_visit,non_existent,non_existent,non_existent,non_existent,no_visit,non_existent,non_existent,non_existent,non_existent,empty,empty,no_visit,empty,empty,empty,no_visit,empty,non-target cells,no change,no_visit,no change,no_visit,no change,no_visit,non_existent,non_existent,no_visit,non_existent,non_existent,non_existent,no_visit,non_existent,non_existent,non_existent,non_existent,non_existent,non_existent,non_existent,non_existent,non_existent,non_existent,non_existent,non_existent,non_existent,non_existent,
NN,G,20,Mid,small,12,c,NA,NA,NA,non_existent,non_existent,non_existent,non_existent,non_existent,non_existent,no_visit,non_existent,non_existent,non_existent,non_existent,no_visit,non_existent,non_existent,non_existent,non_existent,non_existent,non_existent,no_visit,non_existent,non_existent,non_existent,no_visit,non_existent,non_existent,non_existent,no_visit,non_existent,no_visit,non_existent,no_visit,empty,empty,no_visit,empty,empty,empty,no_visit,empty,non_existent,non_existent,non_existent,non_existent,non_existent,non_existent,non_existent,non_existent,non_existent,non_existent,non_existent,non_existent,non_existent,
NN,G,20,Mid,small,13,a,NA,NA,osmia,non_existent,empty,empty,empty,empty,empty,no_visit,empty,empty,empty,empty,no_visit,empty,empty,empty,empty,empty,empty,no_visit,inner wall started,inner wall started,inner wall started,no_visit,inner wall started,inner wall started,inner wall started,no_visit,inner wall started,no_visit,inner wall started,no_visit,non_existent,non_existent,no_visit,non_existent,non_existent,non_existent,no_visit,non_existent,non_existent,non_existent,non_existent,non_existent,non_existent,non_existent,non_existent,non_existent,non_existent,non_existent,non_existent,non_existent,non_existent,
NN,G,20,Mid,small,13,b,NA,NA,NA,non_existent,non_existent,non_existent,non_existent,non_existent,non_existent,no_visit,non_existent,non_existent,non_existent,non_existent,no_visit,non_existent,non_existent,non_existent,non_existent,non_existent,non_existent,no_visit,non_existent,non_existent,non_existent,no_visit,non_existent,non_existent,non_existent,no_visit,non_existent,no_visit,non_existent,no_visit,empty,empty,no_visit,empty,empty,empty,no_visit,empty,non_existent,non_existent,non_existent,non_existent,non_existent,non_existent,non_existent,non_existent,non_existent,non_existent,non_existent,non_existent,non_existent,
NN,G,20,Mid,large,14,a,NA,NA,NA,non_existent,pseudo,pseudo,pseudo,pseudo,pseudo,no_visit,pseudo,pseudo,pseudo,pseudo,no_visit,pseudo,pseudo,pseudo,pseudo,pseudo,pseudo,no_visit,pseudo,pseudo,pseudo,no_visit,pseudo,pseudo,pseudo,no_visit,pseudo,no_visit,pseudo,no_visit,pseudo,pseudo,no_visit,pseudo,pseudo,pseudo,no_visit,pseudo,non_existent,non_existent,non_existent,non_existent,non_existent,non_existent,non_existent,non_existent,non_existent,non_existent,non_existent,non_existent,non_existent,
NN,G,20,Mid,small,15,a,144.11,10.45,osmia,non_existent,empty,empty,empty,empty,empty,no_visit,empty,empty,empty,empty,no_visit,empty,empty,empty,empty,empty,1 cell,no_visit,no change,no change,no change,no_visit,no change,no change,no change,no_visit,no change,no_visit,no change,no_visit,no change,no change,no_visit,no change,no change,no change,no_visit,no change,non_existent,non_existent,non_existent,non_existent,non_existent,non_existent,non_existent,non_existent,non_existent,non_existent,non_existent,non_existent,non_existent,
NN,G,20,Mid,medium,16,a,NA,NA,NA,non_existent,pseudo,pseudo,pseudo,pseudo,pseudo,no_visit,pseudo,pseudo,pseudo,pseudo,no_visit,pseudo,pseudo,pseudo,pseudo,pseudo,pseudo,no_visit,pseudo,pseudo,pseudo,no_visit,pseudo,pseudo,pseudo,no_visit,pseudo,no_visit,pseudo,no_visit,pseudo,pseudo,no_visit,pseudo,pseudo,pseudo,no_visit,pseudo,non_existent,non_existent,non_existent,non_existent,non_existent,non_existent,non_existent,non_existent,non_existent,non_existent,non_existent,non_existent,non_existent,
NN,G,21,High,small,1,a,NA,NA,wasp,non_existent,empty,empty,empty,empty,empty,no_visit,empty,empty,empty,empty,no_visit,empty,empty,empty,empty,empty,empty,no_visit,empty,empty,non-target cells,no_visit,no change,non-target nest completed ,non_existent,no_visit,non_existent,no_visit,non_existent,no_visit,non_existent,non_existent,no_visit,non_existent,non_existent,non_existent,no_visit,non_existent,non_existent,non_existent,non_existent,non_existent,non_existent,non_existent,non_existent,non_existent,non_existent,non_existent,non_existent,non_existent,non_existent,
NN,G,21,High,small,1,b,NA,NA,wasp,non_existent,non_existent,non_existent,non_existent,non_existent,non_existent,no_visit,non_existent,non_existent,non_existent,non_existent,no_visit,non_existent,non_existent,non_existent,non_existent,non_existent,non_existent,no_visit,non_existent,non_existent,non_existent,no_visit,non_existent,non_existent,empty,no_visit,non-target cells,no_visit,non-target nest completed ,no_visit,non_existent,non_existent,no_visit,non_existent,non_existent,non_existent,no_visit,non_existent,non_existent,non_existent,non_existent,non_existent,non_existent,non_existent,non_existent,non_existent,non_existent,non_existent,non_existent,non_existent,non_existent,
NN,G,21,High,small,1,c,NA,NA,wasp,non_existent,non_existent,non_existent,non_existent,non_existent,non_existent,no_visit,non_existent,non_existent,non_existent,non_existent,no_visit,non_existent,non_existent,non_existent,non_existent,non_existent,non_existent,no_visit,non_existent,non_existent,non_existent,no_visit,non_existent,non_existent,non_existent,no_visit,non_existent,no_visit,non_existent,no_visit,empty,empty,no_visit,inner wall started,inner wall started,inner wall started,no_visit,inner wall started,non_existent,non_existent,non_existent,non_existent,non_existent,non_existent,non_existent,non_existent,non_existent,non_existent,non_existent,non_existent,non_existent,
NN,G,21,High,medium,2,a,NA,NA,NA,non_existent,pseudo,pseudo,pseudo,pseudo,pseudo,no_visit,pseudo,pseudo,pseudo,pseudo,no_visit,pseudo,pseudo,pseudo,pseudo,pseudo,pseudo,no_visit,pseudo,pseudo,pseudo,no_visit,pseudo,pseudo,pseudo,no_visit,pseudo,no_visit,pseudo,no_visit,pseudo,pseudo,no_visit,pseudo,pseudo,pseudo,no_visit,pseudo,non_existent,non_existent,non_existent,non_existent,non_existent,non_existent,non_existent,non_existent,non_existent,non_existent,non_existent,non_existent,non_existent,
NN,G,21,High,small,3,a,NA,NA,NA,non_existent,pseudo,pseudo,pseudo,pseudo,pseudo,no_visit,pseudo,pseudo,pseudo,pseudo,no_visit,pseudo,pseudo,pseudo,pseudo,pseudo,pseudo,no_visit,pseudo,pseudo,pseudo,no_visit,pseudo,pseudo,pseudo,no_visit,pseudo,no_visit,pseudo,no_visit,pseudo,pseudo,no_visit,pseudo,pseudo,pseudo,no_visit,pseudo,non_existent,non_existent,non_existent,non_existent,non_existent,non_existent,non_existent,non_existent,non_existent,non_existent,non_existent,non_existent,non_existent,
NN,G,21,High,small,5,a,NA,NA,wasp,non_existent,empty,empty,empty,empty,empty,no_visit,empty,empty,empty,empty,no_visit,empty,empty,empty,empty,empty,empty,no_visit,empty,empty,empty,no_visit,empty,empty,empty,no_visit,non-target cells ,no_visit,non_existent,no_visit,non_existent,non_existent,no_visit,non_existent,non_existent,non_existent,no_visit,non_existent,non_existent,non_existent,non_existent,non_existent,non_existent,non_existent,non_existent,non_existent,non_existent,non_existent,non_existent,non_existent,non_existent,
NN,G,21,High,small,5,b,NA,NA,wasp,non_existent,non_existent,non_existent,non_existent,non_existent,non_existent,no_visit,non_existent,non_existent,non_existent,non_existent,no_visit,non_existent,non_existent,non_existent,non_existent,non_existent,non_existent,no_visit,non_existent,non_existent,non_existent,no_visit,non_existent,non_existent,non_existent,no_visit,non_existent,no_visit,non-target nest completed ,no_visit,non_existent,non_existent,no_visit,non_existent,non_existent,non_existent,no_visit,non_existent,non_existent,non_existent,non_existent,non_existent,non_existent,non_existent,non_existent,non_existent,non_existent,non_existent,non_existent,non_existent,non_existent,
NN,G,21,High,small,5,c,NA,NA,wasp,non_existent,non_existent,non_existent,non_existent,non_existent,non_existent,no_visit,non_existent,non_existent,non_existent,non_existent,no_visit,non_existent,non_existent,non_existent,non_existent,non_existent,non_existent,no_visit,non_existent,non_existent,non_existent,no_visit,non_existent,non_existent,non_existent,no_visit,non_existent,no_visit,non_existent,no_visit,non-target nest completed ,non_existent,no_visit,non_existent,non_existent,non_existent,no_visit,non_existent,non_existent,non_existent,non_existent,non_existent,non_existent,non_existent,non_existent,non_existent,non_existent,non_existent,non_existent,non_existent,non_existent,
NN,G,21,High,small,5,d,NA,NA,NA,non_existent,non_existent,non_existent,non_existent,non_existent,non_existent,no_visit,non_existent,non_existent,non_existent,non_existent,no_visit,non_existent,non_existent,non_existent,non_existent,non_existent,non_existent,no_visit,non_existent,non_existent,non_existent,no_visit,non_existent,non_existent,non_existent,no_visit,non_existent,no_visit,non_existent,no_visit,non_existent,empty,no_visit,empty,empty,empty,no_visit,empty,non_existent,non_existent,non_existent,non_existent,non_existent,non_existent,non_existent,non_existent,non_existent,non_existent,non_existent,non_existent,non_existent,
NN,G,21,High,medium,6,a,NA,NA,NA,non_existent,pseudo,pseudo,pseudo,pseudo,pseudo,no_visit,pseudo,pseudo,pseudo,pseudo,no_visit,pseudo,pseudo,pseudo,pseudo,pseudo,pseudo,no_visit,pseudo,pseudo,pseudo,no_visit,pseudo,pseudo,pseudo,no_visit,pseudo,no_visit,pseudo,no_visit,pseudo,pseudo,no_visit,pseudo,pseudo,pseudo,no_visit,pseudo,non_existent,non_existent,non_existent,non_existent,non_existent,non_existent,non_existent,non_existent,non_existent,non_existent,non_existent,non_existent,non_existent,
NN,G,21,High,small,7,a,NA,NA,wasp,non_existent,empty,empty,empty,empty,empty,no_visit,empty,empty,empty,empty,no_visit,empty,empty,empty,empty,empty,empty,no_visit,empty,empty,empty,no_visit,empty,non-target cells,no change,no_visit,non-target nest completed,no_visit,non_existent,no_visit,non_existent,non_existent,no_visit,non_existent,non_existent,non_existent,no_visit,non_existent,non_existent,non_existent,non_existent,non_existent,non_existent,non_existent,non_existent,non_existent,non_existent,non_existent,non_existent,non_existent,non_existent,
NN,G,21,High,small,7,b,NA,NA,wasp,non_existent,non_existent,non_existent,non_existent,non_existent,non_existent,no_visit,non_existent,non_existent,non_existent,non_existent,no_visit,non_existent,non_existent,non_existent,non_existent,non_existent,non_existent,no_visit,non_existent,non_existent,non_existent,no_visit,non_existent,non_existent,non_existent,no_visit,non_existent,no_visit,non-target cells,no_visit,non-target nest completed ,non_existent,no_visit,non_existent,non_existent,non_existent,no_visit,non_existent,non_existent,non_existent,non_existent,non_existent,non_existent,non_existent,non_existent,non_existent,non_existent,non_existent,non_existent,non_existent,non_existent,
NN,G,21,High,small,7,c,NA,NA,NA,non_existent,non_existent,non_existent,non_existent,non_existent,non_existent,no_visit,non_existent,non_existent,non_existent,non_existent,no_visit,non_existent,non_existent,non_existent,non_existent,non_existent,non_existent,no_visit,non_existent,non_existent,non_existent,no_visit,non_existent,non_existent,non_existent,no_visit,non_existent,no_visit,non_existent,no_visit,non_existent,empty,no_visit,empty,empty,empty,no_visit,empty,non_existent,non_existent,non_existent,non_existent,non_existent,non_existent,non_existent,non_existent,non_existent,non_existent,non_existent,non_existent,non_existent,
NN,G,21,High,small,8,a,NA,NA,NA,non_existent,pseudo,pseudo,pseudo,pseudo,pseudo,no_visit,pseudo,pseudo,pseudo,pseudo,no_visit,pseudo,pseudo,pseudo,pseudo,pseudo,pseudo,no_visit,pseudo,pseudo,pseudo,no_visit,pseudo,pseudo,pseudo,no_visit,pseudo,no_visit,pseudo,no_visit,pseudo,pseudo,no_visit,pseudo,pseudo,pseudo,no_visit,pseudo,non_existent,non_existent,non_existent,non_existent,non_existent,non_existent,non_existent,non_existent,non_existent,non_existent,non_existent,non_existent,non_existent,
NN,G,21,High,medium,10,a,NA,NA,wasp,non_existent,empty,empty,empty,empty,empty,no_visit,empty,empty,empty,empty,no_visit,empty,empty,empty,empty,empty,empty,no_visit,empty,empty,empty,no_visit,empty,empty,empty,no_visit,empty,no_visit,non-target cells,no_visit,non-target cells,no change,no_visit,no change,no change,no change,no_visit,no change,non_existent,non_existent,non_existent,non_existent,non_existent,non_existent,non_existent,non_existent,non_existent,non_existent,non_existent,non_existent,non_existent,
NN,G,21,High,small,11,a,NA,NA,NA,non_existent,pseudo,pseudo,pseudo,pseudo,pseudo,no_visit,pseudo,pseudo,pseudo,pseudo,no_visit,pseudo,pseudo,pseudo,pseudo,pseudo,pseudo,no_visit,pseudo,pseudo,pseudo,no_visit,pseudo,pseudo,pseudo,no_visit,pseudo,no_visit,pseudo,no_visit,pseudo,pseudo,no_visit,pseudo,pseudo,pseudo,no_visit,pseudo,non_existent,non_existent,non_existent,non_existent,non_existent,non_existent,non_existent,non_existent,non_existent,non_existent,non_existent,non_existent,non_existent,
NN,G,21,High,medium,12,a,NA,NA,NA,non_existent,pseudo,pseudo,pseudo,pseudo,pseudo,no_visit,pseudo,pseudo,pseudo,pseudo,no_visit,pseudo,pseudo,pseudo,pseudo,pseudo,pseudo,no_visit,pseudo,pseudo,pseudo,no_visit,pseudo,pseudo,pseudo,no_visit,pseudo,no_visit,pseudo,no_visit,pseudo,pseudo,no_visit,pseudo,pseudo,pseudo,no_visit,pseudo,non_existent,non_existent,non_existent,non_existent,non_existent,non_existent,non_existent,non_existent,non_existent,non_existent,non_existent,non_existent,non_existent,
NN,G,21,High,small,13,a,NA,NA,NA,non_existent,pseudo,pseudo,pseudo,pseudo,pseudo,no_visit,pseudo,pseudo,pseudo,pseudo,no_visit,pseudo,pseudo,pseudo,pseudo,pseudo,pseudo,no_visit,pseudo,pseudo,pseudo,no_visit,pseudo,pseudo,pseudo,no_visit,pseudo,no_visit,pseudo,no_visit,pseudo,pseudo,no_visit,pseudo,pseudo,pseudo,no_visit,pseudo,non_existent,non_existent,non_existent,non_existent,non_existent,non_existent,non_existent,non_existent,non_existent,non_existent,non_existent,non_existent,non_existent,
NN,G,21,High,small,14,a,NA,NA,NA,non_existent,pseudo,pseudo,pseudo,pseudo,pseudo,no_visit,pseudo,pseudo,pseudo,pseudo,no_visit,pseudo,pseudo,pseudo,pseudo,pseudo,pseudo,no_visit,pseudo,pseudo,pseudo,no_visit,pseudo,pseudo,pseudo,no_visit,pseudo,no_visit,pseudo,no_visit,pseudo,pseudo,no_visit,pseudo,pseudo,pseudo,no_visit,pseudo,non_existent,non_existent,non_existent,non_existent,non_existent,non_existent,non_existent,non_existent,non_existent,non_existent,non_existent,non_existent,non_existent,
NN,G,21,High,large,15,a,NA,NA,NA,non_existent,pseudo,pseudo,pseudo,pseudo,pseudo,no_visit,pseudo,pseudo,pseudo,pseudo,no_visit,pseudo,pseudo,pseudo,pseudo,pseudo,pseudo,no_visit,pseudo,pseudo,pseudo,no_visit,pseudo,pseudo,pseudo,no_visit,pseudo,no_visit,pseudo,no_visit,pseudo,pseudo,no_visit,pseudo,pseudo,pseudo,no_visit,pseudo,non_existent,non_existent,non_existent,non_existent,non_existent,non_existent,non_existent,non_existent,non_existent,non_existent,non_existent,non_existent,non_existent,
NN,G,21,High,small,16,a,NA,NA,NA,non_existent,pseudo,pseudo,pseudo,pseudo,pseudo,no_visit,pseudo,pseudo,pseudo,pseudo,no_visit,pseudo,pseudo,pseudo,pseudo,pseudo,pseudo,no_visit,pseudo,pseudo,pseudo,no_visit,pseudo,pseudo,pseudo,no_visit,pseudo,no_visit,pseudo,no_visit,pseudo,pseudo,no_visit,pseudo,pseudo,pseudo,no_visit,pseudo,non_existent,non_existent,non_existent,non_existent,non_existent,non_existent,non_existent,non_existent,non_existent,non_existent,non_existent,non_existent,non_existent,
NN,G,21,High,medium,17,a,NA,NA,NA,non_existent,pseudo,pseudo,pseudo,pseudo,pseudo,no_visit,pseudo,pseudo,pseudo,pseudo,no_visit,pseudo,pseudo,pseudo,pseudo,pseudo,pseudo,no_visit,pseudo,pseudo,pseudo,no_visit,pseudo,pseudo,pseudo,no_visit,pseudo,no_visit,pseudo,no_visit,pseudo,pseudo,no_visit,pseudo,pseudo,pseudo,no_visit,pseudo,non_existent,non_existent,non_existent,non_existent,non_existent,non_existent,non_existent,non_existent,non_existent,non_existent,non_existent,non_existent,non_existent,
NN,G,21,High,small,18,a,NA,NA,wasp,non_existent,empty,empty,empty,empty,empty,no_visit,empty,empty,empty,empty,no_visit,empty,empty,empty,empty,empty,empty,no_visit,empty,empty,empty,no_visit,empty,empty,empty,no_visit,empty,no_visit,empty,no_visit,empty,empty,no_visit,non-target cells ,no change,no change,no_visit,no change,non_existent,non_existent,non_existent,non_existent,non_existent,non_existent,non_existent,non_existent,non_existent,non_existent,non_existent,non_existent,non_existent,
NN,H,22,Low,medium,2,a,NA,NA,wasp,non_existent,empty,empty,empty,empty,empty,no_visit,empty,empty,empty,empty,no_visit,empty,empty,empty,empty,empty,empty,no_visit,empty,empty,empty,no_visit,empty,empty,empty,no_visit,empty,no_visit,non-target cells,no_visit,non-target nest completed ,non_existent,no_visit,non_existent,non_existent,non_existent,no_visit,non_existent,non_existent,non_existent,non_existent,non_existent,non_existent,non_existent,non_existent,non_existent,non_existent,non_existent,non_existent,non_existent,non_existent,
NN,H,22,Low,medium,2,b,NA,NA,NA,non_existent,non_existent,non_existent,non_existent,non_existent,non_existent,no_visit,non_existent,non_existent,non_existent,non_existent,no_visit,non_existent,non_existent,non_existent,non_existent,non_existent,non_existent,no_visit,non_existent,non_existent,non_existent,no_visit,non_existent,non_existent,non_existent,no_visit,non_existent,no_visit,non_existent,no_visit,non_existent,empty,no_visit,empty,empty,empty,no_visit,empty,non_existent,non_existent,non_existent,non_existent,non_existent,non_existent,non_existent,non_existent,non_existent,non_existent,non_existent,non_existent,non_existent,
NN,H,22,Low,small,3,a,NA,NA,osmia,non_existent,empty,empty,empty,empty,empty,no_visit,empty,empty,empty,empty,no_visit,empty,empty,empty,empty,empty,empty,no_visit,empty,empty,empty,no_visit,empty,empty,empty,no_visit,empty,no_visit,inner wall started ,no_visit,inner wall started,inner wall started,no_visit,inner wall started,inner wall started,empty,no_visit,empty,non_existent,non_existent,non_existent,non_existent,non_existent,non_existent,non_existent,non_existent,non_existent,non_existent,non_existent,non_existent,non_existent,
NN,H,22,Low,small,9,a,146.11,9.35,osmia,non_existent,empty,empty,empty,empty,empty,no_visit,empty,empty,empty,empty,no_visit,empty,empty,empty,empty,empty,empty,no_visit,empty,empty,empty,no_visit,empty,empty,empty,no_visit,empty,no_visit,1 cell ,no_visit,no change,no change,no_visit,no change,no change,no change,no_visit,non_existent,non_existent,non_existent,non_existent,non_existent,non_existent,non_existent,non_existent,non_existent,non_existent,non_existent,non_existent,non_existent,non_existent,
NN,H,22,Low,small,9,b,NA,NA,NA,non_existent,non_existent,non_existent,non_existent,non_existent,non_existent,no_visit,non_existent,non_existent,non_existent,non_existent,no_visit,non_existent,non_existent,non_existent,non_existent,non_existent,non_existent,no_visit,non_existent,non_existent,non_existent,no_visit,non_existent,non_existent,non_existent,no_visit,non_existent,no_visit,non_existent,no_visit,non_existent,non_existent,no_visit,non_existent,non_existent,non_existent,no_visit,empty,non_existent,non_existent,non_existent,non_existent,non_existent,non_existent,non_existent,non_existent,non_existent,non_existent,non_existent,non_existent,non_existent,
NN,H,22,Low,small,11,a,NA,NA,wasp,non_existent,empty,empty,empty,empty,empty,no_visit,empty,empty,empty,empty,no_visit,empty,empty,empty,empty,empty,empty,no_visit,empty,empty,empty,no_visit,empty,empty,empty,no_visit,empty,no_visit,empty,no_visit,non-target nest completed ,non_existent,no_visit,non_existent,non_existent,non_existent,no_visit,non_existent,non_existent,non_existent,non_existent,non_existent,non_existent,non_existent,non_existent,non_existent,non_existent,non_existent,non_existent,non_existent,non_existent,
NN,H,22,Low,small,11,b,NA,NA,NA,non_existent,non_existent,non_existent,non_existent,non_existent,non_existent,no_visit,non_existent,non_existent,non_existent,non_existent,no_visit,non_existent,non_existent,non_existent,non_existent,non_existent,non_existent,no_visit,non_existent,non_existent,non_existent,no_visit,non_existent,non_existent,non_existent,no_visit,non_existent,no_visit,non_existent,no_visit,non_existent,empty,no_visit,empty,empty,empty,no_visit,empty,non_existent,non_existent,non_existent,non_existent,non_existent,non_existent,non_existent,non_existent,non_existent,non_existent,non_existent,non_existent,non_existent,
NN,H,23,Mid,medium,1,a,NA,NA,NA,non_existent,pseudo,pseudo,pseudo,pseudo,pseudo,no_visit,pseudo,pseudo,pseudo,pseudo,no_visit,pseudo,pseudo,pseudo,pseudo,pseudo,pseudo,no_visit,pseudo,pseudo,pseudo,no_visit,pseudo,pseudo,pseudo,no_visit,pseudo,no_visit,pseudo,no_visit,pseudo,pseudo,no_visit,pseudo,pseudo,pseudo,no_visit,pseudo,non_existent,non_existent,non_existent,non_existent,non_existent,non_existent,non_existent,non_existent,non_existent,non_existent,non_existent,non_existent,non_existent,
NN,H,23,Mid,large,4,a,NA,NA,NA,non_existent,pseudo,pseudo,pseudo,pseudo,non_existent,no_visit,non_existent,non_existent,non_existent,non_existent,no_visit,non_existent,non_existent,non_existent,non_existent,non_existent,non_existent,no_visit,non_existent,non_existent,non_existent,no_visit,non_existent,non_existent,non_existent,no_visit,non_existent,no_visit,non_existent,no_visit,non_existent,non_existent,no_visit,non_existent,non_existent,non_existent,no_visit,non_existent,non_existent,non_existent,non_existent,non_existent,non_existent,non_existent,non_existent,non_existent,non_existent,non_existent,non_existent,non_existent,non_existent,
NN,H,23,Mid,large,4,b,NA,NA,NA,non_existent,non_existent,non_existent,non_existent,non_existent,empty,no_visit,empty,empty,empty,empty,no_visit,empty,empty,empty,empty,empty,empty,no_visit,empty,empty,empty,no_visit,empty,empty,empty,no_visit,empty,no_visit,empty,no_visit,empty,empty,no_visit,empty,empty,empty,no_visit,empty,non_existent,non_existent,non_existent,non_existent,non_existent,non_existent,non_existent,non_existent,non_existent,non_existent,non_existent,non_existent,non_existent,
NN,H,23,Mid,small,5,a,NA,NA,wasp,non_existent,empty,empty,empty,empty,empty,no_visit,empty,empty,empty,empty,no_visit,empty,empty,empty,empty,empty,empty,no_visit,empty,empty,empty,no_visit,empty,empty,empty,no_visit,empty,no_visit,empty,no_visit,empty,empty,no_visit,non-target nest completed ,non_existent,non_existent,no_visit,non_existent,non_existent,non_existent,non_existent,non_existent,non_existent,non_existent,non_existent,non_existent,non_existent,non_existent,non_existent,non_existent,non_existent,
NN,H,23,Mid,small,5,b,NA,NA,NA,non_existent,non_existent,non_existent,non_existent,non_existent,non_existent,no_visit,non_existent,non_existent,non_existent,non_existent,no_visit,non_existent,non_existent,non_existent,non_existent,non_existent,non_existent,no_visit,non_existent,non_existent,non_existent,no_visit,non_existent,non_existent,non_existent,no_visit,non_existent,no_visit,non_existent,no_visit,non_existent,non_existent,no_visit,non_existent,empty,empty,no_visit,empty,non_existent,non_existent,non_existent,non_existent,non_existent,non_existent,non_existent,non_existent,non_existent,non_existent,non_existent,non_existent,non_existent,
NN,H,23,Mid,medium,6,a,NA,NA,wasp,non_existent,empty,empty,empty,empty,empty,no_visit,empty,empty,empty,empty,no_visit,empty,empty,empty,empty,empty,empty,no_visit,empty,empty,empty,no_visit,empty,empty,empty,no_visit,empty,no_visit,non-target cells,no_visit,no change,no change,no_visit,non-target nest completed ,non_existent,non_existent,no_visit,non_existent,non_existent,non_existent,non_existent,non_existent,non_existent,non_existent,non_existent,non_existent,non_existent,non_existent,non_existent,non_existent,non_existent,
NN,H,23,Mid,medium,6,b,NA,NA,wasp,non_existent,non_existent,non_existent,non_existent,non_existent,non_existent,no_visit,non_existent,non_existent,non_existent,non_existent,no_visit,non_existent,non_existent,non_existent,non_existent,non_existent,non_existent,no_visit,non_existent,non_existent,non_existent,no_visit,non_existent,non_existent,non_existent,no_visit,non_existent,no_visit,non_existent,no_visit,non_existent,non_existent,no_visit,non_existent,empty,non-target nest completed ,no_visit,non_existent,non_existent,non_existent,non_existent,non_existent,non_existent,non_existent,non_existent,non_existent,non_existent,non_existent,non_existent,non_existent,non_existent,
NN,H,23,Mid,medium,6,c,NA,NA,wasp,non_existent,non_existent,non_existent,non_existent,non_existent,non_existent,no_visit,non_existent,non_existent,non_existent,non_existent,no_visit,non_existent,non_existent,non_existent,non_existent,non_existent,non_existent,no_visit,non_existent,non_existent,non_existent,no_visit,non_existent,non_existent,non_existent,no_visit,non_existent,no_visit,non_existent,no_visit,non_existent,non_existent,no_visit,non_existent,non_existent,non_existent,no_visit,inner wall started,non_existent,non_existent,non_existent,non_existent,non_existent,non_existent,non_existent,non_existent,non_existent,non_existent,non_existent,non_existent,non_existent,
NN,H,23,Mid,small,7,a,NA,NA,NA,non_existent,pseudo,pseudo,pseudo,pseudo,pseudo,no_visit,pseudo,pseudo,pseudo,pseudo,no_visit,pseudo,pseudo,pseudo,pseudo,pseudo,pseudo,no_visit,pseudo,pseudo,pseudo,no_visit,pseudo,pseudo,pseudo,no_visit,pseudo,no_visit,pseudo,no_visit,pseudo,pseudo,no_visit,pseudo,pseudo,pseudo,no_visit,pseudo,non_existent,non_existent,non_existent,non_existent,non_existent,non_existent,non_existent,non_existent,non_existent,non_existent,non_existent,non_existent,non_existent,
NN,H,23,Mid,medium,8,a,NA,NA,wasp,non_existent,empty,empty,empty,empty,empty,no_visit,empty,empty,empty,empty,no_visit,empty,empty,empty,empty,empty,empty,no_visit,empty,empty,empty,no_visit,empty,empty,empty,no_visit,empty,no_visit,empty,no_visit,empty,empty,no_visit,non-target nest completed ,non_existent,non_existent,no_visit,non_existent,non_existent,non_existent,non_existent,non_existent,non_existent,non_existent,non_existent,non_existent,non_existent,non_existent,non_existent,non_existent,non_existent,
NN,H,23,Mid,medium,8,b,NA,NA,wasp,non_existent,non_existent,non_existent,non_existent,non_existent,non_existent,no_visit,non_existent,non_existent,non_existent,non_existent,no_visit,non_existent,non_existent,non_existent,non_existent,non_existent,non_existent,no_visit,non_existent,non_existent,non_existent,no_visit,non_existent,non_existent,non_existent,no_visit,non_existent,no_visit,non_existent,no_visit,non_existent,non_existent,no_visit,non_existent,empty,non-target nest completed ,no_visit,non_existent,non_existent,non_existent,non_existent,non_existent,non_existent,non_existent,non_existent,non_existent,non_existent,non_existent,non_existent,non_existent,non_existent,
NN,H,23,Mid,medium,8,c,NA,NA,wasp,non_existent,non_existent,non_existent,non_existent,non_existent,non_existent,no_visit,non_existent,non_existent,non_existent,non_existent,no_visit,non_existent,non_existent,non_existent,non_existent,non_existent,non_existent,no_visit,non_existent,non_existent,non_existent,no_visit,non_existent,non_existent,non_existent,no_visit,non_existent,no_visit,non_existent,no_visit,non_existent,non_existent,no_visit,non_existent,non_existent,non_existent,no_visit,non-target nest completed ,non_existent,non_existent,non_existent,non_existent,non_existent,non_existent,non_existent,non_existent,non_existent,non_existent,non_existent,non_existent,non_existent,
NN,H,23,Mid,small,9,a,NA,NA,NA,non_existent,pseudo,pseudo,pseudo,pseudo,pseudo,no_visit,pseudo,pseudo,pseudo,pseudo,no_visit,pseudo,pseudo,pseudo,pseudo,pseudo,pseudo,no_visit,pseudo,pseudo,pseudo,no_visit,pseudo,pseudo,pseudo,no_visit,pseudo,no_visit,pseudo,no_visit,pseudo,pseudo,no_visit,pseudo,pseudo,pseudo,no_visit,pseudo,non_existent,non_existent,non_existent,non_existent,non_existent,non_existent,non_existent,non_existent,non_existent,non_existent,non_existent,non_existent,non_existent,
NN,H,23,Mid,medium,10,a,NA,NA,NA,non_existent,pseudo,pseudo,pseudo,pseudo,pseudo,no_visit,pseudo,pseudo,pseudo,pseudo,no_visit,pseudo,pseudo,pseudo,pseudo,pseudo,pseudo,no_visit,pseudo,pseudo,pseudo,no_visit,pseudo,pseudo,pseudo,no_visit,pseudo,no_visit,pseudo,no_visit,pseudo,pseudo,no_visit,pseudo,pseudo,pseudo,no_visit,pseudo,non_existent,non_existent,non_existent,non_existent,non_existent,non_existent,non_existent,non_existent,non_existent,non_existent,non_existent,non_existent,non_existent,
NN,H,23,Mid,medium,11,a,NA,NA,wasp,non_existent,empty,empty,empty,empty,empty,no_visit,empty,empty,empty,empty,no_visit,empty,empty,empty,empty,empty,empty,no_visit,empty,empty,empty,no_visit,empty,empty,empty,no_visit,empty,no_visit,empty,no_visit,empty,empty,no_visit,non-target inner wall started,inner wall started,inner wall started,no_visit,empty,non_existent,non_existent,non_existent,non_existent,non_existent,non_existent,non_existent,non_existent,non_existent,non_existent,non_existent,non_existent,non_existent,
NN,H,23,Mid,small,12,a,NA,NA,wasp,non_existent,empty,empty,empty,empty,empty,no_visit,empty,empty,empty,empty,no_visit,empty,empty,empty,empty,empty,empty,no_visit,empty,empty,empty,no_visit,empty,empty,empty,no_visit,empty,no_visit,empty,no_visit,empty,empty,no_visit,non-target inner wall,no change,no change,no_visit,no change,non_existent,non_existent,non_existent,non_existent,non_existent,non_existent,non_existent,non_existent,non_existent,non_existent,non_existent,non_existent,non_existent,
NN,H,23,Mid,small,13,a,NA,NA,wasp,non_existent,empty,empty,empty,empty,empty,no_visit,empty,empty,empty,empty,no_visit,empty,empty,empty,empty,empty,empty,no_visit,empty,empty,empty,no_visit,empty,empty,empty,no_visit,empty,no_visit,empty,no_visit,empty,empty,no_visit,non-target nest completed ,non_existent,non_existent,no_visit,non_existent,non_existent,non_existent,non_existent,non_existent,non_existent,non_existent,non_existent,non_existent,non_existent,non_existent,non_existent,non_existent,non_existent,
NN,H,23,Mid,small,13,b,NA,NA,NA,non_existent,non_existent,non_existent,non_existent,non_existent,non_existent,no_visit,non_existent,non_existent,non_existent,non_existent,no_visit,non_existent,non_existent,non_existent,non_existent,non_existent,non_existent,no_visit,non_existent,non_existent,non_existent,no_visit,non_existent,non_existent,non_existent,no_visit,non_existent,no_visit,non_existent,no_visit,non_existent,non_existent,no_visit,non_existent,empty,empty,no_visit,empty,non_existent,non_existent,non_existent,non_existent,non_existent,non_existent,non_existent,non_existent,non_existent,non_existent,non_existent,non_existent,non_existent,
NN,H,23,Mid,small,14,a,NA,NA,wasp,non_existent,empty,empty,empty,empty,empty,no_visit,empty,empty,empty,empty,no_visit,empty,empty,empty,empty,empty,empty,no_visit,empty,empty,empty,no_visit,empty,empty,empty,no_visit,empty,no_visit,empty,no_visit,empty,empty,no_visit,non-target nest completed ,non_existent,non_existent,no_visit,non_existent,non_existent,non_existent,non_existent,non_existent,non_existent,non_existent,non_existent,non_existent,non_existent,non_existent,non_existent,non_existent,non_existent,
NN,H,23,Mid,small,14,b,NA,NA,NA,non_existent,non_existent,non_existent,non_existent,non_existent,non_existent,no_visit,non_existent,non_existent,non_existent,non_existent,no_visit,non_existent,non_existent,non_existent,non_existent,non_existent,non_existent,no_visit,non_existent,non_existent,non_existent,no_visit,non_existent,non_existent,non_existent,no_visit,non_existent,no_visit,non_existent,no_visit,non_existent,non_existent,no_visit,non_existent,empty,empty,no_visit,empty,non_existent,non_existent,non_existent,non_existent,non_existent,non_existent,non_existent,non_existent,non_existent,non_existent,non_existent,non_existent,non_existent,
NN,H,23,Mid,large,15,a,,,osmia,non_existent,empty,empty,empty,empty,empty,no_visit,empty,empty,empty,2 cells ,no_visit,1 cell,non_existent,non_existent,non_existent,non_existent,non_existent,no_visit,non_existent,non_existent,non_existent,no_visit,non_existent,non_existent,non_existent,no_visit,non_existent,no_visit,non_existent,no_visit,non_existent,non_existent,no_visit,non_existent,non_existent,non_existent,no_visit,non_existent,non_existent,non_existent,non_existent,non_existent,non_existent,non_existent,non_existent,non_existent,non_existent,non_existent,non_existent,non_existent,non_existent,
NN,H,23,Mid,large,15,b,NA,NA,NA,non_existent,non_existent,non_existent,non_existent,non_existent,non_existent,no_visit,non_existent,non_existent,non_existent,non_existent,no_visit,non_existent,pseudo,pseudo,pseudo,pseudo,pseudo,no_visit,pseudo,pseudo,pseudo,no_visit,pseudo,pseudo,pseudo,no_visit,pseudo,no_visit,pseudo,no_visit,pseudo,pseudo,no_visit,pseudo,pseudo,pseudo,no_visit,pseudo,non_existent,non_existent,non_existent,non_existent,non_existent,non_existent,non_existent,non_existent,non_existent,non_existent,non_existent,non_existent,non_existent,"probably had more cells on May 23, some were eaten "
NN,H,23,Mid,small,16,a,NA,NA,NA,non_existent,pseudo,pseudo,pseudo,pseudo,pseudo,no_visit,pseudo,pseudo,pseudo,pseudo,no_visit,pseudo,pseudo,pseudo,pseudo,pseudo,pseudo,no_visit,pseudo,pseudo,pseudo,no_visit,pseudo,pseudo,pseudo,no_visit,pseudo,no_visit,pseudo,no_visit,pseudo,pseudo,no_visit,pseudo,pseudo,pseudo,no_visit,pseudo,non_existent,non_existent,non_existent,non_existent,non_existent,non_existent,non_existent,non_existent,non_existent,non_existent,non_existent,non_existent,non_existent,
NN,H,23,Mid,small,17,a,NA,NA,wasp,non_existent,empty,empty,empty,empty,empty,no_visit,empty,empty,empty,empty,no_visit,empty,empty,empty,empty,empty,empty,no_visit,empty,empty,empty,no_visit,empty,empty,empty,no_visit,non-target cells,no_visit,non-target nest completed ,no_visit,non_existent,non_existent,no_visit,non_existent,non_existent,non_existent,no_visit,non_existent,non_existent,non_existent,non_existent,non_existent,non_existent,non_existent,non_existent,non_existent,non_existent,non_existent,non_existent,non_existent,non_existent,
NN,H,23,Mid,small,17,b,NA,NA,wasp,non_existent,non_existent,non_existent,non_existent,non_existent,non_existent,no_visit,non_existent,non_existent,non_existent,non_existent,no_visit,non_existent,non_existent,non_existent,non_existent,non_existent,non_existent,no_visit,non_existent,non_existent,non_existent,no_visit,non_existent,non_existent,non_existent,no_visit,non_existent,no_visit,non_existent,no_visit,empty,empty,no_visit,non-target nest completed ,non_existent,non_existent,no_visit,non_existent,non_existent,non_existent,non_existent,non_existent,non_existent,non_existent,non_existent,non_existent,non_existent,non_existent,non_existent,non_existent,non_existent,
NN,H,23,Mid,small,17,c,NA,NA,NA,non_existent,non_existent,non_existent,non_existent,non_existent,non_existent,no_visit,non_existent,non_existent,non_existent,non_existent,no_visit,non_existent,non_existent,non_existent,non_existent,non_existent,non_existent,no_visit,non_existent,non_existent,non_existent,no_visit,non_existent,non_existent,non_existent,no_visit,non_existent,no_visit,non_existent,no_visit,non_existent,non_existent,no_visit,non_existent,empty,empty,no_visit,empty,non_existent,non_existent,non_existent,non_existent,non_existent,non_existent,non_existent,non_existent,non_existent,non_existent,non_existent,non_existent,non_existent,
NN,H,23,Mid,medium,18,a,NA,NA,wasp,non_existent,empty,empty,empty,empty,empty,no_visit,empty,empty,empty,empty,no_visit,empty,empty,empty,empty,empty,empty,no_visit,empty,empty,empty,no_visit,empty,empty,empty,no_visit,empty,no_visit,empty,no_visit,empty,empty,no_visit,empty,empty,non-target nest completed ,no_visit,non_existent,non_existent,non_existent,non_existent,non_existent,non_existent,non_existent,non_existent,non_existent,non_existent,non_existent,non_existent,non_existent,non_existent,
NN,H,23,Mid,medium,18,b,NA,NA,NA,non_existent,non_existent,non_existent,non_existent,non_existent,non_existent,no_visit,non_existent,non_existent,non_existent,non_existent,no_visit,non_existent,non_existent,non_existent,non_existent,non_existent,non_existent,no_visit,non_existent,non_existent,non_existent,no_visit,non_existent,non_existent,non_existent,no_visit,non_existent,no_visit,non_existent,no_visit,non_existent,non_existent,no_visit,non_existent,non_existent,non_existent,no_visit,empty,non_existent,non_existent,non_existent,non_existent,non_existent,non_existent,non_existent,non_existent,non_existent,non_existent,non_existent,non_existent,non_existent,
NN,H,24,High,medium,1,a,NA,NA,wasp,non_existent,empty,empty,empty,empty,empty,no_visit,empty,empty,empty,empty,no_visit,empty,empty,empty,empty,empty,empty,no_visit,empty,empty,empty,no_visit,empty,empty,empty,no_visit,empty,no_visit,empty,no_visit,empty,empty,no_visit,empty,empty,empty,no_visit,non-target cells ,non_existent,non_existent,non_existent,non_existent,non_existent,non_existent,non_existent,non_existent,non_existent,non_existent,non_existent,non_existent,non_existent,
NN,H,24,High,small,2,a,138.64,48.72,osmia,non_existent,empty,empty,empty,empty,empty,no_visit,empty,empty,empty,empty,no_visit,empty,empty,empty,empty,empty,empty,no_visit,5 cells,no change,1 cell,no_visit,no change,end cap,no change,no_visit,no change,no_visit,no change,no_visit,no change,no change,no_visit,no change,no change,no change,no_visit,no change,non_existent,non_existent,non_existent,non_existent,non_existent,non_existent,non_existent,non_existent,non_existent,non_existent,non_existent,non_existent,non_existent,
NN,H,24,High,small,3,a,NA,NA,NA,non_existent,pseudo,pseudo,pseudo,pseudo,pseudo,no_visit,pseudo,pseudo,pseudo,pseudo,no_visit,pseudo,pseudo,pseudo,pseudo,pseudo,pseudo,no_visit,pseudo,non_existent,non_existent,no_visit,non_existent,non_existent,non_existent,no_visit,non_existent,no_visit,non_existent,no_visit,non_existent,non_existent,no_visit,non_existent,non_existent,non_existent,no_visit,non_existent,non_existent,non_existent,non_existent,non_existent,non_existent,non_existent,non_existent,non_existent,non_existent,non_existent,non_existent,non_existent,non_existent,
NN,H,24,High,small,3,b,137.27,28.02,osmia,non_existent,non_existent,non_existent,non_existent,non_existent,non_existent,no_visit,non_existent,non_existent,non_existent,non_existent,no_visit,non_existent,non_existent,non_existent,non_existent,non_existent,non_existent,no_visit,non_existent,empty,empty,no_visit,empty,empty,empty,no_visit,empty,no_visit,1 cell,no_visit,2 cells,no change,no_visit,end cap,no change,no change,no_visit,no change,non_existent,non_existent,non_existent,non_existent,non_existent,non_existent,non_existent,non_existent,non_existent,non_existent,non_existent,non_existent,non_existent,
NN,H,24,High,medium,4,a,NA,NA,NA,non_existent,pseudo,pseudo,pseudo,pseudo,pseudo,no_visit,pseudo,pseudo,pseudo,pseudo,no_visit,pseudo,pseudo,pseudo,pseudo,pseudo,pseudo,no_visit,pseudo,pseudo,pseudo,no_visit,pseudo,pseudo,pseudo,no_visit,pseudo,no_visit,pseudo,no_visit,pseudo,pseudo,no_visit,pseudo,pseudo,pseudo,no_visit,pseudo,non_existent,non_existent,non_existent,non_existent,non_existent,non_existent,non_existent,non_existent,non_existent,non_existent,non_existent,non_existent,non_existent,
NN,H,24,High,large,5,a,NA,NA,NA,non_existent,pseudo,pseudo,pseudo,pseudo,non_existent,no_visit,non_existent,non_existent,non_existent,non_existent,no_visit,non_existent,non_existent,non_existent,non_existent,non_existent,non_existent,no_visit,non_existent,non_existent,non_existent,no_visit,non_existent,non_existent,non_existent,no_visit,non_existent,no_visit,non_existent,no_visit,non_existent,non_existent,no_visit,non_existent,non_existent,non_existent,no_visit,non_existent,non_existent,non_existent,non_existent,non_existent,non_existent,non_existent,non_existent,non_existent,non_existent,non_existent,non_existent,non_existent,non_existent,
NN,H,24,High,large,5,b,NA,NA,wasp,non_existent,non_existent,non_existent,non_existent,non_existent,empty,no_visit,empty,empty,empty,empty,no_visit,empty,empty,empty,empty,empty,empty,no_visit,empty,empty,empty,no_visit,empty,empty,empty,no_visit,empty,no_visit,empty,no_visit,empty,empty,no_visit,non-target cells,no change,non-target cells,no_visit,no change,non_existent,non_existent,non_existent,non_existent,non_existent,non_existent,non_existent,non_existent,non_existent,non_existent,non_existent,non_existent,non_existent,
NN,H,24,High,small,6,a,NA,NA,NA,non_existent,pseudo,pseudo,pseudo,pseudo,pseudo,no_visit,pseudo,pseudo,pseudo,pseudo,no_visit,pseudo,pseudo,pseudo,pseudo,pseudo,pseudo,no_visit,pseudo,non_existent,non_existent,no_visit,non_existent,non_existent,non_existent,no_visit,non_existent,no_visit,non_existent,no_visit,non_existent,non_existent,no_visit,non_existent,non_existent,non_existent,no_visit,non_existent,non_existent,non_existent,non_existent,non_existent,non_existent,non_existent,non_existent,non_existent,non_existent,non_existent,non_existent,non_existent,non_existent,
NN,H,24,High,small,6,b,143.15,8.82,resin bee,non_existent,non_existent,non_existent,non_existent,non_existent,non_existent,no_visit,non_existent,non_existent,non_existent,non_existent,no_visit,non_existent,non_existent,non_existent,non_existent,non_existent,non_existent,no_visit,non_existent,empty,empty,no_visit,empty,empty,empty,no_visit,empty,no_visit,empty,no_visit,empty,empty,no_visit,inner wall started,inner wall started,inner wall started,no_visit,inner wall started,non_existent,non_existent,non_existent,non_existent,non_existent,non_existent,non_existent,non_existent,non_existent,non_existent,non_existent,non_existent,non_existent,
NN,H,24,High,small,7,a,NA,NA,NA,non_existent,pseudo,pseudo,pseudo,pseudo,pseudo,no_visit,pseudo,pseudo,pseudo,pseudo,no_visit,pseudo,pseudo,pseudo,pseudo,pseudo,non_existent,no_visit,non_existent,non_existent,non_existent,no_visit,non_existent,non_existent,non_existent,no_visit,non_existent,no_visit,non_existent,no_visit,non_existent,non_existent,no_visit,non_existent,non_existent,non_existent,no_visit,non_existent,non_existent,non_existent,non_existent,non_existent,non_existent,non_existent,non_existent,non_existent,non_existent,non_existent,non_existent,non_existent,non_existent,
NN,H,24,High,small,7,b,140.17,70.92,osmia,non_existent,non_existent,non_existent,non_existent,non_existent,non_existent,no_visit,non_existent,non_existent,non_existent,non_existent,no_visit,non_existent,non_existent,non_existent,non_existent,non_existent,3 cells,no_visit,5 cells,no change,end cap,no_visit,no change,no change,no change,no_visit,no change,no_visit,no change,no_visit,no change,no change,no_visit,no change,no change,no change,no_visit,no change,non_existent,non_existent,non_existent,non_existent,non_existent,non_existent,non_existent,non_existent,non_existent,non_existent,non_existent,non_existent,non_existent,
NN,H,24,High,medium,8,a,NA,NA,NA,non_existent,pseudo,pseudo,pseudo,pseudo,pseudo,no_visit,pseudo,pseudo,pseudo,pseudo,no_visit,pseudo,pseudo,pseudo,pseudo,pseudo,pseudo,no_visit,pseudo,pseudo,pseudo,no_visit,pseudo,pseudo,pseudo,no_visit,pseudo,no_visit,pseudo,no_visit,pseudo,pseudo,no_visit,pseudo,pseudo,pseudo,no_visit,pseudo,non_existent,non_existent,non_existent,non_existent,non_existent,non_existent,non_existent,non_existent,non_existent,non_existent,non_existent,non_existent,non_existent,
NN,H,24,High,small,9,a,,,osmia,non_existent,empty,empty,empty,empty,empty,no_visit,empty,empty,empty,empty,no_visit,empty,empty,empty,empty,2 cells ,no change,no_visit,non_existent,non_existent,non_existent,no_visit,non_existent,non_existent,non_existent,no_visit,non_existent,no_visit,non_existent,no_visit,non_existent,non_existent,no_visit,non_existent,non_existent,non_existent,no_visit,non_existent,non_existent,non_existent,non_existent,non_existent,non_existent,non_existent,non_existent,non_existent,non_existent,non_existent,non_existent,non_existent,non_existent,bird attack?
NN,H,24,High,small,9,b,NA,NA,NA,non_existent,non_existent,non_existent,non_existent,non_existent,non_existent,no_visit,non_existent,non_existent,non_existent,non_existent,no_visit,non_existent,non_existent,non_existent,non_existent,non_existent,non_existent,no_visit,pseudo,pseudo,pseudo,no_visit,pseudo,pseudo,pseudo,no_visit,pseudo,no_visit,pseudo,no_visit,pseudo,pseudo,no_visit,pseudo,non_existent,non_existent,no_visit,non_existent,non_existent,non_existent,non_existent,non_existent,non_existent,non_existent,non_existent,non_existent,non_existent,non_existent,non_existent,non_existent,non_existent,
NN,H,24,High,small,9,c,NA,NA,NA,non_existent,non_existent,non_existent,non_existent,non_existent,non_existent,no_visit,non_existent,non_existent,non_existent,non_existent,no_visit,non_existent,non_existent,non_existent,non_existent,non_existent,non_existent,no_visit,non_existent,non_existent,non_existent,no_visit,non_existent,non_existent,non_existent,no_visit,non_existent,no_visit,non_existent,no_visit,non_existent,non_existent,no_visit,non_existent,empty,empty,no_visit,empty,non_existent,non_existent,non_existent,non_existent,non_existent,non_existent,non_existent,non_existent,non_existent,non_existent,non_existent,non_existent,non_existent,
NN,H,24,High,small,10,a,143.1,26.42,osmia,non_existent,empty,empty,empty,empty,empty,no_visit,empty,empty,empty,empty,no_visit,empty,empty,empty,empty,empty,empty,no_visit,empty,empty,1 cell,no_visit,no change,1 cell,no change,no_visit,1 cell,no_visit,no change,no_visit,end cap,no change,no_visit,no change,no change,no change,no_visit,no change,non_existent,non_existent,non_existent,non_existent,non_existent,non_existent,non_existent,non_existent,non_existent,non_existent,non_existent,non_existent,non_existent,
NN,H,24,High,medium,11,a,NA,NA,NA,non_existent,pseudo,pseudo,pseudo,pseudo,pseudo,no_visit,pseudo,pseudo,pseudo,pseudo,no_visit,pseudo,pseudo,pseudo,pseudo,pseudo,pseudo,no_visit,pseudo,pseudo,pseudo,no_visit,pseudo,pseudo,pseudo,no_visit,pseudo,no_visit,pseudo,no_visit,pseudo,pseudo,no_visit,pseudo,pseudo,pseudo,no_visit,pseudo,non_existent,non_existent,non_existent,non_existent,non_existent,non_existent,non_existent,non_existent,non_existent,non_existent,non_existent,non_existent,non_existent,
NN,H,24,High,small,12,a,144.44,11.84,osmia,non_existent,empty,empty,empty,empty,empty,no_visit,empty,empty,empty,empty,no_visit,empty,empty,empty,empty,empty,empty,no_visit,empty,empty,empty,no_visit,empty,empty,empty,no_visit,empty,no_visit,empty,no_visit,empty,empty,no_visit,2 cells + end cap,no change,no change,no_visit,no change,non_existent,non_existent,non_existent,non_existent,non_existent,non_existent,non_existent,non_existent,non_existent,non_existent,non_existent,non_existent,non_existent,
NN,H,24,High,medium,13,a,NA,NA,NA,non_existent,pseudo,pseudo,pseudo,pseudo,pseudo,no_visit,pseudo,pseudo,pseudo,pseudo,no_visit,pseudo,pseudo,pseudo,pseudo,pseudo,pseudo,no_visit,pseudo,pseudo,pseudo,no_visit,pseudo,pseudo,pseudo,no_visit,pseudo,no_visit,pseudo,no_visit,pseudo,pseudo,no_visit,pseudo,pseudo,pseudo,no_visit,pseudo,non_existent,non_existent,non_existent,non_existent,non_existent,non_existent,non_existent,non_existent,non_existent,non_existent,non_existent,non_existent,non_existent,
NN,H,24,High,small,14,a,NA,NA,NA,non_existent,pseudo,pseudo,pseudo,pseudo,pseudo,no_visit,pseudo,pseudo,pseudo,pseudo,no_visit,pseudo,pseudo,pseudo,pseudo,pseudo,pseudo,no_visit,pseudo,pseudo,pseudo,no_visit,pseudo,pseudo,pseudo,no_visit,pseudo,no_visit,pseudo,no_visit,pseudo,pseudo,no_visit,pseudo,pseudo,pseudo,no_visit,pseudo,non_existent,non_existent,non_existent,non_existent,non_existent,non_existent,non_existent,non_existent,non_existent,non_existent,non_existent,non_existent,non_existent,
NN,H,24,High,large,15,a,,,osmia,non_existent,empty,empty,empty,empty,empty,no_visit,empty,empty,empty,2 cells,no_visit,no change,no change,non_existent,non_existent,non_existent,non_existent,no_visit,non_existent,non_existent,non_existent,no_visit,non_existent,non_existent,non_existent,no_visit,non_existent,no_visit,non_existent,no_visit,non_existent,non_existent,no_visit,non_existent,non_existent,non_existent,no_visit,non_existent,non_existent,non_existent,non_existent,non_existent,non_existent,non_existent,non_existent,non_existent,non_existent,non_existent,non_existent,non_existent,non_existent,bird attack
NN,H,24,High,large,15,b,NA,NA,NA,non_existent,non_existent,non_existent,non_existent,non_existent,non_existent,no_visit,non_existent,non_existent,non_existent,non_existent,no_visit,non_existent,non_existent,pseudo,pseudo,pseudo,pseudo,no_visit,pseudo,pseudo,pseudo,no_visit,pseudo,pseudo,pseudo,no_visit,pseudo,no_visit,pseudo,no_visit,pseudo,pseudo,no_visit,pseudo,pseudo,pseudo,no_visit,pseudo,non_existent,non_existent,non_existent,non_existent,non_existent,non_existent,non_existent,non_existent,non_existent,non_existent,non_existent,non_existent,non_existent,
NN,H,24,High,small,16,a,NA,NA,NA,non_existent,pseudo,pseudo,pseudo,pseudo,pseudo,no_visit,pseudo,pseudo,pseudo,pseudo,no_visit,pseudo,pseudo,pseudo,pseudo,pseudo,pseudo,no_visit,pseudo,pseudo,pseudo,no_visit,pseudo,pseudo,pseudo,no_visit,pseudo,no_visit,pseudo,no_visit,pseudo,pseudo,no_visit,pseudo,pseudo,pseudo,no_visit,pseudo,non_existent,non_existent,non_existent,non_existent,non_existent,non_existent,non_existent,non_existent,non_existent,non_existent,non_existent,non_existent,non_existent,
NN,H,24,High,small,17,a,NA,NA,NA,non_existent,pseudo,pseudo,pseudo,pseudo,pseudo,no_visit,pseudo,pseudo,pseudo,pseudo,no_visit,pseudo,pseudo,pseudo,pseudo,pseudo,pseudo,no_visit,non_existent,non_existent,non_existent,no_visit,non_existent,non_existent,non_existent,no_visit,non_existent,no_visit,non_existent,no_visit,non_existent,non_existent,no_visit,non_existent,non_existent,non_existent,no_visit,non_existent,non_existent,non_existent,non_existent,non_existent,non_existent,non_existent,non_existent,non_existent,non_existent,non_existent,non_existent,non_existent,non_existent,
NN,H,24,High,small,17,b,NA,NA,wasp,non_existent,non_existent,non_existent,non_existent,non_existent,non_existent,no_visit,non_existent,non_existent,non_existent,non_existent,no_visit,non_existent,non_existent,non_existent,non_existent,non_existent,non_existent,no_visit,empty,empty,empty,no_visit,empty,non-target cells,no change,no_visit,non-target nest completed ,no_visit,non_existent,no_visit,non_existent,non_existent,no_visit,non_existent,non_existent,non_existent,no_visit,non_existent,non_existent,non_existent,non_existent,non_existent,non_existent,non_existent,non_existent,non_existent,non_existent,non_existent,non_existent,non_existent,non_existent,
NN,H,24,High,small,17,c,NA,NA,NA,non_existent,non_existent,non_existent,non_existent,non_existent,non_existent,no_visit,non_existent,non_existent,non_existent,non_existent,no_visit,non_existent,non_existent,non_existent,non_existent,non_existent,non_existent,no_visit,non_existent,non_existent,non_existent,no_visit,non_existent,non_existent,non_existent,no_visit,non_existent,no_visit,empty,no_visit,empty,empty,no_visit,empty,empty,empty,no_visit,empty,non_existent,non_existent,non_existent,non_existent,non_existent,non_existent,non_existent,non_existent,non_existent,non_existent,non_existent,non_existent,non_existent,
NN,H,24,High,medium,18,a,NA,NA,osmia,non_existent,empty,empty,empty,empty,empty,no_visit,empty,empty,empty,empty,no_visit,inner wall,no change,empty,non_existent,non_existent,non_existent,no_visit,non_existent,non_existent,non_existent,no_visit,non_existent,non_existent,non_existent,no_visit,non_existent,no_visit,non_existent,no_visit,non_existent,non_existent,no_visit,non_existent,non_existent,non_existent,no_visit,non_existent,non_existent,non_existent,non_existent,non_existent,non_existent,non_existent,non_existent,non_existent,non_existent,non_existent,non_existent,non_existent,non_existent,bird attack
NN,H,24,High,medium,18,b,NA,NA,wasp,non_existent,non_existent,non_existent,non_existent,non_existent,non_existent,no_visit,non_existent,non_existent,non_existent,non_existent,no_visit,non_existent,non_existent,non_existent,empty,empty,empty,no_visit,empty,empty,empty,no_visit,empty,empty,empty,no_visit,empty,no_visit,non-target nest completed ,no_visit,non_existent,non_existent,no_visit,non_existent,non_existent,non_existent,no_visit,non_existent,non_existent,non_existent,non_existent,non_existent,non_existent,non_existent,non_existent,non_existent,non_existent,non_existent,non_existent,non_existent,non_existent,
NN,H,24,High,medium,18,c,NA,NA,NA,non_existent,non_existent,non_existent,non_existent,non_existent,non_existent,no_visit,non_existent,non_existent,non_existent,non_existent,no_visit,non_existent,non_existent,non_existent,non_existent,non_existent,non_existent,no_visit,non_existent,non_existent,non_existent,no_visit,non_existent,non_existent,non_existent,no_visit,non_existent,no_visit,non_existent,no_visit,empty,empty,no_visit,empty,empty,empty,no_visit,empty,non_existent,non_existent,non_existent,non_existent,non_existent,non_existent,non_existent,non_existent,non_existent,non_existent,non_existent,non_existent,non_existent,
NN,I,25,Low,small,1,a,149.61,59.44,osmia,non_existent,empty,empty,empty,empty,empty,no_visit,empty,empty,empty,empty,no_visit,empty,empty,empty,empty,inner wall,6 cells,no_visit,2 cells + end cap,non_existent,non_existent,no_visit,non_existent,non_existent,non_existent,no_visit,non_existent,no_visit,non_existent,no_visit,non_existent,non_existent,no_visit,non_existent,non_existent,non_existent,no_visit,non_existent,non_existent,non_existent,non_existent,non_existent,non_existent,non_existent,non_existent,non_existent,non_existent,non_existent,non_existent,non_existent,non_existent,
NN,I,25,Low,small,1,b,143.46,37.62,osmia,non_existent,non_existent,non_existent,non_existent,non_existent,non_existent,no_visit,non_existent,non_existent,non_existent,non_existent,no_visit,non_existent,non_existent,non_existent,non_existent,non_existent,non_existent,no_visit,non_existent,empty,empty,no_visit,empty,empty,empty,no_visit,1 cell,no_visit,no change,no_visit,end cap ,non_existent,no_visit,non_existent,non_existent,non_existent,no_visit,non_existent,non_existent,non_existent,non_existent,non_existent,non_existent,non_existent,non_existent,non_existent,non_existent,non_existent,non_existent,non_existent,non_existent,
NN,I,25,Low,small,1,c,NA,NA,wasp,non_existent,non_existent,non_existent,non_existent,non_existent,non_existent,no_visit,non_existent,non_existent,non_existent,non_existent,no_visit,non_existent,non_existent,non_existent,non_existent,non_existent,non_existent,no_visit,non_existent,non_existent,non_existent,no_visit,non_existent,non_existent,non_existent,no_visit,non_existent,no_visit,non_existent,no_visit,non_existent,empty,no_visit,non-target inner wall started,inner wall started,inner wall started,no_visit,inner wall started,non_existent,non_existent,non_existent,non_existent,non_existent,non_existent,non_existent,non_existent,non_existent,non_existent,non_existent,non_existent,non_existent,
NN,I,25,Low,small,3,a,111.2,111.2,osmia,non_existent,empty,empty,empty,empty,empty,no_visit,empty,empty,empty,empty,no_visit,empty,empty,empty,3 cells ,4 cells,4 cells,no_visit,1 cell + end cap,non_existent,non_existent,no_visit,non_existent,non_existent,non_existent,no_visit,non_existent,no_visit,non_existent,no_visit,non_existent,non_existent,no_visit,non_existent,non_existent,non_existent,no_visit,non_existent,non_existent,non_existent,non_existent,non_existent,non_existent,non_existent,non_existent,non_existent,non_existent,non_existent,non_existent,non_existent,non_existent,
NN,I,25,Low,small,3,b,140.64,20.96,osmia,non_existent,non_existent,non_existent,non_existent,non_existent,non_existent,no_visit,non_existent,non_existent,non_existent,non_existent,no_visit,non_existent,non_existent,non_existent,non_existent,non_existent,non_existent,no_visit,non_existent,empty,empty,no_visit,empty,empty,empty,no_visit,2 cells ,no_visit,end cap,no_visit,non_existent,non_existent,no_visit,non_existent,non_existent,non_existent,no_visit,non_existent,non_existent,non_existent,non_existent,non_existent,non_existent,non_existent,non_existent,non_existent,non_existent,non_existent,non_existent,non_existent,non_existent,
NN,I,25,Low,small,3,c,134.1,5.21,osmia,non_existent,non_existent,non_existent,non_existent,non_existent,non_existent,no_visit,non_existent,non_existent,non_existent,non_existent,no_visit,non_existent,non_existent,non_existent,non_existent,non_existent,non_existent,no_visit,non_existent,non_existent,non_existent,no_visit,non_existent,non_existent,non_existent,no_visit,non_existent,no_visit,non_existent,no_visit,1 cell,no change,no_visit,no change,no change,no change,no_visit,non_existent,non_existent,non_existent,non_existent,non_existent,non_existent,non_existent,non_existent,non_existent,non_existent,non_existent,non_existent,non_existent,non_existent,
NN,I,25,Low,small,3,d,NA,NA,NA,non_existent,non_existent,non_existent,non_existent,non_existent,non_existent,no_visit,non_existent,non_existent,non_existent,non_existent,no_visit,non_existent,non_existent,non_existent,non_existent,non_existent,non_existent,no_visit,non_existent,non_existent,non_existent,no_visit,non_existent,non_existent,non_existent,no_visit,non_existent,no_visit,non_existent,no_visit,non_existent,non_existent,no_visit,non_existent,non_existent,non_existent,no_visit,empty,non_existent,non_existent,non_existent,non_existent,non_existent,non_existent,non_existent,non_existent,non_existent,non_existent,non_existent,non_existent,non_existent,
NN,I,25,Low,small,4,a,148.66,50.46,osmia,non_existent,empty,empty,empty,empty,empty,no_visit,empty,empty,empty,empty,no_visit,empty,empty,empty,empty,empty,1 cell,no_visit,6 cells + end cap ,non_existent,non_existent,no_visit,non_existent,non_existent,non_existent,no_visit,non_existent,no_visit,non_existent,no_visit,non_existent,non_existent,no_visit,non_existent,non_existent,non_existent,no_visit,non_existent,non_existent,non_existent,non_existent,non_existent,non_existent,non_existent,non_existent,non_existent,non_existent,non_existent,non_existent,non_existent,non_existent,
NN,I,25,Low,small,4,b,142.81,20.99,osmia,non_existent,non_existent,non_existent,non_existent,non_existent,non_existent,no_visit,non_existent,non_existent,non_existent,non_existent,no_visit,non_existent,non_existent,non_existent,non_existent,non_existent,non_existent,no_visit,non_existent,empty,empty,no_visit,empty,empty,empty,no_visit,1 cell,no_visit,1 cell,no_visit,end cap,no change,no_visit,no change,no change,no change,no_visit,no change,non_existent,non_existent,non_existent,non_existent,non_existent,non_existent,non_existent,non_existent,non_existent,non_existent,non_existent,non_existent,non_existent,
NN,I,25,Low,small,6,a,151.74,119.74,osmia,non_existent,empty,empty,empty,empty,empty,no_visit,empty,empty,empty,empty,no_visit,empty,empty,empty,7 cells,6 cells,3 cells + end cap,no_visit,non_existent,non_existent,non_existent,no_visit,non_existent,non_existent,non_existent,no_visit,non_existent,no_visit,non_existent,no_visit,non_existent,non_existent,no_visit,non_existent,non_existent,non_existent,no_visit,non_existent,non_existent,non_existent,non_existent,non_existent,non_existent,non_existent,non_existent,non_existent,non_existent,non_existent,non_existent,non_existent,non_existent,
NN,I,25,Low,small,6,b,136.32,58.79,osmia,non_existent,non_existent,non_existent,non_existent,non_existent,non_existent,no_visit,non_existent,non_existent,non_existent,non_existent,no_visit,non_existent,non_existent,non_existent,non_existent,non_existent,non_existent,no_visit,1 cell,no change,4 cells,no_visit,no change,3 cells,no change,no_visit,end cap ,no_visit,non_existent,no_visit,non_existent,non_existent,no_visit,non_existent,non_existent,non_existent,no_visit,non_existent,non_existent,non_existent,non_existent,non_existent,non_existent,non_existent,non_existent,non_existent,non_existent,non_existent,non_existent,non_existent,non_existent,
NN,I,25,Low,small,6,c,NA,NA,NA,non_existent,non_existent,non_existent,non_existent,non_existent,non_existent,no_visit,non_existent,non_existent,non_existent,non_existent,no_visit,non_existent,non_existent,non_existent,non_existent,non_existent,non_existent,no_visit,non_existent,non_existent,non_existent,no_visit,non_existent,non_existent,non_existent,no_visit,non_existent,no_visit,empty,no_visit,empty,empty,no_visit,empty,empty,empty,no_visit,empty,non_existent,non_existent,non_existent,non_existent,non_existent,non_existent,non_existent,non_existent,non_existent,non_existent,non_existent,non_existent,non_existent,
NN,I,25,Low,small,8,a,NA,NA,wasp ,non_existent,empty,empty,empty,empty,empty,no_visit,empty,empty,empty,empty,no_visit,empty,empty,empty,empty,empty,empty,no_visit,empty,empty,empty,no_visit,empty,empty,empty,no_visit,empty,no_visit,empty,no_visit,empty,empty,no_visit,non-target cells,no change,no change,no_visit,no change,non_existent,non_existent,non_existent,non_existent,non_existent,non_existent,non_existent,non_existent,non_existent,non_existent,non_existent,non_existent,non_existent,
NN,I,25,Low,small,11,a,148.7,88.22,osmia,non_existent,empty,empty,empty,empty,empty,no_visit,empty,empty,empty,empty,no_visit,empty,empty,empty,empty,empty,empty,no_visit,6 cells,no change,2 cells,no_visit,no change,1 cell + end cap,no change,no_visit,no change,no_visit,non_existent,no_visit,non_existent,non_existent,no_visit,non_existent,non_existent,non_existent,no_visit,non_existent,non_existent,non_existent,non_existent,non_existent,non_existent,non_existent,non_existent,non_existent,non_existent,non_existent,non_existent,non_existent,non_existent,
NN,I,25,Low,small,11,b,NA,NA,NA,non_existent,non_existent,non_existent,non_existent,non_existent,non_existent,no_visit,non_existent,non_existent,non_existent,non_existent,no_visit,non_existent,non_existent,non_existent,non_existent,non_existent,non_existent,no_visit,non_existent,non_existent,non_existent,no_visit,non_existent,non_existent,non_existent,no_visit,non_existent,no_visit,empty,no_visit,empty,empty,no_visit,empty,empty,empty,no_visit,empty,non_existent,non_existent,non_existent,non_existent,non_existent,non_existent,non_existent,non_existent,non_existent,non_existent,non_existent,non_existent,non_existent,
NN,I,25,Low,small,13,a,148.8,108.83,osmia,non_existent,empty,empty,empty,empty,empty,no_visit,empty,empty,empty,empty,no_visit,empty,empty,empty,3 cells,4 cells,4 cells,no_visit,end cap ,non_existent,non_existent,no_visit,non_existent,non_existent,non_existent,no_visit,non_existent,no_visit,non_existent,no_visit,non_existent,non_existent,no_visit,non_existent,non_existent,non_existent,no_visit,non_existent,non_existent,non_existent,non_existent,non_existent,non_existent,non_existent,non_existent,non_existent,non_existent,non_existent,non_existent,non_existent,non_existent,
NN,I,25,Low,small,13,b,NA,NA,NA,non_existent,non_existent,non_existent,non_existent,non_existent,non_existent,no_visit,non_existent,non_existent,non_existent,non_existent,no_visit,non_existent,non_existent,non_existent,non_existent,non_existent,non_existent,no_visit,non_existent,empty,empty,no_visit,empty,empty,empty,no_visit,empty,no_visit,empty,no_visit,empty,empty,no_visit,empty,empty,empty,no_visit,empty,non_existent,non_existent,non_existent,non_existent,non_existent,non_existent,non_existent,non_existent,non_existent,non_existent,non_existent,non_existent,non_existent,
NN,I,25,Low,large,15,a,NA,NA,wasp,non_existent,empty,empty,empty,empty,empty,no_visit,empty,empty,empty,empty,no_visit,empty,empty,empty,empty,empty,empty,no_visit,empty,empty,empty,no_visit,empty,empty,empty,no_visit,empty,no_visit,empty,no_visit,empty,empty,no_visit,empty,empty,non-target cells,no_visit,no change,non_existent,non_existent,non_existent,non_existent,non_existent,non_existent,non_existent,non_existent,non_existent,non_existent,non_existent,non_existent,non_existent,
NN,I,25,Low,small,16,a,143.66,74.15,osmia,non_existent,empty,empty,empty,empty,empty,no_visit,empty,empty,empty,empty,no_visit,empty,empty,empty,empty,empty,empty,no_visit,empty,empty,7 cells,no_visit,no change,end cap,non_existent,no_visit,non_existent,no_visit,non_existent,no_visit,non_existent,non_existent,no_visit,non_existent,non_existent,non_existent,no_visit,non_existent,non_existent,non_existent,non_existent,non_existent,non_existent,non_existent,non_existent,non_existent,non_existent,non_existent,non_existent,non_existent,non_existent,
NN,I,25,Low,small,16,b,NA,NA,NA,non_existent,non_existent,non_existent,non_existent,non_existent,non_existent,no_visit,non_existent,non_existent,non_existent,non_existent,no_visit,non_existent,non_existent,non_existent,non_existent,non_existent,non_existent,no_visit,non_existent,non_existent,non_existent,no_visit,non_existent,non_existent,empty,no_visit,empty,no_visit,empty,no_visit,empty,empty,no_visit,empty,empty,empty,no_visit,empty,non_existent,non_existent,non_existent,non_existent,non_existent,non_existent,non_existent,non_existent,non_existent,non_existent,non_existent,non_existent,non_existent,
NN,I,25,Low,small,17,a,NA,NA,wasp,non_existent,empty,empty,empty,empty,empty,no_visit,empty,empty,empty,empty,no_visit,empty,empty,empty,empty,empty,empty,no_visit,empty,empty,empty,no_visit,empty,empty,empty,no_visit,empty,no_visit,empty,no_visit,empty,empty,no_visit,empty,empty,non-target cells,no_visit,no change,non_existent,non_existent,non_existent,non_existent,non_existent,non_existent,non_existent,non_existent,non_existent,non_existent,non_existent,non_existent,non_existent,
NN,I,25,Low,medium,18,a,NA,NA,wasp,non_existent,empty,empty,empty,empty,empty,no_visit,empty,empty,empty,empty,no_visit,empty,empty,empty,empty,empty,empty,no_visit,empty,empty,empty,no_visit,empty,empty,empty,no_visit,empty,no_visit,empty,no_visit,empty,empty,no_visit,non-target cells ,no change,non-target nest completed ,no_visit,non_existent,non_existent,non_existent,non_existent,non_existent,non_existent,non_existent,non_existent,non_existent,non_existent,non_existent,non_existent,non_existent,non_existent,
NN,I,25,Low,medium,18,b,NA,NA,wasp,non_existent,non_existent,non_existent,non_existent,non_existent,non_existent,no_visit,non_existent,non_existent,non_existent,non_existent,no_visit,non_existent,non_existent,non_existent,non_existent,non_existent,non_existent,no_visit,non_existent,non_existent,non_existent,no_visit,non_existent,non_existent,non_existent,no_visit,non_existent,no_visit,non_existent,no_visit,non_existent,non_existent,no_visit,non_existent,non_existent,non_existent,no_visit,non-target cells ,non_existent,non_existent,non_existent,non_existent,non_existent,non_existent,non_existent,non_existent,non_existent,non_existent,non_existent,non_existent,non_existent,
NN,I,25,Low,medium,18,c,NA,NA,NA,non_existent,non_existent,non_existent,non_existent,non_existent,non_existent,no_visit,non_existent,non_existent,non_existent,non_existent,no_visit,non_existent,non_existent,non_existent,non_existent,non_existent,non_existent,no_visit,non_existent,non_existent,non_existent,no_visit,non_existent,non_existent,non_existent,no_visit,non_existent,no_visit,non_existent,no_visit,non_existent,non_existent,no_visit,non_existent,non_existent,non_existent,no_visit,non_existent,non_existent,non_existent,non_existent,non_existent,non_existent,non_existent,non_existent,non_existent,non_existent,non_existent,non_existent,non_existent,non_existent,
NN,I,26,Mid,medium,1,a,NA,NA,NA,non_existent,pseudo,pseudo,pseudo,pseudo,pseudo,no_visit,pseudo,pseudo,pseudo,pseudo,no_visit,pseudo,pseudo,pseudo,pseudo,pseudo,pseudo,no_visit,pseudo,pseudo,pseudo,no_visit,pseudo,pseudo,pseudo,no_visit,pseudo,no_visit,pseudo,no_visit,pseudo,pseudo,no_visit,pseudo,pseudo,pseudo,no_visit,pseudo,non_existent,non_existent,non_existent,non_existent,non_existent,non_existent,non_existent,non_existent,non_existent,non_existent,non_existent,non_existent,non_existent,"was a large pseudo before June 22, now a medium"
NN,I,26,Mid,small,3,a,NA,NA,NA,non_existent,pseudo,pseudo,pseudo,pseudo,pseudo,no_visit,pseudo,pseudo,pseudo,pseudo,no_visit,pseudo,pseudo,pseudo,pseudo,pseudo,pseudo,no_visit,pseudo,pseudo,pseudo,no_visit,pseudo,pseudo,pseudo,no_visit,pseudo,no_visit,pseudo,no_visit,pseudo,pseudo,no_visit,pseudo,pseudo,pseudo,no_visit,pseudo,non_existent,non_existent,non_existent,non_existent,non_existent,non_existent,non_existent,non_existent,non_existent,non_existent,non_existent,non_existent,non_existent,
NN,I,26,Mid,small,8,a,NA,NA,NA,non_existent,pseudo,pseudo,pseudo,pseudo,pseudo,no_visit,pseudo,pseudo,pseudo,pseudo,no_visit,pseudo,pseudo,pseudo,pseudo,pseudo,pseudo,no_visit,non_existent,non_existent,non_existent,no_visit,non_existent,non_existent,non_existent,no_visit,non_existent,no_visit,non_existent,no_visit,non_existent,non_existent,no_visit,non_existent,non_existent,non_existent,no_visit,non_existent,non_existent,non_existent,non_existent,non_existent,non_existent,non_existent,non_existent,non_existent,non_existent,non_existent,non_existent,non_existent,non_existent,
NN,I,26,Mid,small,8,b,NA,NA,NA,non_existent,non_existent,non_existent,non_existent,non_existent,non_existent,no_visit,non_existent,non_existent,non_existent,non_existent,no_visit,non_existent,non_existent,non_existent,non_existent,non_existent,non_existent,no_visit,empty,empty,empty,no_visit,empty,empty,empty,no_visit,empty,no_visit,empty,no_visit,empty,empty,no_visit,empty,empty,empty,no_visit,empty,non_existent,non_existent,non_existent,non_existent,non_existent,non_existent,non_existent,non_existent,non_existent,non_existent,non_existent,non_existent,non_existent,
NN,I,26,Mid,medium,10,a,NA,NA,osmia,non_existent,empty,empty,empty,empty,empty,no_visit,empty,empty,empty,1 cell,no_visit,no change,no change,non_existent,non_existent,non_existent,non_existent,no_visit,non_existent,non_existent,non_existent,no_visit,non_existent,non_existent,non_existent,no_visit,non_existent,no_visit,non_existent,no_visit,non_existent,non_existent,no_visit,non_existent,non_existent,non_existent,no_visit,non_existent,non_existent,non_existent,non_existent,non_existent,non_existent,non_existent,non_existent,non_existent,non_existent,non_existent,non_existent,non_existent,non_existent,
NN,I,26,Mid,medium,10,b,NA,NA,NA,non_existent,non_existent,non_existent,non_existent,non_existent,non_existent,no_visit,non_existent,non_existent,non_existent,non_existent,no_visit,non_existent,non_existent,pseudo,pseudo,pseudo,pseudo,no_visit,pseudo,pseudo,pseudo,no_visit,pseudo,pseudo,pseudo,no_visit,pseudo,no_visit,pseudo,no_visit,pseudo,pseudo,no_visit,pseudo,pseudo,pseudo,no_visit,pseudo,non_existent,non_existent,non_existent,non_existent,non_existent,non_existent,non_existent,non_existent,non_existent,non_existent,non_existent,non_existent,non_existent,
NN,I,26,Mid,medium,11,a,NA,NA,NA,non_existent,pseudo,pseudo,pseudo,pseudo,non_existent,no_visit,non_existent,non_existent,non_existent,non_existent,no_visit,non_existent,non_existent,non_existent,non_existent,non_existent,non_existent,no_visit,non_existent,non_existent,non_existent,no_visit,non_existent,non_existent,non_existent,no_visit,non_existent,no_visit,non_existent,no_visit,non_existent,non_existent,no_visit,non_existent,non_existent,non_existent,no_visit,non_existent,non_existent,non_existent,non_existent,non_existent,non_existent,non_existent,non_existent,non_existent,non_existent,non_existent,non_existent,non_existent,non_existent,
NN,I,26,Mid,medium,11,b,NA,NA,NA,non_existent,non_existent,non_existent,non_existent,non_existent,empty,no_visit,empty,empty,empty,empty,no_visit,empty,empty,empty,empty,empty,empty,no_visit,empty,empty,empty,no_visit,empty,empty,empty,no_visit,empty,no_visit,empty,no_visit,empty,empty,no_visit,empty,empty,empty,no_visit,empty,non_existent,non_existent,non_existent,non_existent,non_existent,non_existent,non_existent,non_existent,non_existent,non_existent,non_existent,non_existent,non_existent,
NN,I,26,Mid,small,12,a,NA,NA,wasp,non_existent,empty,empty,empty,empty,empty,no_visit,empty,empty,empty,empty,no_visit,empty,empty,empty,empty,empty,empty,no_visit,non-target completed ,non_existent,non_existent,no_visit,non_existent,non_existent,non_existent,no_visit,non_existent,no_visit,non_existent,no_visit,non_existent,non_existent,no_visit,non_existent,non_existent,non_existent,no_visit,non_existent,non_existent,non_existent,non_existent,non_existent,non_existent,non_existent,non_existent,non_existent,non_existent,non_existent,non_existent,non_existent,non_existent,
NN,I,26,Mid,small,12,b,NA,NA,wasp,non_existent,non_existent,non_existent,non_existent,non_existent,non_existent,no_visit,non_existent,non_existent,non_existent,non_existent,no_visit,non_existent,non_existent,non_existent,non_existent,non_existent,non_existent,no_visit,non_existent,empty,empty,no_visit,empty,non-target cells,no change,no_visit,non-target nest completed ,no_visit,non_existent,no_visit,non_existent,non_existent,no_visit,non_existent,non_existent,non_existent,no_visit,non_existent,non_existent,non_existent,non_existent,non_existent,non_existent,non_existent,non_existent,non_existent,non_existent,non_existent,non_existent,non_existent,non_existent,
NN,I,26,Mid,small,12,c,NA,NA,wasp,non_existent,non_existent,non_existent,non_existent,non_existent,non_existent,no_visit,non_existent,non_existent,non_existent,non_existent,no_visit,non_existent,non_existent,non_existent,non_existent,non_existent,non_existent,no_visit,non_existent,non_existent,non_existent,no_visit,non_existent,non_existent,non_existent,no_visit,non_existent,no_visit,non-target nest completed ,no_visit,no change,non_existent,no_visit,non_existent,non_existent,non_existent,no_visit,non_existent,non_existent,non_existent,non_existent,non_existent,non_existent,non_existent,non_existent,non_existent,non_existent,non_existent,non_existent,non_existent,non_existent,
NN,I,26,Mid,small,12,d,NA,NA,NA,non_existent,non_existent,non_existent,non_existent,non_existent,non_existent,no_visit,non_existent,non_existent,non_existent,non_existent,no_visit,non_existent,non_existent,non_existent,non_existent,non_existent,non_existent,no_visit,non_existent,non_existent,non_existent,no_visit,non_existent,non_existent,non_existent,no_visit,non_existent,no_visit,non_existent,no_visit,non_existent,empty,no_visit,empty,empty,empty,no_visit,empty,non_existent,non_existent,non_existent,non_existent,non_existent,non_existent,non_existent,non_existent,non_existent,non_existent,non_existent,non_existent,non_existent,
NN,I,26,Mid,small,13,a,NA,NA,wasp,non_existent,empty,empty,empty,empty,empty,no_visit,empty,empty,empty,empty,no_visit,empty,empty,empty,empty,empty,empty,no_visit,inner wall,no change,no change,no_visit,no change,no change,no change,no_visit,no change,no_visit,no change,no_visit,non_existent,non_existent,no_visit,non_existent,non_existent,non_existent,no_visit,non_existent,non_existent,non_existent,non_existent,non_existent,non_existent,non_existent,non_existent,non_existent,non_existent,non_existent,non_existent,non_existent,non_existent,
NN,I,26,Mid,small,13,b,NA,NA,wasp,non_existent,non_existent,non_existent,non_existent,non_existent,non_existent,no_visit,non_existent,non_existent,non_existent,non_existent,no_visit,non_existent,non_existent,non_existent,non_existent,non_existent,non_existent,no_visit,non_existent,non_existent,non_existent,no_visit,non_existent,non_existent,non_existent,no_visit,non_existent,no_visit,non_existent,no_visit,non-target nest completed ,non_existent,no_visit,non_existent,non_existent,non_existent,no_visit,non_existent,non_existent,non_existent,non_existent,non_existent,non_existent,non_existent,non_existent,non_existent,non_existent,non_existent,non_existent,non_existent,non_existent,
NN,I,26,Mid,small,13,c,NA,NA,NA,non_existent,non_existent,non_existent,non_existent,non_existent,non_existent,no_visit,non_existent,non_existent,non_existent,non_existent,no_visit,non_existent,non_existent,non_existent,non_existent,non_existent,non_existent,no_visit,non_existent,non_existent,non_existent,no_visit,non_existent,non_existent,non_existent,no_visit,non_existent,no_visit,non_existent,no_visit,non_existent,pseudo,no_visit,pseudo,pseudo,pseudo,no_visit,pseudo,non_existent,non_existent,non_existent,non_existent,non_existent,non_existent,non_existent,non_existent,non_existent,non_existent,non_existent,non_existent,non_existent,
NN,I,26,Mid,large,14,a,NA,NA,NA,non_existent,pseudo,pseudo,pseudo,pseudo,pseudo,no_visit,pseudo,pseudo,pseudo,pseudo,no_visit,pseudo,pseudo,pseudo,pseudo,pseudo,pseudo,no_visit,pseudo,pseudo,pseudo,no_visit,pseudo,pseudo,pseudo,no_visit,pseudo,no_visit,pseudo,no_visit,pseudo,pseudo,no_visit,pseudo,pseudo,pseudo,no_visit,pseudo,non_existent,non_existent,non_existent,non_existent,non_existent,non_existent,non_existent,non_existent,non_existent,non_existent,non_existent,non_existent,non_existent,
NN,I,26,Mid,small,15,a,NA,NA,wasp,non_existent,empty,empty,empty,empty,empty,no_visit,empty,empty,empty,empty,no_visit,empty,empty,empty,empty,empty,non-target cells,no_visit,non-target nest completed ,non_existent,non_existent,no_visit,non_existent,non_existent,non_existent,no_visit,non_existent,no_visit,non_existent,no_visit,non_existent,non_existent,no_visit,non_existent,non_existent,non_existent,no_visit,non_existent,non_existent,non_existent,non_existent,non_existent,non_existent,non_existent,non_existent,non_existent,non_existent,non_existent,non_existent,non_existent,non_existent,
NN,I,26,Mid,small,15,b,NA,NA,wasp,non_existent,non_existent,non_existent,non_existent,non_existent,non_existent,no_visit,non_existent,non_existent,non_existent,non_existent,no_visit,non_existent,non_existent,non_existent,non_existent,non_existent,non_existent,no_visit,non_existent,empty,non-target inner wall started,no_visit,inner wall started,inner wall started,inner wall started,no_visit,inner wall started,no_visit,non-target nest completed ,no_visit,non_existent,non_existent,no_visit,non_existent,non_existent,non_existent,no_visit,non_existent,non_existent,non_existent,non_existent,non_existent,non_existent,non_existent,non_existent,non_existent,non_existent,non_existent,non_existent,non_existent,non_existent,
NN,I,26,Mid,small,15,c,NA,NA,wasp,non_existent,non_existent,non_existent,non_existent,non_existent,non_existent,no_visit,non_existent,non_existent,non_existent,non_existent,no_visit,non_existent,non_existent,non_existent,non_existent,non_existent,non_existent,no_visit,non_existent,non_existent,non_existent,no_visit,non_existent,non_existent,non_existent,no_visit,non_existent,no_visit,non_existent,no_visit,empty,empty,no_visit,non-target inner wall started,inner wall started,inner wall started,no_visit,inner wall started,non_existent,non_existent,non_existent,non_existent,non_existent,non_existent,non_existent,non_existent,non_existent,non_existent,non_existent,non_existent,non_existent,
NN,I,26,Mid,small,16,a,NA,NA,wasp,non_existent,empty,empty,empty,empty,empty,no_visit,empty,empty,empty,empty,no_visit,empty,empty,empty,empty,empty,non-target nest completed ,no_visit,non_existent,non_existent,non_existent,no_visit,non_existent,non_existent,non_existent,no_visit,non_existent,no_visit,non_existent,no_visit,non_existent,non_existent,no_visit,non_existent,non_existent,non_existent,no_visit,non_existent,non_existent,non_existent,non_existent,non_existent,non_existent,non_existent,non_existent,non_existent,non_existent,non_existent,non_existent,non_existent,non_existent,
NN,I,26,Mid,small,16,b,NA,NA,NA,non_existent,non_existent,non_existent,non_existent,non_existent,non_existent,no_visit,non_existent,non_existent,non_existent,non_existent,no_visit,non_existent,non_existent,non_existent,non_existent,non_existent,non_existent,no_visit,pseudo,pseudo,pseudo,no_visit,non_existent,non_existent,non_existent,no_visit,non_existent,no_visit,non_existent,no_visit,non_existent,non_existent,no_visit,non_existent,non_existent,non_existent,no_visit,non_existent,non_existent,non_existent,non_existent,non_existent,non_existent,non_existent,non_existent,non_existent,non_existent,non_existent,non_existent,non_existent,non_existent,
NN,I,26,Mid,small,16,c,NA,NA,wasp,non_existent,non_existent,non_existent,non_existent,non_existent,non_existent,no_visit,non_existent,non_existent,non_existent,non_existent,no_visit,non_existent,non_existent,non_existent,non_existent,non_existent,non_existent,no_visit,non_existent,non_existent,non_existent,no_visit,empty,empty,empty,no_visit,non-target inner wall started,no_visit,non-target nest completed ,no_visit,non_existent,non_existent,no_visit,non_existent,non_existent,non_existent,no_visit,non_existent,non_existent,non_existent,non_existent,non_existent,non_existent,non_existent,non_existent,non_existent,non_existent,non_existent,non_existent,non_existent,non_existent,
NN,I,26,Mid,small,16,d,NA,NA,wasp,non_existent,non_existent,non_existent,non_existent,non_existent,non_existent,no_visit,non_existent,non_existent,non_existent,non_existent,no_visit,non_existent,non_existent,non_existent,non_existent,non_existent,non_existent,no_visit,non_existent,non_existent,non_existent,no_visit,non_existent,non_existent,non_existent,no_visit,non_existent,no_visit,non_existent,no_visit,empty,empty,no_visit,empty,empty,empty,no_visit,non-target inner wall,non_existent,non_existent,non_existent,non_existent,non_existent,non_existent,non_existent,non_existent,non_existent,non_existent,non_existent,non_existent,non_existent,
NN,I,26,Mid,small,18,a,NA,NA,NA,non_existent,pseudo,pseudo,pseudo,pseudo,pseudo,no_visit,pseudo,pseudo,pseudo,pseudo,no_visit,pseudo,pseudo,pseudo,pseudo,pseudo,pseudo,no_visit,non_existent,non_existent,non_existent,no_visit,non_existent,non_existent,non_existent,no_visit,non_existent,no_visit,non_existent,no_visit,non_existent,non_existent,no_visit,non_existent,non_existent,non_existent,no_visit,non_existent,non_existent,non_existent,non_existent,non_existent,non_existent,non_existent,non_existent,non_existent,non_existent,non_existent,non_existent,non_existent,non_existent,
NN,I,26,Mid,small,18,b,NA,NA,wasp,non_existent,non_existent,non_existent,non_existent,non_existent,non_existent,no_visit,non_existent,non_existent,non_existent,non_existent,no_visit,non_existent,non_existent,non_existent,non_existent,non_existent,non_existent,no_visit,non-target inner wall,no change,no change,no_visit,no change,no change,non_existent,no_visit,non_existent,no_visit,non_existent,no_visit,non_existent,non_existent,no_visit,non_existent,non_existent,non_existent,no_visit,non_existent,non_existent,non_existent,non_existent,non_existent,non_existent,non_existent,non_existent,non_existent,non_existent,non_existent,non_existent,non_existent,non_existent,
NN,I,26,Mid,small,18,c,NA,NA,NA,non_existent,non_existent,non_existent,non_existent,non_existent,non_existent,no_visit,non_existent,non_existent,non_existent,non_existent,no_visit,non_existent,non_existent,non_existent,non_existent,non_existent,non_existent,no_visit,non_existent,non_existent,non_existent,no_visit,non_existent,non_existent,pseudo,no_visit,pseudo,no_visit,pseudo,no_visit,pseudo,pseudo,no_visit,pseudo,pseudo,pseudo,no_visit,pseudo,non_existent,non_existent,non_existent,non_existent,non_existent,non_existent,non_existent,non_existent,non_existent,non_existent,non_existent,non_existent,non_existent,
NN,I,27,High,small,2,a,NA,NA,NA,non_existent,pseudo,pseudo,pseudo,pseudo,pseudo,no_visit,pseudo,pseudo,pseudo,pseudo,no_visit,pseudo,pseudo,pseudo,pseudo,pseudo,pseudo,no_visit,pseudo,pseudo,pseudo,no_visit,pseudo,pseudo,pseudo,no_visit,pseudo,no_visit,pseudo,no_visit,pseudo,pseudo,no_visit,pseudo,pseudo,pseudo,no_visit,pseudo,non_existent,non_existent,non_existent,non_existent,non_existent,non_existent,non_existent,non_existent,non_existent,non_existent,non_existent,non_existent,non_existent,
NN,I,27,High,small,3,a,NA,NA,NA,non_existent,pseudo,pseudo,pseudo,pseudo,pseudo,no_visit,pseudo,pseudo,pseudo,pseudo,no_visit,pseudo,pseudo,pseudo,pseudo,pseudo,pseudo,no_visit,pseudo,pseudo,pseudo,no_visit,pseudo,pseudo,pseudo,no_visit,pseudo,no_visit,pseudo,no_visit,pseudo,pseudo,no_visit,pseudo,pseudo,pseudo,no_visit,pseudo,non_existent,non_existent,non_existent,non_existent,non_existent,non_existent,non_existent,non_existent,non_existent,non_existent,non_existent,non_existent,non_existent,
NN,I,27,High,medium,4,a,NA,NA,NA,non_existent,pseudo,pseudo,pseudo,pseudo,pseudo,no_visit,pseudo,pseudo,pseudo,pseudo,no_visit,pseudo,pseudo,pseudo,pseudo,pseudo,pseudo,no_visit,pseudo,pseudo,pseudo,no_visit,pseudo,pseudo,pseudo,no_visit,pseudo,no_visit,pseudo,no_visit,pseudo,pseudo,no_visit,pseudo,pseudo,pseudo,no_visit,pseudo,non_existent,non_existent,non_existent,non_existent,non_existent,non_existent,non_existent,non_existent,non_existent,non_existent,non_existent,non_existent,non_existent,
NN,I,27,High,small,7,a,NA,NA,NA,non_existent,pseudo,pseudo,pseudo,pseudo,pseudo,no_visit,pseudo,pseudo,pseudo,pseudo,no_visit,pseudo,pseudo,pseudo,pseudo,pseudo,pseudo,no_visit,pseudo,pseudo,pseudo,no_visit,pseudo,pseudo,pseudo,no_visit,pseudo,no_visit,pseudo,no_visit,pseudo,pseudo,no_visit,pseudo,pseudo,pseudo,no_visit,pseudo,non_existent,non_existent,non_existent,non_existent,non_existent,non_existent,non_existent,non_existent,non_existent,non_existent,non_existent,non_existent,non_existent,
NN,I,27,High,medium,9,a,NA,NA,NA,non_existent,pseudo,pseudo,pseudo,pseudo,pseudo,no_visit,pseudo,pseudo,pseudo,pseudo,no_visit,pseudo,pseudo,pseudo,pseudo,pseudo,pseudo,no_visit,pseudo,pseudo,pseudo,no_visit,pseudo,pseudo,pseudo,no_visit,pseudo,no_visit,pseudo,no_visit,pseudo,pseudo,no_visit,pseudo,pseudo,pseudo,no_visit,pseudo,non_existent,non_existent,non_existent,non_existent,non_existent,non_existent,non_existent,non_existent,non_existent,non_existent,non_existent,non_existent,non_existent,
NN,I,27,High,medium,10,a,NA,NA,NA,non_existent,pseudo,pseudo,pseudo,pseudo,pseudo,no_visit,pseudo,pseudo,pseudo,pseudo,no_visit,pseudo,pseudo,pseudo,pseudo,pseudo,pseudo,no_visit,pseudo,pseudo,pseudo,no_visit,pseudo,pseudo,pseudo,no_visit,pseudo,no_visit,pseudo,no_visit,pseudo,pseudo,no_visit,pseudo,pseudo,pseudo,no_visit,pseudo,non_existent,non_existent,non_existent,non_existent,non_existent,non_existent,non_existent,non_existent,non_existent,non_existent,non_existent,non_existent,non_existent,
NN,I,27,High,small,11,a,NA,NA,NA,non_existent,pseudo,pseudo,pseudo,pseudo,pseudo,no_visit,pseudo,pseudo,pseudo,pseudo,no_visit,pseudo,pseudo,pseudo,pseudo,pseudo,pseudo,no_visit,pseudo,pseudo,pseudo,no_visit,pseudo,pseudo,pseudo,no_visit,pseudo,no_visit,pseudo,no_visit,pseudo,pseudo,no_visit,pseudo,pseudo,pseudo,no_visit,pseudo,non_existent,non_existent,non_existent,non_existent,non_existent,non_existent,non_existent,non_existent,non_existent,non_existent,non_existent,non_existent,non_existent,
NN,I,27,High,small,12,a,NA,NA,NA,non_existent,pseudo,pseudo,pseudo,pseudo,pseudo,no_visit,pseudo,pseudo,pseudo,pseudo,no_visit,pseudo,pseudo,pseudo,pseudo,pseudo,pseudo,no_visit,pseudo,pseudo,pseudo,no_visit,pseudo,pseudo,pseudo,no_visit,pseudo,no_visit,pseudo,no_visit,pseudo,pseudo,no_visit,pseudo,pseudo,pseudo,no_visit,pseudo,non_existent,non_existent,non_existent,non_existent,non_existent,non_existent,non_existent,non_existent,non_existent,non_existent,non_existent,non_existent,non_existent,
NN,I,27,High,medium,13,a,NA,NA,NA,non_existent,pseudo,pseudo,pseudo,pseudo,pseudo,no_visit,pseudo,pseudo,pseudo,pseudo,no_visit,pseudo,pseudo,pseudo,pseudo,pseudo,pseudo,no_visit,pseudo,pseudo,pseudo,no_visit,pseudo,pseudo,pseudo,no_visit,pseudo,no_visit,pseudo,no_visit,pseudo,pseudo,no_visit,pseudo,pseudo,pseudo,no_visit,pseudo,non_existent,non_existent,non_existent,non_existent,non_existent,non_existent,non_existent,non_existent,non_existent,non_existent,non_existent,non_existent,non_existent,
NN,I,27,High,large,14,a,NA,NA,NA,non_existent,pseudo,pseudo,pseudo,pseudo,pseudo,no_visit,pseudo,pseudo,pseudo,pseudo,no_visit,pseudo,pseudo,pseudo,pseudo,pseudo,pseudo,no_visit,pseudo,pseudo,pseudo,no_visit,pseudo,pseudo,pseudo,no_visit,pseudo,no_visit,pseudo,no_visit,pseudo,pseudo,no_visit,pseudo,pseudo,pseudo,no_visit,pseudo,non_existent,non_existent,non_existent,non_existent,non_existent,non_existent,non_existent,non_existent,non_existent,non_existent,non_existent,non_existent,non_existent,
NN,I,27,High,small,15,a,NA,NA,wasp,non_existent,empty,empty,empty,empty,empty,no_visit,empty,empty,empty,empty,no_visit,empty,empty,empty,empty,empty,empty,no_visit,empty,empty,empty,no_visit,empty,empty,empty,no_visit,empty,no_visit,empty,no_visit,empty,empty,no_visit,empty,empty,empty,no_visit,non-target cells ,non_existent,non_existent,non_existent,non_existent,non_existent,non_existent,non_existent,non_existent,non_existent,non_existent,non_existent,non_existent,non_existent,
NN,I,27,High,small,16,a,NA,NA,NA,non_existent,pseudo,pseudo,pseudo,pseudo,pseudo,no_visit,pseudo,pseudo,pseudo,pseudo,no_visit,pseudo,pseudo,pseudo,pseudo,pseudo,pseudo,no_visit,pseudo,non_existent,non_existent,no_visit,non_existent,non_existent,non_existent,no_visit,non_existent,no_visit,non_existent,no_visit,non_existent,non_existent,no_visit,non_existent,non_existent,non_existent,no_visit,non_existent,non_existent,non_existent,non_existent,non_existent,non_existent,non_existent,non_existent,non_existent,non_existent,non_existent,non_existent,non_existent,non_existent,
NN,I,27,High,small,16,b,NA,NA,NA,non_existent,non_existent,non_existent,non_existent,non_existent,non_existent,no_visit,non_existent,non_existent,non_existent,non_existent,no_visit,non_existent,non_existent,non_existent,non_existent,non_existent,non_existent,no_visit,non_existent,empty,non_existent,no_visit,non_existent,non_existent,non_existent,no_visit,non_existent,no_visit,non_existent,no_visit,non_existent,non_existent,no_visit,non_existent,non_existent,non_existent,no_visit,non_existent,non_existent,non_existent,non_existent,non_existent,non_existent,non_existent,non_existent,non_existent,non_existent,non_existent,non_existent,non_existent,non_existent,
NN,I,27,High,small,16,c,NA,NA,NA,non_existent,non_existent,non_existent,non_existent,non_existent,non_existent,no_visit,non_existent,non_existent,non_existent,non_existent,no_visit,non_existent,non_existent,non_existent,non_existent,non_existent,non_existent,no_visit,non_existent,non_existent,pseudo,no_visit,pseudo,pseudo,pseudo,no_visit,pseudo,no_visit,pseudo,no_visit,pseudo,pseudo,no_visit,pseudo,pseudo,pseudo,no_visit,pseudo,non_existent,non_existent,non_existent,non_existent,non_existent,non_existent,non_existent,non_existent,non_existent,non_existent,non_existent,non_existent,non_existent,
NN,I,27,High,small,18,a,NA,NA,wasp,non_existent,empty,empty,empty,empty,empty,no_visit,empty,empty,empty,empty,no_visit,empty,empty,empty,empty,empty,non-target inner wall ,no_visit,non-target cells,no change,no change,no_visit,no change,no change,no change,no_visit,non-target nest completed ,no_visit,non_existent,no_visit,non_existent,non_existent,no_visit,non_existent,non_existent,non_existent,no_visit,non_existent,non_existent,non_existent,non_existent,non_existent,non_existent,non_existent,non_existent,non_existent,non_existent,non_existent,non_existent,non_existent,non_existent,
NN,I,27,High,small,18,b,NA,NA,wasp,non_existent,non_existent,non_existent,non_existent,non_existent,non_existent,no_visit,non_existent,non_existent,non_existent,non_existent,no_visit,non_existent,non_existent,non_existent,non_existent,non_existent,non_existent,no_visit,non_existent,non_existent,non_existent,no_visit,non_existent,non_existent,non_existent,no_visit,non_existent,no_visit,empty,no_visit,empty,empty,no_visit,non-target cells,no change,no change,no_visit,no change,non_existent,non_existent,non_existent,non_existent,non_existent,non_existent,non_existent,non_existent,non_existent,non_existent,non_existent,non_existent,non_existent,
NN,J,28,Low,small,3,a,144.79,30.81,osmia,non_existent,empty,empty,empty,empty,empty,no_visit,empty,empty,empty,empty,no_visit,empty,empty,empty,empty,empty,empty,no_visit,empty,empty,empty,no_visit,empty,empty,empty,no_visit,empty,no_visit,empty,no_visit,2 cells ,no change,no_visit,2 cells + end cap ,non_existent,non_existent,no_visit,non_existent,non_existent,non_existent,non_existent,non_existent,non_existent,non_existent,non_existent,non_existent,non_existent,non_existent,non_existent,non_existent,non_existent,
NN,J,28,Low,small,3,b,NA,NA,wasp,non_existent,non_existent,non_existent,non_existent,non_existent,non_existent,no_visit,non_existent,non_existent,non_existent,non_existent,no_visit,non_existent,non_existent,non_existent,non_existent,non_existent,non_existent,no_visit,non_existent,non_existent,non_existent,no_visit,non_existent,non_existent,non_existent,no_visit,non_existent,no_visit,non_existent,no_visit,non_existent,non_existent,no_visit,non_existent,empty,empty,no_visit,non-target cells ,non_existent,non_existent,non_existent,non_existent,non_existent,non_existent,non_existent,non_existent,non_existent,non_existent,non_existent,non_existent,non_existent,
NN,J,28,Low,small,4,a,NA,NA,resin bee,non_existent,empty,empty,empty,empty,empty,no_visit,empty,empty,empty,empty,no_visit,empty,empty,empty,empty,empty,empty,no_visit,empty,empty,empty,no_visit,empty,empty,empty,no_visit,empty,no_visit,empty,no_visit,empty,inner wall,no_visit,no change,non_existent,non_existent,no_visit,non_existent,non_existent,non_existent,non_existent,non_existent,non_existent,non_existent,non_existent,non_existent,non_existent,non_existent,non_existent,non_existent,non_existent,
NN,J,28,Low,small,4,b,NA,NA,NA,non_existent,non_existent,non_existent,non_existent,non_existent,non_existent,no_visit,non_existent,non_existent,non_existent,non_existent,no_visit,non_existent,non_existent,non_existent,non_existent,non_existent,non_existent,no_visit,non_existent,non_existent,non_existent,no_visit,non_existent,non_existent,non_existent,no_visit,non_existent,no_visit,non_existent,no_visit,non_existent,non_existent,no_visit,non_existent,empty,empty,no_visit,empty,non_existent,non_existent,non_existent,non_existent,non_existent,non_existent,non_existent,non_existent,non_existent,non_existent,non_existent,non_existent,non_existent,
NN,J,28,Low,small,7,a,NA,NA,wasp,non_existent,empty,empty,empty,empty,empty,no_visit,empty,empty,empty,empty,no_visit,empty,empty,empty,empty,empty,empty,no_visit,empty,empty,empty,no_visit,empty,empty,empty,no_visit,empty,no_visit,empty,no_visit,empty,empty,no_visit,non-target nest completed,non_existent,non_existent,no_visit,non_existent,non_existent,non_existent,non_existent,non_existent,non_existent,non_existent,non_existent,non_existent,non_existent,non_existent,non_existent,non_existent,non_existent,
NN,J,28,Low,small,7,b,NA,NA,wasp,non_existent,non_existent,non_existent,non_existent,non_existent,non_existent,no_visit,non_existent,non_existent,non_existent,non_existent,no_visit,non_existent,non_existent,non_existent,non_existent,non_existent,non_existent,no_visit,non_existent,non_existent,non_existent,no_visit,non_existent,non_existent,non_existent,no_visit,non_existent,no_visit,non_existent,no_visit,non_existent,non_existent,no_visit,non_existent,empty,non-target cells ,no_visit,non-target cells ,non_existent,non_existent,non_existent,non_existent,non_existent,non_existent,non_existent,non_existent,non_existent,non_existent,non_existent,non_existent,non_existent,
NN,J,28,Low,small,8,a,NA,NA,wasp,non_existent,empty,empty,empty,empty,empty,no_visit,empty,empty,empty,empty,no_visit,empty,empty,empty,empty,empty,empty,no_visit,empty,empty,empty,no_visit,empty,empty,empty,no_visit,empty,no_visit,empty,no_visit,empty,empty,no_visit,empty,inner wall started,non-target nest completed ,no_visit,non_existent,non_existent,non_existent,non_existent,non_existent,non_existent,non_existent,non_existent,non_existent,non_existent,non_existent,non_existent,non_existent,non_existent,
NN,J,28,Low,small,8,b,NA,NA,osmia,non_existent,non_existent,non_existent,non_existent,non_existent,non_existent,no_visit,non_existent,non_existent,non_existent,non_existent,no_visit,non_existent,non_existent,non_existent,non_existent,non_existent,non_existent,no_visit,non_existent,non_existent,non_existent,no_visit,non_existent,non_existent,non_existent,no_visit,non_existent,no_visit,non_existent,no_visit,non_existent,non_existent,no_visit,non_existent,non_existent,non_existent,no_visit,inner wall started ,non_existent,non_existent,non_existent,non_existent,non_existent,non_existent,non_existent,non_existent,non_existent,non_existent,non_existent,non_existent,non_existent,
NN,J,28,Low,medium,9,a,NA,NA,wasp,non_existent,empty,empty,empty,empty,empty,no_visit,empty,empty,empty,empty,no_visit,empty,empty,empty,empty,empty,empty,no_visit,empty,empty,empty,no_visit,empty,empty,empty,no_visit,empty,no_visit,empty,no_visit,empty,empty,no_visit,non-target inner wall started,inner wall started,non-target inner wall ,no_visit,non-target cells ,non_existent,non_existent,non_existent,non_existent,non_existent,non_existent,non_existent,non_existent,non_existent,non_existent,non_existent,non_existent,non_existent,
NN,J,28,Low,small,16,a,NA,NA,wasp,non_existent,empty,empty,empty,empty,empty,no_visit,empty,empty,empty,empty,no_visit,empty,empty,empty,empty,empty,empty,no_visit,empty,empty,empty,no_visit,empty,empty,empty,no_visit,empty,no_visit,empty,no_visit,empty,empty,no_visit,non-target nest completed ,non_existent,non_existent,no_visit,non_existent,non_existent,non_existent,non_existent,non_existent,non_existent,non_existent,non_existent,non_existent,non_existent,non_existent,non_existent,non_existent,non_existent,
NN,J,28,Low,small,16,b,NA,NA,NA,non_existent,non_existent,non_existent,non_existent,non_existent,non_existent,no_visit,non_existent,non_existent,non_existent,non_existent,no_visit,non_existent,non_existent,non_existent,non_existent,non_existent,non_existent,no_visit,non_existent,non_existent,non_existent,no_visit,non_existent,non_existent,non_existent,no_visit,non_existent,no_visit,non_existent,no_visit,non_existent,non_existent,no_visit,non_existent,empty,empty,no_visit,empty,non_existent,non_existent,non_existent,non_existent,non_existent,non_existent,non_existent,non_existent,non_existent,non_existent,non_existent,non_existent,non_existent,
NN,J,28,Low,small,17,a,146.85,18.3,osmia,non_existent,empty,empty,empty,empty,empty,no_visit,empty,empty,empty,empty,no_visit,empty,empty,empty,3 cells + end cap ,non_existent,non_existent,no_visit,non_existent,non_existent,non_existent,no_visit,non_existent,non_existent,non_existent,no_visit,non_existent,no_visit,non_existent,no_visit,non_existent,non_existent,no_visit,non_existent,non_existent,non_existent,no_visit,non_existent,non_existent,non_existent,non_existent,non_existent,non_existent,non_existent,non_existent,non_existent,non_existent,non_existent,non_existent,non_existent,non_existent,
NN,J,28,Low,small,17,b,NA,NA,NA,non_existent,non_existent,non_existent,non_existent,non_existent,non_existent,no_visit,non_existent,non_existent,non_existent,non_existent,no_visit,non_existent,non_existent,non_existent,non_existent,empty,empty,no_visit,empty,empty,empty,no_visit,empty,empty,empty,no_visit,empty,no_visit,empty,no_visit,empty,empty,no_visit,empty,empty,empty,no_visit,empty,non_existent,non_existent,non_existent,non_existent,non_existent,non_existent,non_existent,non_existent,non_existent,non_existent,non_existent,non_existent,non_existent,
NN,J,28,Low,medium,18,a,NA,NA,wasp,non_existent,empty,empty,empty,empty,empty,no_visit,empty,empty,empty,empty,no_visit,empty,empty,empty,empty,empty,empty,no_visit,empty,empty,empty,no_visit,empty,empty,empty,no_visit,empty,no_visit,empty,no_visit,non-target cells ,no change,no_visit,non-target nest completed,non_existent,non_existent,no_visit,non_existent,non_existent,non_existent,non_existent,non_existent,non_existent,non_existent,non_existent,non_existent,non_existent,non_existent,non_existent,non_existent,non_existent,
NN,J,28,Low,medium,18,b,NA,NA,NA,non_existent,non_existent,non_existent,non_existent,non_existent,non_existent,no_visit,non_existent,non_existent,non_existent,non_existent,no_visit,non_existent,non_existent,non_existent,non_existent,non_existent,non_existent,no_visit,non_existent,non_existent,non_existent,no_visit,non_existent,non_existent,non_existent,no_visit,non_existent,no_visit,non_existent,no_visit,non_existent,non_existent,no_visit,non_existent,empty,empty,no_visit,empty,non_existent,non_existent,non_existent,non_existent,non_existent,non_existent,non_existent,non_existent,non_existent,non_existent,non_existent,non_existent,non_existent,
NN,J,29,Mid,medium,1,a,NA,NA,NA,non_existent,pseudo,pseudo,pseudo,pseudo,pseudo,no_visit,pseudo,pseudo,pseudo,pseudo,no_visit,non_existent,non_existent,non_existent,non_existent,non_existent,non_existent,no_visit,non_existent,non_existent,non_existent,no_visit,non_existent,non_existent,non_existent,no_visit,non_existent,no_visit,non_existent,no_visit,non_existent,non_existent,no_visit,non_existent,non_existent,non_existent,no_visit,non_existent,non_existent,non_existent,non_existent,non_existent,non_existent,non_existent,non_existent,non_existent,non_existent,non_existent,non_existent,non_existent,non_existent,
NN,J,29,Mid,medium,1,b,125.67,54.16,osmia,non_existent,non_existent,non_existent,non_existent,non_existent,non_existent,no_visit,non_existent,non_existent,non_existent,non_existent,no_visit,empty,empty,empty,empty,1 cell,3 cells,no_visit,no change,no change,no change,no_visit,no change,no change,no change,no_visit,no change,no_visit,no change,no_visit,no change,no change,no_visit,no change,no change,no change,no_visit,no change,non_existent,non_existent,non_existent,non_existent,non_existent,non_existent,non_existent,non_existent,non_existent,non_existent,non_existent,non_existent,non_existent,
NN,J,29,Mid,small,2,a,NA,NA,NA,non_existent,pseudo,pseudo,pseudo,pseudo,pseudo,no_visit,pseudo,pseudo,pseudo,pseudo,no_visit,pseudo,pseudo,pseudo,pseudo,pseudo,pseudo,no_visit,pseudo,pseudo,pseudo,no_visit,pseudo,pseudo,pseudo,no_visit,pseudo,no_visit,pseudo,no_visit,pseudo,pseudo,no_visit,pseudo,pseudo,pseudo,no_visit,pseudo,non_existent,non_existent,non_existent,non_existent,non_existent,non_existent,non_existent,non_existent,non_existent,non_existent,non_existent,non_existent,non_existent,
NN,J,29,Mid,small,3,a,NA,NA,NA,non_existent,pseudo,pseudo,pseudo,pseudo,pseudo,no_visit,pseudo,pseudo,pseudo,pseudo,no_visit,pseudo,pseudo,pseudo,pseudo,pseudo,pseudo,no_visit,pseudo,pseudo,pseudo,no_visit,pseudo,pseudo,pseudo,no_visit,pseudo,no_visit,pseudo,no_visit,pseudo,pseudo,no_visit,pseudo,pseudo,pseudo,no_visit,pseudo,non_existent,non_existent,non_existent,non_existent,non_existent,non_existent,non_existent,non_existent,non_existent,non_existent,non_existent,non_existent,non_existent,
NN,J,29,Mid,medium,4,a,142.9,88.6,osmia,non_existent,empty,empty,empty,empty,empty,no_visit,1 cell,2 cells,no change,2 cells,no_visit,no change,no change,no change,no change,2 cells + end cap,no change,no_visit,no change,no change,no change,no_visit,no change,no change,no change,no_visit,no change,no_visit,no change,no_visit,non_existent,non_existent,no_visit,non_existent,non_existent,non_existent,no_visit,non_existent,non_existent,non_existent,non_existent,non_existent,non_existent,non_existent,non_existent,non_existent,non_existent,non_existent,non_existent,non_existent,non_existent,removed bend capause it had parasites 
NN,J,29,Mid,medium,4,b,NA,NA,NA,non_existent,non_existent,non_existent,non_existent,non_existent,non_existent,no_visit,non_existent,non_existent,non_existent,non_existent,no_visit,non_existent,non_existent,non_existent,non_existent,non_existent,non_existent,no_visit,non_existent,non_existent,non_existent,no_visit,non_existent,non_existent,non_existent,no_visit,non_existent,no_visit,non_existent,no_visit,pseudo,pseudo,no_visit,pseudo,pseudo,pseudo,no_visit,pseudo,non_existent,non_existent,non_existent,non_existent,non_existent,non_existent,non_existent,non_existent,non_existent,non_existent,non_existent,non_existent,non_existent,
NN,J,29,Mid,large,6,a,NA,NA,NA,non_existent,pseudo,pseudo,pseudo,pseudo,pseudo,no_visit,pseudo,pseudo,pseudo,pseudo,no_visit,pseudo,pseudo,pseudo,pseudo,pseudo,pseudo,no_visit,pseudo,pseudo,pseudo,no_visit,pseudo,pseudo,pseudo,no_visit,pseudo,no_visit,pseudo,no_visit,pseudo,pseudo,no_visit,pseudo,pseudo,pseudo,no_visit,pseudo,non_existent,non_existent,non_existent,non_existent,non_existent,non_existent,non_existent,non_existent,non_existent,non_existent,non_existent,non_existent,non_existent,
NN,J,29,Mid,medium,7,a,147.7,124.59,osmia,non_existent,empty,empty,empty,empty,empty,no_visit,empty,empty,empty,empty,no_visit,1 cell,1 cell,no change,2 cells,2 cells + end cap ,non_existent,no_visit,non_existent,non_existent,non_existent,no_visit,non_existent,non_existent,non_existent,no_visit,non_existent,no_visit,non_existent,no_visit,non_existent,non_existent,no_visit,non_existent,non_existent,non_existent,no_visit,non_existent,non_existent,non_existent,non_existent,non_existent,non_existent,non_existent,non_existent,non_existent,non_existent,non_existent,non_existent,non_existent,non_existent,
NN,J,29,Mid,medium,7,b,NA,NA,NA,non_existent,non_existent,non_existent,non_existent,non_existent,non_existent,no_visit,non_existent,non_existent,non_existent,non_existent,no_visit,non_existent,non_existent,non_existent,non_existent,non_existent,empty,no_visit,empty,empty,empty,no_visit,empty,empty,empty,no_visit,empty,no_visit,empty,no_visit,empty,empty,no_visit,empty,empty,empty,no_visit,empty,non_existent,non_existent,non_existent,non_existent,non_existent,non_existent,non_existent,non_existent,non_existent,non_existent,non_existent,non_existent,non_existent,
NN,J,29,Mid,small,8,a,NA,NA,wasp ,non_existent,empty,empty,empty,empty,empty,no_visit,empty,empty,empty,empty,no_visit,empty,empty,empty,empty,empty,empty,no_visit,empty,empty,empty,no_visit,empty,empty,empty,no_visit,empty,no_visit,empty,no_visit,empty,empty,no_visit,non-target inner wall started,inner wall started,inner wall started,no_visit,inner wall started,non_existent,non_existent,non_existent,non_existent,non_existent,non_existent,non_existent,non_existent,non_existent,non_existent,non_existent,non_existent,non_existent,
NN,J,29,Mid,small,9,a,NA,NA,wasp,non_existent,empty,empty,empty,empty,empty,no_visit,empty,empty,empty,empty,no_visit,empty,empty,empty,empty,empty,empty,no_visit,empty,empty,empty,no_visit,empty,inner wall,no change,no_visit,no change,no_visit,no change,no_visit,non-target cells ,no change,no_visit,no change,no change,no change,no_visit,no change,non_existent,non_existent,non_existent,non_existent,non_existent,non_existent,non_existent,non_existent,non_existent,non_existent,non_existent,non_existent,non_existent,
NN,J,29,Mid,medium,11,a,NA,NA,NA,non_existent,pseudo,pseudo,pseudo,pseudo,pseudo,no_visit,pseudo,pseudo,pseudo,pseudo,no_visit,pseudo,non_existent,non_existent,non_existent,non_existent,non_existent,no_visit,non_existent,non_existent,non_existent,no_visit,non_existent,non_existent,non_existent,no_visit,non_existent,no_visit,non_existent,no_visit,non_existent,non_existent,no_visit,non_existent,non_existent,non_existent,no_visit,non_existent,non_existent,non_existent,non_existent,non_existent,non_existent,non_existent,non_existent,non_existent,non_existent,non_existent,non_existent,non_existent,non_existent,
NN,J,29,Mid,medium,11,b,NA,NA,NA,non_existent,non_existent,non_existent,non_existent,non_existent,non_existent,no_visit,non_existent,non_existent,non_existent,non_existent,no_visit,non_existent,empty,empty,empty,empty,empty,no_visit,empty,empty,empty,no_visit,empty,empty,empty,no_visit,empty,no_visit,empty,no_visit,empty,empty,no_visit,empty,empty,empty,no_visit,empty,non_existent,non_existent,non_existent,non_existent,non_existent,non_existent,non_existent,non_existent,non_existent,non_existent,non_existent,non_existent,non_existent,
NN,J,29,Mid,small,12,a,NA,NA,NA,non_existent,pseudo,pseudo,pseudo,pseudo,pseudo,no_visit,pseudo,pseudo,pseudo,pseudo,no_visit,pseudo,pseudo,pseudo,pseudo,pseudo,pseudo,no_visit,pseudo,pseudo,pseudo,no_visit,pseudo,pseudo,pseudo,no_visit,pseudo,no_visit,pseudo,no_visit,pseudo,pseudo,no_visit,pseudo,pseudo,pseudo,no_visit,pseudo,non_existent,non_existent,non_existent,non_existent,non_existent,non_existent,non_existent,non_existent,non_existent,non_existent,non_existent,non_existent,non_existent,
NN,J,29,Mid,small,17,a,NA,NA,wasp,non_existent,empty,empty,empty,empty,empty,no_visit,empty,empty,empty,empty,no_visit,empty,empty,empty,empty,empty,empty,no_visit,empty,empty,empty,no_visit,empty,empty,empty,no_visit,empty,no_visit,non-target cells,no_visit,non-target cells,no change,no_visit,non-target nest completed ,non_existent,non_existent,no_visit,non_existent,non_existent,non_existent,non_existent,non_existent,non_existent,non_existent,non_existent,non_existent,non_existent,non_existent,non_existent,non_existent,non_existent,
NN,J,29,Mid,small,17,b,NA,NA,NA,non_existent,non_existent,non_existent,non_existent,non_existent,non_existent,no_visit,non_existent,non_existent,non_existent,non_existent,no_visit,non_existent,non_existent,non_existent,non_existent,non_existent,non_existent,no_visit,non_existent,non_existent,non_existent,no_visit,non_existent,non_existent,non_existent,no_visit,non_existent,no_visit,non_existent,no_visit,non_existent,non_existent,no_visit,non_existent,empty,empty,no_visit,empty,non_existent,non_existent,non_existent,non_existent,non_existent,non_existent,non_existent,non_existent,non_existent,non_existent,non_existent,non_existent,non_existent,
NN,J,30,High,medium,1,a,NA,NA,NA,non_existent,pseudo,pseudo,pseudo,pseudo,pseudo,no_visit,pseudo,pseudo,pseudo,pseudo,no_visit,pseudo,pseudo,pseudo,pseudo,pseudo,pseudo,no_visit,pseudo,pseudo,pseudo,no_visit,pseudo,pseudo,pseudo,no_visit,pseudo,no_visit,pseudo,no_visit,pseudo,pseudo,no_visit,pseudo,pseudo,pseudo,no_visit,pseudo,non_existent,non_existent,non_existent,non_existent,non_existent,non_existent,non_existent,non_existent,non_existent,non_existent,non_existent,non_existent,non_existent,
NN,J,30,High,small,2,a,NA,NA,NA,non_existent,pseudo,pseudo,pseudo,pseudo,pseudo,no_visit,pseudo,pseudo,pseudo,pseudo,no_visit,pseudo,pseudo,pseudo,pseudo,pseudo,pseudo,no_visit,pseudo,pseudo,pseudo,no_visit,pseudo,pseudo,pseudo,no_visit,pseudo,no_visit,pseudo,no_visit,pseudo,pseudo,no_visit,pseudo,non_existent,non_existent,no_visit,non_existent,non_existent,non_existent,non_existent,non_existent,non_existent,non_existent,non_existent,non_existent,non_existent,non_existent,non_existent,non_existent,non_existent,
NN,J,30,High,small,2,b,NA,NA,NA,non_existent,non_existent,non_existent,non_existent,non_existent,non_existent,no_visit,non_existent,non_existent,non_existent,non_existent,no_visit,non_existent,non_existent,non_existent,non_existent,non_existent,non_existent,no_visit,non_existent,non_existent,non_existent,no_visit,non_existent,non_existent,non_existent,no_visit,non_existent,no_visit,non_existent,no_visit,non_existent,non_existent,no_visit,non_existent,empty,empty,no_visit,empty,non_existent,non_existent,non_existent,non_existent,non_existent,non_existent,non_existent,non_existent,non_existent,non_existent,non_existent,non_existent,non_existent,
NN,J,30,High,small,3,a,NA,NA,wasp,non_existent,empty,empty,empty,empty,empty,no_visit,empty,empty,empty,empty,no_visit,empty,empty,empty,empty,empty,empty,no_visit,empty,empty,empty,no_visit,empty,empty,empty,no_visit,empty,no_visit,empty,no_visit,non-target cells ,no change,no_visit,no change,no change,no change,no_visit,no change,non_existent,non_existent,non_existent,non_existent,non_existent,non_existent,non_existent,non_existent,non_existent,non_existent,non_existent,non_existent,non_existent,
NN,J,30,High,small,5,a,NA,NA,NA,non_existent,pseudo,pseudo,pseudo,pseudo,pseudo,no_visit,pseudo,pseudo,pseudo,pseudo,no_visit,pseudo,pseudo,pseudo,pseudo,pseudo,pseudo,no_visit,pseudo,pseudo,pseudo,no_visit,pseudo,pseudo,pseudo,no_visit,pseudo,no_visit,pseudo,no_visit,pseudo,pseudo,no_visit,pseudo,pseudo,pseudo,no_visit,pseudo,non_existent,non_existent,non_existent,non_existent,non_existent,non_existent,non_existent,non_existent,non_existent,non_existent,non_existent,non_existent,non_existent,
NN,J,30,High,small,6,a,NA,NA,NA,non_existent,pseudo,pseudo,pseudo,pseudo,pseudo,no_visit,pseudo,pseudo,pseudo,pseudo,no_visit,pseudo,pseudo,pseudo,pseudo,pseudo,pseudo,no_visit,pseudo,pseudo,pseudo,no_visit,pseudo,pseudo,pseudo,no_visit,pseudo,no_visit,pseudo,no_visit,pseudo,pseudo,no_visit,pseudo,pseudo,pseudo,no_visit,pseudo,non_existent,non_existent,non_existent,non_existent,non_existent,non_existent,non_existent,non_existent,non_existent,non_existent,non_existent,non_existent,non_existent,
NN,J,30,High,medium,7,a,147.57,90.87,megachile,non_existent,empty,empty,empty,empty,empty,no_visit,empty,empty,empty,empty,no_visit,empty,empty,empty,empty,empty,empty,no_visit,empty,empty,empty,no_visit,empty,empty,empty,no_visit,empty,no_visit,empty,no_visit,inner wall,no change,no_visit,8 cells,no change,no change,no_visit,no change,non_existent,non_existent,non_existent,non_existent,non_existent,non_existent,non_existent,non_existent,non_existent,non_existent,non_existent,non_existent,non_existent,
NN,J,30,High,small,8,a,NA,NA,wasp,non_existent,empty,empty,empty,empty,empty,no_visit,empty,empty,empty,empty,no_visit,empty,empty,empty,empty,empty,empty,no_visit,empty,empty,empty,no_visit,empty,empty,empty,no_visit,empty,no_visit,empty,no_visit,non-target cells ,non_existent,no_visit,non_existent,non_existent,non_existent,no_visit,non_existent,non_existent,non_existent,non_existent,non_existent,non_existent,non_existent,non_existent,non_existent,non_existent,non_existent,non_existent,non_existent,non_existent,
NN,J,30,High,small,8,b,NA,NA,NA,non_existent,non_existent,non_existent,non_existent,non_existent,non_existent,no_visit,non_existent,non_existent,non_existent,non_existent,no_visit,non_existent,non_existent,non_existent,non_existent,non_existent,non_existent,no_visit,non_existent,non_existent,non_existent,no_visit,non_existent,non_existent,non_existent,no_visit,non_existent,no_visit,non_existent,no_visit,non_existent,empty,no_visit,empty,empty,empty,no_visit,empty,non_existent,non_existent,non_existent,non_existent,non_existent,non_existent,non_existent,non_existent,non_existent,non_existent,non_existent,non_existent,non_existent,
NN,J,30,High,medium,10,a,NA,NA,NA,non_existent,pseudo,pseudo,pseudo,pseudo,pseudo,no_visit,pseudo,pseudo,pseudo,pseudo,no_visit,pseudo,pseudo,pseudo,pseudo,pseudo,pseudo,no_visit,pseudo,pseudo,pseudo,no_visit,pseudo,pseudo,pseudo,no_visit,pseudo,no_visit,pseudo,no_visit,pseudo,pseudo,no_visit,pseudo,pseudo,pseudo,no_visit,pseudo,non_existent,non_existent,non_existent,non_existent,non_existent,non_existent,non_existent,non_existent,non_existent,non_existent,non_existent,non_existent,non_existent,
NN,J,30,High,small,11,a,NA,NA,wasp,non_existent,empty,empty,empty,empty,empty,no_visit,empty,empty,empty,empty,no_visit,empty,empty,empty,empty,empty,empty,no_visit,empty,empty,empty,no_visit,empty,empty,empty,no_visit,empty,no_visit,non-target cells,no_visit,non-target nest completed ,non_existent,no_visit,non_existent,non_existent,non_existent,no_visit,non_existent,non_existent,non_existent,non_existent,non_existent,non_existent,non_existent,non_existent,non_existent,non_existent,non_existent,non_existent,non_existent,non_existent,
NN,J,30,High,small,11,b,136.94,17.33,megachile,non_existent,non_existent,non_existent,non_existent,non_existent,non_existent,no_visit,non_existent,non_existent,non_existent,non_existent,no_visit,non_existent,non_existent,non_existent,non_existent,non_existent,non_existent,no_visit,non_existent,non_existent,non_existent,no_visit,non_existent,non_existent,non_existent,no_visit,non_existent,no_visit,non_existent,no_visit,non_existent,empty,no_visit,3 cells,no change,no change,no_visit,no change,non_existent,non_existent,non_existent,non_existent,non_existent,non_existent,non_existent,non_existent,non_existent,non_existent,non_existent,non_existent,non_existent,
NN,J,30,High,small,12,a,unknown,unknown,megachile,non_existent,empty,empty,empty,empty,empty,no_visit,empty,empty,empty,empty,no_visit,empty,empty,empty,empty,empty,empty,no_visit,empty,empty,empty,no_visit,empty,empty,empty,no_visit,empty,no_visit,empty,no_visit,2 cells,no change,no_visit,7 cells + end cap ,non_existent,non_existent,no_visit,non_existent,non_existent,non_existent,non_existent,non_existent,non_existent,non_existent,non_existent,non_existent,non_existent,non_existent,non_existent,non_existent,non_existent,
NN,J,30,High,small,12,b,NA,NA,NA,non_existent,non_existent,non_existent,non_existent,non_existent,non_existent,no_visit,non_existent,non_existent,non_existent,non_existent,no_visit,non_existent,non_existent,non_existent,non_existent,non_existent,non_existent,no_visit,non_existent,non_existent,non_existent,no_visit,non_existent,non_existent,non_existent,no_visit,non_existent,no_visit,non_existent,no_visit,non_existent,non_existent,no_visit,non_existent,empty,empty,no_visit,empty,non_existent,non_existent,non_existent,non_existent,non_existent,non_existent,non_existent,non_existent,non_existent,non_existent,non_existent,non_existent,non_existent,
NN,J,30,High,medium,13,a,NA,NA,NA,non_existent,pseudo,pseudo,pseudo,pseudo,pseudo,no_visit,pseudo,pseudo,pseudo,pseudo,no_visit,pseudo,pseudo,pseudo,pseudo,pseudo,pseudo,no_visit,pseudo,pseudo,pseudo,no_visit,pseudo,pseudo,pseudo,no_visit,pseudo,no_visit,pseudo,no_visit,pseudo,pseudo,no_visit,pseudo,pseudo,pseudo,no_visit,pseudo,non_existent,non_existent,non_existent,non_existent,non_existent,non_existent,non_existent,non_existent,non_existent,non_existent,non_existent,non_existent,non_existent,
NN,J,30,High,small,14,a,NA,NA,NA,non_existent,pseudo,pseudo,pseudo,pseudo,pseudo,no_visit,pseudo,pseudo,pseudo,pseudo,no_visit,pseudo,pseudo,pseudo,pseudo,pseudo,pseudo,no_visit,pseudo,pseudo,pseudo,no_visit,pseudo,pseudo,pseudo,no_visit,pseudo,no_visit,pseudo,no_visit,pseudo,pseudo,no_visit,pseudo,pseudo,pseudo,no_visit,pseudo,non_existent,non_existent,non_existent,non_existent,non_existent,non_existent,non_existent,non_existent,non_existent,non_existent,non_existent,non_existent,non_existent,
NN,J,30,High,small,15,a,NA,NA,NA,non_existent,pseudo,pseudo,pseudo,pseudo,pseudo,no_visit,pseudo,pseudo,pseudo,pseudo,no_visit,pseudo,pseudo,pseudo,pseudo,pseudo,pseudo,no_visit,pseudo,pseudo,pseudo,no_visit,pseudo,pseudo,pseudo,no_visit,pseudo,no_visit,pseudo,no_visit,pseudo,pseudo,no_visit,pseudo,pseudo,pseudo,no_visit,pseudo,non_existent,non_existent,non_existent,non_existent,non_existent,non_existent,non_existent,non_existent,non_existent,non_existent,non_existent,non_existent,non_existent,
NN,J,30,High,large,16,a,NA,NA,NA,non_existent,pseudo,pseudo,pseudo,pseudo,pseudo,no_visit,pseudo,pseudo,pseudo,pseudo,no_visit,pseudo,pseudo,pseudo,pseudo,pseudo,pseudo,no_visit,pseudo,pseudo,pseudo,no_visit,pseudo,pseudo,pseudo,no_visit,pseudo,no_visit,pseudo,no_visit,pseudo,pseudo,no_visit,pseudo,pseudo,pseudo,no_visit,pseudo,non_existent,non_existent,non_existent,non_existent,non_existent,non_existent,non_existent,non_existent,non_existent,non_existent,non_existent,non_existent,non_existent,
NN,J,30,High,medium,17,a,NA,NA,NA,non_existent,pseudo,pseudo,pseudo,pseudo,pseudo,no_visit,pseudo,pseudo,pseudo,pseudo,no_visit,pseudo,pseudo,pseudo,pseudo,pseudo,pseudo,no_visit,pseudo,pseudo,pseudo,no_visit,pseudo,pseudo,pseudo,no_visit,pseudo,no_visit,pseudo,no_visit,pseudo,pseudo,no_visit,pseudo,pseudo,pseudo,no_visit,pseudo,non_existent,non_existent,non_existent,non_existent,non_existent,non_existent,non_existent,non_existent,non_existent,non_existent,non_existent,non_existent,non_existent,
NN,J,30,High,small,18,a,NA,NA,NA,non_existent,pseudo,pseudo,pseudo,pseudo,pseudo,no_visit,pseudo,pseudo,pseudo,pseudo,no_visit,pseudo,pseudo,pseudo,pseudo,pseudo,pseudo,no_visit,pseudo,pseudo,pseudo,no_visit,pseudo,pseudo,pseudo,no_visit,pseudo,no_visit,pseudo,no_visit,pseudo,pseudo,no_visit,pseudo,pseudo,pseudo,no_visit,pseudo,non_existent,non_existent,non_existent,non_existent,non_existent,non_existent,non_existent,non_existent,non_existent,non_existent,non_existent,non_existent,non_existent,
NN,K,31,Low,small,3,a,NA,NA,osmia,non_existent,empty,empty,empty,empty,empty,no_visit,empty,empty,empty,empty,no_visit,empty,empty,empty,4 cells,eaten,non_existent,no_visit,non_existent,non_existent,non_existent,no_visit,non_existent,non_existent,non_existent,no_visit,non_existent,no_visit,non_existent,no_visit,non_existent,non_existent,no_visit,non_existent,non_existent,non_existent,no_visit,non_existent,non_existent,non_existent,non_existent,non_existent,non_existent,non_existent,non_existent,non_existent,non_existent,non_existent,non_existent,non_existent,non_existent,bird attack
NN,K,31,Low,small,3,b,NA,NA,NA,non_existent,non_existent,non_existent,non_existent,non_existent,non_existent,no_visit,non_existent,non_existent,non_existent,non_existent,no_visit,non_existent,non_existent,non_existent,non_existent,non_existent,empty,no_visit,empty,empty,empty,no_visit,empty,empty,empty,no_visit,empty,no_visit,empty,no_visit,empty,empty,no_visit,empty,empty,empty,no_visit,empty,non_existent,non_existent,non_existent,non_existent,non_existent,non_existent,non_existent,non_existent,non_existent,non_existent,non_existent,non_existent,non_existent,
NN,K,31,Low,small,4,a,NA,NA,wasp,non_existent,empty,empty,empty,empty,empty,no_visit,empty,empty,empty,empty,no_visit,empty,empty,empty,empty,empty,empty,no_visit,empty,empty,empty,no_visit,empty,empty,empty,no_visit,empty,no_visit,empty,no_visit,non-target cells,no change,no_visit,no change,no change,no change,no_visit,non_existent,non_existent,non_existent,non_existent,non_existent,non_existent,non_existent,non_existent,non_existent,non_existent,non_existent,non_existent,non_existent,non_existent,
NN,K,31,Low,small,4,b,NA,NA,NA,non_existent,non_existent,non_existent,non_existent,non_existent,non_existent,no_visit,non_existent,non_existent,non_existent,non_existent,no_visit,non_existent,non_existent,non_existent,non_existent,non_existent,non_existent,no_visit,non_existent,non_existent,non_existent,no_visit,non_existent,non_existent,non_existent,no_visit,non_existent,no_visit,non_existent,no_visit,non_existent,non_existent,no_visit,non_existent,non_existent,non_existent,no_visit,empty,non_existent,non_existent,non_existent,non_existent,non_existent,non_existent,non_existent,non_existent,non_existent,non_existent,non_existent,non_existent,non_existent,
NN,K,31,Low,small,6,a,NA,NA,wasp,non_existent,empty,empty,empty,empty,empty,no_visit,empty,empty,empty,empty,no_visit,empty,empty,empty,empty,empty,empty,no_visit,empty,empty,empty,no_visit,empty,empty,empty,no_visit,empty,no_visit,non-target cells,no_visit,non-target nest completed ,non_existent,no_visit,non_existent,non_existent,non_existent,no_visit,non_existent,non_existent,non_existent,non_existent,non_existent,non_existent,non_existent,non_existent,non_existent,non_existent,non_existent,non_existent,non_existent,non_existent,
NN,K,31,Low,small,6,b,NA,NA,NA,non_existent,non_existent,non_existent,non_existent,non_existent,non_existent,no_visit,non_existent,non_existent,non_existent,non_existent,no_visit,non_existent,non_existent,non_existent,non_existent,non_existent,non_existent,no_visit,non_existent,non_existent,non_existent,no_visit,non_existent,non_existent,non_existent,no_visit,non_existent,no_visit,non_existent,no_visit,non_existent,empty,no_visit,empty,empty,empty,no_visit,empty,non_existent,non_existent,non_existent,non_existent,non_existent,non_existent,non_existent,non_existent,non_existent,non_existent,non_existent,non_existent,non_existent,
NN,K,31,Low,small,8,a,NA,NA,osmia,non_existent,empty,empty,empty,empty,empty,no_visit,empty,empty,empty,empty,no_visit,empty,empty,empty,empty,empty,empty,no_visit,empty,empty,empty,no_visit,non_existent,non_existent,non_existent,no_visit,non_existent,no_visit,non_existent,no_visit,non_existent,non_existent,no_visit,non_existent,non_existent,non_existent,no_visit,non_existent,non_existent,non_existent,non_existent,non_existent,non_existent,non_existent,non_existent,non_existent,non_existent,non_existent,non_existent,non_existent,non_existent,
NN,K,31,Low,small,8,b,NA,NA,NA,non_existent,non_existent,non_existent,non_existent,non_existent,non_existent,no_visit,non_existent,non_existent,non_existent,non_existent,no_visit,non_existent,non_existent,non_existent,non_existent,non_existent,non_existent,no_visit,non_existent,non_existent,non_existent,no_visit,empty,empty,empty,no_visit,empty,no_visit,empty,no_visit,empty,empty,no_visit,empty,empty,empty,no_visit,empty,non_existent,non_existent,non_existent,non_existent,non_existent,non_existent,non_existent,non_existent,non_existent,non_existent,non_existent,non_existent,non_existent,
NN,K,31,Low,small,14,a,NA,NA,wasp,non_existent,empty,empty,empty,empty,empty,no_visit,empty,empty,empty,empty,no_visit,empty,empty,empty,empty,empty,empty,no_visit,empty,empty,empty,no_visit,empty,empty,empty,no_visit,empty,no_visit,non-target cells,no_visit,non-target cells,no change,no_visit,non-target nest completed ,non_existent,non_existent,no_visit,non_existent,non_existent,non_existent,non_existent,non_existent,non_existent,non_existent,non_existent,non_existent,non_existent,non_existent,non_existent,non_existent,non_existent,
NN,K,31,Low,small,14,b,NA,NA,wasp,non_existent,non_existent,non_existent,non_existent,non_existent,non_existent,no_visit,non_existent,non_existent,non_existent,non_existent,no_visit,non_existent,non_existent,non_existent,non_existent,non_existent,non_existent,no_visit,non_existent,non_existent,non_existent,no_visit,non_existent,non_existent,non_existent,no_visit,non_existent,no_visit,non_existent,no_visit,non_existent,non_existent,no_visit,non_existent,empty,non-target nest completed ,no_visit,non_existent,non_existent,non_existent,non_existent,non_existent,non_existent,non_existent,non_existent,non_existent,non_existent,non_existent,non_existent,non_existent,non_existent,
NN,K,31,Low,small,14,c,NA,NA,NA,non_existent,non_existent,non_existent,non_existent,non_existent,non_existent,no_visit,non_existent,non_existent,non_existent,non_existent,no_visit,non_existent,non_existent,non_existent,non_existent,non_existent,non_existent,no_visit,non_existent,non_existent,non_existent,no_visit,non_existent,non_existent,non_existent,no_visit,non_existent,no_visit,non_existent,no_visit,non_existent,non_existent,no_visit,non_existent,non_existent,non_existent,no_visit,empty,non_existent,non_existent,non_existent,non_existent,non_existent,non_existent,non_existent,non_existent,non_existent,non_existent,non_existent,non_existent,non_existent,
NN,K,31,Low,small,15,a,NA,NA,wasp,non_existent,empty,empty,empty,empty,empty,no_visit,empty,empty,empty,empty,no_visit,empty,empty,empty,empty,empty,empty,no_visit,empty,empty,empty,no_visit,empty,empty,empty,no_visit,non-target cells,no_visit,non-target cells,no_visit,no change,no change,no_visit,non-target nest completed ,non_existent,non_existent,no_visit,non_existent,non_existent,non_existent,non_existent,non_existent,non_existent,non_existent,non_existent,non_existent,non_existent,non_existent,non_existent,non_existent,non_existent,
NN,K,31,Low,small,15,b,NA,NA,NA,non_existent,non_existent,non_existent,non_existent,non_existent,non_existent,no_visit,non_existent,non_existent,non_existent,non_existent,no_visit,non_existent,non_existent,non_existent,non_existent,non_existent,non_existent,no_visit,non_existent,non_existent,non_existent,no_visit,non_existent,non_existent,non_existent,no_visit,non_existent,no_visit,non_existent,no_visit,non_existent,non_existent,no_visit,non_existent,empty,empty,no_visit,empty,non_existent,non_existent,non_existent,non_existent,non_existent,non_existent,non_existent,non_existent,non_existent,non_existent,non_existent,non_existent,non_existent,
NN,K,31,Low,medium,16,a,NA,NA,wasp,non_existent,empty,empty,empty,empty,empty,no_visit,empty,empty,empty,empty,no_visit,empty,empty,empty,empty,empty,empty,no_visit,empty,empty,empty,no_visit,empty,empty,empty,no_visit,empty,no_visit,empty,no_visit,empty,empty,no_visit,non-target nest completed ,non_existent,non_existent,no_visit,non_existent,non_existent,non_existent,non_existent,non_existent,non_existent,non_existent,non_existent,non_existent,non_existent,non_existent,non_existent,non_existent,non_existent,
NN,K,31,Low,medium,16,b,NA,NA,NA,non_existent,non_existent,non_existent,non_existent,non_existent,non_existent,no_visit,non_existent,non_existent,non_existent,non_existent,no_visit,non_existent,non_existent,non_existent,non_existent,non_existent,non_existent,no_visit,non_existent,non_existent,non_existent,no_visit,non_existent,non_existent,non_existent,no_visit,non_existent,no_visit,non_existent,no_visit,non_existent,non_existent,no_visit,non_existent,empty,empty,no_visit,empty,non_existent,non_existent,non_existent,non_existent,non_existent,non_existent,non_existent,non_existent,non_existent,non_existent,non_existent,non_existent,non_existent,
NN,K,31,Low,small,17,a,NA,NA,wasp,non_existent,empty,empty,empty,empty,empty,no_visit,empty,empty,empty,empty,no_visit,empty,empty,empty,empty,empty,empty,no_visit,empty,empty,empty,no_visit,empty,empty,empty,no_visit,non-target cells,no_visit,non-target nest completed ,no_visit,non_existent,non_existent,no_visit,non_existent,non_existent,non_existent,no_visit,non_existent,non_existent,non_existent,non_existent,non_existent,non_existent,non_existent,non_existent,non_existent,non_existent,non_existent,non_existent,non_existent,non_existent,
NN,K,31,Low,small,17,b,NA,NA,NA,non_existent,non_existent,non_existent,non_existent,non_existent,non_existent,no_visit,non_existent,non_existent,non_existent,non_existent,no_visit,non_existent,non_existent,non_existent,non_existent,non_existent,non_existent,no_visit,non_existent,non_existent,non_existent,no_visit,non_existent,non_existent,non_existent,no_visit,non_existent,no_visit,non_existent,no_visit,empty,empty,no_visit,empty,empty,empty,no_visit,empty,non_existent,non_existent,non_existent,non_existent,non_existent,non_existent,non_existent,non_existent,non_existent,non_existent,non_existent,non_existent,non_existent,
NN,K,31,Low,medium,18,a,NA,NA,wasp,non_existent,empty,empty,empty,empty,empty,no_visit,empty,empty,empty,empty,no_visit,empty,empty,empty,empty,empty,empty,no_visit,empty,empty,empty,no_visit,empty,empty,empty,no_visit,empty,no_visit,empty,no_visit,empty,empty,no_visit,empty,empty,empty,no_visit,non-target cells  ,non_existent,non_existent,non_existent,non_existent,non_existent,non_existent,non_existent,non_existent,non_existent,non_existent,non_existent,non_existent,non_existent,
NN,K,32,Mid,medium,1,a,NA,NA,wasp,non_existent,empty,empty,empty,empty,empty,no_visit,empty,empty,empty,empty,no_visit,empty,empty,empty,empty,empty,empty,no_visit,empty,empty,empty,no_visit,empty,empty,empty,no_visit,empty,no_visit,empty,no_visit,non-target cells ,no change,no_visit,no change,non_existent,non_existent,no_visit,non_existent,non_existent,non_existent,non_existent,non_existent,non_existent,non_existent,non_existent,non_existent,non_existent,non_existent,non_existent,non_existent,non_existent,
NN,K,32,Mid,medium,1,b,NA,NA,wasp,non_existent,non_existent,non_existent,non_existent,non_existent,non_existent,no_visit,non_existent,non_existent,non_existent,non_existent,no_visit,non_existent,non_existent,non_existent,non_existent,non_existent,non_existent,no_visit,non_existent,non_existent,non_existent,no_visit,non_existent,non_existent,non_existent,no_visit,non_existent,no_visit,non_existent,no_visit,non_existent,non_existent,no_visit,non_existent,empty,empty,no_visit,non-target nest completed,non_existent,non_existent,non_existent,non_existent,non_existent,non_existent,non_existent,non_existent,non_existent,non_existent,non_existent,non_existent,non_existent,
NN,K,32,Mid,small,4,a,NA,NA,NA,non_existent,pseudo,pseudo,pseudo,pseudo,pseudo,no_visit,pseudo,pseudo,pseudo,pseudo,no_visit,pseudo,pseudo,non_existent,non_existent,non_existent,non_existent,no_visit,non_existent,non_existent,non_existent,no_visit,non_existent,non_existent,non_existent,no_visit,non_existent,no_visit,non_existent,no_visit,non_existent,non_existent,no_visit,non_existent,non_existent,non_existent,no_visit,non_existent,non_existent,non_existent,non_existent,non_existent,non_existent,non_existent,non_existent,non_existent,non_existent,non_existent,non_existent,non_existent,non_existent,
NN,K,32,Mid,small,4,b,NA,NA,NA,non_existent,non_existent,non_existent,non_existent,non_existent,non_existent,no_visit,non_existent,non_existent,non_existent,non_existent,no_visit,non_existent,non_existent,empty,empty,empty,empty,no_visit,empty,empty,empty,no_visit,empty,empty,empty,no_visit,empty,no_visit,empty,no_visit,empty,empty,no_visit,empty,empty,empty,no_visit,empty,non_existent,non_existent,non_existent,non_existent,non_existent,non_existent,non_existent,non_existent,non_existent,non_existent,non_existent,non_existent,non_existent,
NN,K,32,Mid,large,5,a,NA,NA,wasp,non_existent,empty,empty,empty,empty,empty,no_visit,empty,empty,empty,empty,no_visit,empty,empty,empty,empty,empty,empty,no_visit,empty,empty,empty,no_visit,empty,empty,empty,no_visit,empty,no_visit,empty,no_visit,empty,empty,no_visit,empty,empty,non-target cells ,no_visit,no change,non_existent,non_existent,non_existent,non_existent,non_existent,non_existent,non_existent,non_existent,non_existent,non_existent,non_existent,non_existent,non_existent,
NN,K,32,Mid,small,6,a,NA,NA,osmia,non_existent,empty,empty,empty,empty,empty,no_visit,empty,empty,empty,empty,no_visit,empty,inner wall,no change,no change,no change,no change,no_visit,non_existent,non_existent,non_existent,no_visit,non_existent,non_existent,non_existent,no_visit,non_existent,no_visit,non_existent,no_visit,non_existent,non_existent,no_visit,non_existent,non_existent,non_existent,no_visit,non_existent,non_existent,non_existent,non_existent,non_existent,non_existent,non_existent,non_existent,non_existent,non_existent,non_existent,non_existent,non_existent,non_existent,
NN,K,32,Mid,small,6,b,NA,NA,NA,non_existent,non_existent,non_existent,non_existent,non_existent,non_existent,no_visit,non_existent,non_existent,non_existent,non_existent,no_visit,non_existent,non_existent,non_existent,non_existent,non_existent,non_existent,no_visit,pseudo,pseudo,pseudo,no_visit,pseudo,pseudo,pseudo,no_visit,pseudo,no_visit,pseudo,no_visit,pseudo,pseudo,no_visit,pseudo,pseudo,pseudo,no_visit,pseudo,non_existent,non_existent,non_existent,non_existent,non_existent,non_existent,non_existent,non_existent,non_existent,non_existent,non_existent,non_existent,non_existent,
NN,K,32,Mid,medium,7,a,,,osmia,non_existent,empty,empty,empty,empty,empty,no_visit,empty,empty,empty,empty,no_visit,empty,empty,empty,6 cells,3 cells,3 cells,no_visit,5 cells,no change,no change,no_visit,no change,no change,no change,no_visit,no change,no_visit,no change,no_visit,no change,no change,no_visit,no change,non_existent,non_existent,no_visit,non_existent,non_existent,non_existent,non_existent,non_existent,non_existent,non_existent,non_existent,non_existent,non_existent,non_existent,non_existent,non_existent,non_existent,bird attack 
NN,K,32,Mid,medium,7,b,NA,NA,NA,non_existent,non_existent,non_existent,non_existent,non_existent,non_existent,no_visit,non_existent,non_existent,non_existent,non_existent,no_visit,non_existent,non_existent,non_existent,non_existent,non_existent,non_existent,no_visit,non_existent,non_existent,non_existent,no_visit,non_existent,non_existent,non_existent,no_visit,non_existent,no_visit,non_existent,no_visit,non_existent,non_existent,no_visit,non_existent,pseudo,pseudo,no_visit,pseudo,non_existent,non_existent,non_existent,non_existent,non_existent,non_existent,non_existent,non_existent,non_existent,non_existent,non_existent,non_existent,non_existent,
NN,K,32,Mid,small,8,a,NA,NA,NA,non_existent,pseudo,pseudo,pseudo,pseudo,pseudo,no_visit,pseudo,pseudo,pseudo,pseudo,no_visit,pseudo,pseudo,non_existent,non_existent,non_existent,non_existent,no_visit,non_existent,non_existent,non_existent,no_visit,non_existent,non_existent,non_existent,no_visit,non_existent,no_visit,non_existent,no_visit,non_existent,non_existent,no_visit,non_existent,non_existent,non_existent,no_visit,non_existent,non_existent,non_existent,non_existent,non_existent,non_existent,non_existent,non_existent,non_existent,non_existent,non_existent,non_existent,non_existent,non_existent,
NN,K,32,Mid,small,8,b,61.84,17.37,osmia,non_existent,non_existent,non_existent,non_existent,non_existent,non_existent,no_visit,non_existent,non_existent,non_existent,non_existent,no_visit,non_existent,non_existent,empty,empty,empty,2 cells + end cap ,no_visit,no change,no change,no change,no_visit,no change,no change,no change,no_visit,no change,no_visit,no change,no_visit,no change,no change,no_visit,no change,no change,no change,no_visit,no change,non_existent,non_existent,non_existent,non_existent,non_existent,non_existent,non_existent,non_existent,non_existent,non_existent,non_existent,non_existent,non_existent,
NN,K,32,Mid,small,9,a,NA,NA,osmia,non_existent,empty,empty,empty,empty,empty,no_visit,empty,empty,empty,empty,no_visit,empty,inner wall,no change,no change,no change,no change,no_visit,empty,non_existent,non_existent,no_visit,non_existent,non_existent,non_existent,no_visit,non_existent,no_visit,non_existent,no_visit,non_existent,non_existent,no_visit,non_existent,non_existent,non_existent,no_visit,non_existent,non_existent,non_existent,non_existent,non_existent,non_existent,non_existent,non_existent,non_existent,non_existent,non_existent,non_existent,non_existent,non_existent,
NN,K,32,Mid,small,9,b,NA,NA,NA,non_existent,non_existent,non_existent,non_existent,non_existent,non_existent,no_visit,non_existent,non_existent,non_existent,non_existent,no_visit,non_existent,non_existent,non_existent,non_existent,non_existent,non_existent,no_visit,non_existent,empty,empty,no_visit,empty,empty,empty,no_visit,empty,no_visit,empty,no_visit,empty,empty,no_visit,empty,empty,empty,no_visit,empty,non_existent,non_existent,non_existent,non_existent,non_existent,non_existent,non_existent,non_existent,non_existent,non_existent,non_existent,non_existent,non_existent,
NN,K,32,Mid,small,10,a,NA,NA,wasp,non_existent,empty,empty,empty,empty,empty,no_visit,empty,empty,empty,empty,no_visit,empty,empty,empty,empty,empty,empty,no_visit,empty,empty,empty,no_visit,empty,empty,empty,no_visit,empty,no_visit,empty,no_visit,empty,empty,no_visit,non-target nest completed ,non_existent,non_existent,no_visit,non_existent,non_existent,non_existent,non_existent,non_existent,non_existent,non_existent,non_existent,non_existent,non_existent,non_existent,non_existent,non_existent,non_existent,
NN,K,32,Mid,small,10,b,NA,NA,NA,non_existent,non_existent,non_existent,non_existent,non_existent,non_existent,no_visit,non_existent,non_existent,non_existent,non_existent,no_visit,non_existent,non_existent,non_existent,non_existent,non_existent,non_existent,no_visit,non_existent,non_existent,non_existent,no_visit,non_existent,non_existent,non_existent,no_visit,non_existent,no_visit,non_existent,no_visit,non_existent,non_existent,no_visit,non_existent,empty,empty,no_visit,empty,non_existent,non_existent,non_existent,non_existent,non_existent,non_existent,non_existent,non_existent,non_existent,non_existent,non_existent,non_existent,non_existent,
NN,K,32,Mid,large,13,a,NA,NA,NA,non_existent,pseudo,pseudo,pseudo,pseudo,pseudo,no_visit,pseudo,pseudo,pseudo,pseudo,no_visit,pseudo,pseudo,pseudo,pseudo,pseudo,pseudo,no_visit,pseudo,pseudo,pseudo,no_visit,pseudo,pseudo,pseudo,no_visit,pseudo,no_visit,pseudo,no_visit,pseudo,pseudo,no_visit,pseudo,pseudo,pseudo,no_visit,pseudo,non_existent,non_existent,non_existent,non_existent,non_existent,non_existent,non_existent,non_existent,non_existent,non_existent,non_existent,non_existent,non_existent,
NN,K,32,Mid,small,15,a,NA,NA,NA,non_existent,pseudo,pseudo,pseudo,pseudo,pseudo,no_visit,pseudo,pseudo,pseudo,pseudo,no_visit,pseudo,pseudo,non_existent,non_existent,non_existent,non_existent,no_visit,non_existent,non_existent,non_existent,no_visit,non_existent,non_existent,non_existent,no_visit,non_existent,no_visit,non_existent,no_visit,non_existent,non_existent,no_visit,non_existent,non_existent,non_existent,no_visit,non_existent,non_existent,non_existent,non_existent,non_existent,non_existent,non_existent,non_existent,non_existent,non_existent,non_existent,non_existent,non_existent,non_existent,
NN,K,32,Mid,small,15,b,NA,NA,wasp,non_existent,non_existent,non_existent,non_existent,non_existent,non_existent,no_visit,non_existent,non_existent,non_existent,non_existent,no_visit,non_existent,non_existent,empty,empty,empty,empty,no_visit,empty,empty,empty,no_visit,empty,empty,empty,no_visit,non-target cells,no_visit,non-target nest completed ,no_visit,non_existent,non_existent,no_visit,non_existent,non_existent,non_existent,no_visit,non_existent,non_existent,non_existent,non_existent,non_existent,non_existent,non_existent,non_existent,non_existent,non_existent,non_existent,non_existent,non_existent,non_existent,
NN,K,32,Mid,small,15,c,NA,NA,wasp,non_existent,non_existent,non_existent,non_existent,non_existent,non_existent,no_visit,non_existent,non_existent,non_existent,non_existent,no_visit,non_existent,non_existent,non_existent,non_existent,non_existent,non_existent,no_visit,non_existent,non_existent,non_existent,no_visit,non_existent,non_existent,non_existent,no_visit,non_existent,no_visit,non_existent,no_visit,empty,empty,no_visit,non-target cells ,no change,no change,no_visit,no change,non_existent,non_existent,non_existent,non_existent,non_existent,non_existent,non_existent,non_existent,non_existent,non_existent,non_existent,non_existent,non_existent,
NN,K,32,Mid,medium,16,a,NA,NA,NA,non_existent,pseudo,pseudo,pseudo,pseudo,pseudo,no_visit,pseudo,pseudo,pseudo,pseudo,no_visit,pseudo,pseudo,pseudo,pseudo,pseudo,pseudo,no_visit,pseudo,pseudo,pseudo,no_visit,pseudo,pseudo,pseudo,no_visit,pseudo,no_visit,pseudo,no_visit,pseudo,pseudo,no_visit,pseudo,pseudo,pseudo,no_visit,pseudo,non_existent,non_existent,non_existent,non_existent,non_existent,non_existent,non_existent,non_existent,non_existent,non_existent,non_existent,non_existent,non_existent,
NN,K,32,Mid,small,17,a,NA,NA,osmia,non_existent,empty,empty,empty,empty,empty,no_visit,empty,empty,empty,empty,no_visit,empty,inner wall,no change,no change,no change,no change,no_visit,non_existent,non_existent,non_existent,no_visit,non_existent,non_existent,non_existent,no_visit,non_existent,no_visit,non_existent,no_visit,non_existent,non_existent,no_visit,non_existent,non_existent,non_existent,no_visit,non_existent,non_existent,non_existent,non_existent,non_existent,non_existent,non_existent,non_existent,non_existent,non_existent,non_existent,non_existent,non_existent,non_existent,
NN,K,32,Mid,small,17,b,NA,NA,NA,non_existent,non_existent,non_existent,non_existent,non_existent,non_existent,no_visit,non_existent,non_existent,non_existent,non_existent,no_visit,non_existent,non_existent,non_existent,non_existent,non_existent,non_existent,no_visit,pseudo,pseudo,pseudo,no_visit,pseudo,pseudo,pseudo,no_visit,pseudo,no_visit,pseudo,no_visit,pseudo,pseudo,no_visit,pseudo,pseudo,pseudo,no_visit,pseudo,non_existent,non_existent,non_existent,non_existent,non_existent,non_existent,non_existent,non_existent,non_existent,non_existent,non_existent,non_existent,non_existent,
NN,K,32,Mid,medium,18,a,NA,NA,NA,non_existent,pseudo,pseudo,pseudo,pseudo,pseudo,no_visit,pseudo,pseudo,pseudo,pseudo,no_visit,pseudo,pseudo,pseudo,pseudo,pseudo,pseudo,no_visit,pseudo,non_existent,non_existent,no_visit,non_existent,non_existent,non_existent,no_visit,non_existent,no_visit,non_existent,no_visit,non_existent,non_existent,no_visit,non_existent,non_existent,non_existent,no_visit,non_existent,non_existent,non_existent,non_existent,non_existent,non_existent,non_existent,non_existent,non_existent,non_existent,non_existent,non_existent,non_existent,non_existent,
NN,K,32,Mid,medium,18,b,NA,NA,NA,non_existent,non_existent,non_existent,non_existent,non_existent,non_existent,no_visit,non_existent,non_existent,non_existent,non_existent,no_visit,non_existent,non_existent,non_existent,non_existent,non_existent,non_existent,no_visit,non_existent,empty,empty,no_visit,empty,empty,empty,no_visit,empty,no_visit,empty,no_visit,empty,empty,no_visit,empty,empty,empty,no_visit,empty,non_existent,non_existent,non_existent,non_existent,non_existent,non_existent,non_existent,non_existent,non_existent,non_existent,non_existent,non_existent,non_existent,
NN,K,33,High,small,2,a,NA,NA,NA,non_existent,pseudo,pseudo,pseudo,pseudo,pseudo,no_visit,pseudo,pseudo,pseudo,pseudo,no_visit,pseudo,pseudo,pseudo,pseudo,pseudo,pseudo,no_visit,pseudo,pseudo,pseudo,no_visit,pseudo,pseudo,pseudo,no_visit,pseudo,no_visit,pseudo,no_visit,pseudo,pseudo,no_visit,pseudo,pseudo,pseudo,no_visit,pseudo,non_existent,non_existent,non_existent,non_existent,non_existent,non_existent,non_existent,non_existent,non_existent,non_existent,non_existent,non_existent,non_existent,
NN,K,33,High,medium,4,a,NA,NA,NA,non_existent,pseudo,pseudo,pseudo,pseudo,pseudo,no_visit,pseudo,pseudo,pseudo,pseudo,no_visit,pseudo,pseudo,pseudo,pseudo,pseudo,pseudo,no_visit,pseudo,pseudo,pseudo,no_visit,pseudo,pseudo,pseudo,no_visit,pseudo,no_visit,pseudo,no_visit,pseudo,pseudo,no_visit,pseudo,pseudo,pseudo,no_visit,pseudo,non_existent,non_existent,non_existent,non_existent,non_existent,non_existent,non_existent,non_existent,non_existent,non_existent,non_existent,non_existent,non_existent,
NN,K,33,High,small,7,a,NA,NA,NA,non_existent,pseudo,pseudo,pseudo,pseudo,pseudo,no_visit,pseudo,pseudo,pseudo,pseudo,no_visit,pseudo,pseudo,pseudo,pseudo,pseudo,pseudo,no_visit,pseudo,pseudo,pseudo,no_visit,pseudo,pseudo,pseudo,no_visit,pseudo,no_visit,pseudo,no_visit,pseudo,pseudo,no_visit,pseudo,pseudo,pseudo,no_visit,pseudo,non_existent,non_existent,non_existent,non_existent,non_existent,non_existent,non_existent,non_existent,non_existent,non_existent,non_existent,non_existent,non_existent,
NN,K,33,High,small,9,a,NA,NA,NA,non_existent,pseudo,pseudo,pseudo,pseudo,pseudo,no_visit,pseudo,pseudo,pseudo,pseudo,no_visit,pseudo,pseudo,pseudo,pseudo,pseudo,pseudo,no_visit,pseudo,pseudo,pseudo,no_visit,pseudo,pseudo,pseudo,no_visit,pseudo,no_visit,pseudo,no_visit,pseudo,pseudo,no_visit,pseudo,pseudo,pseudo,no_visit,pseudo,non_existent,non_existent,non_existent,non_existent,non_existent,non_existent,non_existent,non_existent,non_existent,non_existent,non_existent,non_existent,non_existent,
NN,K,33,High,medium,10,a,NA,NA,NA,non_existent,pseudo,pseudo,pseudo,pseudo,pseudo,no_visit,pseudo,pseudo,pseudo,pseudo,no_visit,pseudo,pseudo,pseudo,pseudo,pseudo,pseudo,no_visit,pseudo,pseudo,pseudo,no_visit,pseudo,pseudo,pseudo,no_visit,pseudo,no_visit,pseudo,no_visit,pseudo,pseudo,no_visit,pseudo,pseudo,pseudo,no_visit,pseudo,non_existent,non_existent,non_existent,non_existent,non_existent,non_existent,non_existent,non_existent,non_existent,non_existent,non_existent,non_existent,non_existent,
NN,K,33,High,small,11,a,NA,NA,NA,non_existent,pseudo,pseudo,pseudo,pseudo,pseudo,no_visit,pseudo,pseudo,pseudo,pseudo,no_visit,pseudo,pseudo,pseudo,pseudo,pseudo,pseudo,no_visit,pseudo,pseudo,pseudo,no_visit,pseudo,pseudo,pseudo,no_visit,pseudo,no_visit,pseudo,no_visit,pseudo,pseudo,no_visit,pseudo,pseudo,pseudo,no_visit,pseudo,non_existent,non_existent,non_existent,non_existent,non_existent,non_existent,non_existent,non_existent,non_existent,non_existent,non_existent,non_existent,non_existent,
NN,K,33,High,medium,13,a,NA,NA,NA,non_existent,pseudo,pseudo,pseudo,pseudo,pseudo,no_visit,pseudo,pseudo,pseudo,pseudo,no_visit,pseudo,pseudo,pseudo,pseudo,pseudo,pseudo,no_visit,pseudo,pseudo,pseudo,no_visit,pseudo,pseudo,pseudo,no_visit,pseudo,no_visit,pseudo,no_visit,pseudo,pseudo,no_visit,pseudo,pseudo,pseudo,no_visit,pseudo,non_existent,non_existent,non_existent,non_existent,non_existent,non_existent,non_existent,non_existent,non_existent,non_existent,non_existent,non_existent,non_existent,
NN,K,33,High,small,14,a,NA,NA,NA,non_existent,pseudo,pseudo,pseudo,pseudo,pseudo,no_visit,pseudo,pseudo,pseudo,pseudo,no_visit,pseudo,pseudo,pseudo,pseudo,pseudo,pseudo,no_visit,pseudo,pseudo,pseudo,no_visit,pseudo,pseudo,pseudo,no_visit,pseudo,no_visit,pseudo,no_visit,pseudo,pseudo,no_visit,pseudo,pseudo,pseudo,no_visit,pseudo,non_existent,non_existent,non_existent,non_existent,non_existent,non_existent,non_existent,non_existent,non_existent,non_existent,non_existent,non_existent,non_existent,
NN,K,33,High,large,15,a,NA,NA,NA,non_existent,pseudo,pseudo,pseudo,pseudo,pseudo,no_visit,pseudo,pseudo,pseudo,pseudo,no_visit,pseudo,pseudo,pseudo,pseudo,pseudo,pseudo,no_visit,pseudo,pseudo,pseudo,no_visit,pseudo,pseudo,pseudo,no_visit,pseudo,no_visit,pseudo,no_visit,pseudo,pseudo,no_visit,pseudo,pseudo,pseudo,no_visit,pseudo,non_existent,non_existent,non_existent,non_existent,non_existent,non_existent,non_existent,non_existent,non_existent,non_existent,non_existent,non_existent,non_existent,
NN,K,33,High,small,16,a,NA,NA,NA,non_existent,pseudo,pseudo,pseudo,pseudo,pseudo,no_visit,pseudo,pseudo,pseudo,pseudo,no_visit,pseudo,pseudo,pseudo,pseudo,pseudo,pseudo,no_visit,pseudo,pseudo,pseudo,no_visit,pseudo,pseudo,pseudo,no_visit,pseudo,no_visit,pseudo,no_visit,pseudo,pseudo,no_visit,pseudo,pseudo,pseudo,no_visit,pseudo,non_existent,non_existent,non_existent,non_existent,non_existent,non_existent,non_existent,non_existent,non_existent,non_existent,non_existent,non_existent,non_existent,
NN,K,33,High,small,18,a,NA,NA,NA,non_existent,pseudo,pseudo,pseudo,pseudo,pseudo,no_visit,pseudo,pseudo,pseudo,pseudo,no_visit,pseudo,pseudo,pseudo,pseudo,pseudo,pseudo,no_visit,pseudo,pseudo,pseudo,no_visit,pseudo,pseudo,pseudo,no_visit,pseudo,no_visit,pseudo,no_visit,pseudo,pseudo,no_visit,pseudo,pseudo,pseudo,no_visit,pseudo,non_existent,non_existent,non_existent,non_existent,non_existent,non_existent,non_existent,non_existent,non_existent,non_existent,non_existent,non_existent,non_existent,
NN,L,34,Low,small,12,a,NA,NA,wasp,non_existent,empty,empty,empty,empty,empty,no_visit,empty,empty,empty,empty,no_visit,empty,empty,empty,empty,empty,empty,no_visit,empty,empty,empty,no_visit,empty,empty,empty,no_visit,empty,no_visit,empty,no_visit,empty,empty,no_visit,empty,empty,non-target cells ,no_visit,no change,non_existent,non_existent,non_existent,non_existent,non_existent,non_existent,non_existent,non_existent,non_existent,non_existent,non_existent,non_existent,non_existent,
NN,L,35,Mid,medium,1,a,NA,NA,NA,non_existent,pseudo,pseudo,pseudo,pseudo,pseudo,no_visit,pseudo,pseudo,pseudo,pseudo,no_visit,pseudo,pseudo,pseudo,pseudo,pseudo,pseudo,no_visit,pseudo,non_existent,non_existent,no_visit,non_existent,non_existent,non_existent,no_visit,non_existent,no_visit,non_existent,no_visit,non_existent,non_existent,no_visit,non_existent,non_existent,non_existent,no_visit,non_existent,non_existent,non_existent,non_existent,non_existent,non_existent,non_existent,non_existent,non_existent,non_existent,non_existent,non_existent,non_existent,non_existent,
NN,L,35,Mid,medium,1,b,NA,NA,NA,non_existent,non_existent,non_existent,non_existent,non_existent,non_existent,no_visit,non_existent,non_existent,non_existent,non_existent,no_visit,non_existent,non_existent,non_existent,non_existent,non_existent,non_existent,no_visit,non_existent,empty,empty,no_visit,empty,empty,empty,no_visit,empty,no_visit,empty,no_visit,empty,empty,no_visit,empty,empty,empty,no_visit,empty,non_existent,non_existent,non_existent,non_existent,non_existent,non_existent,non_existent,non_existent,non_existent,non_existent,non_existent,non_existent,non_existent,
NN,L,35,Mid,small,2,a,NA,NA,wasp,non_existent,empty,empty,empty,empty,empty,no_visit,empty,empty,empty,empty,no_visit,empty,empty,empty,empty,empty,empty,no_visit,non-target nest completed ,no change,no change,no_visit,no change,no change,non_existent,no_visit,non_existent,no_visit,non_existent,no_visit,non_existent,non_existent,no_visit,non_existent,non_existent,non_existent,no_visit,non_existent,non_existent,non_existent,non_existent,non_existent,non_existent,non_existent,non_existent,non_existent,non_existent,non_existent,non_existent,non_existent,non_existent,
NN,L,35,Mid,small,2,b,NA,NA,wasp,non_existent,non_existent,non_existent,non_existent,non_existent,non_existent,no_visit,non_existent,non_existent,non_existent,non_existent,no_visit,non_existent,non_existent,non_existent,non_existent,non_existent,non_existent,no_visit,non_existent,non_existent,non_existent,no_visit,non_existent,non_existent,empty,no_visit,non-target cells,no_visit,non-target nest completed,no_visit,non_existent,non_existent,no_visit,non_existent,non_existent,non_existent,no_visit,non_existent,non_existent,non_existent,non_existent,non_existent,non_existent,non_existent,non_existent,non_existent,non_existent,non_existent,non_existent,non_existent,non_existent,
NN,L,35,Mid,small,2,c,NA,NA,NA,non_existent,non_existent,non_existent,non_existent,non_existent,non_existent,no_visit,non_existent,non_existent,non_existent,non_existent,no_visit,non_existent,non_existent,non_existent,non_existent,non_existent,non_existent,no_visit,non_existent,non_existent,non_existent,no_visit,non_existent,non_existent,non_existent,no_visit,non_existent,no_visit,non_existent,no_visit,pseudo,pseudo,no_visit,pseudo,pseudo,pseudo,no_visit,pseudo,non_existent,non_existent,non_existent,non_existent,non_existent,non_existent,non_existent,non_existent,non_existent,non_existent,non_existent,non_existent,non_existent,
NN,L,35,Mid,small,3,a,NA,NA,NA,non_existent,pseudo,pseudo,pseudo,pseudo,pseudo,no_visit,pseudo,pseudo,pseudo,pseudo,no_visit,pseudo,pseudo,pseudo,pseudo,pseudo,pseudo,no_visit,pseudo,non_existent,non_existent,no_visit,non_existent,non_existent,non_existent,no_visit,non_existent,no_visit,non_existent,no_visit,non_existent,non_existent,no_visit,non_existent,non_existent,non_existent,no_visit,non_existent,non_existent,non_existent,non_existent,non_existent,non_existent,non_existent,non_existent,non_existent,non_existent,non_existent,non_existent,non_existent,non_existent,
NN,L,35,Mid,small,3,b,NA,NA,wasp,non_existent,non_existent,non_existent,non_existent,non_existent,non_existent,no_visit,non_existent,non_existent,non_existent,non_existent,no_visit,non_existent,non_existent,non_existent,non_existent,non_existent,non_existent,no_visit,non_existent,empty,empty,no_visit,empty,non-target nest completed ,no change,no_visit,no change,no_visit,non_existent,no_visit,non_existent,non_existent,no_visit,non_existent,non_existent,non_existent,no_visit,non_existent,non_existent,non_existent,non_existent,non_existent,non_existent,non_existent,non_existent,non_existent,non_existent,non_existent,non_existent,non_existent,non_existent,
NN,L,35,Mid,small,3,c,NA,NA,wasp,non_existent,non_existent,non_existent,non_existent,non_existent,non_existent,no_visit,non_existent,non_existent,non_existent,non_existent,no_visit,non_existent,non_existent,non_existent,non_existent,non_existent,non_existent,no_visit,non_existent,non_existent,non_existent,no_visit,non_existent,non_existent,non_existent,no_visit,non_existent,no_visit,non-target inner wall,no_visit,no change,no change,no_visit,no change,non_existent,non_existent,no_visit,non_existent,non_existent,non_existent,non_existent,non_existent,non_existent,non_existent,non_existent,non_existent,non_existent,non_existent,non_existent,non_existent,non_existent,
NN,L,35,Mid,small,3,d,NA,NA,NA,non_existent,non_existent,non_existent,non_existent,non_existent,non_existent,no_visit,non_existent,non_existent,non_existent,non_existent,no_visit,non_existent,non_existent,non_existent,non_existent,non_existent,non_existent,no_visit,non_existent,non_existent,non_existent,no_visit,non_existent,non_existent,non_existent,no_visit,non_existent,no_visit,non_existent,no_visit,non_existent,non_existent,no_visit,non_existent,empty,empty,no_visit,empty,non_existent,non_existent,non_existent,non_existent,non_existent,non_existent,non_existent,non_existent,non_existent,non_existent,non_existent,non_existent,non_existent,
NN,L,35,Mid,small,5,a,NA,NA,NA,non_existent,pseudo,pseudo,pseudo,pseudo,pseudo,no_visit,pseudo,pseudo,pseudo,pseudo,no_visit,pseudo,pseudo,pseudo,pseudo,pseudo,pseudo,no_visit,pseudo,non_existent,non_existent,no_visit,non_existent,non_existent,non_existent,no_visit,non_existent,no_visit,non_existent,no_visit,non_existent,non_existent,no_visit,non_existent,non_existent,non_existent,no_visit,non_existent,non_existent,non_existent,non_existent,non_existent,non_existent,non_existent,non_existent,non_existent,non_existent,non_existent,non_existent,non_existent,non_existent,
NN,L,35,Mid,small,5,b,NA,NA,NA,non_existent,non_existent,non_existent,non_existent,non_existent,non_existent,no_visit,non_existent,non_existent,non_existent,non_existent,no_visit,non_existent,non_existent,non_existent,non_existent,non_existent,non_existent,no_visit,non_existent,empty,empty,no_visit,empty,empty,empty,no_visit,empty,no_visit,empty,no_visit,empty,empty,no_visit,empty,empty,empty,no_visit,empty,non_existent,non_existent,non_existent,non_existent,non_existent,non_existent,non_existent,non_existent,non_existent,non_existent,non_existent,non_existent,non_existent,
NN,L,35,Mid,large,6,a,NA,NA,NA,non_existent,pseudo,pseudo,pseudo,pseudo,pseudo,no_visit,pseudo,pseudo,pseudo,pseudo,no_visit,pseudo,pseudo,pseudo,pseudo,pseudo,pseudo,no_visit,pseudo,non_existent,non_existent,no_visit,non_existent,non_existent,non_existent,no_visit,non_existent,no_visit,non_existent,no_visit,non_existent,non_existent,no_visit,non_existent,non_existent,non_existent,no_visit,non_existent,non_existent,non_existent,non_existent,non_existent,non_existent,non_existent,non_existent,non_existent,non_existent,non_existent,non_existent,non_existent,non_existent,
NN,L,35,Mid,large,6,b,NA,NA,NA,non_existent,non_existent,non_existent,non_existent,non_existent,non_existent,no_visit,non_existent,non_existent,non_existent,non_existent,no_visit,non_existent,non_existent,non_existent,non_existent,non_existent,non_existent,no_visit,non_existent,empty,non_existent,no_visit,non_existent,non_existent,non_existent,no_visit,non_existent,no_visit,non_existent,no_visit,non_existent,non_existent,no_visit,non_existent,non_existent,non_existent,no_visit,non_existent,non_existent,non_existent,non_existent,non_existent,non_existent,non_existent,non_existent,non_existent,non_existent,non_existent,non_existent,non_existent,non_existent,
NN,L,35,Mid,large,6,c,NA,NA,NA,non_existent,non_existent,non_existent,non_existent,non_existent,non_existent,no_visit,non_existent,non_existent,non_existent,non_existent,no_visit,non_existent,non_existent,non_existent,non_existent,non_existent,non_existent,no_visit,non_existent,non_existent,pseudo,no_visit,pseudo,pseudo,pseudo,no_visit,pseudo,no_visit,pseudo,no_visit,pseudo,pseudo,no_visit,pseudo,pseudo,pseudo,no_visit,pseudo,non_existent,non_existent,non_existent,non_existent,non_existent,non_existent,non_existent,non_existent,non_existent,non_existent,non_existent,non_existent,non_existent,
NN,L,35,Mid,small,7,a,141.88,4.98,osmia,non_existent,empty,empty,empty,empty,empty,no_visit,empty,empty,empty,empty,no_visit,empty,empty,empty,empty,empty,empty,no_visit,empty,empty,empty,no_visit,empty,empty,empty,no_visit,empty,no_visit,empty,no_visit,1 cell,no change,no_visit,no change,no change,non-target nest completed ,no_visit,no change,non_existent,non_existent,non_existent,non_existent,non_existent,non_existent,non_existent,non_existent,non_existent,non_existent,non_existent,non_existent,non_existent,
NN,L,35,Mid,medium,8,a,unknown,unknown,osmia,non_existent,empty,empty,empty,empty,empty,no_visit,empty,empty,empty,empty,no_visit,empty,empty,empty,empty,empty,empty,no_visit,inner wall ,no change,1 cell,no_visit,no change,no change,no change,no_visit,no change,no_visit,no change,no_visit,end cap ,no change,no_visit,no change,no change,no change,no_visit,no change,non_existent,non_existent,non_existent,non_existent,non_existent,non_existent,non_existent,non_existent,non_existent,non_existent,non_existent,non_existent,non_existent,
NN,L,35,Mid,small,9,a,NA,NA,osmia,non_existent,empty,empty,empty,empty,empty,no_visit,empty,empty,empty,empty,no_visit,empty,empty,empty,empty,empty,empty,no_visit,inner wall,no change,no change,no_visit,no change,no change,no change,no_visit,no change,no_visit,no change,no_visit,non_existent,non_existent,no_visit,non_existent,non_existent,non_existent,no_visit,non_existent,non_existent,non_existent,non_existent,non_existent,non_existent,non_existent,non_existent,non_existent,non_existent,non_existent,non_existent,non_existent,non_existent,
NN,L,35,Mid,small,9,b,NA,NA,NA,non_existent,non_existent,non_existent,non_existent,non_existent,non_existent,no_visit,non_existent,non_existent,non_existent,non_existent,no_visit,non_existent,non_existent,non_existent,non_existent,non_existent,non_existent,no_visit,non_existent,non_existent,non_existent,no_visit,non_existent,non_existent,non_existent,no_visit,non_existent,no_visit,non_existent,no_visit,pseudo,pseudo,no_visit,pseudo,non_existent,non_existent,no_visit,non_existent,non_existent,non_existent,non_existent,non_existent,non_existent,non_existent,non_existent,non_existent,non_existent,non_existent,non_existent,non_existent,non_existent,
NN,L,35,Mid,small,9,c,144.43,9.77,osmia,non_existent,non_existent,non_existent,non_existent,non_existent,non_existent,no_visit,non_existent,non_existent,non_existent,non_existent,no_visit,non_existent,non_existent,non_existent,non_existent,non_existent,non_existent,no_visit,non_existent,non_existent,non_existent,no_visit,non_existent,non_existent,non_existent,no_visit,non_existent,no_visit,non_existent,no_visit,non_existent,non_existent,no_visit,non_existent,empty,empty,no_visit,1 cell ,non_existent,non_existent,non_existent,non_existent,non_existent,non_existent,non_existent,non_existent,non_existent,non_existent,non_existent,non_existent,non_existent,no second wall to inclose the cell yet
NN,L,35,Mid,small,11,a,NA,NA,wasp,non_existent,empty,empty,empty,empty,empty,no_visit,empty,empty,empty,empty,no_visit,empty,empty,empty,empty,empty,empty,no_visit,empty,empty,empty,no_visit,empty,non-target nest completed ,no change,no_visit,no change,no_visit,non_existent,no_visit,non_existent,non_existent,no_visit,non_existent,non_existent,non_existent,no_visit,non_existent,non_existent,non_existent,non_existent,non_existent,non_existent,non_existent,non_existent,non_existent,non_existent,non_existent,non_existent,non_existent,non_existent,
NN,L,35,Mid,small,11,b,NA,NA,NA,non_existent,non_existent,non_existent,non_existent,non_existent,non_existent,no_visit,non_existent,non_existent,non_existent,non_existent,no_visit,non_existent,non_existent,non_existent,non_existent,non_existent,non_existent,no_visit,non_existent,non_existent,non_existent,no_visit,non_existent,non_existent,non_existent,no_visit,non_existent,no_visit,empty,no_visit,non_existent,non_existent,no_visit,non_existent,non_existent,non_existent,no_visit,non_existent,non_existent,non_existent,non_existent,non_existent,non_existent,non_existent,non_existent,non_existent,non_existent,non_existent,non_existent,non_existent,non_existent,
NN,L,35,Mid,small,11,c,NA,NA,NA,non_existent,non_existent,non_existent,non_existent,non_existent,non_existent,no_visit,non_existent,non_existent,non_existent,non_existent,no_visit,non_existent,non_existent,non_existent,non_existent,non_existent,non_existent,no_visit,non_existent,non_existent,non_existent,no_visit,non_existent,non_existent,non_existent,no_visit,non_existent,no_visit,non_existent,no_visit,pseudo,pseudo,no_visit,pseudo,pseudo,pseudo,no_visit,pseudo,non_existent,non_existent,non_existent,non_existent,non_existent,non_existent,non_existent,non_existent,non_existent,non_existent,non_existent,non_existent,non_existent,
NN,L,35,Mid,small,12,a,NA,NA,wasp,non_existent,empty,empty,empty,empty,empty,no_visit,empty,empty,empty,empty,no_visit,empty,empty,empty,empty,empty,empty,no_visit,empty,empty,non-target nest completed,no_visit,non_existent,non_existent,non_existent,no_visit,non_existent,no_visit,non_existent,no_visit,non_existent,non_existent,no_visit,non_existent,non_existent,non_existent,no_visit,non_existent,non_existent,non_existent,non_existent,non_existent,non_existent,non_existent,non_existent,non_existent,non_existent,non_existent,non_existent,non_existent,non_existent,
NN,L,35,Mid,small,12,b,NA,NA,wasp,non_existent,non_existent,non_existent,non_existent,non_existent,non_existent,no_visit,non_existent,non_existent,non_existent,non_existent,no_visit,non_existent,non_existent,non_existent,non_existent,non_existent,non_existent,no_visit,non_existent,non_existent,non_existent,no_visit,empty,empty,empty,no_visit,empty,no_visit,non-target cells,no_visit,non-target nest completed ,non_existent,no_visit,non_existent,non_existent,non_existent,no_visit,non_existent,non_existent,non_existent,non_existent,non_existent,non_existent,non_existent,non_existent,non_existent,non_existent,non_existent,non_existent,non_existent,non_existent,
NN,L,35,Mid,small,12,c,NA,NA,NA,non_existent,non_existent,non_existent,non_existent,non_existent,non_existent,no_visit,non_existent,non_existent,non_existent,non_existent,no_visit,non_existent,non_existent,non_existent,non_existent,non_existent,non_existent,no_visit,non_existent,non_existent,non_existent,no_visit,non_existent,non_existent,non_existent,no_visit,non_existent,no_visit,non_existent,no_visit,non_existent,empty,no_visit,empty,empty,empty,no_visit,empty,non_existent,non_existent,non_existent,non_existent,non_existent,non_existent,non_existent,non_existent,non_existent,non_existent,non_existent,non_existent,non_existent,
NN,L,35,Mid,medium,13,a,NA,NA,NA,non_existent,pseudo,pseudo,pseudo,pseudo,pseudo,no_visit,pseudo,pseudo,pseudo,pseudo,no_visit,pseudo,pseudo,pseudo,pseudo,pseudo,pseudo,no_visit,pseudo,pseudo,pseudo,no_visit,pseudo,pseudo,pseudo,no_visit,pseudo,no_visit,pseudo,no_visit,pseudo,pseudo,no_visit,pseudo,pseudo,pseudo,no_visit,pseudo,non_existent,non_existent,non_existent,non_existent,non_existent,non_existent,non_existent,non_existent,non_existent,non_existent,non_existent,non_existent,non_existent,
NN,L,35,Mid,large,14,a,NA,NA,osmia,non_existent,empty,empty,empty,empty,empty,no_visit,empty,empty,empty,empty,no_visit,empty,empty,empty,empty,empty,empty,no_visit,inner wall started,inner wall started,inner wall started,no_visit,inner wall started,inner wall started,inner wall started,no_visit,inner wall started,no_visit,inner wall started,no_visit,non_existent,non_existent,no_visit,non_existent,non_existent,non_existent,no_visit,non_existent,non_existent,non_existent,non_existent,non_existent,non_existent,non_existent,non_existent,non_existent,non_existent,non_existent,non_existent,non_existent,non_existent,
NN,L,35,Mid,large,14,b,NA,NA,NA,non_existent,non_existent,non_existent,non_existent,non_existent,non_existent,no_visit,non_existent,non_existent,non_existent,non_existent,no_visit,non_existent,non_existent,non_existent,non_existent,non_existent,non_existent,no_visit,non_existent,non_existent,non_existent,no_visit,non_existent,non_existent,non_existent,no_visit,non_existent,no_visit,non_existent,no_visit,empty,empty,no_visit,empty,empty,empty,no_visit,empty,non_existent,non_existent,non_existent,non_existent,non_existent,non_existent,non_existent,non_existent,non_existent,non_existent,non_existent,non_existent,non_existent,
NN,L,35,Mid,small,15,a,NA,NA,NA,non_existent,pseudo,pseudo,pseudo,pseudo,pseudo,no_visit,pseudo,pseudo,pseudo,pseudo,no_visit,pseudo,pseudo,pseudo,pseudo,pseudo,pseudo,no_visit,pseudo,non_existent,non_existent,no_visit,non_existent,non_existent,non_existent,no_visit,non_existent,no_visit,non_existent,no_visit,non_existent,non_existent,no_visit,non_existent,non_existent,non_existent,no_visit,non_existent,non_existent,non_existent,non_existent,non_existent,non_existent,non_existent,non_existent,non_existent,non_existent,non_existent,non_existent,non_existent,non_existent,
NN,L,35,Mid,small,15,b,NA,NA,wasp,non_existent,non_existent,non_existent,non_existent,non_existent,non_existent,no_visit,non_existent,non_existent,non_existent,non_existent,no_visit,non_existent,non_existent,non_existent,non_existent,non_existent,non_existent,no_visit,non_existent,empty,empty,no_visit,empty,empty,empty,no_visit,empty,no_visit,empty,no_visit,empty,empty,no_visit,non-target cells ,no change,end cap ,no_visit,non_existent,non_existent,non_existent,non_existent,non_existent,non_existent,non_existent,non_existent,non_existent,non_existent,non_existent,non_existent,non_existent,non_existent,
NN,L,35,Mid,small,15,c,NA,NA,NA,non_existent,non_existent,non_existent,non_existent,non_existent,non_existent,no_visit,non_existent,non_existent,non_existent,non_existent,no_visit,non_existent,non_existent,non_existent,non_existent,non_existent,non_existent,no_visit,non_existent,non_existent,non_existent,no_visit,non_existent,non_existent,non_existent,no_visit,non_existent,no_visit,non_existent,no_visit,non_existent,non_existent,no_visit,non_existent,non_existent,non_existent,no_visit,empty,non_existent,non_existent,non_existent,non_existent,non_existent,non_existent,non_existent,non_existent,non_existent,non_existent,non_existent,non_existent,non_existent,
NN,L,35,Mid,small,16,a,NA,NA,wasp,non_existent,empty,empty,empty,empty,empty,no_visit,empty,empty,empty,empty,no_visit,empty,empty,empty,empty,empty,empty,no_visit,non-target nest completed ,no change,no change,no_visit,no change,no change,non_existent,no_visit,non_existent,no_visit,non_existent,no_visit,non_existent,non_existent,no_visit,non_existent,non_existent,non_existent,no_visit,non_existent,non_existent,non_existent,non_existent,non_existent,non_existent,non_existent,non_existent,non_existent,non_existent,non_existent,non_existent,non_existent,non_existent,
NN,L,35,Mid,small,16,b,NA,NA,wasp,non_existent,non_existent,non_existent,non_existent,non_existent,non_existent,no_visit,non_existent,non_existent,non_existent,non_existent,no_visit,non_existent,non_existent,non_existent,non_existent,non_existent,non_existent,no_visit,non_existent,non_existent,non_existent,no_visit,non_existent,non_existent,empty,no_visit,empty,no_visit,empty,no_visit,non-target cells,no change,no_visit,end cap ,non_existent,non_existent,no_visit,non_existent,non_existent,non_existent,non_existent,non_existent,non_existent,non_existent,non_existent,non_existent,non_existent,non_existent,non_existent,non_existent,non_existent,
NN,L,35,Mid,small,16,c,NA,NA,NA,non_existent,non_existent,non_existent,non_existent,non_existent,non_existent,no_visit,non_existent,non_existent,non_existent,non_existent,no_visit,non_existent,non_existent,non_existent,non_existent,non_existent,non_existent,no_visit,non_existent,non_existent,non_existent,no_visit,non_existent,non_existent,non_existent,no_visit,non_existent,no_visit,non_existent,no_visit,non_existent,non_existent,no_visit,non_existent,empty,empty,no_visit,empty,non_existent,non_existent,non_existent,non_existent,non_existent,non_existent,non_existent,non_existent,non_existent,non_existent,non_existent,non_existent,non_existent,
NN,L,35,Mid,medium,17,a,NA,NA,wasp,non_existent,empty,empty,empty,empty,empty,no_visit,empty,empty,empty,empty,no_visit,empty,empty,empty,empty,empty,empty,no_visit,empty,empty,empty,no_visit,empty,empty,empty,no_visit,empty,no_visit,empty,no_visit,empty,empty,no_visit,non-target cells ,no change,non-target nest completed ,no_visit,non_existent,non_existent,non_existent,non_existent,non_existent,non_existent,non_existent,non_existent,non_existent,non_existent,non_existent,non_existent,non_existent,non_existent,
NN,L,35,Mid,medium,17,b,NA,NA,NA,non_existent,non_existent,non_existent,non_existent,non_existent,non_existent,no_visit,non_existent,non_existent,non_existent,non_existent,no_visit,non_existent,non_existent,non_existent,non_existent,non_existent,non_existent,no_visit,non_existent,non_existent,non_existent,no_visit,non_existent,non_existent,non_existent,no_visit,non_existent,no_visit,non_existent,no_visit,non_existent,non_existent,no_visit,non_existent,non_existent,non_existent,no_visit,empty,non_existent,non_existent,non_existent,non_existent,non_existent,non_existent,non_existent,non_existent,non_existent,non_existent,non_existent,non_existent,non_existent,
NN,L,35,Mid,small,18,a,NA,NA,wasp,non_existent,empty,empty,empty,empty,empty,no_visit,empty,empty,empty,empty,no_visit,empty,empty,empty,empty,empty,non-target cells,no_visit,non-target nest completed ,non_existent,non_existent,no_visit,non_existent,non_existent,non_existent,no_visit,non_existent,no_visit,non_existent,no_visit,non_existent,non_existent,no_visit,non_existent,non_existent,non_existent,no_visit,non_existent,non_existent,non_existent,non_existent,non_existent,non_existent,non_existent,non_existent,non_existent,non_existent,non_existent,non_existent,non_existent,non_existent,
NN,L,35,Mid,small,18,b,NA,NA,wasp,non_existent,non_existent,non_existent,non_existent,non_existent,non_existent,no_visit,non_existent,non_existent,non_existent,non_existent,no_visit,non_existent,non_existent,non_existent,non_existent,non_existent,non_existent,no_visit,non_existent,empty,empty,no_visit,empty,non-target nest completed ,non_existent,no_visit,non_existent,no_visit,non_existent,no_visit,non_existent,non_existent,no_visit,non_existent,non_existent,non_existent,no_visit,non_existent,non_existent,non_existent,non_existent,non_existent,non_existent,non_existent,non_existent,non_existent,non_existent,non_existent,non_existent,non_existent,non_existent,
NN,L,35,Mid,small,18,c,NA,NA,wasp,non_existent,non_existent,non_existent,non_existent,non_existent,non_existent,no_visit,non_existent,non_existent,non_existent,non_existent,no_visit,non_existent,non_existent,non_existent,non_existent,non_existent,non_existent,no_visit,non_existent,non_existent,non_existent,no_visit,non_existent,non_existent,empty,no_visit,empty,no_visit,non-target cells ,no_visit,no change,no change,no_visit,non-target nest completed ,non_existent,non_existent,no_visit,non_existent,non_existent,non_existent,non_existent,non_existent,non_existent,non_existent,non_existent,non_existent,non_existent,non_existent,non_existent,non_existent,non_existent,
NN,L,35,Mid,small,18,d,NA,NA,NA,non_existent,non_existent,non_existent,non_existent,non_existent,non_existent,no_visit,non_existent,non_existent,non_existent,non_existent,no_visit,non_existent,non_existent,non_existent,non_existent,non_existent,non_existent,no_visit,non_existent,non_existent,non_existent,no_visit,non_existent,non_existent,non_existent,no_visit,non_existent,no_visit,non_existent,no_visit,non_existent,non_existent,no_visit,non_existent,empty,empty,no_visit,empty,non_existent,non_existent,non_existent,non_existent,non_existent,non_existent,non_existent,non_existent,non_existent,non_existent,non_existent,non_existent,non_existent,
NN,L,36,High,small,1,a,144.22,86.14,osmia,non_existent,empty,empty,empty,empty,empty,no_visit,empty,empty,empty,empty,no_visit,empty,empty,empty, 1 cell,5 cells,3 cells + end cap,no_visit,no change,no change,no change,no_visit,no change,no change,no change,no_visit,no change,no_visit,no change,no_visit,no change,no change,no_visit,no change,no change,no change,no_visit,no change,non_existent,non_existent,non_existent,non_existent,non_existent,non_existent,non_existent,non_existent,non_existent,non_existent,non_existent,non_existent,non_existent,
NN,L,36,High,medium,2,a,NA,NA,NA,non_existent,pseudo,pseudo,pseudo,pseudo,pseudo,no_visit,pseudo,pseudo,pseudo,pseudo,no_visit,pseudo,pseudo,pseudo,pseudo,pseudo,pseudo,no_visit,pseudo,pseudo,pseudo,no_visit,pseudo,pseudo,pseudo,no_visit,pseudo,no_visit,pseudo,no_visit,pseudo,pseudo,no_visit,pseudo,pseudo,pseudo,no_visit,pseudo,non_existent,non_existent,non_existent,non_existent,non_existent,non_existent,non_existent,non_existent,non_existent,non_existent,non_existent,non_existent,non_existent,
NN,L,36,High,small,3,a,NA,NA,NA,non_existent,pseudo,pseudo,pseudo,pseudo,pseudo,no_visit,pseudo,pseudo,pseudo,pseudo,no_visit,pseudo,pseudo,pseudo,pseudo,non_existent,non_existent,no_visit,non_existent,non_existent,non_existent,no_visit,non_existent,non_existent,non_existent,no_visit,non_existent,no_visit,non_existent,no_visit,non_existent,non_existent,no_visit,non_existent,non_existent,non_existent,no_visit,non_existent,non_existent,non_existent,non_existent,non_existent,non_existent,non_existent,non_existent,non_existent,non_existent,non_existent,non_existent,non_existent,non_existent,
NN,L,36,High,small,3,b,148.15,81.83,osmia,non_existent,non_existent,non_existent,non_existent,non_existent,non_existent,no_visit,non_existent,non_existent,non_existent,non_existent,no_visit,non_existent,non_existent,non_existent,non_existent,inner wall,no change,no_visit,4 cells,no change,2 cells ,no_visit,no change,2 cells,no change,no_visit,1 cell + end cap,no_visit,no change,no_visit,no change,no change,no_visit,no change,no change,no change,no_visit,no change,non_existent,non_existent,non_existent,non_existent,non_existent,non_existent,non_existent,non_existent,non_existent,non_existent,non_existent,non_existent,non_existent,
NN,L,36,High,small,4,a,NA,NA,NA,non_existent,pseudo,pseudo,pseudo,pseudo,pseudo,no_visit,pseudo,pseudo,pseudo,pseudo,no_visit,pseudo,pseudo,pseudo,pseudo,non_existent,non_existent,no_visit,non_existent,non_existent,non_existent,no_visit,non_existent,non_existent,non_existent,no_visit,non_existent,no_visit,non_existent,no_visit,non_existent,non_existent,no_visit,non_existent,non_existent,non_existent,no_visit,non_existent,non_existent,non_existent,non_existent,non_existent,non_existent,non_existent,non_existent,non_existent,non_existent,non_existent,non_existent,non_existent,non_existent,
NN,L,36,High,small,4,b,136.39,60.97,osmia,non_existent,non_existent,non_existent,non_existent,non_existent,non_existent,no_visit,non_existent,non_existent,non_existent,non_existent,no_visit,non_existent,non_existent,non_existent,non_existent,1 cell,4 cells,no_visit,1 cell + end cap,no change,no change,no_visit,no change,no change,no change,no_visit,no change,no_visit,no change,no_visit,no change,no change,no_visit,no change,no change,no change,no_visit,no change,non_existent,non_existent,non_existent,non_existent,non_existent,non_existent,non_existent,non_existent,non_existent,non_existent,non_existent,non_existent,non_existent,
NN,L,36,High,medium,5,a,NA,NA,NA,non_existent,pseudo,pseudo,pseudo,pseudo,pseudo,no_visit,pseudo,pseudo,pseudo,pseudo,no_visit,pseudo,pseudo,pseudo,pseudo,pseudo,pseudo,no_visit,pseudo,pseudo,pseudo,no_visit,pseudo,pseudo,pseudo,no_visit,pseudo,no_visit,pseudo,no_visit,pseudo,pseudo,no_visit,pseudo,pseudo,pseudo,no_visit,pseudo,non_existent,non_existent,non_existent,non_existent,non_existent,non_existent,non_existent,non_existent,non_existent,non_existent,non_existent,non_existent,non_existent,
NN,L,36,High,small,6,a,146.43,48,osmia,non_existent,empty,empty,empty,empty,empty,no_visit,empty,empty,empty,empty,no_visit,empty,empty,empty,1 cell,no change,1 cell,no_visit,4 cells,no change,no change,no_visit,no change,no change,no change,no_visit,no change,no_visit,end cap,no_visit,no change,non_existent,no_visit,non_existent,non_existent,non_existent,no_visit,non_existent,non_existent,non_existent,non_existent,non_existent,non_existent,non_existent,non_existent,non_existent,non_existent,non_existent,non_existent,non_existent,non_existent,
NN,L,36,High,small,6,b,NA,NA,NA,non_existent,non_existent,non_existent,non_existent,non_existent,non_existent,no_visit,non_existent,non_existent,non_existent,non_existent,no_visit,non_existent,non_existent,non_existent,non_existent,non_existent,non_existent,no_visit,non_existent,non_existent,non_existent,no_visit,non_existent,non_existent,non_existent,no_visit,non_existent,no_visit,non_existent,no_visit,non_existent,empty,no_visit,empty,empty,empty,no_visit,empty,non_existent,non_existent,non_existent,non_existent,non_existent,non_existent,non_existent,non_existent,non_existent,non_existent,non_existent,non_existent,non_existent,
NN,L,36,High,large,7,a,NA,NA,NA,non_existent,pseudo,pseudo,pseudo,pseudo,pseudo,no_visit,pseudo,pseudo,pseudo,pseudo,no_visit,pseudo,pseudo,pseudo,pseudo,pseudo,pseudo,no_visit,pseudo,pseudo,pseudo,no_visit,pseudo,pseudo,pseudo,no_visit,pseudo,no_visit,pseudo,no_visit,pseudo,pseudo,no_visit,pseudo,pseudo,pseudo,no_visit,pseudo,non_existent,non_existent,non_existent,non_existent,non_existent,non_existent,non_existent,non_existent,non_existent,non_existent,non_existent,non_existent,non_existent,
NN,L,36,High,small,8,a,NA,NA,NA,non_existent,pseudo,pseudo,pseudo,pseudo,pseudo,no_visit,pseudo,pseudo,pseudo,pseudo,no_visit,pseudo,pseudo,pseudo,pseudo,pseudo,non_existent,no_visit,non_existent,non_existent,non_existent,no_visit,non_existent,non_existent,non_existent,no_visit,non_existent,no_visit,non_existent,no_visit,non_existent,non_existent,no_visit,non_existent,non_existent,non_existent,no_visit,non_existent,non_existent,non_existent,non_existent,non_existent,non_existent,non_existent,non_existent,non_existent,non_existent,non_existent,non_existent,non_existent,non_existent,
NN,L,36,High,small,8,b,138.49,9.14,osmia,non_existent,non_existent,non_existent,non_existent,non_existent,non_existent,no_visit,non_existent,non_existent,non_existent,non_existent,no_visit,non_existent,non_existent,non_existent,non_existent,non_existent,empty,no_visit,empty,empty,empty,no_visit,empty,empty,empty,no_visit,empty,no_visit,empty,no_visit,1 cell,no change,no_visit,1 cell ,no change,no change,no_visit,no change,non_existent,non_existent,non_existent,non_existent,non_existent,non_existent,non_existent,non_existent,non_existent,non_existent,non_existent,non_existent,non_existent,
NN,L,36,High,medium,9,a,143.68,29.63,osmia,non_existent,empty,empty,empty,empty,empty,no_visit,empty,empty,empty,empty,no_visit,empty,empty,empty,empty,2 cells,no change,no_visit,no change,no change,no change,no_visit,no change,no change,no change,no_visit,no change,no_visit,no change,no_visit,end cap ,no change,no_visit,no change,no change,no change,no_visit,no change,non_existent,non_existent,non_existent,non_existent,non_existent,non_existent,non_existent,non_existent,non_existent,non_existent,non_existent,non_existent,non_existent,
NN,L,36,High,medium,10,a,NA,NA,NA,non_existent,pseudo,pseudo,pseudo,pseudo,pseudo,no_visit,pseudo,pseudo,pseudo,pseudo,no_visit,pseudo,pseudo,pseudo,pseudo,pseudo,pseudo,no_visit,pseudo,pseudo,pseudo,no_visit,pseudo,pseudo,pseudo,no_visit,pseudo,no_visit,pseudo,no_visit,pseudo,pseudo,no_visit,pseudo,pseudo,pseudo,no_visit,pseudo,non_existent,non_existent,non_existent,non_existent,non_existent,non_existent,non_existent,non_existent,non_existent,non_existent,non_existent,non_existent,non_existent,
NN,L,36,High,small,11,a,NA,NA,osmia,non_existent,empty,empty,empty,empty,empty,no_visit,empty,empty,empty,empty,no_visit,empty,empty,empty,empty,inner wall,no change,no_visit,no change,non_existent,non_existent,no_visit,non_existent,non_existent,non_existent,no_visit,non_existent,no_visit,non_existent,no_visit,non_existent,non_existent,no_visit,non_existent,non_existent,non_existent,no_visit,non_existent,non_existent,non_existent,non_existent,non_existent,non_existent,non_existent,non_existent,non_existent,non_existent,non_existent,non_existent,non_existent,non_existent,
NN,L,36,High,small,11,b,NA,NA,NA,non_existent,non_existent,non_existent,non_existent,non_existent,non_existent,no_visit,non_existent,non_existent,non_existent,non_existent,no_visit,non_existent,non_existent,non_existent,non_existent,non_existent,non_existent,no_visit,non_existent,pseudo,pseudo,no_visit,non_existent,non_existent,non_existent,no_visit,non_existent,no_visit,non_existent,no_visit,non_existent,non_existent,no_visit,non_existent,non_existent,non_existent,no_visit,non_existent,non_existent,non_existent,non_existent,non_existent,non_existent,non_existent,non_existent,non_existent,non_existent,non_existent,non_existent,non_existent,non_existent,
NN,L,36,High,small,11,c,NA,NA,NA,non_existent,non_existent,non_existent,non_existent,non_existent,non_existent,no_visit,non_existent,non_existent,non_existent,non_existent,no_visit,non_existent,non_existent,non_existent,non_existent,non_existent,non_existent,no_visit,non_existent,non_existent,non_existent,no_visit,empty,empty,empty,no_visit,empty,no_visit,empty,no_visit,empty,empty,no_visit,empty,empty,empty,no_visit,empty,non_existent,non_existent,non_existent,non_existent,non_existent,non_existent,non_existent,non_existent,non_existent,non_existent,non_existent,non_existent,non_existent,
NN,L,36,High,medium,12,a,NA,NA,NA,non_existent,pseudo,pseudo,pseudo,pseudo,pseudo,no_visit,pseudo,pseudo,pseudo,pseudo,no_visit,pseudo,pseudo,pseudo,pseudo,pseudo,pseudo,no_visit,pseudo,non_existent,non_existent,no_visit,non_existent,non_existent,non_existent,no_visit,non_existent,no_visit,non_existent,no_visit,non_existent,non_existent,no_visit,non_existent,non_existent,non_existent,no_visit,non_existent,non_existent,non_existent,non_existent,non_existent,non_existent,non_existent,non_existent,non_existent,non_existent,non_existent,non_existent,non_existent,non_existent,
NN,L,36,High,medium,12,b,NA,NA,wasp,non_existent,non_existent,non_existent,non_existent,non_existent,non_existent,no_visit,non_existent,non_existent,non_existent,non_existent,no_visit,non_existent,non_existent,non_existent,non_existent,non_existent,non_existent,no_visit,non_existent,empty,empty,no_visit,empty,empty,empty,no_visit,empty,no_visit,empty,no_visit,empty,empty,no_visit,non-target nest completed ,non_existent,non_existent,no_visit,non_existent,non_existent,non_existent,non_existent,non_existent,non_existent,non_existent,non_existent,non_existent,non_existent,non_existent,non_existent,non_existent,non_existent,
NN,L,36,High,medium,12,c,NA,NA,wasp,non_existent,non_existent,non_existent,non_existent,non_existent,non_existent,no_visit,non_existent,non_existent,non_existent,non_existent,no_visit,non_existent,non_existent,non_existent,non_existent,non_existent,non_existent,no_visit,non_existent,non_existent,non_existent,no_visit,non_existent,non_existent,non_existent,no_visit,non_existent,no_visit,non_existent,no_visit,non_existent,non_existent,no_visit,non_existent,empty,non-target nest completed ,no_visit,non_existent,non_existent,non_existent,non_existent,non_existent,non_existent,non_existent,non_existent,non_existent,non_existent,non_existent,non_existent,non_existent,non_existent,
NN,L,36,High,medium,12,d,NA,NA,NA,non_existent,non_existent,non_existent,non_existent,non_existent,non_existent,no_visit,non_existent,non_existent,non_existent,non_existent,no_visit,non_existent,non_existent,non_existent,non_existent,non_existent,non_existent,no_visit,non_existent,non_existent,non_existent,no_visit,non_existent,non_existent,non_existent,no_visit,non_existent,no_visit,non_existent,no_visit,non_existent,non_existent,no_visit,non_existent,non_existent,non_existent,no_visit,empty,non_existent,non_existent,non_existent,non_existent,non_existent,non_existent,non_existent,non_existent,non_existent,non_existent,non_existent,non_existent,non_existent,
NN,L,36,High,small,13,a,NA,NA,NA,non_existent,pseudo,pseudo,pseudo,pseudo,pseudo,no_visit,pseudo,pseudo,pseudo,pseudo,no_visit,pseudo,pseudo,pseudo,pseudo,pseudo,non_existent,no_visit,non_existent,non_existent,non_existent,no_visit,non_existent,non_existent,non_existent,no_visit,non_existent,no_visit,non_existent,no_visit,non_existent,non_existent,no_visit,non_existent,non_existent,non_existent,no_visit,non_existent,non_existent,non_existent,non_existent,non_existent,non_existent,non_existent,non_existent,non_existent,non_existent,non_existent,non_existent,non_existent,non_existent,
NN,L,36,High,small,13,b,140.74,38.51,osmia,non_existent,non_existent,non_existent,non_existent,non_existent,non_existent,no_visit,non_existent,non_existent,non_existent,non_existent,no_visit,non_existent,non_existent,non_existent,non_existent,non_existent,empty,no_visit,3 cells + end cap ,no change,no change,no_visit,no change,no change,no change,no_visit,no change,no_visit,no change,no_visit,no change,no change,no_visit,no change,no change,no change,no_visit,no change,non_existent,non_existent,non_existent,non_existent,non_existent,non_existent,non_existent,non_existent,non_existent,non_existent,non_existent,non_existent,non_existent,
NN,L,36,High,small,15,a,NA,NA,NA,non_existent,pseudo,pseudo,pseudo,pseudo,pseudo,no_visit,pseudo,pseudo,pseudo,pseudo,no_visit,pseudo,pseudo,pseudo,pseudo,pseudo,pseudo,no_visit,non_existent,non_existent,non_existent,no_visit,non_existent,non_existent,non_existent,no_visit,non_existent,no_visit,non_existent,no_visit,non_existent,non_existent,no_visit,non_existent,non_existent,non_existent,no_visit,non_existent,non_existent,non_existent,non_existent,non_existent,non_existent,non_existent,non_existent,non_existent,non_existent,non_existent,non_existent,non_existent,non_existent,
NN,L,36,High,small,15,b,143.21,12.03,osmia,non_existent,non_existent,non_existent,non_existent,non_existent,non_existent,no_visit,non_existent,non_existent,non_existent,non_existent,no_visit,non_existent,non_existent,non_existent,non_existent,non_existent,non_existent,no_visit,empty,empty,2 cells ,no_visit,no change,no change,no change,no_visit,no change,no_visit,no change,no_visit,no change,no change,no_visit,no change,no change,no change,no_visit,no change,non_existent,non_existent,non_existent,non_existent,non_existent,non_existent,non_existent,non_existent,non_existent,non_existent,non_existent,non_existent,non_existent,
NN,L,36,High,small,16,a,NA,NA,NA,non_existent,pseudo,pseudo,pseudo,pseudo,pseudo,no_visit,pseudo,pseudo,pseudo,pseudo,no_visit,pseudo,pseudo,pseudo,pseudo,pseudo,pseudo,no_visit,non_existent,non_existent,non_existent,no_visit,non_existent,non_existent,non_existent,no_visit,non_existent,no_visit,non_existent,no_visit,non_existent,non_existent,no_visit,non_existent,non_existent,non_existent,no_visit,non_existent,non_existent,non_existent,non_existent,non_existent,non_existent,non_existent,non_existent,non_existent,non_existent,non_existent,non_existent,non_existent,non_existent,
NN,L,36,High,small,16,b,NA,NA,NA,non_existent,non_existent,non_existent,non_existent,non_existent,non_existent,no_visit,non_existent,non_existent,non_existent,non_existent,no_visit,non_existent,non_existent,non_existent,non_existent,non_existent,non_existent,no_visit,empty,empty,empty,no_visit,empty,empty,empty,no_visit,empty,no_visit,empty,no_visit,empty,empty,no_visit,empty,empty,empty,no_visit,empty,non_existent,non_existent,non_existent,non_existent,non_existent,non_existent,non_existent,non_existent,non_existent,non_existent,non_existent,non_existent,non_existent,
NN,L,36,High,small,18,a,NA,NA,wasp,non_existent,empty,empty,empty,empty,empty,no_visit,empty,empty,empty,empty,no_visit,empty,empty,empty,empty,empty,empty,no_visit,empty,empty,empty,no_visit,empty,empty,empty,no_visit,empty,no_visit,empty,no_visit,no change,no change,no_visit,no change,no change,no change,no_visit,non_existent,non_existent,non_existent,non_existent,non_existent,non_existent,non_existent,non_existent,non_existent,non_existent,non_existent,non_existent,non_existent,non_existent,
NN,L,36,High,small,18,b,NA,NA,NA,non_existent,non_existent,non_existent,non_existent,non_existent,non_existent,no_visit,non_existent,non_existent,non_existent,non_existent,no_visit,non_existent,non_existent,non_existent,non_existent,non_existent,non_existent,no_visit,non_existent,non_existent,non_existent,no_visit,non_existent,non_existent,non_existent,no_visit,non_existent,no_visit,non_existent,no_visit,non_existent,non_existent,no_visit,non_existent,non_existent,non_existent,no_visit,empty,non_existent,non_existent,non_existent,non_existent,non_existent,non_existent,non_existent,non_existent,non_existent,non_existent,non_existent,non_existent,non_existent,
BP,M,37,Low,small,7,a,NA,NA,wasp,non_existent,non_existent,non_existent,non_existent,non_existent,non_existent,non_existent,non_existent,non_existent,non_existent,non_existent,non_existent,non_existent,non_existent,non_existent,non_existent,non_existent,non_existent,non_existent,non_existent,non_existent,non_existent,non_existent,non_existent,non_existent,non_existent,non_existent,non_existent,non_existent,non_existent,non_existent,non_existent,non_existent,non_existent,no_visit,empty,empty,no_visit,no_visit,empty,no change ,non_existent,non_existent,non_existent,non_existent,non_existent,non_existent,non_existent,non_existent,non_existent,non_existent,non_existent,
BP,M,37,Low,small,7,b,NA,NA,wasp,non_existent,non_existent,non_existent,non_existent,non_existent,non_existent,non_existent,non_existent,non_existent,non_existent,non_existent,non_existent,non_existent,non_existent,non_existent,non_existent,non_existent,non_existent,non_existent,non_existent,non_existent,non_existent,non_existent,non_existent,non_existent,non_existent,non_existent,non_existent,non_existent,non_existent,non_existent,non_existent,non_existent,non_existent,no_visit,non_existent,non_existent,no_visit,no_visit,non_existent,non_existent,empty,empty,empty,empty,empty,non-target cells ,non-target cells ,no change,no change,no change,no change,
BP,M,37,Low,medium,11,a,NA,NA,wasp,non_existent,non_existent,non_existent,non_existent,non_existent,non_existent,non_existent,non_existent,non_existent,non_existent,non_existent,non_existent,non_existent,non_existent,non_existent,non_existent,non_existent,non_existent,non_existent,non_existent,non_existent,non_existent,non_existent,non_existent,non_existent,non_existent,non_existent,non_existent,non_existent,non_existent,non_existent,non_existent,non_existent,non_existent,no_visit,empty,empty,no_visit,no_visit,empty,empty,empty,empty,empty,empty,empty,empty,empty,empty,no change ,non_existent,non_existent,
BP,M,37,Low,medium,11,b,NA,NA,NA,non_existent,non_existent,non_existent,non_existent,non_existent,non_existent,non_existent,non_existent,non_existent,non_existent,non_existent,non_existent,non_existent,non_existent,non_existent,non_existent,non_existent,non_existent,non_existent,non_existent,non_existent,non_existent,non_existent,non_existent,non_existent,non_existent,non_existent,non_existent,non_existent,non_existent,non_existent,non_existent,non_existent,non_existent,no_visit,non_existent,non_existent,no_visit,no_visit,non_existent,non_existent,non_existent,non_existent,non_existent,non_existent,non_existent,non_existent,non_existent,non_existent,non_existent,empty,empty,
BP,M,37,Low,medium,13,a,NA,NA,wasp,non_existent,non_existent,non_existent,non_existent,non_existent,non_existent,non_existent,non_existent,non_existent,non_existent,non_existent,non_existent,non_existent,non_existent,non_existent,non_existent,non_existent,non_existent,non_existent,non_existent,non_existent,non_existent,non_existent,non_existent,non_existent,non_existent,non_existent,non_existent,non_existent,non_existent,non_existent,non_existent,non_existent,non_existent,no_visit,empty,empty,no_visit,no_visit,empty,empty,empty,empty,empty,empty,empty,empty,empty,empty,no change ,non_existent,non_existent,
BP,M,37,Low,medium,13,b,NA,NA,NA,non_existent,non_existent,non_existent,non_existent,non_existent,non_existent,non_existent,non_existent,non_existent,non_existent,non_existent,non_existent,non_existent,non_existent,non_existent,non_existent,non_existent,non_existent,non_existent,non_existent,non_existent,non_existent,non_existent,non_existent,non_existent,non_existent,non_existent,non_existent,non_existent,non_existent,non_existent,non_existent,non_existent,non_existent,no_visit,non_existent,non_existent,no_visit,no_visit,non_existent,non_existent,non_existent,non_existent,non_existent,non_existent,non_existent,non_existent,non_existent,non_existent,non_existent,empty,empty,
BP,M,38,Mid,medium,2,a,NA,NA,NA,non_existent,non_existent,non_existent,non_existent,non_existent,non_existent,non_existent,non_existent,non_existent,non_existent,non_existent,non_existent,non_existent,non_existent,non_existent,non_existent,non_existent,non_existent,non_existent,non_existent,non_existent,non_existent,non_existent,non_existent,non_existent,non_existent,non_existent,non_existent,non_existent,non_existent,non_existent,non_existent,non_existent,non_existent,no_visit,pseudo,pseudo,no_visit,no_visit,pseudo,pseudo,pseudo,pseudo,pseudo,pseudo,pseudo,pseudo,pseudo,pseudo,pseudo,pseudo,pseudo,
BP,M,38,Mid,large,3,a,NA,NA,NA,non_existent,non_existent,non_existent,non_existent,non_existent,non_existent,non_existent,non_existent,non_existent,non_existent,non_existent,non_existent,non_existent,non_existent,non_existent,non_existent,non_existent,non_existent,non_existent,non_existent,non_existent,non_existent,non_existent,non_existent,non_existent,non_existent,non_existent,non_existent,non_existent,non_existent,non_existent,non_existent,non_existent,non_existent,no_visit,pseudo,pseudo,no_visit,no_visit,pseudo,pseudo,pseudo,pseudo,pseudo,pseudo,pseudo,pseudo,pseudo,pseudo,pseudo,pseudo,pseudo,
BP,M,38,Mid,medium,4,a,NA,NA,NA,non_existent,non_existent,non_existent,non_existent,non_existent,non_existent,non_existent,non_existent,non_existent,non_existent,non_existent,non_existent,non_existent,non_existent,non_existent,non_existent,non_existent,non_existent,non_existent,non_existent,non_existent,non_existent,non_existent,non_existent,non_existent,non_existent,non_existent,non_existent,non_existent,non_existent,non_existent,non_existent,non_existent,non_existent,no_visit,pseudo,pseudo,no_visit,no_visit,pseudo,pseudo,pseudo,pseudo,pseudo,pseudo,pseudo,pseudo,pseudo,pseudo,pseudo,pseudo,pseudo,
BP,M,38,Mid,small,6,a,NA,NA,NA,non_existent,non_existent,non_existent,non_existent,non_existent,non_existent,non_existent,non_existent,non_existent,non_existent,non_existent,non_existent,non_existent,non_existent,non_existent,non_existent,non_existent,non_existent,non_existent,non_existent,non_existent,non_existent,non_existent,non_existent,non_existent,non_existent,non_existent,non_existent,non_existent,non_existent,non_existent,non_existent,non_existent,non_existent,no_visit,pseudo,pseudo,no_visit,no_visit,pseudo,pseudo,pseudo,pseudo,pseudo,pseudo,pseudo,pseudo,pseudo,pseudo,pseudo,pseudo,pseudo,
BP,M,38,Mid,medium,13,a,NA,NA,NA,non_existent,non_existent,non_existent,non_existent,non_existent,non_existent,non_existent,non_existent,non_existent,non_existent,non_existent,non_existent,non_existent,non_existent,non_existent,non_existent,non_existent,non_existent,non_existent,non_existent,non_existent,non_existent,non_existent,non_existent,non_existent,non_existent,non_existent,non_existent,non_existent,non_existent,non_existent,non_existent,non_existent,non_existent,no_visit,pseudo,pseudo,no_visit,no_visit,pseudo,pseudo,pseudo,pseudo,pseudo,pseudo,pseudo,pseudo,pseudo,pseudo,pseudo,pseudo,pseudo,
BP,M,38,Mid,small,14,a,NA,NA,wasp,non_existent,non_existent,non_existent,non_existent,non_existent,non_existent,non_existent,non_existent,non_existent,non_existent,non_existent,non_existent,non_existent,non_existent,non_existent,non_existent,non_existent,non_existent,non_existent,non_existent,non_existent,non_existent,non_existent,non_existent,non_existent,non_existent,non_existent,non_existent,non_existent,non_existent,non_existent,non_existent,non_existent,non_existent,no_visit,empty,non-target nest completed ,no_visit,no_visit,non_existent,non_existent,non_existent,non_existent,non_existent,non_existent,non_existent,non_existent,non_existent,non_existent,non_existent,non_existent,non_existent,
BP,M,38,Mid,small,14,b,NA,NA,wasp,non_existent,non_existent,non_existent,non_existent,non_existent,non_existent,non_existent,non_existent,non_existent,non_existent,non_existent,non_existent,non_existent,non_existent,non_existent,non_existent,non_existent,non_existent,non_existent,non_existent,non_existent,non_existent,non_existent,non_existent,non_existent,non_existent,non_existent,non_existent,non_existent,non_existent,non_existent,non_existent,non_existent,non_existent,no_visit,non_existent,non_existent,no_visit,no_visit,non-target nest completed,non_existent,non_existent,non_existent,non_existent,non_existent,non_existent,non_existent,non_existent,non_existent,non_existent,non_existent,non_existent,
BP,M,38,Mid,small,14,c,NA,NA,NA,non_existent,non_existent,non_existent,non_existent,non_existent,non_existent,non_existent,non_existent,non_existent,non_existent,non_existent,non_existent,non_existent,non_existent,non_existent,non_existent,non_existent,non_existent,non_existent,non_existent,non_existent,non_existent,non_existent,non_existent,non_existent,non_existent,non_existent,non_existent,non_existent,non_existent,non_existent,non_existent,non_existent,non_existent,no_visit,non_existent,non_existent,no_visit,no_visit,non_existent,empty,empty,empty,empty,empty,empty,empty,empty,empty,empty,empty,empty,
BP,M,38,Mid,large,15,a,NA,NA,NA,non_existent,non_existent,non_existent,non_existent,non_existent,non_existent,non_existent,non_existent,non_existent,non_existent,non_existent,non_existent,non_existent,non_existent,non_existent,non_existent,non_existent,non_existent,non_existent,non_existent,non_existent,non_existent,non_existent,non_existent,non_existent,non_existent,non_existent,non_existent,non_existent,non_existent,non_existent,non_existent,non_existent,non_existent,no_visit,pseudo,pseudo,no_visit,no_visit,pseudo,pseudo,pseudo,pseudo,pseudo,pseudo,pseudo,pseudo,pseudo,pseudo,pseudo,pseudo,pseudo,
BP,M,39,High,medium,1,a,NA,NA,NA,non_existent,non_existent,non_existent,non_existent,non_existent,non_existent,non_existent,non_existent,non_existent,non_existent,non_existent,non_existent,non_existent,non_existent,non_existent,non_existent,non_existent,non_existent,non_existent,non_existent,non_existent,non_existent,non_existent,non_existent,non_existent,non_existent,non_existent,non_existent,non_existent,non_existent,non_existent,non_existent,non_existent,non_existent,no_visit,pseudo,pseudo,no_visit,no_visit,pseudo,pseudo,pseudo,pseudo,pseudo,pseudo,pseudo,pseudo,pseudo,pseudo,pseudo,pseudo,pseudo,
BP,M,39,High,small,2,a,NA,NA,NA,non_existent,non_existent,non_existent,non_existent,non_existent,non_existent,non_existent,non_existent,non_existent,non_existent,non_existent,non_existent,non_existent,non_existent,non_existent,non_existent,non_existent,non_existent,non_existent,non_existent,non_existent,non_existent,non_existent,non_existent,non_existent,non_existent,non_existent,non_existent,non_existent,non_existent,non_existent,non_existent,non_existent,non_existent,no_visit,pseudo,pseudo,no_visit,no_visit,pseudo,pseudo,pseudo,pseudo,pseudo,pseudo,pseudo,pseudo,pseudo,pseudo,pseudo,pseudo,pseudo,
BP,M,39,High,medium,4,a,NA,NA,NA,non_existent,non_existent,non_existent,non_existent,non_existent,non_existent,non_existent,non_existent,non_existent,non_existent,non_existent,non_existent,non_existent,non_existent,non_existent,non_existent,non_existent,non_existent,non_existent,non_existent,non_existent,non_existent,non_existent,non_existent,non_existent,non_existent,non_existent,non_existent,non_existent,non_existent,non_existent,non_existent,non_existent,non_existent,no_visit,pseudo,pseudo,no_visit,no_visit,pseudo,pseudo,pseudo,pseudo,pseudo,pseudo,pseudo,pseudo,pseudo,pseudo,pseudo,pseudo,pseudo,
BP,M,39,High,large,6,a,NA,NA,NA,non_existent,non_existent,non_existent,non_existent,non_existent,non_existent,non_existent,non_existent,non_existent,non_existent,non_existent,non_existent,non_existent,non_existent,non_existent,non_existent,non_existent,non_existent,non_existent,non_existent,non_existent,non_existent,non_existent,non_existent,non_existent,non_existent,non_existent,non_existent,non_existent,non_existent,non_existent,non_existent,non_existent,non_existent,no_visit,pseudo,pseudo,no_visit,no_visit,pseudo,pseudo,pseudo,pseudo,pseudo,pseudo,pseudo,pseudo,pseudo,pseudo,pseudo,pseudo,pseudo,
BP,M,39,High,medium,7,a,NA,NA,NA,non_existent,non_existent,non_existent,non_existent,non_existent,non_existent,non_existent,non_existent,non_existent,non_existent,non_existent,non_existent,non_existent,non_existent,non_existent,non_existent,non_existent,non_existent,non_existent,non_existent,non_existent,non_existent,non_existent,non_existent,non_existent,non_existent,non_existent,non_existent,non_existent,non_existent,non_existent,non_existent,non_existent,non_existent,no_visit,pseudo,pseudo,no_visit,no_visit,pseudo,pseudo,pseudo,pseudo,pseudo,pseudo,pseudo,pseudo,pseudo,pseudo,pseudo,pseudo,pseudo,
BP,M,39,High,large,10,a,NA,NA,NA,non_existent,non_existent,non_existent,non_existent,non_existent,non_existent,non_existent,non_existent,non_existent,non_existent,non_existent,non_existent,non_existent,non_existent,non_existent,non_existent,non_existent,non_existent,non_existent,non_existent,non_existent,non_existent,non_existent,non_existent,non_existent,non_existent,non_existent,non_existent,non_existent,non_existent,non_existent,non_existent,non_existent,non_existent,no_visit,pseudo,pseudo,no_visit,no_visit,pseudo,pseudo,pseudo,pseudo,pseudo,pseudo,pseudo,pseudo,pseudo,pseudo,pseudo,pseudo,pseudo,
BP,M,39,High,medium,11,a,NA,NA,NA,non_existent,non_existent,non_existent,non_existent,non_existent,non_existent,non_existent,non_existent,non_existent,non_existent,non_existent,non_existent,non_existent,non_existent,non_existent,non_existent,non_existent,non_existent,non_existent,non_existent,non_existent,non_existent,non_existent,non_existent,non_existent,non_existent,non_existent,non_existent,non_existent,non_existent,non_existent,non_existent,non_existent,non_existent,no_visit,pseudo,pseudo,no_visit,no_visit,pseudo,pseudo,pseudo,pseudo,pseudo,pseudo,pseudo,pseudo,pseudo,pseudo,pseudo,pseudo,pseudo,
BP,M,39,High,medium,12,a,NA,NA,NA,non_existent,non_existent,non_existent,non_existent,non_existent,non_existent,non_existent,non_existent,non_existent,non_existent,non_existent,non_existent,non_existent,non_existent,non_existent,non_existent,non_existent,non_existent,non_existent,non_existent,non_existent,non_existent,non_existent,non_existent,non_existent,non_existent,non_existent,non_existent,non_existent,non_existent,non_existent,non_existent,non_existent,non_existent,no_visit,pseudo,pseudo,no_visit,no_visit,pseudo,pseudo,pseudo,pseudo,pseudo,pseudo,pseudo,pseudo,pseudo,pseudo,pseudo,pseudo,pseudo,
BP,M,39,High,large,13,a,NA,NA,NA,non_existent,non_existent,non_existent,non_existent,non_existent,non_existent,non_existent,non_existent,non_existent,non_existent,non_existent,non_existent,non_existent,non_existent,non_existent,non_existent,non_existent,non_existent,non_existent,non_existent,non_existent,non_existent,non_existent,non_existent,non_existent,non_existent,non_existent,non_existent,non_existent,non_existent,non_existent,non_existent,non_existent,non_existent,no_visit,pseudo,pseudo,no_visit,no_visit,pseudo,pseudo,pseudo,pseudo,pseudo,pseudo,pseudo,pseudo,pseudo,pseudo,pseudo,pseudo,pseudo,
BP,M,39,High,medium,15,a,NA,NA,wasp ,non_existent,non_existent,non_existent,non_existent,non_existent,non_existent,non_existent,non_existent,non_existent,non_existent,non_existent,non_existent,non_existent,non_existent,non_existent,non_existent,non_existent,non_existent,non_existent,non_existent,non_existent,non_existent,non_existent,non_existent,non_existent,non_existent,non_existent,non_existent,non_existent,non_existent,non_existent,non_existent,non_existent,non_existent,no_visit,empty,empty,no_visit,no_visit,non-target inner wall started ,inner wall started,inner wall started,inner wall started,non_existent,non_existent,non_existent,non_existent,non_existent,non_existent,non_existent,non_existent,non_existent,
BP,M,39,High,medium,15,b,NA,NA,NA,non_existent,non_existent,non_existent,non_existent,non_existent,non_existent,non_existent,non_existent,non_existent,non_existent,non_existent,non_existent,non_existent,non_existent,non_existent,non_existent,non_existent,non_existent,non_existent,non_existent,non_existent,non_existent,non_existent,non_existent,non_existent,non_existent,non_existent,non_existent,non_existent,non_existent,non_existent,non_existent,non_existent,non_existent,no_visit,non_existent,non_existent,no_visit,no_visit,non_existent,non_existent,non_existent,non_existent,empty,empty,empty,empty,empty,empty,empty,empty,empty,
BP,M,39,High,medium,16,a,NA,NA,NA,non_existent,non_existent,non_existent,non_existent,non_existent,non_existent,non_existent,non_existent,non_existent,non_existent,non_existent,non_existent,non_existent,non_existent,non_existent,non_existent,non_existent,non_existent,non_existent,non_existent,non_existent,non_existent,non_existent,non_existent,non_existent,non_existent,non_existent,non_existent,non_existent,non_existent,non_existent,non_existent,non_existent,non_existent,no_visit,pseudo,pseudo,no_visit,no_visit,pseudo,pseudo,pseudo,pseudo,pseudo,pseudo,pseudo,pseudo,pseudo,pseudo,pseudo,pseudo,pseudo,
BP,M,39,High,medium,17,a,NA,NA,wasp,non_existent,non_existent,non_existent,non_existent,non_existent,non_existent,non_existent,non_existent,non_existent,non_existent,non_existent,non_existent,non_existent,non_existent,non_existent,non_existent,non_existent,non_existent,non_existent,non_existent,non_existent,non_existent,non_existent,non_existent,non_existent,non_existent,non_existent,non_existent,non_existent,non_existent,non_existent,non_existent,non_existent,non_existent,no_visit,empty,non-target cells ,no_visit,no_visit,non-target nest completed ,non_existent,non_existent,non_existent,non_existent,non_existent,non_existent,non_existent,non_existent,non_existent,non_existent,non_existent,non_existent,
BP,M,39,High,medium,17,b,NA,NA,wasp,non_existent,non_existent,non_existent,non_existent,non_existent,non_existent,non_existent,non_existent,non_existent,non_existent,non_existent,non_existent,non_existent,non_existent,non_existent,non_existent,non_existent,non_existent,non_existent,non_existent,non_existent,non_existent,non_existent,non_existent,non_existent,non_existent,non_existent,non_existent,non_existent,non_existent,non_existent,non_existent,non_existent,non_existent,no_visit,non_existent,non_existent,no_visit,no_visit,non_existent,non-target cells ,non-target cells ,no change,no change ,non_existent,non_existent,non_existent,non_existent,non_existent,non_existent,non_existent,non_existent,
BP,M,39,High,medium,17,c,NA,NA,NA,non_existent,non_existent,non_existent,non_existent,non_existent,non_existent,non_existent,non_existent,non_existent,non_existent,non_existent,non_existent,non_existent,non_existent,non_existent,non_existent,non_existent,non_existent,non_existent,non_existent,non_existent,non_existent,non_existent,non_existent,non_existent,non_existent,non_existent,non_existent,non_existent,non_existent,non_existent,non_existent,non_existent,non_existent,no_visit,non_existent,non_existent,no_visit,no_visit,non_existent,non_existent,non_existent,non_existent,non_existent,empty,empty,empty,empty,empty,empty,empty,empty,
BP,M,39,High,large,18,a,NA,NA,NA,non_existent,non_existent,non_existent,non_existent,non_existent,non_existent,non_existent,non_existent,non_existent,non_existent,non_existent,non_existent,non_existent,non_existent,non_existent,non_existent,non_existent,non_existent,non_existent,non_existent,non_existent,non_existent,non_existent,non_existent,non_existent,non_existent,non_existent,non_existent,non_existent,non_existent,non_existent,non_existent,non_existent,non_existent,no_visit,pseudo,pseudo,no_visit,no_visit,pseudo,pseudo,pseudo,pseudo,pseudo,pseudo,pseudo,pseudo,pseudo,pseudo,pseudo,pseudo,pseudo,
BP,N,40,Low,medium,6,a,NA,NA,wasp,non_existent,non_existent,non_existent,non_existent,non_existent,non_existent,non_existent,non_existent,non_existent,non_existent,non_existent,non_existent,non_existent,non_existent,non_existent,non_existent,non_existent,non_existent,non_existent,non_existent,non_existent,non_existent,non_existent,non_existent,non_existent,non_existent,non_existent,non_existent,non_existent,non_existent,non_existent,non_existent,non_existent,non_existent,no_visit,empty,non-target inner wall started ,no_visit,no_visit,inner wall started,inner wall started,non_existent,non_existent,non_existent,non_existent,non_existent,non_existent,non_existent,non_existent,non_existent,non_existent,non_existent,
BP,N,40,Low,medium,6,b,NA,NA,NA,non_existent,non_existent,non_existent,non_existent,non_existent,non_existent,non_existent,non_existent,non_existent,non_existent,non_existent,non_existent,non_existent,non_existent,non_existent,non_existent,non_existent,non_existent,non_existent,non_existent,non_existent,non_existent,non_existent,non_existent,non_existent,non_existent,non_existent,non_existent,non_existent,non_existent,non_existent,non_existent,non_existent,non_existent,no_visit,non_existent,non_existent,no_visit,no_visit,non_existent,non_existent,empty,empty,empty,empty,empty,empty,empty,empty,empty,empty,empty,
BP,N,41,Mid,large,1,a,NA,NA,NA,non_existent,non_existent,non_existent,non_existent,non_existent,non_existent,non_existent,non_existent,non_existent,non_existent,non_existent,non_existent,non_existent,non_existent,non_existent,non_existent,non_existent,non_existent,non_existent,non_existent,non_existent,non_existent,non_existent,non_existent,non_existent,non_existent,non_existent,non_existent,non_existent,non_existent,non_existent,non_existent,non_existent,non_existent,no_visit,pseudo,pseudo,no_visit,no_visit,pseudo,pseudo,pseudo,pseudo,pseudo,pseudo,pseudo,pseudo,pseudo,pseudo,pseudo,pseudo,pseudo,
BP,N,41,Mid,medium,2,a,NA,NA,wasp,non_existent,non_existent,non_existent,non_existent,non_existent,non_existent,non_existent,non_existent,non_existent,non_existent,non_existent,non_existent,non_existent,non_existent,non_existent,non_existent,non_existent,non_existent,non_existent,non_existent,non_existent,non_existent,non_existent,non_existent,non_existent,non_existent,non_existent,non_existent,non_existent,non_existent,non_existent,non_existent,non_existent,non_existent,no_visit,empty,non-target nest completed ,no_visit,no_visit,non_existent,non_existent,non_existent,non_existent,non_existent,non_existent,non_existent,non_existent,non_existent,non_existent,non_existent,non_existent,non_existent,
BP,N,41,Mid,medium,2,b,NA,NA,NA,non_existent,non_existent,non_existent,non_existent,non_existent,non_existent,non_existent,non_existent,non_existent,non_existent,non_existent,non_existent,non_existent,non_existent,non_existent,non_existent,non_existent,non_existent,non_existent,non_existent,non_existent,non_existent,non_existent,non_existent,non_existent,non_existent,non_existent,non_existent,non_existent,non_existent,non_existent,non_existent,non_existent,non_existent,no_visit,non_existent,non_existent,no_visit,no_visit,empty,empty,empty,empty,empty,empty,empty,empty,empty,empty,empty,empty,empty,
BP,N,41,Mid,medium,3,a,NA,NA,wasp,non_existent,non_existent,non_existent,non_existent,non_existent,non_existent,non_existent,non_existent,non_existent,non_existent,non_existent,non_existent,non_existent,non_existent,non_existent,non_existent,non_existent,non_existent,non_existent,non_existent,non_existent,non_existent,non_existent,non_existent,non_existent,non_existent,non_existent,non_existent,non_existent,non_existent,non_existent,non_existent,non_existent,non_existent,no_visit,empty,non-target cells ,no_visit,no_visit,no change,no change,non_existent,non_existent,non_existent,non_existent,non_existent,non_existent,non_existent,non_existent,non_existent,non_existent,non_existent,
BP,N,41,Mid,medium,3,b,NA,NA,NA,non_existent,non_existent,non_existent,non_existent,non_existent,non_existent,non_existent,non_existent,non_existent,non_existent,non_existent,non_existent,non_existent,non_existent,non_existent,non_existent,non_existent,non_existent,non_existent,non_existent,non_existent,non_existent,non_existent,non_existent,non_existent,non_existent,non_existent,non_existent,non_existent,non_existent,non_existent,non_existent,non_existent,non_existent,no_visit,non_existent,non_existent,no_visit,no_visit,non_existent,non_existent,empty,empty,empty,empty,empty,empty,empty,empty,empty,empty,empty,
BP,N,41,Mid,small,5,a,NA,NA,NA,non_existent,non_existent,non_existent,non_existent,non_existent,non_existent,non_existent,non_existent,non_existent,non_existent,non_existent,non_existent,non_existent,non_existent,non_existent,non_existent,non_existent,non_existent,non_existent,non_existent,non_existent,non_existent,non_existent,non_existent,non_existent,non_existent,non_existent,non_existent,non_existent,non_existent,non_existent,non_existent,non_existent,non_existent,no_visit,pseudo,pseudo,no_visit,no_visit,pseudo,pseudo,pseudo,pseudo,pseudo,pseudo,pseudo,pseudo,pseudo,pseudo,pseudo,pseudo,pseudo,
BP,N,41,Mid,large,7,a,NA,NA,NA,non_existent,non_existent,non_existent,non_existent,non_existent,non_existent,non_existent,non_existent,non_existent,non_existent,non_existent,non_existent,non_existent,non_existent,non_existent,non_existent,non_existent,non_existent,non_existent,non_existent,non_existent,non_existent,non_existent,non_existent,non_existent,non_existent,non_existent,non_existent,non_existent,non_existent,non_existent,non_existent,non_existent,non_existent,no_visit,pseudo,pseudo,no_visit,no_visit,pseudo,pseudo,pseudo,pseudo,pseudo,pseudo,pseudo,pseudo,pseudo,pseudo,pseudo,pseudo,pseudo,
BP,N,41,Mid,medium,12,a,NA,NA,NA,non_existent,non_existent,non_existent,non_existent,non_existent,non_existent,non_existent,non_existent,non_existent,non_existent,non_existent,non_existent,non_existent,non_existent,non_existent,non_existent,non_existent,non_existent,non_existent,non_existent,non_existent,non_existent,non_existent,non_existent,non_existent,non_existent,non_existent,non_existent,non_existent,non_existent,non_existent,non_existent,non_existent,non_existent,no_visit,pseudo,pseudo,no_visit,no_visit,pseudo,pseudo,pseudo,pseudo,pseudo,pseudo,pseudo,pseudo,pseudo,pseudo,pseudo,pseudo,pseudo,
BP,N,41,Mid,medium,13,a,NA,NA,NA,non_existent,non_existent,non_existent,non_existent,non_existent,non_existent,non_existent,non_existent,non_existent,non_existent,non_existent,non_existent,non_existent,non_existent,non_existent,non_existent,non_existent,non_existent,non_existent,non_existent,non_existent,non_existent,non_existent,non_existent,non_existent,non_existent,non_existent,non_existent,non_existent,non_existent,non_existent,non_existent,non_existent,non_existent,no_visit,pseudo,pseudo,no_visit,no_visit,pseudo,pseudo,pseudo,pseudo,pseudo,pseudo,pseudo,pseudo,pseudo,pseudo,pseudo,pseudo,pseudo,
BP,N,41,Mid,medium,16,a,NA,NA,NA,non_existent,non_existent,non_existent,non_existent,non_existent,non_existent,non_existent,non_existent,non_existent,non_existent,non_existent,non_existent,non_existent,non_existent,non_existent,non_existent,non_existent,non_existent,non_existent,non_existent,non_existent,non_existent,non_existent,non_existent,non_existent,non_existent,non_existent,non_existent,non_existent,non_existent,non_existent,non_existent,non_existent,non_existent,no_visit,pseudo,pseudo,no_visit,no_visit,pseudo,pseudo,pseudo,pseudo,pseudo,pseudo,pseudo,pseudo,pseudo,pseudo,pseudo,pseudo,pseudo,
BP,N,42,High,large,1,a,NA,NA,wasp,non_existent,non_existent,non_existent,non_existent,non_existent,non_existent,non_existent,non_existent,non_existent,non_existent,non_existent,non_existent,non_existent,non_existent,non_existent,non_existent,non_existent,non_existent,non_existent,non_existent,non_existent,non_existent,non_existent,non_existent,non_existent,non_existent,non_existent,non_existent,non_existent,non_existent,non_existent,non_existent,non_existent,non_existent,no_visit,empty,non-target nest completed ,no_visit,no_visit,non_existent,non_existent,non_existent,non_existent,non_existent,non_existent,non_existent,non_existent,non_existent,non_existent,non_existent,non_existent,non_existent,
BP,N,42,High,large,1,b,144.61,19.41,megachile,non_existent,non_existent,non_existent,non_existent,non_existent,non_existent,non_existent,non_existent,non_existent,non_existent,non_existent,non_existent,non_existent,non_existent,non_existent,non_existent,non_existent,non_existent,non_existent,non_existent,non_existent,non_existent,non_existent,non_existent,non_existent,non_existent,non_existent,non_existent,non_existent,non_existent,non_existent,non_existent,non_existent,non_existent,no_visit,non_existent,non_existent,no_visit,no_visit,empty,empty,empty,empty,empty,empty,1 cell ,no change,no change,no change,no change,no change,no change,
BP,N,42,High,medium,2,a,NA,NA,wasp,non_existent,non_existent,non_existent,non_existent,non_existent,non_existent,non_existent,non_existent,non_existent,non_existent,non_existent,non_existent,non_existent,non_existent,non_existent,non_existent,non_existent,non_existent,non_existent,non_existent,non_existent,non_existent,non_existent,non_existent,non_existent,non_existent,non_existent,non_existent,non_existent,non_existent,non_existent,non_existent,non_existent,non_existent,no_visit,empty,non-target nest completed ,no_visit,no_visit,non_existent,non_existent,non_existent,non_existent,non_existent,non_existent,non_existent,non_existent,non_existent,non_existent,non_existent,non_existent,non_existent,
BP,N,42,High,medium,2,b,143,23,megachile,non_existent,non_existent,non_existent,non_existent,non_existent,non_existent,non_existent,non_existent,non_existent,non_existent,non_existent,non_existent,non_existent,non_existent,non_existent,non_existent,non_existent,non_existent,non_existent,non_existent,non_existent,non_existent,non_existent,non_existent,non_existent,non_existent,non_existent,non_existent,non_existent,non_existent,non_existent,non_existent,non_existent,non_existent,no_visit,non_existent,non_existent,no_visit,no_visit,empty,empty,empty,empty,empty,1 cell,1 cell ,no change,no change,no change,no change,no change,no change,
BP,N,42,High,medium,3,a,NA,NA,NA,non_existent,non_existent,non_existent,non_existent,non_existent,non_existent,non_existent,non_existent,non_existent,non_existent,non_existent,non_existent,non_existent,non_existent,non_existent,non_existent,non_existent,non_existent,non_existent,non_existent,non_existent,non_existent,non_existent,non_existent,non_existent,non_existent,non_existent,non_existent,non_existent,non_existent,non_existent,non_existent,non_existent,non_existent,no_visit,pseudo,pseudo,no_visit,no_visit,pseudo,pseudo,pseudo,pseudo,pseudo,pseudo,non_existent,non_existent,non_existent,non_existent,non_existent,non_existent,non_existent,
BP,N,42,High,medium,3,b,NA,NA,NA,non_existent,non_existent,non_existent,non_existent,non_existent,non_existent,non_existent,non_existent,non_existent,non_existent,non_existent,non_existent,non_existent,non_existent,non_existent,non_existent,non_existent,non_existent,non_existent,non_existent,non_existent,non_existent,non_existent,non_existent,non_existent,non_existent,non_existent,non_existent,non_existent,non_existent,non_existent,non_existent,non_existent,non_existent,no_visit,non_existent,non_existent,no_visit,no_visit,non_existent,non_existent,non_existent,non_existent,non_existent,non_existent,empty,empty,empty,empty,empty,empty,empty,
BP,N,42,High,large,4,a,NA,NA,NA,non_existent,non_existent,non_existent,non_existent,non_existent,non_existent,non_existent,non_existent,non_existent,non_existent,non_existent,non_existent,non_existent,non_existent,non_existent,non_existent,non_existent,non_existent,non_existent,non_existent,non_existent,non_existent,non_existent,non_existent,non_existent,non_existent,non_existent,non_existent,non_existent,non_existent,non_existent,non_existent,non_existent,non_existent,no_visit,pseudo,pseudo,no_visit,no_visit,pseudo,pseudo,pseudo,pseudo,pseudo,pseudo,pseudo,pseudo,pseudo,pseudo,pseudo,pseudo,pseudo,
BP,N,42,High,medium,5,a,NA,NA,NA,non_existent,non_existent,non_existent,non_existent,non_existent,non_existent,non_existent,non_existent,non_existent,non_existent,non_existent,non_existent,non_existent,non_existent,non_existent,non_existent,non_existent,non_existent,non_existent,non_existent,non_existent,non_existent,non_existent,non_existent,non_existent,non_existent,non_existent,non_existent,non_existent,non_existent,non_existent,non_existent,non_existent,non_existent,no_visit,pseudo,pseudo,no_visit,no_visit,pseudo,pseudo,pseudo,pseudo,pseudo,pseudo,pseudo,pseudo,pseudo,pseudo,pseudo,pseudo,pseudo,
BP,N,42,High,medium,7,a,NA,NA,NA,non_existent,non_existent,non_existent,non_existent,non_existent,non_existent,non_existent,non_existent,non_existent,non_existent,non_existent,non_existent,non_existent,non_existent,non_existent,non_existent,non_existent,non_existent,non_existent,non_existent,non_existent,non_existent,non_existent,non_existent,non_existent,non_existent,non_existent,non_existent,non_existent,non_existent,non_existent,non_existent,non_existent,non_existent,no_visit,pseudo,pseudo,no_visit,no_visit,pseudo,pseudo,pseudo,pseudo,pseudo,pseudo,pseudo,pseudo,pseudo,pseudo,pseudo,pseudo,pseudo,
BP,N,42,High,medium,8,a,NA,NA,NA,non_existent,non_existent,non_existent,non_existent,non_existent,non_existent,non_existent,non_existent,non_existent,non_existent,non_existent,non_existent,non_existent,non_existent,non_existent,non_existent,non_existent,non_existent,non_existent,non_existent,non_existent,non_existent,non_existent,non_existent,non_existent,non_existent,non_existent,non_existent,non_existent,non_existent,non_existent,non_existent,non_existent,non_existent,no_visit,pseudo,pseudo,no_visit,no_visit,pseudo,pseudo,pseudo,pseudo,pseudo,pseudo,pseudo,pseudo,pseudo,pseudo,pseudo,pseudo,pseudo,
BP,N,42,High,large,9,a,NA,NA,NA,non_existent,non_existent,non_existent,non_existent,non_existent,non_existent,non_existent,non_existent,non_existent,non_existent,non_existent,non_existent,non_existent,non_existent,non_existent,non_existent,non_existent,non_existent,non_existent,non_existent,non_existent,non_existent,non_existent,non_existent,non_existent,non_existent,non_existent,non_existent,non_existent,non_existent,non_existent,non_existent,non_existent,non_existent,no_visit,pseudo,pseudo,no_visit,no_visit,pseudo,pseudo,pseudo,pseudo,pseudo,pseudo,pseudo,non_existent,non_existent,non_existent,non_existent,non_existent,non_existent,
BP,N,42,High,large,9,b,NA,NA,NA,non_existent,non_existent,non_existent,non_existent,non_existent,non_existent,non_existent,non_existent,non_existent,non_existent,non_existent,non_existent,non_existent,non_existent,non_existent,non_existent,non_existent,non_existent,non_existent,non_existent,non_existent,non_existent,non_existent,non_existent,non_existent,non_existent,non_existent,non_existent,non_existent,non_existent,non_existent,non_existent,non_existent,non_existent,no_visit,non_existent,non_existent,no_visit,no_visit,non_existent,non_existent,non_existent,non_existent,non_existent,non_existent,non_existent,empty,empty,empty,empty,empty,empty,
BP,N,42,High,large,10,a,NA,NA,NA,non_existent,non_existent,non_existent,non_existent,non_existent,non_existent,non_existent,non_existent,non_existent,non_existent,non_existent,non_existent,non_existent,non_existent,non_existent,non_existent,non_existent,non_existent,non_existent,non_existent,non_existent,non_existent,non_existent,non_existent,non_existent,non_existent,non_existent,non_existent,non_existent,non_existent,non_existent,non_existent,non_existent,non_existent,no_visit,pseudo,pseudo,no_visit,no_visit,pseudo,pseudo,pseudo,pseudo,pseudo,pseudo,pseudo,pseudo,pseudo,pseudo,pseudo,pseudo,pseudo,
BP,N,42,High,medium,11,a,NA,NA,NA,non_existent,non_existent,non_existent,non_existent,non_existent,non_existent,non_existent,non_existent,non_existent,non_existent,non_existent,non_existent,non_existent,non_existent,non_existent,non_existent,non_existent,non_existent,non_existent,non_existent,non_existent,non_existent,non_existent,non_existent,non_existent,non_existent,non_existent,non_existent,non_existent,non_existent,non_existent,non_existent,non_existent,non_existent,no_visit,pseudo,pseudo,no_visit,no_visit,pseudo,pseudo,pseudo,pseudo,pseudo,pseudo,pseudo,pseudo,pseudo,pseudo,pseudo,pseudo,pseudo,
BP,N,42,High,medium,12,a,NA,NA,NA,non_existent,non_existent,non_existent,non_existent,non_existent,non_existent,non_existent,non_existent,non_existent,non_existent,non_existent,non_existent,non_existent,non_existent,non_existent,non_existent,non_existent,non_existent,non_existent,non_existent,non_existent,non_existent,non_existent,non_existent,non_existent,non_existent,non_existent,non_existent,non_existent,non_existent,non_existent,non_existent,non_existent,non_existent,no_visit,pseudo,pseudo,no_visit,no_visit,pseudo,pseudo,pseudo,pseudo,pseudo,pseudo,pseudo,pseudo,pseudo,pseudo,pseudo,pseudo,pseudo,
BP,N,42,High,small,13,a,NA,NA,NA,non_existent,non_existent,non_existent,non_existent,non_existent,non_existent,non_existent,non_existent,non_existent,non_existent,non_existent,non_existent,non_existent,non_existent,non_existent,non_existent,non_existent,non_existent,non_existent,non_existent,non_existent,non_existent,non_existent,non_existent,non_existent,non_existent,non_existent,non_existent,non_existent,non_existent,non_existent,non_existent,non_existent,non_existent,no_visit,pseudo,pseudo,no_visit,no_visit,pseudo,pseudo,pseudo,pseudo,pseudo,pseudo,pseudo,pseudo,pseudo,pseudo,pseudo,pseudo,pseudo,
BP,N,42,High,large,14,a,143.82,30.52,megachile,non_existent,non_existent,non_existent,non_existent,non_existent,non_existent,non_existent,non_existent,non_existent,non_existent,non_existent,non_existent,non_existent,non_existent,non_existent,non_existent,non_existent,non_existent,non_existent,non_existent,non_existent,non_existent,non_existent,non_existent,non_existent,non_existent,non_existent,non_existent,non_existent,non_existent,non_existent,non_existent,non_existent,non_existent,no_visit,empty,empty,no_visit,no_visit,empty,empty,empty,empty,empty,empty,1 cell ,2-3 cells ,no change,no change,no change,no change,no change,
BP,N,42,High,large,18,a,NA,NA,NA,non_existent,non_existent,non_existent,non_existent,non_existent,non_existent,non_existent,non_existent,non_existent,non_existent,non_existent,non_existent,non_existent,non_existent,non_existent,non_existent,non_existent,non_existent,non_existent,non_existent,non_existent,non_existent,non_existent,non_existent,non_existent,non_existent,non_existent,non_existent,non_existent,non_existent,non_existent,non_existent,non_existent,non_existent,no_visit,pseudo,pseudo,no_visit,no_visit,pseudo,pseudo,pseudo,pseudo,pseudo,pseudo,pseudo,non_existent,non_existent,non_existent,non_existent,non_existent,non_existent,
BP,N,42,High,large,18,b,NA,NA,NA,non_existent,non_existent,non_existent,non_existent,non_existent,non_existent,non_existent,non_existent,non_existent,non_existent,non_existent,non_existent,non_existent,non_existent,non_existent,non_existent,non_existent,non_existent,non_existent,non_existent,non_existent,non_existent,non_existent,non_existent,non_existent,non_existent,non_existent,non_existent,non_existent,non_existent,non_existent,non_existent,non_existent,non_existent,no_visit,non_existent,non_existent,no_visit,no_visit,non_existent,non_existent,non_existent,non_existent,non_existent,non_existent,non_existent,empty,empty,empty,empty,empty,empty,
BP,O,43,Low,small,4,a,136.49,70.18,megachile,non_existent,non_existent,non_existent,non_existent,non_existent,non_existent,non_existent,non_existent,non_existent,non_existent,non_existent,non_existent,non_existent,non_existent,non_existent,non_existent,non_existent,non_existent,non_existent,non_existent,non_existent,non_existent,non_existent,non_existent,non_existent,non_existent,non_existent,non_existent,non_existent,non_existent,non_existent,non_existent,non_existent,non_existent,no_visit,empty,empty,no_visit,no_visit,empty,empty,1 cell ,2 cells ,1 cell ,3 cells ,1 cell ,no change,no change,no change,no change,non_existent,non_existent,
BP,O,43,Low,small,4,b,144.35,35.35,megachile,non_existent,non_existent,non_existent,non_existent,non_existent,non_existent,non_existent,non_existent,non_existent,non_existent,non_existent,non_existent,non_existent,non_existent,non_existent,non_existent,non_existent,non_existent,non_existent,non_existent,non_existent,non_existent,non_existent,non_existent,non_existent,non_existent,non_existent,non_existent,non_existent,non_existent,non_existent,non_existent,non_existent,non_existent,no_visit,non_existent,non_existent,no_visit,no_visit,non_existent,non_existent,non_existent,non_existent,non_existent,non_existent,non_existent,non_existent,non_existent,non_existent,non_existent,1 cell ,end cap ,
BP,O,43,Low,medium,11,a,144.12,19.25,megachile,non_existent,non_existent,non_existent,non_existent,non_existent,non_existent,non_existent,non_existent,non_existent,non_existent,non_existent,non_existent,non_existent,non_existent,non_existent,non_existent,non_existent,non_existent,non_existent,non_existent,non_existent,non_existent,non_existent,non_existent,non_existent,non_existent,non_existent,non_existent,non_existent,non_existent,non_existent,non_existent,non_existent,non_existent,no_visit,empty,1 cell ,no_visit,no_visit,no change,no change,non_existent,non_existent,non_existent,non_existent,non_existent,non_existent,non_existent,non_existent,non_existent,non_existent,non_existent,
BP,O,43,Low,medium,11,b,144.66,15.24,megachile,non_existent,non_existent,non_existent,non_existent,non_existent,non_existent,non_existent,non_existent,non_existent,non_existent,non_existent,non_existent,non_existent,non_existent,non_existent,non_existent,non_existent,non_existent,non_existent,non_existent,non_existent,non_existent,non_existent,non_existent,non_existent,non_existent,non_existent,non_existent,non_existent,non_existent,non_existent,non_existent,non_existent,non_existent,no_visit,non_existent,non_existent,no_visit,no_visit,non_existent,non_existent,empty,empty,empty,empty,empty,empty,empty,empty,empty,empty,1 cell ,
BP,O,43,Low,medium,12,a,143.75,5.94,megachile,non_existent,non_existent,non_existent,non_existent,non_existent,non_existent,non_existent,non_existent,non_existent,non_existent,non_existent,non_existent,non_existent,non_existent,non_existent,non_existent,non_existent,non_existent,non_existent,non_existent,non_existent,non_existent,non_existent,non_existent,non_existent,non_existent,non_existent,non_existent,non_existent,non_existent,non_existent,non_existent,non_existent,non_existent,no_visit,empty,inner wall started ,no_visit,no_visit,inner wall started,inner wall started,non_existent,non_existent,non_existent,non_existent,non_existent,non_existent,non_existent,non_existent,non_existent,non_existent,non_existent,
BP,O,43,Low,medium,12,b,NA,NA,NA,non_existent,non_existent,non_existent,non_existent,non_existent,non_existent,non_existent,non_existent,non_existent,non_existent,non_existent,non_existent,non_existent,non_existent,non_existent,non_existent,non_existent,non_existent,non_existent,non_existent,non_existent,non_existent,non_existent,non_existent,non_existent,non_existent,non_existent,non_existent,non_existent,non_existent,non_existent,non_existent,non_existent,non_existent,no_visit,non_existent,non_existent,no_visit,no_visit,non_existent,non_existent,empty,empty,empty,empty,empty,empty,empty,empty,empty,empty,empty,
BP,O,43,Low,medium,14,a,147.1,16.36,megachile,non_existent,non_existent,non_existent,non_existent,non_existent,non_existent,non_existent,non_existent,non_existent,non_existent,non_existent,non_existent,non_existent,non_existent,non_existent,non_existent,non_existent,non_existent,non_existent,non_existent,non_existent,non_existent,non_existent,non_existent,non_existent,non_existent,non_existent,non_existent,non_existent,non_existent,non_existent,non_existent,non_existent,non_existent,no_visit,empty,1 cell ,no_visit,no_visit,no change,no change,non_existent,non_existent,non_existent,non_existent,non_existent,non_existent,non_existent,non_existent,non_existent,non_existent,non_existent,
BP,O,43,Low,medium,14,b,NA,NA,NA,non_existent,non_existent,non_existent,non_existent,non_existent,non_existent,non_existent,non_existent,non_existent,non_existent,non_existent,non_existent,non_existent,non_existent,non_existent,non_existent,non_existent,non_existent,non_existent,non_existent,non_existent,non_existent,non_existent,non_existent,non_existent,non_existent,non_existent,non_existent,non_existent,non_existent,non_existent,non_existent,non_existent,non_existent,no_visit,non_existent,non_existent,no_visit,no_visit,non_existent,non_existent,empty,empty,empty,empty,empty,empty,empty,empty,empty,empty,empty,
BP,O,43,Low,small,17,a,138.27,87,heriades,non_existent,non_existent,non_existent,non_existent,non_existent,non_existent,non_existent,non_existent,non_existent,non_existent,non_existent,non_existent,non_existent,non_existent,non_existent,non_existent,non_existent,non_existent,non_existent,non_existent,non_existent,non_existent,non_existent,non_existent,non_existent,non_existent,non_existent,non_existent,non_existent,non_existent,non_existent,non_existent,non_existent,non_existent,no_visit,empty,empty,no_visit,no_visit,non-target cells ,no change,non_existent,non_existent,non_existent,non_existent,non_existent,non_existent,non_existent,non_existent,non_existent,non_existent,non_existent,
BP,O,43,Low,small,17,b,NA,NA,NA,non_existent,non_existent,non_existent,non_existent,non_existent,non_existent,non_existent,non_existent,non_existent,non_existent,non_existent,non_existent,non_existent,non_existent,non_existent,non_existent,non_existent,non_existent,non_existent,non_existent,non_existent,non_existent,non_existent,non_existent,non_existent,non_existent,non_existent,non_existent,non_existent,non_existent,non_existent,non_existent,non_existent,non_existent,no_visit,non_existent,non_existent,no_visit,no_visit,non_existent,non_existent,empty,empty,empty,empty,empty,empty,empty,empty,empty,empty,empty,
BP,O,44,Mid,medium,3,a,145.89,121.68,megachile,non_existent,non_existent,non_existent,non_existent,non_existent,non_existent,non_existent,non_existent,non_existent,non_existent,non_existent,non_existent,non_existent,non_existent,non_existent,non_existent,non_existent,non_existent,non_existent,non_existent,non_existent,non_existent,non_existent,non_existent,non_existent,non_existent,non_existent,non_existent,non_existent,non_existent,non_existent,non_existent,non_existent,non_existent,no_visit,empty,empty,no_visit,no_visit,empty,empty,empty,empty,empty,empty,2 cells ,1 cell ,2 cells,no change,2 cells,end cap ,non_existent,
BP,O,44,Mid,medium,3,b,144.25,28.04,megachile,non_existent,non_existent,non_existent,non_existent,non_existent,non_existent,non_existent,non_existent,non_existent,non_existent,non_existent,non_existent,non_existent,non_existent,non_existent,non_existent,non_existent,non_existent,non_existent,non_existent,non_existent,non_existent,non_existent,non_existent,non_existent,non_existent,non_existent,non_existent,non_existent,non_existent,non_existent,non_existent,non_existent,non_existent,no_visit,non_existent,non_existent,no_visit,no_visit,non_existent,non_existent,non_existent,non_existent,non_existent,non_existent,non_existent,non_existent,non_existent,non_existent,non_existent,non_existent,2 cells ,
BP,O,44,Mid,medium,4,a,NA,NA,NA,non_existent,non_existent,non_existent,non_existent,non_existent,non_existent,non_existent,non_existent,non_existent,non_existent,non_existent,non_existent,non_existent,non_existent,non_existent,non_existent,non_existent,non_existent,non_existent,non_existent,non_existent,non_existent,non_existent,non_existent,non_existent,non_existent,non_existent,non_existent,non_existent,non_existent,non_existent,non_existent,non_existent,non_existent,no_visit,pseudo,pseudo,no_visit,no_visit,pseudo,pseudo,pseudo,pseudo,pseudo,pseudo,pseudo,non_existent,non_existent,non_existent,non_existent,non_existent,non_existent,
BP,O,44,Mid,medium,4,b,NA,NA,NA,non_existent,non_existent,non_existent,non_existent,non_existent,non_existent,non_existent,non_existent,non_existent,non_existent,non_existent,non_existent,non_existent,non_existent,non_existent,non_existent,non_existent,non_existent,non_existent,non_existent,non_existent,non_existent,non_existent,non_existent,non_existent,non_existent,non_existent,non_existent,non_existent,non_existent,non_existent,non_existent,non_existent,non_existent,no_visit,non_existent,non_existent,no_visit,no_visit,non_existent,non_existent,non_existent,non_existent,non_existent,non_existent,non_existent,empty,empty,empty,empty,empty,empty,
BP,O,44,Mid,medium,5,a,146.84,11.19,megachile,non_existent,non_existent,non_existent,non_existent,non_existent,non_existent,non_existent,non_existent,non_existent,non_existent,non_existent,non_existent,non_existent,non_existent,non_existent,non_existent,non_existent,non_existent,non_existent,non_existent,non_existent,non_existent,non_existent,non_existent,non_existent,non_existent,non_existent,non_existent,non_existent,non_existent,non_existent,non_existent,non_existent,non_existent,no_visit,empty,empty,no_visit,no_visit,empty,empty,empty,empty,empty,empty,empty,empty,empty,empty,empty,1 cell ,no change,
BP,O,44,Mid,small,6,a,138.3,35.36,megachile,non_existent,non_existent,non_existent,non_existent,non_existent,non_existent,non_existent,non_existent,non_existent,non_existent,non_existent,non_existent,non_existent,non_existent,non_existent,non_existent,non_existent,non_existent,non_existent,non_existent,non_existent,non_existent,non_existent,non_existent,non_existent,non_existent,non_existent,non_existent,non_existent,non_existent,non_existent,non_existent,non_existent,non_existent,no_visit,empty,empty,no_visit,no_visit,empty,empty,empty,empty,empty,1 cell,1 cell + end cap ,non_existent,non_existent,non_existent,non_existent,non_existent,non_existent,
BP,O,44,Mid,small,6,b,138.84,39.38,resin bee,non_existent,non_existent,non_existent,non_existent,non_existent,non_existent,non_existent,non_existent,non_existent,non_existent,non_existent,non_existent,non_existent,non_existent,non_existent,non_existent,non_existent,non_existent,non_existent,non_existent,non_existent,non_existent,non_existent,non_existent,non_existent,non_existent,non_existent,non_existent,non_existent,non_existent,non_existent,non_existent,non_existent,non_existent,no_visit,non_existent,non_existent,no_visit,no_visit,non_existent,non_existent,non_existent,non_existent,non_existent,non_existent,non_existent,empty,empty,2 cells ,end cap ,non_existent,non_existent,
BP,O,44,Mid,small,6,c,NA,NA,NA,non_existent,non_existent,non_existent,non_existent,non_existent,non_existent,non_existent,non_existent,non_existent,non_existent,non_existent,non_existent,non_existent,non_existent,non_existent,non_existent,non_existent,non_existent,non_existent,non_existent,non_existent,non_existent,non_existent,non_existent,non_existent,non_existent,non_existent,non_existent,non_existent,non_existent,non_existent,non_existent,non_existent,non_existent,no_visit,non_existent,non_existent,non_existent,non_existent,non_existent,non_existent,non_existent,non_existent,non_existent,non_existent,non_existent,non_existent,non_existent,non_existent,non_existent,pseudo,pseudo,
BP,O,44,Mid,large,7,a,NA,NA,NA,non_existent,non_existent,non_existent,non_existent,non_existent,non_existent,non_existent,non_existent,non_existent,non_existent,non_existent,non_existent,non_existent,non_existent,non_existent,non_existent,non_existent,non_existent,non_existent,non_existent,non_existent,non_existent,non_existent,non_existent,non_existent,non_existent,non_existent,non_existent,non_existent,non_existent,non_existent,non_existent,non_existent,non_existent,no_visit,pseudo,pseudo,no_visit,no_visit,pseudo,pseudo,pseudo,pseudo,pseudo,pseudo,pseudo,pseudo,pseudo,pseudo,pseudo,pseudo,pseudo,
BP,O,44,Mid,medium,8,a,143.5,38.02,megachile,non_existent,non_existent,non_existent,non_existent,non_existent,non_existent,non_existent,non_existent,non_existent,non_existent,non_existent,non_existent,non_existent,non_existent,non_existent,non_existent,non_existent,non_existent,non_existent,non_existent,non_existent,non_existent,non_existent,non_existent,non_existent,non_existent,non_existent,non_existent,non_existent,non_existent,non_existent,non_existent,non_existent,non_existent,no_visit,empty,empty,no_visit,no_visit,empty,empty,empty,empty,empty,empty,1 cell ,1 cell ,no change,no change,1 cell ,2-3 cells ,end cap  ,
BP,O,44,Mid,medium,11,a,NA,NA,NA,non_existent,non_existent,non_existent,non_existent,non_existent,non_existent,non_existent,non_existent,non_existent,non_existent,non_existent,non_existent,non_existent,non_existent,non_existent,non_existent,non_existent,non_existent,non_existent,non_existent,non_existent,non_existent,non_existent,non_existent,non_existent,non_existent,non_existent,non_existent,non_existent,non_existent,non_existent,non_existent,non_existent,non_existent,no_visit,pseudo,pseudo,no_visit,no_visit,pseudo,pseudo,pseudo,pseudo,pseudo,pseudo,pseudo,non_existent,non_existent,non_existent,non_existent,non_existent,non_existent,
BP,O,44,Mid,medium,11,b,NA,NA,NA,non_existent,non_existent,non_existent,non_existent,non_existent,non_existent,non_existent,non_existent,non_existent,non_existent,non_existent,non_existent,non_existent,non_existent,non_existent,non_existent,non_existent,non_existent,non_existent,non_existent,non_existent,non_existent,non_existent,non_existent,non_existent,non_existent,non_existent,non_existent,non_existent,non_existent,non_existent,non_existent,non_existent,non_existent,no_visit,non_existent,non_existent,no_visit,no_visit,non_existent,non_existent,non_existent,non_existent,non_existent,non_existent,non_existent,empty,empty,empty,empty,empty,empty,
BP,O,44,Mid,medium,12,a,NA,NA,NA,non_existent,non_existent,non_existent,non_existent,non_existent,non_existent,non_existent,non_existent,non_existent,non_existent,non_existent,non_existent,non_existent,non_existent,non_existent,non_existent,non_existent,non_existent,non_existent,non_existent,non_existent,non_existent,non_existent,non_existent,non_existent,non_existent,non_existent,non_existent,non_existent,non_existent,non_existent,non_existent,non_existent,non_existent,no_visit,pseudo,pseudo,no_visit,no_visit,pseudo,pseudo,pseudo,pseudo,pseudo,pseudo,pseudo,non_existent,non_existent,non_existent,non_existent,non_existent,non_existent,
BP,O,44,Mid,medium,12,b,NA,NA,NA,non_existent,non_existent,non_existent,non_existent,non_existent,non_existent,non_existent,non_existent,non_existent,non_existent,non_existent,non_existent,non_existent,non_existent,non_existent,non_existent,non_existent,non_existent,non_existent,non_existent,non_existent,non_existent,non_existent,non_existent,non_existent,non_existent,non_existent,non_existent,non_existent,non_existent,non_existent,non_existent,non_existent,non_existent,no_visit,non_existent,non_existent,no_visit,no_visit,non_existent,non_existent,non_existent,non_existent,non_existent,non_existent,non_existent,empty,empty,empty,empty,empty,empty,
BP,O,44,Mid,large,13,a,NA,NA,NA,non_existent,non_existent,non_existent,non_existent,non_existent,non_existent,non_existent,non_existent,non_existent,non_existent,non_existent,non_existent,non_existent,non_existent,non_existent,non_existent,non_existent,non_existent,non_existent,non_existent,non_existent,non_existent,non_existent,non_existent,non_existent,non_existent,non_existent,non_existent,non_existent,non_existent,non_existent,non_existent,non_existent,non_existent,no_visit,pseudo,pseudo,no_visit,no_visit,pseudo,pseudo,pseudo,pseudo,pseudo,pseudo,pseudo,pseudo,pseudo,pseudo,pseudo,pseudo,pseudo,
BP,O,44,Mid,small,14,a,NA,NA,NA,non_existent,non_existent,non_existent,non_existent,non_existent,non_existent,non_existent,non_existent,non_existent,non_existent,non_existent,non_existent,non_existent,non_existent,non_existent,non_existent,non_existent,non_existent,non_existent,non_existent,non_existent,non_existent,non_existent,non_existent,non_existent,non_existent,non_existent,non_existent,non_existent,non_existent,non_existent,non_existent,non_existent,non_existent,no_visit,pseudo,pseudo,no_visit,no_visit,pseudo,pseudo,pseudo,pseudo,pseudo,pseudo,non_existent,non_existent,non_existent,non_existent,non_existent,non_existent,non_existent,
BP,O,44,Mid,small,14,b,141.9,36.36,megachile,non_existent,non_existent,non_existent,non_existent,non_existent,non_existent,non_existent,non_existent,non_existent,non_existent,non_existent,non_existent,non_existent,non_existent,non_existent,non_existent,non_existent,non_existent,non_existent,non_existent,non_existent,non_existent,non_existent,non_existent,non_existent,non_existent,non_existent,non_existent,non_existent,non_existent,non_existent,non_existent,non_existent,non_existent,no_visit,non_existent,non_existent,no_visit,no_visit,non_existent,non_existent,non_existent,non_existent,non_existent,non_existent,1 cell ,1 cell + end cap ,no change,non_existent,non_existent,non_existent,non_existent,
BP,O,44,Mid,small,14,c,NA,NA,NA,non_existent,non_existent,non_existent,non_existent,non_existent,non_existent,non_existent,non_existent,non_existent,non_existent,non_existent,non_existent,non_existent,non_existent,non_existent,non_existent,non_existent,non_existent,non_existent,non_existent,non_existent,non_existent,non_existent,non_existent,non_existent,non_existent,non_existent,non_existent,non_existent,non_existent,non_existent,non_existent,non_existent,non_existent,no_visit,non_existent,non_existent,no_visit,no_visit,non_existent,non_existent,non_existent,non_existent,non_existent,non_existent,non_existent,non_existent,non_existent,empty,empty,empty,empty,
BP,O,44,Mid,medium,15,a,145.64,14.78,megachile,non_existent,non_existent,non_existent,non_existent,non_existent,non_existent,non_existent,non_existent,non_existent,non_existent,non_existent,non_existent,non_existent,non_existent,non_existent,non_existent,non_existent,non_existent,non_existent,non_existent,non_existent,non_existent,non_existent,non_existent,non_existent,non_existent,non_existent,non_existent,non_existent,non_existent,non_existent,non_existent,non_existent,non_existent,no_visit,empty,empty,no_visit,no_visit,empty,empty,empty,empty,empty,empty,1 cell ,no change,no change,no change,no change,non_existent,non_existent,
BP,O,44,Mid,medium,15,b,NA,NA,NA,non_existent,non_existent,non_existent,non_existent,non_existent,non_existent,non_existent,non_existent,non_existent,non_existent,non_existent,non_existent,non_existent,non_existent,non_existent,non_existent,non_existent,non_existent,non_existent,non_existent,non_existent,non_existent,non_existent,non_existent,non_existent,non_existent,non_existent,non_existent,non_existent,non_existent,non_existent,non_existent,non_existent,non_existent,no_visit,non_existent,non_existent,no_visit,no_visit,non_existent,non_existent,non_existent,non_existent,non_existent,non_existent,non_existent,non_existent,non_existent,non_existent,non_existent,empty,empty,
BP,O,44,Mid,medium,17,a,150.47,51.59,megachile,non_existent,non_existent,non_existent,non_existent,non_existent,non_existent,non_existent,non_existent,non_existent,non_existent,non_existent,non_existent,non_existent,non_existent,non_existent,non_existent,non_existent,non_existent,non_existent,non_existent,non_existent,non_existent,non_existent,non_existent,non_existent,non_existent,non_existent,non_existent,non_existent,non_existent,non_existent,non_existent,non_existent,non_existent,no_visit,empty,empty,no_visit,no_visit,empty,empty,empty,empty,empty,empty,empty,empty,empty,empty,1 cell ,1 cell ,1 cell + end cap  ,
BP,O,45,High,large,1,a,NA,NA,NA,non_existent,non_existent,non_existent,non_existent,non_existent,non_existent,non_existent,non_existent,non_existent,non_existent,non_existent,non_existent,non_existent,non_existent,non_existent,non_existent,non_existent,non_existent,non_existent,non_existent,non_existent,non_existent,non_existent,non_existent,non_existent,non_existent,non_existent,non_existent,non_existent,non_existent,non_existent,non_existent,non_existent,non_existent,no_visit,pseudo,pseudo,no_visit,no_visit,pseudo,pseudo,pseudo,pseudo,pseudo,pseudo,pseudo,pseudo,pseudo,pseudo,pseudo,pseudo,pseudo,
BP,O,45,High,small,2,a,NA,NA,wasp,non_existent,non_existent,non_existent,non_existent,non_existent,non_existent,non_existent,non_existent,non_existent,non_existent,non_existent,non_existent,non_existent,non_existent,non_existent,non_existent,non_existent,non_existent,non_existent,non_existent,non_existent,non_existent,non_existent,non_existent,non_existent,non_existent,non_existent,non_existent,non_existent,non_existent,non_existent,non_existent,non_existent,non_existent,no_visit,empty,empty,no_visit,no_visit,empty,empty,inner wall started ,inner wall started,inner wall started,non_existent,non_existent,non_existent,non_existent,non_existent,non_existent,non_existent,non_existent,
BP,O,45,High,small,2,b,NA,NA,NA,non_existent,non_existent,non_existent,non_existent,non_existent,non_existent,non_existent,non_existent,non_existent,non_existent,non_existent,non_existent,non_existent,non_existent,non_existent,non_existent,non_existent,non_existent,non_existent,non_existent,non_existent,non_existent,non_existent,non_existent,non_existent,non_existent,non_existent,non_existent,non_existent,non_existent,non_existent,non_existent,non_existent,non_existent,no_visit,non_existent,non_existent,no_visit,no_visit,non_existent,non_existent,non_existent,non_existent,non_existent,empty,empty,empty,empty,empty,empty,empty,empty,
BP,O,45,High,medium,3,a,NA,NA,wasp ,non_existent,non_existent,non_existent,non_existent,non_existent,non_existent,non_existent,non_existent,non_existent,non_existent,non_existent,non_existent,non_existent,non_existent,non_existent,non_existent,non_existent,non_existent,non_existent,non_existent,non_existent,non_existent,non_existent,non_existent,non_existent,non_existent,non_existent,non_existent,non_existent,non_existent,non_existent,non_existent,non_existent,non_existent,no_visit,empty,non-target cells ,no_visit,no_visit,non-target nest completed ,non_existent,non_existent,non_existent,non_existent,non_existent,non_existent,non_existent,non_existent,non_existent,non_existent,non_existent,non_existent,
BP,O,45,High,medium,3,b,NA,NA,NA,non_existent,non_existent,non_existent,non_existent,non_existent,non_existent,non_existent,non_existent,non_existent,non_existent,non_existent,non_existent,non_existent,non_existent,non_existent,non_existent,non_existent,non_existent,non_existent,non_existent,non_existent,non_existent,non_existent,non_existent,non_existent,non_existent,non_existent,non_existent,non_existent,non_existent,non_existent,non_existent,non_existent,non_existent,no_visit,non_existent,non_existent,no_visit,no_visit,non_existent,empty,empty,empty,empty,empty,empty,empty,empty,empty,empty,empty,empty,
BP,O,45,High,medium,4,a,NA,NA,NA,non_existent,non_existent,non_existent,non_existent,non_existent,non_existent,non_existent,non_existent,non_existent,non_existent,non_existent,non_existent,non_existent,non_existent,non_existent,non_existent,non_existent,non_existent,non_existent,non_existent,non_existent,non_existent,non_existent,non_existent,non_existent,non_existent,non_existent,non_existent,non_existent,non_existent,non_existent,non_existent,non_existent,non_existent,no_visit,pseudo,pseudo,no_visit,no_visit,pseudo,pseudo,pseudo,pseudo,pseudo,pseudo,pseudo,pseudo,pseudo,pseudo,pseudo,pseudo,pseudo,
BP,O,45,High,medium,5,a,NA,NA,wasp,non_existent,non_existent,non_existent,non_existent,non_existent,non_existent,non_existent,non_existent,non_existent,non_existent,non_existent,non_existent,non_existent,non_existent,non_existent,non_existent,non_existent,non_existent,non_existent,non_existent,non_existent,non_existent,non_existent,non_existent,non_existent,non_existent,non_existent,non_existent,non_existent,non_existent,non_existent,non_existent,non_existent,non_existent,no_visit,empty,non-target inner wall ,no_visit,no_visit,no change,non-target nest completed ,non_existent,non_existent,non_existent,non_existent,non_existent,non_existent,non_existent,non_existent,non_existent,non_existent,non_existent,
BP,O,45,High,medium,5,b,NA,NA,NA,non_existent,non_existent,non_existent,non_existent,non_existent,non_existent,non_existent,non_existent,non_existent,non_existent,non_existent,non_existent,non_existent,non_existent,non_existent,non_existent,non_existent,non_existent,non_existent,non_existent,non_existent,non_existent,non_existent,non_existent,non_existent,non_existent,non_existent,non_existent,non_existent,non_existent,non_existent,non_existent,non_existent,non_existent,no_visit,non_existent,non_existent,no_visit,no_visit,non_existent,non_existent,empty,empty,empty,empty,empty,empty,empty,empty,empty,empty,empty,
BP,O,45,High,medium,6,a,NA,NA,wasp,non_existent,non_existent,non_existent,non_existent,non_existent,non_existent,non_existent,non_existent,non_existent,non_existent,non_existent,non_existent,non_existent,non_existent,non_existent,non_existent,non_existent,non_existent,non_existent,non_existent,non_existent,non_existent,non_existent,non_existent,non_existent,non_existent,non_existent,non_existent,non_existent,non_existent,non_existent,non_existent,non_existent,non_existent,no_visit,empty,non-target nest completed ,no_visit,no_visit,non_existent,non_existent,non_existent,non_existent,non_existent,non_existent,non_existent,non_existent,non_existent,non_existent,non_existent,non_existent,non_existent,
BP,O,45,High,medium,6,b,NA,NA,wasp,non_existent,non_existent,non_existent,non_existent,non_existent,non_existent,non_existent,non_existent,non_existent,non_existent,non_existent,non_existent,non_existent,non_existent,non_existent,non_existent,non_existent,non_existent,non_existent,non_existent,non_existent,non_existent,non_existent,non_existent,non_existent,non_existent,non_existent,non_existent,non_existent,non_existent,non_existent,non_existent,non_existent,non_existent,no_visit,non_existent,non_existent,no_visit,no_visit,empty,non-target nest completed ,non_existent,non_existent,non_existent,non_existent,non_existent,non_existent,non_existent,non_existent,non_existent,non_existent,non_existent,
BP,O,45,High,medium,6,c,NA,NA,NA,non_existent,non_existent,non_existent,non_existent,non_existent,non_existent,non_existent,non_existent,non_existent,non_existent,non_existent,non_existent,non_existent,non_existent,non_existent,non_existent,non_existent,non_existent,non_existent,non_existent,non_existent,non_existent,non_existent,non_existent,non_existent,non_existent,non_existent,non_existent,non_existent,non_existent,non_existent,non_existent,non_existent,non_existent,no_visit,non_existent,non_existent,no_visit,no_visit,non_existent,non_existent,empty,empty,empty,empty,empty,empty,empty,empty,empty,empty,empty,
BP,O,45,High,large,7,a,NA,NA,wasp,non_existent,non_existent,non_existent,non_existent,non_existent,non_existent,non_existent,non_existent,non_existent,non_existent,non_existent,non_existent,non_existent,non_existent,non_existent,non_existent,non_existent,non_existent,non_existent,non_existent,non_existent,non_existent,non_existent,non_existent,non_existent,non_existent,non_existent,non_existent,non_existent,non_existent,non_existent,non_existent,non_existent,non_existent,no_visit,empty,non-target nest completed ,no_visit,no_visit,non_existent,non_existent,non_existent,non_existent,non_existent,non_existent,non_existent,non_existent,non_existent,non_existent,non_existent,non_existent,non_existent,
BP,O,45,High,large,7,b,NA,NA,wasp,non_existent,non_existent,non_existent,non_existent,non_existent,non_existent,non_existent,non_existent,non_existent,non_existent,non_existent,non_existent,non_existent,non_existent,non_existent,non_existent,non_existent,non_existent,non_existent,non_existent,non_existent,non_existent,non_existent,non_existent,non_existent,non_existent,non_existent,non_existent,non_existent,non_existent,non_existent,non_existent,non_existent,non_existent,no_visit,non_existent,non_existent,no_visit,no_visit,non-target cells ,non-target nest completed ,non_existent,non_existent,non_existent,non_existent,non_existent,non_existent,non_existent,non_existent,non_existent,non_existent,non_existent,
BP,O,45,High,large,7,c,NA,NA,NA,non_existent,non_existent,non_existent,non_existent,non_existent,non_existent,non_existent,non_existent,non_existent,non_existent,non_existent,non_existent,non_existent,non_existent,non_existent,non_existent,non_existent,non_existent,non_existent,non_existent,non_existent,non_existent,non_existent,non_existent,non_existent,non_existent,non_existent,non_existent,non_existent,non_existent,non_existent,non_existent,non_existent,non_existent,no_visit,non_existent,non_existent,no_visit,no_visit,non_existent,non_existent,empty,empty,empty,empty,empty,empty,empty,empty,empty,empty,empty,
BP,O,45,High,medium,8,a,NA,NA,NA,non_existent,non_existent,non_existent,non_existent,non_existent,non_existent,non_existent,non_existent,non_existent,non_existent,non_existent,non_existent,non_existent,non_existent,non_existent,non_existent,non_existent,non_existent,non_existent,non_existent,non_existent,non_existent,non_existent,non_existent,non_existent,non_existent,non_existent,non_existent,non_existent,non_existent,non_existent,non_existent,non_existent,non_existent,no_visit,pseudo,pseudo,no_visit,no_visit,pseudo,pseudo,pseudo,pseudo,pseudo,pseudo,pseudo,pseudo,pseudo,pseudo,pseudo,pseudo,pseudo,
BP,O,45,High,large,9,a,NA,NA,NA,non_existent,non_existent,non_existent,non_existent,non_existent,non_existent,non_existent,non_existent,non_existent,non_existent,non_existent,non_existent,non_existent,non_existent,non_existent,non_existent,non_existent,non_existent,non_existent,non_existent,non_existent,non_existent,non_existent,non_existent,non_existent,non_existent,non_existent,non_existent,non_existent,non_existent,non_existent,non_existent,non_existent,non_existent,no_visit,pseudo,pseudo,no_visit,no_visit,pseudo,pseudo,pseudo,pseudo,pseudo,pseudo,pseudo,pseudo,pseudo,pseudo,pseudo,pseudo,pseudo,
BP,O,45,High,medium,11,a,148.88,29.53,megachile,non_existent,non_existent,non_existent,non_existent,non_existent,non_existent,non_existent,non_existent,non_existent,non_existent,non_existent,non_existent,non_existent,non_existent,non_existent,non_existent,non_existent,non_existent,non_existent,non_existent,non_existent,non_existent,non_existent,non_existent,non_existent,non_existent,non_existent,non_existent,non_existent,non_existent,non_existent,non_existent,non_existent,non_existent,no_visit,empty,empty,no_visit,no_visit,empty,empty,empty,empty,empty,empty,empty,empty,empty,empty,empty,1 cell ,1 cell ,
BP,O,45,High,large,12,a,NA,NA,NA,non_existent,non_existent,non_existent,non_existent,non_existent,non_existent,non_existent,non_existent,non_existent,non_existent,non_existent,non_existent,non_existent,non_existent,non_existent,non_existent,non_existent,non_existent,non_existent,non_existent,non_existent,non_existent,non_existent,non_existent,non_existent,non_existent,non_existent,non_existent,non_existent,non_existent,non_existent,non_existent,non_existent,non_existent,no_visit,pseudo,pseudo,no_visit,no_visit,pseudo,pseudo,pseudo,pseudo,pseudo,pseudo,pseudo,pseudo,pseudo,pseudo,pseudo,pseudo,pseudo,
BP,O,45,High,medium,13,a,NA,NA,NA,non_existent,non_existent,non_existent,non_existent,non_existent,non_existent,non_existent,non_existent,non_existent,non_existent,non_existent,non_existent,non_existent,non_existent,non_existent,non_existent,non_existent,non_existent,non_existent,non_existent,non_existent,non_existent,non_existent,non_existent,non_existent,non_existent,non_existent,non_existent,non_existent,non_existent,non_existent,non_existent,non_existent,non_existent,no_visit,pseudo,pseudo,no_visit,no_visit,pseudo,pseudo,pseudo,pseudo,pseudo,pseudo,pseudo,pseudo,pseudo,pseudo,pseudo,pseudo,non_existent,
BP,O,45,High,medium,13,b,NA,NA,NA,non_existent,non_existent,non_existent,non_existent,non_existent,non_existent,non_existent,non_existent,non_existent,non_existent,non_existent,non_existent,non_existent,non_existent,non_existent,non_existent,non_existent,non_existent,non_existent,non_existent,non_existent,non_existent,non_existent,non_existent,non_existent,non_existent,non_existent,non_existent,non_existent,non_existent,non_existent,non_existent,non_existent,non_existent,no_visit,non_existent,non_existent,no_visit,no_visit,non_existent,non_existent,non_existent,non_existent,non_existent,non_existent,non_existent,non_existent,non_existent,non_existent,non_existent,non_existent,empty,
BP,O,45,High,medium,14,a,NA,NA,NA,non_existent,non_existent,non_existent,non_existent,non_existent,non_existent,non_existent,non_existent,non_existent,non_existent,non_existent,non_existent,non_existent,non_existent,non_existent,non_existent,non_existent,non_existent,non_existent,non_existent,non_existent,non_existent,non_existent,non_existent,non_existent,non_existent,non_existent,non_existent,non_existent,non_existent,non_existent,non_existent,non_existent,non_existent,no_visit,pseudo,pseudo,no_visit,no_visit,pseudo,pseudo,pseudo,pseudo,pseudo,pseudo,pseudo,pseudo,pseudo,pseudo,pseudo,pseudo,pseudo,
BP,O,45,High,small,15,a,NA,NA,NA,non_existent,non_existent,non_existent,non_existent,non_existent,non_existent,non_existent,non_existent,non_existent,non_existent,non_existent,non_existent,non_existent,non_existent,non_existent,non_existent,non_existent,non_existent,non_existent,non_existent,non_existent,non_existent,non_existent,non_existent,non_existent,non_existent,non_existent,non_existent,non_existent,non_existent,non_existent,non_existent,non_existent,non_existent,no_visit,pseudo,pseudo,no_visit,no_visit,pseudo,pseudo,pseudo,pseudo,pseudo,pseudo,pseudo,pseudo,pseudo,pseudo,pseudo,pseudo,pseudo,
BP,O,45,High,medium,16,a,NA,NA,NA,non_existent,non_existent,non_existent,non_existent,non_existent,non_existent,non_existent,non_existent,non_existent,non_existent,non_existent,non_existent,non_existent,non_existent,non_existent,non_existent,non_existent,non_existent,non_existent,non_existent,non_existent,non_existent,non_existent,non_existent,non_existent,non_existent,non_existent,non_existent,non_existent,non_existent,non_existent,non_existent,non_existent,non_existent,no_visit,pseudo,pseudo,no_visit,no_visit,pseudo,pseudo,pseudo,pseudo,pseudo,pseudo,pseudo,pseudo,pseudo,pseudo,pseudo,pseudo,pseudo,
BP,O,45,High,medium,17,a,NA,NA,NA,non_existent,non_existent,non_existent,non_existent,non_existent,non_existent,non_existent,non_existent,non_existent,non_existent,non_existent,non_existent,non_existent,non_existent,non_existent,non_existent,non_existent,non_existent,non_existent,non_existent,non_existent,non_existent,non_existent,non_existent,non_existent,non_existent,non_existent,non_existent,non_existent,non_existent,non_existent,non_existent,non_existent,non_existent,no_visit,pseudo,pseudo,no_visit,no_visit,pseudo,pseudo,pseudo,pseudo,pseudo,pseudo,pseudo,pseudo,pseudo,pseudo,pseudo,pseudo,pseudo,
BP,O,45,High,large,18,a,NA,NA,NA,non_existent,non_existent,non_existent,non_existent,non_existent,non_existent,non_existent,non_existent,non_existent,non_existent,non_existent,non_existent,non_existent,non_existent,non_existent,non_existent,non_existent,non_existent,non_existent,non_existent,non_existent,non_existent,non_existent,non_existent,non_existent,non_existent,non_existent,non_existent,non_existent,non_existent,non_existent,non_existent,non_existent,non_existent,no_visit,pseudo,pseudo,no_visit,no_visit,pseudo,pseudo,pseudo,pseudo,pseudo,pseudo,pseudo,pseudo,pseudo,pseudo,pseudo,pseudo,pseudo,
BP,P,46,Low,medium,11,a,NA,NA,wasp,non_existent,non_existent,non_existent,non_existent,non_existent,non_existent,non_existent,non_existent,non_existent,non_existent,non_existent,non_existent,non_existent,non_existent,non_existent,non_existent,non_existent,non_existent,non_existent,non_existent,non_existent,non_existent,non_existent,non_existent,non_existent,non_existent,non_existent,non_existent,non_existent,non_existent,non_existent,non_existent,non_existent,non_existent,no_visit,empty,empty,no_visit,no_visit,non-target inner wall started ,non-target cells ,non-target nest completed ,non_existent,non_existent,non_existent,non_existent,non_existent,non_existent,non_existent,non_existent,non_existent,non_existent,
BP,P,46,Low,medium,11,b,NA,NA,NA,non_existent,non_existent,non_existent,non_existent,non_existent,non_existent,non_existent,non_existent,non_existent,non_existent,non_existent,non_existent,non_existent,non_existent,non_existent,non_existent,non_existent,non_existent,non_existent,non_existent,non_existent,non_existent,non_existent,non_existent,non_existent,non_existent,non_existent,non_existent,non_existent,non_existent,non_existent,non_existent,non_existent,non_existent,no_visit,non_existent,non_existent,no_visit,no_visit,non_existent,non_existent,non_existent,empty,empty,empty,empty,empty,empty,empty,empty,empty,empty,
BP,P,46,Low,medium,12,a,NA,NA,wasp,non_existent,non_existent,non_existent,non_existent,non_existent,non_existent,non_existent,non_existent,non_existent,non_existent,non_existent,non_existent,non_existent,non_existent,non_existent,non_existent,non_existent,non_existent,non_existent,non_existent,non_existent,non_existent,non_existent,non_existent,non_existent,non_existent,non_existent,non_existent,non_existent,non_existent,non_existent,non_existent,non_existent,non_existent,no_visit,empty,empty,no_visit,no_visit,non-target cells ,non-target cells ,non_existent,non_existent,non_existent,non_existent,non_existent,non_existent,non_existent,non_existent,non_existent,non_existent,non_existent,
BP,P,46,Low,medium,12,b,NA,NA,NA,non_existent,non_existent,non_existent,non_existent,non_existent,non_existent,non_existent,non_existent,non_existent,non_existent,non_existent,non_existent,non_existent,non_existent,non_existent,non_existent,non_existent,non_existent,non_existent,non_existent,non_existent,non_existent,non_existent,non_existent,non_existent,non_existent,non_existent,non_existent,non_existent,non_existent,non_existent,non_existent,non_existent,non_existent,no_visit,non_existent,non_existent,no_visit,no_visit,non_existent,non_existent,empty,empty,empty,empty,empty,empty,empty,empty,empty,empty,empty,
BP,P,47,Mid,medium,3,a,NA,NA,NA,non_existent,non_existent,non_existent,non_existent,non_existent,non_existent,non_existent,non_existent,non_existent,non_existent,non_existent,non_existent,non_existent,non_existent,non_existent,non_existent,non_existent,non_existent,non_existent,non_existent,non_existent,non_existent,non_existent,non_existent,non_existent,non_existent,non_existent,non_existent,non_existent,non_existent,non_existent,non_existent,non_existent,non_existent,no_visit,pseudo,pseudo,no_visit,no_visit,pseudo,pseudo,pseudo,pseudo,pseudo,pseudo,pseudo,pseudo,pseudo,pseudo,pseudo,pseudo,pseudo,
BP,P,47,Mid,medium,11,a,NA,NA,NA,non_existent,non_existent,non_existent,non_existent,non_existent,non_existent,non_existent,non_existent,non_existent,non_existent,non_existent,non_existent,non_existent,non_existent,non_existent,non_existent,non_existent,non_existent,non_existent,non_existent,non_existent,non_existent,non_existent,non_existent,non_existent,non_existent,non_existent,non_existent,non_existent,non_existent,non_existent,non_existent,non_existent,non_existent,no_visit,empty,empty,no_visit,no_visit,empty,empty,empty,empty,empty,empty,empty,empty,empty,empty,empty,non_existent,non_existent,
BP,P,47,Mid,medium,11,b,NA,NA,NA,non_existent,non_existent,non_existent,non_existent,non_existent,non_existent,non_existent,non_existent,non_existent,non_existent,non_existent,non_existent,non_existent,non_existent,non_existent,non_existent,non_existent,non_existent,non_existent,non_existent,non_existent,non_existent,non_existent,non_existent,non_existent,non_existent,non_existent,non_existent,non_existent,non_existent,non_existent,non_existent,non_existent,non_existent,no_visit,non_existent,non_existent,no_visit,no_visit,non_existent,non_existent,non_existent,non_existent,non_existent,non_existent,non_existent,non_existent,non_existent,non_existent,non_existent,empty,empty,
BP,P,47,Mid,medium,12,a,NA,NA,NA,non_existent,non_existent,non_existent,non_existent,non_existent,non_existent,non_existent,non_existent,non_existent,non_existent,non_existent,non_existent,non_existent,non_existent,non_existent,non_existent,non_existent,non_existent,non_existent,non_existent,non_existent,non_existent,non_existent,non_existent,non_existent,non_existent,non_existent,non_existent,non_existent,non_existent,non_existent,non_existent,non_existent,non_existent,no_visit,pseudo,pseudo,no_visit,no_visit,pseudo,pseudo,pseudo,pseudo,pseudo,pseudo,pseudo,pseudo,pseudo,pseudo,pseudo,pseudo,pseudo,
BP,P,47,Mid,large,14,a,NA,NA,NA,non_existent,non_existent,non_existent,non_existent,non_existent,non_existent,non_existent,non_existent,non_existent,non_existent,non_existent,non_existent,non_existent,non_existent,non_existent,non_existent,non_existent,non_existent,non_existent,non_existent,non_existent,non_existent,non_existent,non_existent,non_existent,non_existent,non_existent,non_existent,non_existent,non_existent,non_existent,non_existent,non_existent,non_existent,no_visit,pseudo,pseudo,no_visit,no_visit,pseudo,pseudo,pseudo,pseudo,pseudo,pseudo,pseudo,pseudo,pseudo,pseudo,pseudo,pseudo,pseudo,
BP,P,47,Mid,small,16,a,NA,NA,NA,non_existent,non_existent,non_existent,non_existent,non_existent,non_existent,non_existent,non_existent,non_existent,non_existent,non_existent,non_existent,non_existent,non_existent,non_existent,non_existent,non_existent,non_existent,non_existent,non_existent,non_existent,non_existent,non_existent,non_existent,non_existent,non_existent,non_existent,non_existent,non_existent,non_existent,non_existent,non_existent,non_existent,non_existent,no_visit,pseudo,pseudo,no_visit,no_visit,pseudo,pseudo,pseudo,pseudo,pseudo,pseudo,pseudo,pseudo,pseudo,pseudo,pseudo,pseudo,pseudo,
BP,P,47,Mid,medium,17,a,NA,NA,NA,non_existent,non_existent,non_existent,non_existent,non_existent,non_existent,non_existent,non_existent,non_existent,non_existent,non_existent,non_existent,non_existent,non_existent,non_existent,non_existent,non_existent,non_existent,non_existent,non_existent,non_existent,non_existent,non_existent,non_existent,non_existent,non_existent,non_existent,non_existent,non_existent,non_existent,non_existent,non_existent,non_existent,non_existent,no_visit,pseudo,pseudo,no_visit,no_visit,pseudo,pseudo,pseudo,pseudo,pseudo,pseudo,pseudo,pseudo,pseudo,pseudo,pseudo,pseudo,pseudo,
BP,P,47,Mid,large,18,a,NA,NA,NA,non_existent,non_existent,non_existent,non_existent,non_existent,non_existent,non_existent,non_existent,non_existent,non_existent,non_existent,non_existent,non_existent,non_existent,non_existent,non_existent,non_existent,non_existent,non_existent,non_existent,non_existent,non_existent,non_existent,non_existent,non_existent,non_existent,non_existent,non_existent,non_existent,non_existent,non_existent,non_existent,non_existent,non_existent,no_visit,pseudo,pseudo,no_visit,no_visit,pseudo,pseudo,pseudo,pseudo,pseudo,pseudo,pseudo,pseudo,pseudo,pseudo,pseudo,pseudo,pseudo,
BP,P,48,High,large,1,a,NA,NA,NA,non_existent,non_existent,non_existent,non_existent,non_existent,non_existent,non_existent,non_existent,non_existent,non_existent,non_existent,non_existent,non_existent,non_existent,non_existent,non_existent,non_existent,non_existent,non_existent,non_existent,non_existent,non_existent,non_existent,non_existent,non_existent,non_existent,non_existent,non_existent,non_existent,non_existent,non_existent,non_existent,non_existent,non_existent,no_visit,pseudo,pseudo,no_visit,no_visit,pseudo,pseudo,pseudo,pseudo,pseudo,pseudo,pseudo,pseudo,pseudo,pseudo,pseudo,pseudo,pseudo,
BP,P,48,High,medium,2,a,NA,NA,NA,non_existent,non_existent,non_existent,non_existent,non_existent,non_existent,non_existent,non_existent,non_existent,non_existent,non_existent,non_existent,non_existent,non_existent,non_existent,non_existent,non_existent,non_existent,non_existent,non_existent,non_existent,non_existent,non_existent,non_existent,non_existent,non_existent,non_existent,non_existent,non_existent,non_existent,non_existent,non_existent,non_existent,non_existent,no_visit,pseudo,pseudo,no_visit,no_visit,pseudo,pseudo,pseudo,pseudo,pseudo,pseudo,pseudo,pseudo,pseudo,pseudo,pseudo,pseudo,pseudo,
BP,P,48,High,large,3,a,NA,NA,NA,non_existent,non_existent,non_existent,non_existent,non_existent,non_existent,non_existent,non_existent,non_existent,non_existent,non_existent,non_existent,non_existent,non_existent,non_existent,non_existent,non_existent,non_existent,non_existent,non_existent,non_existent,non_existent,non_existent,non_existent,non_existent,non_existent,non_existent,non_existent,non_existent,non_existent,non_existent,non_existent,non_existent,non_existent,no_visit,pseudo,pseudo,no_visit,no_visit,pseudo,pseudo,pseudo,pseudo,pseudo,pseudo,pseudo,pseudo,pseudo,pseudo,pseudo,pseudo,pseudo,
BP,P,48,High,medium,4,a,NA,NA,NA,non_existent,non_existent,non_existent,non_existent,non_existent,non_existent,non_existent,non_existent,non_existent,non_existent,non_existent,non_existent,non_existent,non_existent,non_existent,non_existent,non_existent,non_existent,non_existent,non_existent,non_existent,non_existent,non_existent,non_existent,non_existent,non_existent,non_existent,non_existent,non_existent,non_existent,non_existent,non_existent,non_existent,non_existent,no_visit,pseudo,pseudo,no_visit,no_visit,pseudo,pseudo,pseudo,pseudo,pseudo,pseudo,pseudo,pseudo,pseudo,pseudo,pseudo,pseudo,pseudo,
BP,P,48,High,medium,5,a,NA,NA,wasp,non_existent,non_existent,non_existent,non_existent,non_existent,non_existent,non_existent,non_existent,non_existent,non_existent,non_existent,non_existent,non_existent,non_existent,non_existent,non_existent,non_existent,non_existent,non_existent,non_existent,non_existent,non_existent,non_existent,non_existent,non_existent,non_existent,non_existent,non_existent,non_existent,non_existent,non_existent,non_existent,non_existent,non_existent,no_visit,empty,non-target cells ,no_visit,no_visit,no change,no change ,non_existent,non_existent,non_existent,non_existent,non_existent,non_existent,non_existent,non_existent,non_existent,non_existent,non_existent,
BP,P,48,High,medium,5,b,NA,NA,NA,non_existent,non_existent,non_existent,non_existent,non_existent,non_existent,non_existent,non_existent,non_existent,non_existent,non_existent,non_existent,non_existent,non_existent,non_existent,non_existent,non_existent,non_existent,non_existent,non_existent,non_existent,non_existent,non_existent,non_existent,non_existent,non_existent,non_existent,non_existent,non_existent,non_existent,non_existent,non_existent,non_existent,non_existent,no_visit,non_existent,non_existent,no_visit,no_visit,non_existent,non_existent,empty,empty,empty,empty,empty,empty,empty,empty,empty,empty,empty,
BP,P,48,High,medium,6,a,NA,NA,NA,non_existent,non_existent,non_existent,non_existent,non_existent,non_existent,non_existent,non_existent,non_existent,non_existent,non_existent,non_existent,non_existent,non_existent,non_existent,non_existent,non_existent,non_existent,non_existent,non_existent,non_existent,non_existent,non_existent,non_existent,non_existent,non_existent,non_existent,non_existent,non_existent,non_existent,non_existent,non_existent,non_existent,non_existent,no_visit,pseudo,pseudo,no_visit,no_visit,pseudo,pseudo,pseudo,pseudo,pseudo,pseudo,pseudo,pseudo,pseudo,pseudo,pseudo,pseudo,pseudo,
BP,P,48,High,medium,7,a,NA,NA,NA,non_existent,non_existent,non_existent,non_existent,non_existent,non_existent,non_existent,non_existent,non_existent,non_existent,non_existent,non_existent,non_existent,non_existent,non_existent,non_existent,non_existent,non_existent,non_existent,non_existent,non_existent,non_existent,non_existent,non_existent,non_existent,non_existent,non_existent,non_existent,non_existent,non_existent,non_existent,non_existent,non_existent,non_existent,no_visit,pseudo,pseudo,no_visit,no_visit,pseudo,pseudo,pseudo,pseudo,pseudo,pseudo,pseudo,pseudo,pseudo,pseudo,pseudo,pseudo,pseudo,
BP,P,48,High,small,8,a,NA,NA,NA,non_existent,non_existent,non_existent,non_existent,non_existent,non_existent,non_existent,non_existent,non_existent,non_existent,non_existent,non_existent,non_existent,non_existent,non_existent,non_existent,non_existent,non_existent,non_existent,non_existent,non_existent,non_existent,non_existent,non_existent,non_existent,non_existent,non_existent,non_existent,non_existent,non_existent,non_existent,non_existent,non_existent,non_existent,no_visit,pseudo,pseudo,no_visit,no_visit,pseudo,pseudo,pseudo,pseudo,pseudo,pseudo,pseudo,pseudo,pseudo,pseudo,pseudo,pseudo,pseudo,
BP,P,48,High,large,9,a,NA,NA,NA,non_existent,non_existent,non_existent,non_existent,non_existent,non_existent,non_existent,non_existent,non_existent,non_existent,non_existent,non_existent,non_existent,non_existent,non_existent,non_existent,non_existent,non_existent,non_existent,non_existent,non_existent,non_existent,non_existent,non_existent,non_existent,non_existent,non_existent,non_existent,non_existent,non_existent,non_existent,non_existent,non_existent,non_existent,no_visit,pseudo,pseudo,no_visit,no_visit,pseudo,pseudo,pseudo,pseudo,pseudo,pseudo,pseudo,pseudo,pseudo,pseudo,pseudo,pseudo,pseudo,
BP,P,48,High,large,10,a,NA,NA,NA,non_existent,non_existent,non_existent,non_existent,non_existent,non_existent,non_existent,non_existent,non_existent,non_existent,non_existent,non_existent,non_existent,non_existent,non_existent,non_existent,non_existent,non_existent,non_existent,non_existent,non_existent,non_existent,non_existent,non_existent,non_existent,non_existent,non_existent,non_existent,non_existent,non_existent,non_existent,non_existent,non_existent,non_existent,no_visit,pseudo,pseudo,no_visit,no_visit,pseudo,pseudo,pseudo,pseudo,pseudo,pseudo,pseudo,pseudo,pseudo,pseudo,pseudo,pseudo,pseudo,
BP,P,48,High, medium,11,a,NA,NA,NA,non_existent,non_existent,non_existent,non_existent,non_existent,non_existent,non_existent,non_existent,non_existent,non_existent,non_existent,non_existent,non_existent,non_existent,non_existent,non_existent,non_existent,non_existent,non_existent,non_existent,non_existent,non_existent,non_existent,non_existent,non_existent,non_existent,non_existent,non_existent,non_existent,non_existent,non_existent,non_existent,non_existent,non_existent,no_visit,pseudo,pseudo,no_visit,no_visit,pseudo,pseudo,pseudo,pseudo,pseudo,pseudo,pseudo,pseudo,pseudo,pseudo,pseudo,pseudo,pseudo,
BP,P,48,High, medium,12,a,NA,NA,NA,non_existent,non_existent,non_existent,non_existent,non_existent,non_existent,non_existent,non_existent,non_existent,non_existent,non_existent,non_existent,non_existent,non_existent,non_existent,non_existent,non_existent,non_existent,non_existent,non_existent,non_existent,non_existent,non_existent,non_existent,non_existent,non_existent,non_existent,non_existent,non_existent,non_existent,non_existent,non_existent,non_existent,non_existent,no_visit,pseudo,pseudo,no_visit,no_visit,non_existent,non_existent,non_existent,non_existent,non_existent,non_existent,non_existent,non_existent,non_existent,non_existent,non_existent,non_existent,non_existent,wasp made a nest end cap in the pseudo July 7 
BP,P,48,High, medium,12,B,NA,NA,wasp,non_existent,non_existent,non_existent,non_existent,non_existent,non_existent,non_existent,non_existent,non_existent,non_existent,non_existent,non_existent,non_existent,non_existent,non_existent,non_existent,non_existent,non_existent,non_existent,non_existent,non_existent,non_existent,non_existent,non_existent,non_existent,non_existent,non_existent,non_existent,non_existent,non_existent,non_existent,non_existent,non_existent,non_existent,no_visit,non_existent,non_existent,no_visit,no_visit,non-target nest completed ,non_existent,non_existent,non_existent,non_existent,non_existent,non_existent,non_existent,non_existent,non_existent,non_existent,non_existent,non_existent,
BP,P,48,High, medium,12,C,NA,NA,NA,non_existent,non_existent,non_existent,non_existent,non_existent,non_existent,non_existent,non_existent,non_existent,non_existent,non_existent,non_existent,non_existent,non_existent,non_existent,non_existent,non_existent,non_existent,non_existent,non_existent,non_existent,non_existent,non_existent,non_existent,non_existent,non_existent,non_existent,non_existent,non_existent,non_existent,non_existent,non_existent,non_existent,non_existent,no_visit,non_existent,non_existent,no_visit,no_visit,non_existent,pseudo,pseudo,pseudo,pseudo,pseudo,pseudo,pseudo,pseudo,pseudo,pseudo,pseudo,pseudo,
BP,Q,49,Low,medium,2,a,NA,NA,wasp,non_existent,non_existent,non_existent,non_existent,non_existent,non_existent,non_existent,non_existent,non_existent,non_existent,non_existent,non_existent,non_existent,non_existent,non_existent,non_existent,non_existent,non_existent,non_existent,non_existent,non_existent,non_existent,non_existent,non_existent,non_existent,non_existent,non_existent,non_existent,non_existent,non_existent,non_existent,non_existent,non_existent,non_existent,no_visit,empty,empty,no_visit,no_visit,empty,empty,empty,empty,empty,empty,empty,empty,empty,empty,empty,non-target cells ,non_existent,
BP,Q,49,Low,medium,2,b,NA,NA,NA,non_existent,non_existent,non_existent,non_existent,non_existent,non_existent,non_existent,non_existent,non_existent,non_existent,non_existent,non_existent,non_existent,non_existent,non_existent,non_existent,non_existent,non_existent,non_existent,non_existent,non_existent,non_existent,non_existent,non_existent,non_existent,non_existent,non_existent,non_existent,non_existent,non_existent,non_existent,non_existent,non_existent,non_existent,no_visit,non_existent,non_existent,no_visit,no_visit,non_existent,non_existent,non_existent,non_existent,non_existent,non_existent,non_existent,non_existent,non_existent,non_existent,non_existent,non_existent,empty,
BP,Q,49,Low,small,4,a,NA,NA,wasp ,non_existent,non_existent,non_existent,non_existent,non_existent,non_existent,non_existent,non_existent,non_existent,non_existent,non_existent,non_existent,non_existent,non_existent,non_existent,non_existent,non_existent,non_existent,non_existent,non_existent,non_existent,non_existent,non_existent,non_existent,non_existent,non_existent,non_existent,non_existent,non_existent,non_existent,non_existent,non_existent,non_existent,non_existent,no_visit,empty,empty,no_visit,no_visit,empty,empty,non-target cells ,no change,non-target cells ,end cap ,non_existent,non_existent,non_existent,non_existent,non_existent,non_existent,non_existent,
BP,Q,49,Low,small,4,b,137.62,33.62,megachile,non_existent,non_existent,non_existent,non_existent,non_existent,non_existent,non_existent,non_existent,non_existent,non_existent,non_existent,non_existent,non_existent,non_existent,non_existent,non_existent,non_existent,non_existent,non_existent,non_existent,non_existent,non_existent,non_existent,non_existent,non_existent,non_existent,non_existent,non_existent,non_existent,non_existent,non_existent,non_existent,non_existent,non_existent,no_visit,non_existent,non_existent,no_visit,no_visit,non_existent,non_existent,non_existent,non_existent,non_existent,non_existent,empty,1 cell ,1 cell ,no change,1 cell ,no change,non_existent,
BP,Q,49,Low,small,4,c,144.4,0,resin bee,non_existent,non_existent,non_existent,non_existent,non_existent,non_existent,non_existent,non_existent,non_existent,non_existent,non_existent,non_existent,non_existent,non_existent,non_existent,non_existent,non_existent,non_existent,non_existent,non_existent,non_existent,non_existent,non_existent,non_existent,non_existent,non_existent,non_existent,non_existent,non_existent,non_existent,non_existent,non_existent,non_existent,non_existent,no_visit,non_existent,non_existent,no_visit,no_visit,non_existent,non_existent,non_existent,non_existent,non_existent,non_existent,non_existent,non_existent,non_existent,non_existent,non_existent,non_existent,end cap,
BP,Q,49,Low,medium,8,a,NA,NA,wasp ,non_existent,non_existent,non_existent,non_existent,non_existent,non_existent,non_existent,non_existent,non_existent,non_existent,non_existent,non_existent,non_existent,non_existent,non_existent,non_existent,non_existent,non_existent,non_existent,non_existent,non_existent,non_existent,non_existent,non_existent,non_existent,non_existent,non_existent,non_existent,non_existent,non_existent,non_existent,non_existent,non_existent,non_existent,no_visit,empty,empty,no_visit,no_visit,non-target cells ,non-target nest completed ,non_existent,non_existent,non_existent,non_existent,non_existent,non_existent,non_existent,non_existent,non_existent,non_existent,non_existent,
BP,Q,49,Low,medium,8,b,NA,NA,wasp,non_existent,non_existent,non_existent,non_existent,non_existent,non_existent,non_existent,non_existent,non_existent,non_existent,non_existent,non_existent,non_existent,non_existent,non_existent,non_existent,non_existent,non_existent,non_existent,non_existent,non_existent,non_existent,non_existent,non_existent,non_existent,non_existent,non_existent,non_existent,non_existent,non_existent,non_existent,non_existent,non_existent,non_existent,no_visit,non_existent,non_existent,no_visit,no_visit,non_existent,non_existent,empty,empty,empty,non-target cells ,no change,non-target cells,no change,no change,non-target cells ,no change,non-target cells ,
BP,Q,49,Low,large,9,a,NA,NA,wasp,non_existent,non_existent,non_existent,non_existent,non_existent,non_existent,non_existent,non_existent,non_existent,non_existent,non_existent,non_existent,non_existent,non_existent,non_existent,non_existent,non_existent,non_existent,non_existent,non_existent,non_existent,non_existent,non_existent,non_existent,non_existent,non_existent,non_existent,non_existent,non_existent,non_existent,non_existent,non_existent,non_existent,non_existent,no_visit,non-target cells ,no change,no_visit,no_visit,non-target nest completed ,non_existent,non_existent,non_existent,non_existent,non_existent,non_existent,non_existent,non_existent,non_existent,non_existent,non_existent,non_existent,
BP,Q,49,Low,large,9,b,NA,NA,NA,non_existent,non_existent,non_existent,non_existent,non_existent,non_existent,non_existent,non_existent,non_existent,non_existent,non_existent,non_existent,non_existent,non_existent,non_existent,non_existent,non_existent,non_existent,non_existent,non_existent,non_existent,non_existent,non_existent,non_existent,non_existent,non_existent,non_existent,non_existent,non_existent,non_existent,non_existent,non_existent,non_existent,non_existent,no_visit,non_existent,non_existent,no_visit,no_visit,non_existent,empty,empty,empty,empty,empty,empty,empty,empty,empty,empty,empty,empty,
BP,Q,50,Mid,large,1,a,NA,NA,NA,non_existent,non_existent,non_existent,non_existent,non_existent,non_existent,non_existent,non_existent,non_existent,non_existent,non_existent,non_existent,non_existent,non_existent,non_existent,non_existent,non_existent,non_existent,non_existent,non_existent,non_existent,non_existent,non_existent,non_existent,non_existent,non_existent,non_existent,non_existent,non_existent,non_existent,non_existent,non_existent,non_existent,non_existent,no_visit,pseudo,pseudo,no_visit,no_visit,pseudo,pseudo,pseudo,pseudo,pseudo,pseudo,pseudo,pseudo,pseudo,pseudo,pseudo,pseudo,pseudo,
BP,Q,50,Mid,small,2,a,NA,NA,NA,non_existent,non_existent,non_existent,non_existent,non_existent,non_existent,non_existent,non_existent,non_existent,non_existent,non_existent,non_existent,non_existent,non_existent,non_existent,non_existent,non_existent,non_existent,non_existent,non_existent,non_existent,non_existent,non_existent,non_existent,non_existent,non_existent,non_existent,non_existent,non_existent,non_existent,non_existent,non_existent,non_existent,non_existent,no_visit,pseudo,pseudo,no_visit,no_visit,non_existent,non_existent,non_existent,non_existent,non_existent,non_existent,non_existent,non_existent,non_existent,non_existent,non_existent,non_existent,non_existent,removed because NT occupancy in other small cavity 
BP,Q,50,Mid,small,2,b,NA,NA,wasp ,non_existent,non_existent,non_existent,non_existent,non_existent,non_existent,non_existent,non_existent,non_existent,non_existent,non_existent,non_existent,non_existent,non_existent,non_existent,non_existent,non_existent,non_existent,non_existent,non_existent,non_existent,non_existent,non_existent,non_existent,non_existent,non_existent,non_existent,non_existent,non_existent,non_existent,non_existent,non_existent,non_existent,non_existent,no_visit,non_existent,non_existent,no_visit,no_visit,empty,empty,non-target inner wall ,non-target nest completed ,non_existent,non_existent,non_existent,non_existent,non_existent,non_existent,non_existent,non_existent,non_existent,
BP,Q,50,Mid,small,2,c,NA,NA,NA,non_existent,non_existent,non_existent,non_existent,non_existent,non_existent,non_existent,non_existent,non_existent,non_existent,non_existent,non_existent,non_existent,non_existent,non_existent,non_existent,non_existent,non_existent,non_existent,non_existent,non_existent,non_existent,non_existent,non_existent,non_existent,non_existent,non_existent,non_existent,non_existent,non_existent,non_existent,non_existent,non_existent,non_existent,no_visit,non_existent,non_existent,no_visit,no_visit,non_existent,non_existent,non_existent,non_existent,empty,empty,empty,empty,empty,empty,empty,empty,empty,
BP,Q,50,Mid,medium ,3,a,NA,NA,wasp,non_existent,non_existent,non_existent,non_existent,non_existent,non_existent,non_existent,non_existent,non_existent,non_existent,non_existent,non_existent,non_existent,non_existent,non_existent,non_existent,non_existent,non_existent,non_existent,non_existent,non_existent,non_existent,non_existent,non_existent,non_existent,non_existent,non_existent,non_existent,non_existent,non_existent,non_existent,non_existent,non_existent,non_existent,no_visit,empty,empty,no_visit,no_visit,non-target cells ,no change,no change,non-target nest completed ,non_existent,non_existent,non_existent,non_existent,non_existent,non_existent,non_existent,non_existent,non_existent,
BP,Q,50,Mid,medium ,3,b,NA,NA,NA,non_existent,non_existent,non_existent,non_existent,non_existent,non_existent,non_existent,non_existent,non_existent,non_existent,non_existent,non_existent,non_existent,non_existent,non_existent,non_existent,non_existent,non_existent,non_existent,non_existent,non_existent,non_existent,non_existent,non_existent,non_existent,non_existent,non_existent,non_existent,non_existent,non_existent,non_existent,non_existent,non_existent,non_existent,no_visit,non_existent,non_existent,no_visit,no_visit,non_existent,non_existent,non_existent,non_existent,empty,empty,empty,empty,empty,empty,empty,empty,empty,
BP,Q,50,Mid,large,4,a,NA,NA,wasp ,non_existent,non_existent,non_existent,non_existent,non_existent,non_existent,non_existent,non_existent,non_existent,non_existent,non_existent,non_existent,non_existent,non_existent,non_existent,non_existent,non_existent,non_existent,non_existent,non_existent,non_existent,non_existent,non_existent,non_existent,non_existent,non_existent,non_existent,non_existent,non_existent,non_existent,non_existent,non_existent,non_existent,non_existent,no_visit,empty,non-target cells ,no_visit,no_visit,non-target nest completed ,non_existent,non_existent,non_existent,non_existent,non_existent,non_existent,non_existent,non_existent,non_existent,non_existent,non_existent,non_existent,
BP,Q,50,Mid,large,4,b,NA,NA,NA,non_existent,non_existent,non_existent,non_existent,non_existent,non_existent,non_existent,non_existent,non_existent,non_existent,non_existent,non_existent,non_existent,non_existent,non_existent,non_existent,non_existent,non_existent,non_existent,non_existent,non_existent,non_existent,non_existent,non_existent,non_existent,non_existent,non_existent,non_existent,non_existent,non_existent,non_existent,non_existent,non_existent,non_existent,no_visit,non_existent,non_existent,no_visit,no_visit,non_existent,empty,empty,empty,empty,empty,empty,empty,empty,empty,empty,empty,empty,
BP,Q,50,Mid,medium ,5,a,NA,NA,NA,non_existent,non_existent,non_existent,non_existent,non_existent,non_existent,non_existent,non_existent,non_existent,non_existent,non_existent,non_existent,non_existent,non_existent,non_existent,non_existent,non_existent,non_existent,non_existent,non_existent,non_existent,non_existent,non_existent,non_existent,non_existent,non_existent,non_existent,non_existent,non_existent,non_existent,non_existent,non_existent,non_existent,non_existent,no_visit,pseudo,pseudo,no_visit,no_visit,pseudo,pseudo,pseudo,pseudo,pseudo,pseudo,pseudo,pseudo,pseudo,pseudo,pseudo,pseudo,pseudo,
BP,Q,50,Mid,medium ,6,a,NA,NA,wasp ,non_existent,non_existent,non_existent,non_existent,non_existent,non_existent,non_existent,non_existent,non_existent,non_existent,non_existent,non_existent,non_existent,non_existent,non_existent,non_existent,non_existent,non_existent,non_existent,non_existent,non_existent,non_existent,non_existent,non_existent,non_existent,non_existent,non_existent,non_existent,non_existent,non_existent,non_existent,non_existent,non_existent,non_existent,no_visit,empty,empty,no_visit,no_visit,empty,non-target cells ,non-target nest completed ,non_existent,non_existent,non_existent,non_existent,non_existent,non_existent,non_existent,non_existent,non_existent,non_existent,
BP,Q,50,Mid,medium ,6,b,NA,NA,NA,non_existent,non_existent,non_existent,non_existent,non_existent,non_existent,non_existent,non_existent,non_existent,non_existent,non_existent,non_existent,non_existent,non_existent,non_existent,non_existent,non_existent,non_existent,non_existent,non_existent,non_existent,non_existent,non_existent,non_existent,non_existent,non_existent,non_existent,non_existent,non_existent,non_existent,non_existent,non_existent,non_existent,non_existent,no_visit,non_existent,non_existent,no_visit,no_visit,non_existent,non_existent,non_existent,empty,empty,empty,empty,empty,empty,empty,empty,empty,empty,
BP,Q,50,Mid,large,7,a,NA,NA,NA,non_existent,non_existent,non_existent,non_existent,non_existent,non_existent,non_existent,non_existent,non_existent,non_existent,non_existent,non_existent,non_existent,non_existent,non_existent,non_existent,non_existent,non_existent,non_existent,non_existent,non_existent,non_existent,non_existent,non_existent,non_existent,non_existent,non_existent,non_existent,non_existent,non_existent,non_existent,non_existent,non_existent,non_existent,no_visit,pseudo,pseudo,no_visit,no_visit,pseudo,pseudo,pseudo,pseudo,pseudo,pseudo,pseudo,pseudo,pseudo,pseudo,pseudo,pseudo,pseudo,
BP,Q,50,Mid,medium ,8,a,NA,NA,wasp,non_existent,non_existent,non_existent,non_existent,non_existent,non_existent,non_existent,non_existent,non_existent,non_existent,non_existent,non_existent,non_existent,non_existent,non_existent,non_existent,non_existent,non_existent,non_existent,non_existent,non_existent,non_existent,non_existent,non_existent,non_existent,non_existent,non_existent,non_existent,non_existent,non_existent,non_existent,non_existent,non_existent,non_existent,no_visit,empty,empty,no_visit,no_visit,empty,non-target nest completed ,non_existent,non_existent,non_existent,non_existent,non_existent,non_existent,non_existent,non_existent,non_existent,non_existent,non_existent,
BP,Q,50,Mid,medium ,8,b,NA,NA,wasp,non_existent,non_existent,non_existent,non_existent,non_existent,non_existent,non_existent,non_existent,non_existent,non_existent,non_existent,non_existent,non_existent,non_existent,non_existent,non_existent,non_existent,non_existent,non_existent,non_existent,non_existent,non_existent,non_existent,non_existent,non_existent,non_existent,non_existent,non_existent,non_existent,non_existent,non_existent,non_existent,non_existent,non_existent,no_visit,non_existent,non_existent,no_visit,no_visit,non_existent,non_existent,empty,empty,empty,empty,non-target inner wall ,no change,no change,no change,no change ,non_existent,non_existent,
BP,Q,50,Mid,medium ,8,c,NA,NA,NA,non_existent,non_existent,non_existent,non_existent,non_existent,non_existent,non_existent,non_existent,non_existent,non_existent,non_existent,non_existent,non_existent,non_existent,non_existent,non_existent,non_existent,non_existent,non_existent,non_existent,non_existent,non_existent,non_existent,non_existent,non_existent,non_existent,non_existent,non_existent,non_existent,non_existent,non_existent,non_existent,non_existent,non_existent,no_visit,non_existent,non_existent,no_visit,no_visit,non_existent,non_existent,non_existent,non_existent,non_existent,non_existent,non_existent,non_existent,non_existent,non_existent,non_existent,empty,empty,
BP,Q,50,Mid,medium ,9,a,NA,NA,NA,non_existent,non_existent,non_existent,non_existent,non_existent,non_existent,non_existent,non_existent,non_existent,non_existent,non_existent,non_existent,non_existent,non_existent,non_existent,non_existent,non_existent,non_existent,non_existent,non_existent,non_existent,non_existent,non_existent,non_existent,non_existent,non_existent,non_existent,non_existent,non_existent,non_existent,non_existent,non_existent,non_existent,non_existent,no_visit,pseudo,pseudo,no_visit,no_visit,pseudo,pseudo,pseudo,pseudo,pseudo,pseudo,pseudo,pseudo,pseudo,pseudo,pseudo,pseudo,pseudo,
BP,Q,50,Mid,medium ,10,a,145.01,14.56,megachile,non_existent,non_existent,non_existent,non_existent,non_existent,non_existent,non_existent,non_existent,non_existent,non_existent,non_existent,non_existent,non_existent,non_existent,non_existent,non_existent,non_existent,non_existent,non_existent,non_existent,non_existent,non_existent,non_existent,non_existent,non_existent,non_existent,non_existent,non_existent,non_existent,non_existent,non_existent,non_existent,non_existent,non_existent,no_visit,empty,1 cell ,no_visit,no_visit,no change,no change,no change,no change,no change,no change,no change,no change,no change,no change,no change,no change,no change,
BP,Q,50,Mid,small,12,a,143.4,15,osmia ,non_existent,non_existent,non_existent,non_existent,non_existent,non_existent,non_existent,non_existent,non_existent,non_existent,non_existent,non_existent,non_existent,non_existent,non_existent,non_existent,non_existent,non_existent,non_existent,non_existent,non_existent,non_existent,non_existent,non_existent,non_existent,non_existent,non_existent,non_existent,non_existent,non_existent,non_existent,non_existent,non_existent,non_existent,no_visit,empty,1 cell ,no_visit,no_visit,no change,no change,non_existent,non_existent,non_existent,non_existent,non_existent,non_existent,non_existent,non_existent,non_existent,non_existent,non_existent,
BP,Q,50,Mid,small,12,b,NA,NA,NA,non_existent,non_existent,non_existent,non_existent,non_existent,non_existent,non_existent,non_existent,non_existent,non_existent,non_existent,non_existent,non_existent,non_existent,non_existent,non_existent,non_existent,non_existent,non_existent,non_existent,non_existent,non_existent,non_existent,non_existent,non_existent,non_existent,non_existent,non_existent,non_existent,non_existent,non_existent,non_existent,non_existent,non_existent,no_visit,non_existent,non_existent,no_visit,no_visit,non_existent,non_existent,empty,non_existent,non_existent,non_existent,non_existent,non_existent,non_existent,non_existent,non_existent,non_existent,non_existent,
BP,Q,50,Mid,small,12,c,NA,NA,NA,non_existent,non_existent,non_existent,non_existent,non_existent,non_existent,non_existent,non_existent,non_existent,non_existent,non_existent,non_existent,non_existent,non_existent,non_existent,non_existent,non_existent,non_existent,non_existent,non_existent,non_existent,non_existent,non_existent,non_existent,non_existent,non_existent,non_existent,non_existent,non_existent,non_existent,non_existent,non_existent,non_existent,non_existent,no_visit,non_existent,non_existent,no_visit,no_visit,non_existent,non_existent,non_existent,pseudo,pseudo,pseudo,pseudo,pseudo,pseudo,pseudo,pseudo,pseudo,pseudo,
BP,Q,50,Mid,medium ,14,a,NA,NA,NA,non_existent,non_existent,non_existent,non_existent,non_existent,non_existent,non_existent,non_existent,non_existent,non_existent,non_existent,non_existent,non_existent,non_existent,non_existent,non_existent,non_existent,non_existent,non_existent,non_existent,non_existent,non_existent,non_existent,non_existent,non_existent,non_existent,non_existent,non_existent,non_existent,non_existent,non_existent,non_existent,non_existent,non_existent,no_visit,pseudo,pseudo,no_visit,no_visit,pseudo,pseudo,pseudo,pseudo,pseudo,pseudo,pseudo,pseudo,pseudo,pseudo,pseudo,pseudo,pseudo,
BP,Q,50,Mid,large,15,a,NA,NA,wasp,non_existent,non_existent,non_existent,non_existent,non_existent,non_existent,non_existent,non_existent,non_existent,non_existent,non_existent,non_existent,non_existent,non_existent,non_existent,non_existent,non_existent,non_existent,non_existent,non_existent,non_existent,non_existent,non_existent,non_existent,non_existent,non_existent,non_existent,non_existent,non_existent,non_existent,non_existent,non_existent,non_existent,non_existent,no_visit,empty,empty,no_visit,no_visit,empty,non-target cells ,eaten,non_existent,non_existent,non_existent,non_existent,non_existent,non_existent,non_existent,non_existent,non_existent,non_existent,
BP,Q,50,Mid,large,15,b,NA,NA,wasp,non_existent,non_existent,non_existent,non_existent,non_existent,non_existent,non_existent,non_existent,non_existent,non_existent,non_existent,non_existent,non_existent,non_existent,non_existent,non_existent,non_existent,non_existent,non_existent,non_existent,non_existent,non_existent,non_existent,non_existent,non_existent,non_existent,non_existent,non_existent,non_existent,non_existent,non_existent,non_existent,non_existent,non_existent,no_visit,non_existent,non_existent,no_visit,no_visit,non_existent,non_existent,non_existent,empty,empty,non-target cells ,non-target nest completed ,non_existent,non_existent,non_existent,non_existent,non_existent,non_existent,
BP,Q,50,Mid,large,15,c,NA,NA,NA,non_existent,non_existent,non_existent,non_existent,non_existent,non_existent,non_existent,non_existent,non_existent,non_existent,non_existent,non_existent,non_existent,non_existent,non_existent,non_existent,non_existent,non_existent,non_existent,non_existent,non_existent,non_existent,non_existent,non_existent,non_existent,non_existent,non_existent,non_existent,non_existent,non_existent,non_existent,non_existent,non_existent,non_existent,no_visit,non_existent,non_existent,no_visit,no_visit,non_existent,non_existent,non_existent,non_existent,non_existent,non_existent,non_existent,empty,empty,empty,empty,empty,empty,
BP,Q,50,Mid,medium ,16,a,NA,NA,wasp,non_existent,non_existent,non_existent,non_existent,non_existent,non_existent,non_existent,non_existent,non_existent,non_existent,non_existent,non_existent,non_existent,non_existent,non_existent,non_existent,non_existent,non_existent,non_existent,non_existent,non_existent,non_existent,non_existent,non_existent,non_existent,non_existent,non_existent,non_existent,non_existent,non_existent,non_existent,non_existent,non_existent,non_existent,no_visit,empty,non-target cells ,no_visit,no_visit,non-target cells ,non-target nest completed ,non_existent,non_existent,non_existent,non_existent,non_existent,non_existent,non_existent,non_existent,non_existent,non_existent,non_existent,
BP,Q,50,Mid,medium ,16,b,NA,NA,wasp,non_existent,non_existent,non_existent,non_existent,non_existent,non_existent,non_existent,non_existent,non_existent,non_existent,non_existent,non_existent,non_existent,non_existent,non_existent,non_existent,non_existent,non_existent,non_existent,non_existent,non_existent,non_existent,non_existent,non_existent,non_existent,non_existent,non_existent,non_existent,non_existent,non_existent,non_existent,non_existent,non_existent,non_existent,no_visit,non_existent,non_existent,no_visit,no_visit,non_existent,non_existent,empty,empty,non-target nest completed ,non_existent,non_existent,non_existent,non_existent,non_existent,non_existent,non_existent,non_existent,
BP,Q,50,Mid,medium ,16,c,NA,NA,wasp,non_existent,non_existent,non_existent,non_existent,non_existent,non_existent,non_existent,non_existent,non_existent,non_existent,non_existent,non_existent,non_existent,non_existent,non_existent,non_existent,non_existent,non_existent,non_existent,non_existent,non_existent,non_existent,non_existent,non_existent,non_existent,non_existent,non_existent,non_existent,non_existent,non_existent,non_existent,non_existent,non_existent,non_existent,no_visit,non_existent,non_existent,no_visit,no_visit,non_existent,non_existent,non_existent,non_existent,non_existent,non-target nest completed ,non_existent,non_existent,non_existent,non_existent,non_existent,non_existent,non_existent,
BP,Q,50,Mid,medium ,16,d,NA,NA,wasp,non_existent,non_existent,non_existent,non_existent,non_existent,non_existent,non_existent,non_existent,non_existent,non_existent,non_existent,non_existent,non_existent,non_existent,non_existent,non_existent,non_existent,non_existent,non_existent,non_existent,non_existent,non_existent,non_existent,non_existent,non_existent,non_existent,non_existent,non_existent,non_existent,non_existent,non_existent,non_existent,non_existent,non_existent,no_visit,non_existent,non_existent,no_visit,no_visit,non_existent,non_existent,non_existent,non_existent,non_existent,non_existent,empty,non-target nest completed ,no change,no change,no change,non_existent,non_existent,
BP,Q,50,Mid,medium ,16,e,NA,NA,wasp,non_existent,non_existent,non_existent,non_existent,non_existent,non_existent,non_existent,non_existent,non_existent,non_existent,non_existent,non_existent,non_existent,non_existent,non_existent,non_existent,non_existent,non_existent,non_existent,non_existent,non_existent,non_existent,non_existent,non_existent,non_existent,non_existent,non_existent,non_existent,non_existent,non_existent,non_existent,non_existent,non_existent,non_existent,no_visit,non_existent,non_existent,no_visit,no_visit,non_existent,non_existent,non_existent,non_existent,non_existent,non_existent,non_existent,non_existent,non_existent,non_existent,non_existent,non-target cells ,no change,
BP,Q,50,Mid,large,17,a,NA,NA,wasp,non_existent,non_existent,non_existent,non_existent,non_existent,non_existent,non_existent,non_existent,non_existent,non_existent,non_existent,non_existent,non_existent,non_existent,non_existent,non_existent,non_existent,non_existent,non_existent,non_existent,non_existent,non_existent,non_existent,non_existent,non_existent,non_existent,non_existent,non_existent,non_existent,non_existent,non_existent,non_existent,non_existent,non_existent,no_visit,empty,empty,no_visit,no_visit,empty,empty,empty,empty,non-target cells ,non-target nest completed ,non_existent,non_existent,non_existent,non_existent,non_existent,non_existent,non_existent,
BP,Q,50,Mid,large,17,b,NA,NA,wasp,non_existent,non_existent,non_existent,non_existent,non_existent,non_existent,non_existent,non_existent,non_existent,non_existent,non_existent,non_existent,non_existent,non_existent,non_existent,non_existent,non_existent,non_existent,non_existent,non_existent,non_existent,non_existent,non_existent,non_existent,non_existent,non_existent,non_existent,non_existent,non_existent,non_existent,non_existent,non_existent,non_existent,non_existent,no_visit,non_existent,non_existent,no_visit,no_visit,non_existent,non_existent,non_existent,non_existent,non_existent,non_existent,empty,empty,empty,empty,non-target nest completed ,non_existent,non_existent,
BP,Q,50,Mid,large,17,c,NA,NA,NA,non_existent,non_existent,non_existent,non_existent,non_existent,non_existent,non_existent,non_existent,non_existent,non_existent,non_existent,non_existent,non_existent,non_existent,non_existent,non_existent,non_existent,non_existent,non_existent,non_existent,non_existent,non_existent,non_existent,non_existent,non_existent,non_existent,non_existent,non_existent,non_existent,non_existent,non_existent,non_existent,non_existent,non_existent,no_visit,non_existent,non_existent,no_visit,no_visit,non_existent,non_existent,non_existent,non_existent,non_existent,non_existent,non_existent,non_existent,non_existent,non_existent,non_existent,empty,empty,
BP,Q,50,Mid,medium ,18,a,NA,NA,wasp,non_existent,non_existent,non_existent,non_existent,non_existent,non_existent,non_existent,non_existent,non_existent,non_existent,non_existent,non_existent,non_existent,non_existent,non_existent,non_existent,non_existent,non_existent,non_existent,non_existent,non_existent,non_existent,non_existent,non_existent,non_existent,non_existent,non_existent,non_existent,non_existent,non_existent,non_existent,non_existent,non_existent,non_existent,no_visit,empty,empty,no_visit,no_visit,non-target nest completed ,non_existent,non_existent,non_existent,non_existent,non_existent,non_existent,non_existent,non_existent,non_existent,non_existent,non_existent,non_existent,
BP,Q,50,Mid,medium ,18,b,NA,NA,wasp,non_existent,non_existent,non_existent,non_existent,non_existent,non_existent,non_existent,non_existent,non_existent,non_existent,non_existent,non_existent,non_existent,non_existent,non_existent,non_existent,non_existent,non_existent,non_existent,non_existent,non_existent,non_existent,non_existent,non_existent,non_existent,non_existent,non_existent,non_existent,non_existent,non_existent,non_existent,non_existent,non_existent,non_existent,no_visit,non_existent,non_existent,no_visit,no_visit,non_existent,non-target nest completed ,non_existent,non_existent,non_existent,non_existent,non_existent,non_existent,non_existent,non_existent,non_existent,non_existent,non_existent,
BP,Q,50,Mid,medium ,18,c,NA,NA,wasp,non_existent,non_existent,non_existent,non_existent,non_existent,non_existent,non_existent,non_existent,non_existent,non_existent,non_existent,non_existent,non_existent,non_existent,non_existent,non_existent,non_existent,non_existent,non_existent,non_existent,non_existent,non_existent,non_existent,non_existent,non_existent,non_existent,non_existent,non_existent,non_existent,non_existent,non_existent,non_existent,non_existent,non_existent,no_visit,non_existent,non_existent,no_visit,no_visit,non_existent,non_existent,empty,non-target nest completed ,no change,no change,non_existent,non_existent,non_existent,non_existent,non_existent,non_existent,non_existent,
BP,Q,50,Mid,medium ,18,d,NA,NA,wasp,non_existent,non_existent,non_existent,non_existent,non_existent,non_existent,non_existent,non_existent,non_existent,non_existent,non_existent,non_existent,non_existent,non_existent,non_existent,non_existent,non_existent,non_existent,non_existent,non_existent,non_existent,non_existent,non_existent,non_existent,non_existent,non_existent,non_existent,non_existent,non_existent,non_existent,non_existent,non_existent,non_existent,non_existent,no_visit,non_existent,non_existent,no_visit,no_visit,non_existent,non_existent,non_existent,non_existent,non_existent,non_existent,non-target cells ,non-target nest completed ,non_existent,non_existent,non_existent,non_existent,non_existent,
BP,Q,50,Mid,medium ,18,e,NA,NA,wasp,non_existent,non_existent,non_existent,non_existent,non_existent,non_existent,non_existent,non_existent,non_existent,non_existent,non_existent,non_existent,non_existent,non_existent,non_existent,non_existent,non_existent,non_existent,non_existent,non_existent,non_existent,non_existent,non_existent,non_existent,non_existent,non_existent,non_existent,non_existent,non_existent,non_existent,non_existent,non_existent,non_existent,non_existent,no_visit,non_existent,non_existent,no_visit,no_visit,non_existent,non_existent,non_existent,non_existent,non_existent,non_existent,non_existent,non_existent,non-target cells ,no change,eaten,non_existent,non_existent,
BP,Q,50,Mid,medium ,18,f,NA,NA,NA,non_existent,non_existent,non_existent,non_existent,non_existent,non_existent,non_existent,non_existent,non_existent,non_existent,non_existent,non_existent,non_existent,non_existent,non_existent,non_existent,non_existent,non_existent,non_existent,non_existent,non_existent,non_existent,non_existent,non_existent,non_existent,non_existent,non_existent,non_existent,non_existent,non_existent,non_existent,non_existent,non_existent,non_existent,no_visit,non_existent,non_existent,no_visit,no_visit,non_existent,non_existent,non_existent,non_existent,non_existent,non_existent,non_existent,non_existent,non_existent,non_existent,non_existent,empty,empty,
BP,Q,51,High,large,1,a,NA,NA,NA,non_existent,non_existent,non_existent,non_existent,non_existent,non_existent,non_existent,non_existent,non_existent,non_existent,non_existent,non_existent,non_existent,non_existent,non_existent,non_existent,non_existent,non_existent,non_existent,non_existent,non_existent,non_existent,non_existent,non_existent,non_existent,non_existent,non_existent,non_existent,non_existent,non_existent,non_existent,non_existent,non_existent,non_existent,no_visit,pseudo,pseudo,no_visit,no_visit,pseudo,pseudo,pseudo,pseudo,pseudo,pseudo,pseudo,pseudo,pseudo,pseudo,pseudo,pseudo,pseudo,
BP,Q,51,High,medium,2,a,NA,NA,NA,non_existent,non_existent,non_existent,non_existent,non_existent,non_existent,non_existent,non_existent,non_existent,non_existent,non_existent,non_existent,non_existent,non_existent,non_existent,non_existent,non_existent,non_existent,non_existent,non_existent,non_existent,non_existent,non_existent,non_existent,non_existent,non_existent,non_existent,non_existent,non_existent,non_existent,non_existent,non_existent,non_existent,non_existent,no_visit,pseudo,pseudo,no_visit,no_visit,pseudo,pseudo,pseudo,pseudo,pseudo,pseudo,pseudo,pseudo,pseudo,pseudo,pseudo,pseudo,pseudo,
BP,Q,51,High,medium ,3,a,NA,NA,wasp,non_existent,non_existent,non_existent,non_existent,non_existent,non_existent,non_existent,non_existent,non_existent,non_existent,non_existent,non_existent,non_existent,non_existent,non_existent,non_existent,non_existent,non_existent,non_existent,non_existent,non_existent,non_existent,non_existent,non_existent,non_existent,non_existent,non_existent,non_existent,non_existent,non_existent,non_existent,non_existent,non_existent,non_existent,no_visit,empty,empty,no_visit,no_visit,empty,empty,non-target cells ,non-target nest completed ,non_existent,non_existent,non_existent,non_existent,non_existent,non_existent,non_existent,non_existent,non_existent,
BP,Q,51,High,medium ,3,b,NA,NA,wasp,non_existent,non_existent,non_existent,non_existent,non_existent,non_existent,non_existent,non_existent,non_existent,non_existent,non_existent,non_existent,non_existent,non_existent,non_existent,non_existent,non_existent,non_existent,non_existent,non_existent,non_existent,non_existent,non_existent,non_existent,non_existent,non_existent,non_existent,non_existent,non_existent,non_existent,non_existent,non_existent,non_existent,non_existent,no_visit,non_existent,non_existent,no_visit,no_visit,non_existent,non_existent,non_existent,non_existent,non-target inner wall ,no change,no change,non_existent,non_existent,non_existent,non_existent,non_existent,non_existent,
BP,Q,51,High,medium ,3,c,NA,NA,NA,non_existent,non_existent,non_existent,non_existent,non_existent,non_existent,non_existent,non_existent,non_existent,non_existent,non_existent,non_existent,non_existent,non_existent,non_existent,non_existent,non_existent,non_existent,non_existent,non_existent,non_existent,non_existent,non_existent,non_existent,non_existent,non_existent,non_existent,non_existent,non_existent,non_existent,non_existent,non_existent,non_existent,non_existent,no_visit,non_existent,non_existent,no_visit,no_visit,non_existent,non_existent,non_existent,non_existent,non_existent,non_existent,non_existent,empty,empty,empty,empty,empty,empty,
BP,Q,51,High,small,4,a,130.28,13.86,osmia,non_existent,non_existent,non_existent,non_existent,non_existent,non_existent,non_existent,non_existent,non_existent,non_existent,non_existent,non_existent,non_existent,non_existent,non_existent,non_existent,non_existent,non_existent,non_existent,non_existent,non_existent,non_existent,non_existent,non_existent,non_existent,non_existent,non_existent,non_existent,non_existent,non_existent,non_existent,non_existent,non_existent,non_existent,no_visit,empty,1 cell ,no_visit,no_visit,no change,no change,non_existent,non_existent,non_existent,non_existent,non_existent,non_existent,non_existent,non_existent,non_existent,non_existent,non_existent,
BP,Q,51,High,small,4,b,NA,NA,wasp,non_existent,non_existent,non_existent,non_existent,non_existent,non_existent,non_existent,non_existent,non_existent,non_existent,non_existent,non_existent,non_existent,non_existent,non_existent,non_existent,non_existent,non_existent,non_existent,non_existent,non_existent,non_existent,non_existent,non_existent,non_existent,non_existent,non_existent,non_existent,non_existent,non_existent,non_existent,non_existent,non_existent,non_existent,no_visit,non_existent,non_existent,no_visit,no_visit,non_existent,non_existent,empty,empty,non-target nest completed ,non_existent,non_existent,non_existent,non_existent,non_existent,non_existent,non_existent,non_existent,
BP,Q,51,High,small,4,c,NA,NA,wasp,non_existent,non_existent,non_existent,non_existent,non_existent,non_existent,non_existent,non_existent,non_existent,non_existent,non_existent,non_existent,non_existent,non_existent,non_existent,non_existent,non_existent,non_existent,non_existent,non_existent,non_existent,non_existent,non_existent,non_existent,non_existent,non_existent,non_existent,non_existent,non_existent,non_existent,non_existent,non_existent,non_existent,non_existent,no_visit,non_existent,non_existent,no_visit,no_visit,non_existent,non_existent,non_existent,non_existent,non_existent,non-target cells ,non-target cells ,no change,no change,no change,no change,non-target cells ,no change,
BP,Q,51,High,large,5,a,NA,NA,NA,non_existent,non_existent,non_existent,non_existent,non_existent,non_existent,non_existent,non_existent,non_existent,non_existent,non_existent,non_existent,non_existent,non_existent,non_existent,non_existent,non_existent,non_existent,non_existent,non_existent,non_existent,non_existent,non_existent,non_existent,non_existent,non_existent,non_existent,non_existent,non_existent,non_existent,non_existent,non_existent,non_existent,non_existent,no_visit,pseudo,pseudo,no_visit,no_visit,pseudo,pseudo,pseudo,pseudo,pseudo,pseudo,pseudo,pseudo,pseudo,pseudo,pseudo,pseudo,pseudo,
BP,Q,51,High,medium ,8,a,NA,NA,NA,non_existent,non_existent,non_existent,non_existent,non_existent,non_existent,non_existent,non_existent,non_existent,non_existent,non_existent,non_existent,non_existent,non_existent,non_existent,non_existent,non_existent,non_existent,non_existent,non_existent,non_existent,non_existent,non_existent,non_existent,non_existent,non_existent,non_existent,non_existent,non_existent,non_existent,non_existent,non_existent,non_existent,non_existent,no_visit,pseudo,pseudo,no_visit,no_visit,pseudo,pseudo,pseudo,pseudo,pseudo,pseudo,pseudo,pseudo,pseudo,pseudo,pseudo,pseudo,pseudo,
BP,Q,51,High,medium ,10,a,NA,NA,NA,non_existent,non_existent,non_existent,non_existent,non_existent,non_existent,non_existent,non_existent,non_existent,non_existent,non_existent,non_existent,non_existent,non_existent,non_existent,non_existent,non_existent,non_existent,non_existent,non_existent,non_existent,non_existent,non_existent,non_existent,non_existent,non_existent,non_existent,non_existent,non_existent,non_existent,non_existent,non_existent,non_existent,non_existent,no_visit,pseudo,pseudo,no_visit,no_visit,pseudo,pseudo,pseudo,pseudo,pseudo,pseudo,pseudo,pseudo,pseudo,pseudo,pseudo,pseudo,pseudo,
BP,Q,51,High,large,12,a,NA,NA,NA,non_existent,non_existent,non_existent,non_existent,non_existent,non_existent,non_existent,non_existent,non_existent,non_existent,non_existent,non_existent,non_existent,non_existent,non_existent,non_existent,non_existent,non_existent,non_existent,non_existent,non_existent,non_existent,non_existent,non_existent,non_existent,non_existent,non_existent,non_existent,non_existent,non_existent,non_existent,non_existent,non_existent,non_existent,no_visit,pseudo,pseudo,no_visit,no_visit,pseudo,pseudo,pseudo,pseudo,pseudo,pseudo,pseudo,pseudo,pseudo,pseudo,pseudo,pseudo,pseudo,
BP,Q,51,High,large,13,a,NA,NA,NA,non_existent,non_existent,non_existent,non_existent,non_existent,non_existent,non_existent,non_existent,non_existent,non_existent,non_existent,non_existent,non_existent,non_existent,non_existent,non_existent,non_existent,non_existent,non_existent,non_existent,non_existent,non_existent,non_existent,non_existent,non_existent,non_existent,non_existent,non_existent,non_existent,non_existent,non_existent,non_existent,non_existent,non_existent,no_visit,pseudo,pseudo,no_visit,no_visit,pseudo,pseudo,pseudo,pseudo,pseudo,pseudo,pseudo,pseudo,pseudo,pseudo,pseudo,pseudo,pseudo,
BP,Q,51,High,medium ,14,a,NA,NA,NA,non_existent,non_existent,non_existent,non_existent,non_existent,non_existent,non_existent,non_existent,non_existent,non_existent,non_existent,non_existent,non_existent,non_existent,non_existent,non_existent,non_existent,non_existent,non_existent,non_existent,non_existent,non_existent,non_existent,non_existent,non_existent,non_existent,non_existent,non_existent,non_existent,non_existent,non_existent,non_existent,non_existent,non_existent,no_visit,pseudo,pseudo,no_visit,no_visit,pseudo,pseudo,pseudo,pseudo,pseudo,pseudo,pseudo,pseudo,pseudo,pseudo,pseudo,pseudo,pseudo,
BP,Q,51,High,large,15,a,NA,NA,NA,non_existent,non_existent,non_existent,non_existent,non_existent,non_existent,non_existent,non_existent,non_existent,non_existent,non_existent,non_existent,non_existent,non_existent,non_existent,non_existent,non_existent,non_existent,non_existent,non_existent,non_existent,non_existent,non_existent,non_existent,non_existent,non_existent,non_existent,non_existent,non_existent,non_existent,non_existent,non_existent,non_existent,non_existent,no_visit,pseudo,pseudo,no_visit,no_visit,pseudo,pseudo,pseudo,pseudo,pseudo,pseudo,pseudo,pseudo,pseudo,pseudo,pseudo,pseudo,pseudo,
BP,Q,51,High,medium ,16,a,NA,NA,NA,non_existent,non_existent,non_existent,non_existent,non_existent,non_existent,non_existent,non_existent,non_existent,non_existent,non_existent,non_existent,non_existent,non_existent,non_existent,non_existent,non_existent,non_existent,non_existent,non_existent,non_existent,non_existent,non_existent,non_existent,non_existent,non_existent,non_existent,non_existent,non_existent,non_existent,non_existent,non_existent,non_existent,non_existent,no_visit,pseudo,pseudo,no_visit,no_visit,pseudo,pseudo,pseudo,pseudo,pseudo,pseudo,pseudo,pseudo,pseudo,pseudo,pseudo,pseudo,pseudo,
BP,Q,51,High,small,17,a,NA,NA,NA,non_existent,non_existent,non_existent,non_existent,non_existent,non_existent,non_existent,non_existent,non_existent,non_existent,non_existent,non_existent,non_existent,non_existent,non_existent,non_existent,non_existent,non_existent,non_existent,non_existent,non_existent,non_existent,non_existent,non_existent,non_existent,non_existent,non_existent,non_existent,non_existent,non_existent,non_existent,non_existent,non_existent,non_existent,no_visit,pseudo,pseudo,no_visit,no_visit,pseudo,pseudo,pseudo,pseudo,pseudo,pseudo,pseudo,pseudo,pseudo,pseudo,pseudo,pseudo,pseudo,
BP,R,52,Low,large,10,a,NA,NA,wasp,non_existent,non_existent,non_existent,non_existent,non_existent,non_existent,non_existent,non_existent,non_existent,non_existent,non_existent,non_existent,non_existent,non_existent,non_existent,non_existent,non_existent,non_existent,non_existent,non_existent,non_existent,non_existent,non_existent,non_existent,non_existent,non_existent,non_existent,non_existent,non_existent,non_existent,non_existent,non_existent,non_existent,non_existent,no_visit,empty,non-target cells ,no_visit,no_visit,non-target cells ,no change,non-target nest completed ,non_existent,non_existent,non_existent,non_existent,non_existent,non_existent,non_existent,non_existent,non_existent,non_existent,
BP,R,52,Low,large,10,b,NA,NA,wasp,non_existent,non_existent,non_existent,non_existent,non_existent,non_existent,non_existent,non_existent,non_existent,non_existent,non_existent,non_existent,non_existent,non_existent,non_existent,non_existent,non_existent,non_existent,non_existent,non_existent,non_existent,non_existent,non_existent,non_existent,non_existent,non_existent,non_existent,non_existent,non_existent,non_existent,non_existent,non_existent,non_existent,non_existent,no_visit,non_existent,non_existent,no_visit,no_visit,non_existent,non_existent,non_existent,empty,non-target inner wall ,non-target cells ,eaten ,non_existent,non_existent,non_existent,non_existent,non_existent,non_existent,
BP,R,52,Low,large,10,c,NA,NA,NA,non_existent,non_existent,non_existent,non_existent,non_existent,non_existent,non_existent,non_existent,non_existent,non_existent,non_existent,non_existent,non_existent,non_existent,non_existent,non_existent,non_existent,non_existent,non_existent,non_existent,non_existent,non_existent,non_existent,non_existent,non_existent,non_existent,non_existent,non_existent,non_existent,non_existent,non_existent,non_existent,non_existent,non_existent,no_visit,non_existent,non_existent,no_visit,no_visit,non_existent,non_existent,non_existent,non_existent,non_existent,non_existent,non_existent,empty,empty,empty,empty,empty,empty,
BP,R,52,Low,medium,11,a,NA,NA,wasp,non_existent,non_existent,non_existent,non_existent,non_existent,non_existent,non_existent,non_existent,non_existent,non_existent,non_existent,non_existent,non_existent,non_existent,non_existent,non_existent,non_existent,non_existent,non_existent,non_existent,non_existent,non_existent,non_existent,non_existent,non_existent,non_existent,non_existent,non_existent,non_existent,non_existent,non_existent,non_existent,non_existent,non_existent,no_visit,empty,empty,no_visit,no_visit,non-target cells ,non-target cells ,non-target nest completed ,non_existent,non_existent,non_existent,non_existent,non_existent,non_existent,non_existent,non_existent,non_existent,non_existent,
BP,R,52,Low,medium,11,b,NA,NA,wasp,non_existent,non_existent,non_existent,non_existent,non_existent,non_existent,non_existent,non_existent,non_existent,non_existent,non_existent,non_existent,non_existent,non_existent,non_existent,non_existent,non_existent,non_existent,non_existent,non_existent,non_existent,non_existent,non_existent,non_existent,non_existent,non_existent,non_existent,non_existent,non_existent,non_existent,non_existent,non_existent,non_existent,non_existent,no_visit,non_existent,non_existent,no_visit,no_visit,non_existent,non_existent,non_existent,non-target cells ,no change,non_existent,non_existent,non_existent,non_existent,non_existent,non_existent,non_existent,non_existent,
BP,R,52,Low,medium,11,c,NA,NA,NA,non_existent,non_existent,non_existent,non_existent,non_existent,non_existent,non_existent,non_existent,non_existent,non_existent,non_existent,non_existent,non_existent,non_existent,non_existent,non_existent,non_existent,non_existent,non_existent,non_existent,non_existent,non_existent,non_existent,non_existent,non_existent,non_existent,non_existent,non_existent,non_existent,non_existent,non_existent,non_existent,non_existent,non_existent,no_visit,non_existent,non_existent,no_visit,no_visit,non_existent,non_existent,non_existent,non_existent,non_existent,empty,empty,empty,empty,empty,empty,empty,empty,
BP,R,52,Low,medium,12,a,NA,NA,wasp,non_existent,non_existent,non_existent,non_existent,non_existent,non_existent,non_existent,non_existent,non_existent,non_existent,non_existent,non_existent,non_existent,non_existent,non_existent,non_existent,non_existent,non_existent,non_existent,non_existent,non_existent,non_existent,non_existent,non_existent,non_existent,non_existent,non_existent,non_existent,non_existent,non_existent,non_existent,non_existent,non_existent,non_existent,no_visit,empty,empty,no_visit,no_visit,empty,empty,empty,empty,empty,non-target cells ,non-target cells ,non-target cells ,no change,no change,non-target cells ,non-target cells ,no change,
BP,R,53,Mid,medium,2,a,NA,NA,wasp,non_existent,non_existent,non_existent,non_existent,non_existent,non_existent,non_existent,non_existent,non_existent,non_existent,non_existent,non_existent,non_existent,non_existent,non_existent,non_existent,non_existent,non_existent,non_existent,non_existent,non_existent,non_existent,non_existent,non_existent,non_existent,non_existent,non_existent,non_existent,non_existent,non_existent,non_existent,non_existent,non_existent,non_existent,no_visit,empty,non-target nest completed ,no_visit,no_visit,non_existent,non_existent,non_existent,non_existent,non_existent,non_existent,non_existent,non_existent,non_existent,non_existent,non_existent,non_existent,non_existent,
BP,R,53,Mid,medium,2,b,NA,NA,wasp,non_existent,non_existent,non_existent,non_existent,non_existent,non_existent,non_existent,non_existent,non_existent,non_existent,non_existent,non_existent,non_existent,non_existent,non_existent,non_existent,non_existent,non_existent,non_existent,non_existent,non_existent,non_existent,non_existent,non_existent,non_existent,non_existent,non_existent,non_existent,non_existent,non_existent,non_existent,non_existent,non_existent,non_existent,no_visit,non_existent,non_existent,no_visit,no_visit,non-target cells ,non-target cells ,non-target cells ,no change,non-target nest completed ,non_existent,non_existent,non_existent,non_existent,non_existent,non_existent,non_existent,non_existent,
BP,R,53,Mid,medium,2,c,NA,NA,NA,non_existent,non_existent,non_existent,non_existent,non_existent,non_existent,non_existent,non_existent,non_existent,non_existent,non_existent,non_existent,non_existent,non_existent,non_existent,non_existent,non_existent,non_existent,non_existent,non_existent,non_existent,non_existent,non_existent,non_existent,non_existent,non_existent,non_existent,non_existent,non_existent,non_existent,non_existent,non_existent,non_existent,non_existent,no_visit,non_existent,non_existent,no_visit,no_visit,non_existent,non_existent,non_existent,non_existent,non_existent,empty,empty,empty,empty,empty,empty,empty,empty,
BP,R,53,Mid,medium,3,a,NA,NA,wasp,non_existent,non_existent,non_existent,non_existent,non_existent,non_existent,non_existent,non_existent,non_existent,non_existent,non_existent,non_existent,non_existent,non_existent,non_existent,non_existent,non_existent,non_existent,non_existent,non_existent,non_existent,non_existent,non_existent,non_existent,non_existent,non_existent,non_existent,non_existent,non_existent,non_existent,non_existent,non_existent,non_existent,non_existent,no_visit,empty,empty,no_visit,no_visit,empty,empty,empty,empty,non-target cells ,no change,no change,non_existent,non_existent,non_existent,non_existent,non_existent,non_existent,
BP,R,53,Mid,medium,3,b,NA,NA,NA,non_existent,non_existent,non_existent,non_existent,non_existent,non_existent,non_existent,non_existent,non_existent,non_existent,non_existent,non_existent,non_existent,non_existent,non_existent,non_existent,non_existent,non_existent,non_existent,non_existent,non_existent,non_existent,non_existent,non_existent,non_existent,non_existent,non_existent,non_existent,non_existent,non_existent,non_existent,non_existent,non_existent,non_existent,no_visit,non_existent,non_existent,no_visit,no_visit,non_existent,non_existent,non_existent,non_existent,non_existent,non_existent,non_existent,empty,empty,empty,empty,empty,empty,
BP,R,53,Mid,small,4,a,NA,NA,wasp,non_existent,non_existent,non_existent,non_existent,non_existent,non_existent,non_existent,non_existent,non_existent,non_existent,non_existent,non_existent,non_existent,non_existent,non_existent,non_existent,non_existent,non_existent,non_existent,non_existent,non_existent,non_existent,non_existent,non_existent,non_existent,non_existent,non_existent,non_existent,non_existent,non_existent,non_existent,non_existent,non_existent,non_existent,no_visit,empty,non-target cells ,no_visit,no_visit,non-target nest completed ,non_existent,non_existent,non_existent,non_existent,non_existent,non_existent,non_existent,non_existent,non_existent,non_existent,non_existent,non_existent,
BP,R,53,Mid,small,4,b,147.7,57.49,heriades,non_existent,non_existent,non_existent,non_existent,non_existent,non_existent,non_existent,non_existent,non_existent,non_existent,non_existent,non_existent,non_existent,non_existent,non_existent,non_existent,non_existent,non_existent,non_existent,non_existent,non_existent,non_existent,non_existent,non_existent,non_existent,non_existent,non_existent,non_existent,non_existent,non_existent,non_existent,non_existent,non_existent,non_existent,no_visit,non_existent,non_existent,no_visit,no_visit,non_existent,empty,empty,inner wall ,1 cell,2 cells ,1 cell + end cap ,no change,no change,no change,no change,no change,no change,
BP,R,53,Mid,medium,5,a,NA,NA,wasp,non_existent,non_existent,non_existent,non_existent,non_existent,non_existent,non_existent,non_existent,non_existent,non_existent,non_existent,non_existent,non_existent,non_existent,non_existent,non_existent,non_existent,non_existent,non_existent,non_existent,non_existent,non_existent,non_existent,non_existent,non_existent,non_existent,non_existent,non_existent,non_existent,non_existent,non_existent,non_existent,non_existent,non_existent,no_visit,empty,empty,no_visit,no_visit,non-target nest completed ,non_existent,non_existent,non_existent,non_existent,non_existent,non_existent,non_existent,non_existent,non_existent,non_existent,non_existent,non_existent,
BP,R,53,Mid,medium,5,b,NA,NA,NA,non_existent,non_existent,non_existent,non_existent,non_existent,non_existent,non_existent,non_existent,non_existent,non_existent,non_existent,non_existent,non_existent,non_existent,non_existent,non_existent,non_existent,non_existent,non_existent,non_existent,non_existent,non_existent,non_existent,non_existent,non_existent,non_existent,non_existent,non_existent,non_existent,non_existent,non_existent,non_existent,non_existent,non_existent,no_visit,non_existent,non_existent,no_visit,no_visit,non_existent,empty,empty,empty,empty,empty,empty,empty,empty,empty,empty,empty,empty,
BP,R,53,Mid,large,9,a,NA,NA,NA,non_existent,non_existent,non_existent,non_existent,non_existent,non_existent,non_existent,non_existent,non_existent,non_existent,non_existent,non_existent,non_existent,non_existent,non_existent,non_existent,non_existent,non_existent,non_existent,non_existent,non_existent,non_existent,non_existent,non_existent,non_existent,non_existent,non_existent,non_existent,non_existent,non_existent,non_existent,non_existent,non_existent,non_existent,no_visit,pseudo,pseudo,no_visit,no_visit,pseudo,pseudo,pseudo,pseudo,pseudo,pseudo,pseudo,pseudo,pseudo,pseudo,pseudo,pseudo,pseudo,
BP,R,53,Mid,medium ,11,a,NA,NA,NA,non_existent,non_existent,non_existent,non_existent,non_existent,non_existent,non_existent,non_existent,non_existent,non_existent,non_existent,non_existent,non_existent,non_existent,non_existent,non_existent,non_existent,non_existent,non_existent,non_existent,non_existent,non_existent,non_existent,non_existent,non_existent,non_existent,non_existent,non_existent,non_existent,non_existent,non_existent,non_existent,non_existent,non_existent,no_visit,pseudo,pseudo,no_visit,no_visit,non_existent,non_existent,non_existent,non_existent,non_existent,non_existent,non_existent,non_existent,non_existent,non_existent,non_existent,non_existent,non_existent,removed because NT wasp in other small 
BP,R,53,Mid,medium ,11,b,NA,NA,NA,non_existent,non_existent,non_existent,non_existent,non_existent,non_existent,non_existent,non_existent,non_existent,non_existent,non_existent,non_existent,non_existent,non_existent,non_existent,non_existent,non_existent,non_existent,non_existent,non_existent,non_existent,non_existent,non_existent,non_existent,non_existent,non_existent,non_existent,non_existent,non_existent,non_existent,non_existent,non_existent,non_existent,non_existent,no_visit,non_existent,non_existent,no_visit,no_visit,non_existent,non_existent,non_existent,non_existent,non_existent,non_existent,non_existent,non_existent,non_existent,non_existent,non_existent,non_existent,non_existent,
BP,R,53,Mid,medium ,11,c,NA,NA,NA,non_existent,non_existent,non_existent,non_existent,non_existent,non_existent,non_existent,non_existent,non_existent,non_existent,non_existent,non_existent,non_existent,non_existent,non_existent,non_existent,non_existent,non_existent,non_existent,non_existent,non_existent,non_existent,non_existent,non_existent,non_existent,non_existent,non_existent,non_existent,non_existent,non_existent,non_existent,non_existent,non_existent,non_existent,no_visit,non_existent,non_existent,no_visit,no_visit,pseudo,pseudo,pseudo,pseudo,non_existent,non_existent,non_existent,non_existent,non_existent,non_existent,non_existent,non_existent,non_existent,removed because megachile in other small 
BP,R,53,Mid,medium ,11,d,NA,NA,wasp,non_existent,non_existent,non_existent,non_existent,non_existent,non_existent,non_existent,non_existent,non_existent,non_existent,non_existent,non_existent,non_existent,non_existent,non_existent,non_existent,non_existent,non_existent,non_existent,non_existent,non_existent,non_existent,non_existent,non_existent,non_existent,non_existent,non_existent,non_existent,non_existent,non_existent,non_existent,non_existent,non_existent,non_existent,no_visit,non_existent,non_existent,no_visit,no_visit,non_existent,non_existent,non_existent,non_existent,non-target nest completed ,non_existent,non_existent,non_existent,non_existent,non_existent,non_existent,non_existent,non_existent,
BP,R,53,Mid,medium ,11,e,144.56,6.14,resin bee,non_existent,non_existent,non_existent,non_existent,non_existent,non_existent,non_existent,non_existent,non_existent,non_existent,non_existent,non_existent,non_existent,non_existent,non_existent,non_existent,non_existent,non_existent,non_existent,non_existent,non_existent,non_existent,non_existent,non_existent,non_existent,non_existent,non_existent,non_existent,non_existent,non_existent,non_existent,non_existent,non_existent,non_existent,no_visit,non_existent,non_existent,no_visit,no_visit,non_existent,non_existent,non_existent,non_existent,non_existent,empty,empty,empty,empty,empty,empty,empty,1 cell  ,
BP,R,53,Mid,medium ,13,a,NA,NA,NA,non_existent,non_existent,non_existent,non_existent,non_existent,non_existent,non_existent,non_existent,non_existent,non_existent,non_existent,non_existent,non_existent,non_existent,non_existent,non_existent,non_existent,non_existent,non_existent,non_existent,non_existent,non_existent,non_existent,non_existent,non_existent,non_existent,non_existent,non_existent,non_existent,non_existent,non_existent,non_existent,non_existent,non_existent,no_visit,pseudo,pseudo,no_visit,no_visit,pseudo,pseudo,pseudo,pseudo,pseudo,pseudo,pseudo,pseudo,pseudo,pseudo,pseudo,pseudo,pseudo,
BP,R,53,Mid,medium ,14,a,NA,NA,NA,non_existent,non_existent,non_existent,non_existent,non_existent,non_existent,non_existent,non_existent,non_existent,non_existent,non_existent,non_existent,non_existent,non_existent,non_existent,non_existent,non_existent,non_existent,non_existent,non_existent,non_existent,non_existent,non_existent,non_existent,non_existent,non_existent,non_existent,non_existent,non_existent,non_existent,non_existent,non_existent,non_existent,non_existent,no_visit,pseudo,pseudo,no_visit,no_visit,pseudo,pseudo,pseudo,pseudo,pseudo,pseudo,pseudo,pseudo,pseudo,pseudo,pseudo,pseudo,pseudo,
BP,R,53,Mid,medium ,16,a,NA,NA,NA,non_existent,non_existent,non_existent,non_existent,non_existent,non_existent,non_existent,non_existent,non_existent,non_existent,non_existent,non_existent,non_existent,non_existent,non_existent,non_existent,non_existent,non_existent,non_existent,non_existent,non_existent,non_existent,non_existent,non_existent,non_existent,non_existent,non_existent,non_existent,non_existent,non_existent,non_existent,non_existent,non_existent,non_existent,no_visit,pseudo,pseudo,no_visit,no_visit,pseudo,pseudo,pseudo,pseudo,pseudo,pseudo,pseudo,pseudo,pseudo,pseudo,pseudo,pseudo,pseudo,
BP,R,53,Mid,large,18,a,NA,NA,NA,non_existent,non_existent,non_existent,non_existent,non_existent,non_existent,non_existent,non_existent,non_existent,non_existent,non_existent,non_existent,non_existent,non_existent,non_existent,non_existent,non_existent,non_existent,non_existent,non_existent,non_existent,non_existent,non_existent,non_existent,non_existent,non_existent,non_existent,non_existent,non_existent,non_existent,non_existent,non_existent,non_existent,non_existent,no_visit,pseudo,pseudo,no_visit,no_visit,pseudo,pseudo,pseudo,pseudo,pseudo,pseudo,pseudo,pseudo,pseudo,pseudo,pseudo,pseudo,pseudo,
BP,R,54,High,large,1,a,NA,NA,NA,non_existent,non_existent,non_existent,non_existent,non_existent,non_existent,non_existent,non_existent,non_existent,non_existent,non_existent,non_existent,non_existent,non_existent,non_existent,non_existent,non_existent,non_existent,non_existent,non_existent,non_existent,non_existent,non_existent,non_existent,non_existent,non_existent,non_existent,non_existent,non_existent,non_existent,non_existent,non_existent,non_existent,non_existent,no_visit,pseudo,pseudo,no_visit,no_visit,pseudo,pseudo,pseudo,pseudo,pseudo,pseudo,pseudo,pseudo,pseudo,pseudo,pseudo,pseudo,pseudo,
BP,R,54,High,medium ,3,a,NA,NA,NA,non_existent,non_existent,non_existent,non_existent,non_existent,non_existent,non_existent,non_existent,non_existent,non_existent,non_existent,non_existent,non_existent,non_existent,non_existent,non_existent,non_existent,non_existent,non_existent,non_existent,non_existent,non_existent,non_existent,non_existent,non_existent,non_existent,non_existent,non_existent,non_existent,non_existent,non_existent,non_existent,non_existent,non_existent,no_visit,pseudo,pseudo,no_visit,no_visit,pseudo,pseudo,pseudo,pseudo,pseudo,pseudo,pseudo,pseudo,pseudo,pseudo,pseudo,pseudo,pseudo,
BP,R,54,High,medium ,5,a,NA,NA,NA,non_existent,non_existent,non_existent,non_existent,non_existent,non_existent,non_existent,non_existent,non_existent,non_existent,non_existent,non_existent,non_existent,non_existent,non_existent,non_existent,non_existent,non_existent,non_existent,non_existent,non_existent,non_existent,non_existent,non_existent,non_existent,non_existent,non_existent,non_existent,non_existent,non_existent,non_existent,non_existent,non_existent,non_existent,no_visit,pseudo,pseudo,no_visit,no_visit,pseudo,pseudo,pseudo,pseudo,pseudo,pseudo,pseudo,pseudo,pseudo,pseudo,pseudo,pseudo,pseudo,
BP,R,54,High,large,6,a,NA,NA,NA,non_existent,non_existent,non_existent,non_existent,non_existent,non_existent,non_existent,non_existent,non_existent,non_existent,non_existent,non_existent,non_existent,non_existent,non_existent,non_existent,non_existent,non_existent,non_existent,non_existent,non_existent,non_existent,non_existent,non_existent,non_existent,non_existent,non_existent,non_existent,non_existent,non_existent,non_existent,non_existent,non_existent,non_existent,no_visit,pseudo,pseudo,no_visit,no_visit,pseudo,pseudo,pseudo,pseudo,pseudo,pseudo,pseudo,pseudo,pseudo,pseudo,pseudo,pseudo,pseudo,
BP,R,54,High,medium,11,a,NA,NA,NA,non_existent,non_existent,non_existent,non_existent,non_existent,non_existent,non_existent,non_existent,non_existent,non_existent,non_existent,non_existent,non_existent,non_existent,non_existent,non_existent,non_existent,non_existent,non_existent,non_existent,non_existent,non_existent,non_existent,non_existent,non_existent,non_existent,non_existent,non_existent,non_existent,non_existent,non_existent,non_existent,non_existent,non_existent,no_visit,pseudo,pseudo,no_visit,no_visit,pseudo,pseudo,pseudo,pseudo,pseudo,pseudo,pseudo,pseudo,pseudo,pseudo,pseudo,pseudo,pseudo,
BP,R,54,High,medium ,12,a,NA,NA,NA,non_existent,non_existent,non_existent,non_existent,non_existent,non_existent,non_existent,non_existent,non_existent,non_existent,non_existent,non_existent,non_existent,non_existent,non_existent,non_existent,non_existent,non_existent,non_existent,non_existent,non_existent,non_existent,non_existent,non_existent,non_existent,non_existent,non_existent,non_existent,non_existent,non_existent,non_existent,non_existent,non_existent,non_existent,no_visit,pseudo,pseudo,no_visit,no_visit,pseudo,pseudo,pseudo,pseudo,pseudo,pseudo,pseudo,pseudo,pseudo,pseudo,pseudo,pseudo,pseudo,
BP,R,54,High,large,13,a,NA,NA,NA,non_existent,non_existent,non_existent,non_existent,non_existent,non_existent,non_existent,non_existent,non_existent,non_existent,non_existent,non_existent,non_existent,non_existent,non_existent,non_existent,non_existent,non_existent,non_existent,non_existent,non_existent,non_existent,non_existent,non_existent,non_existent,non_existent,non_existent,non_existent,non_existent,non_existent,non_existent,non_existent,non_existent,non_existent,no_visit,pseudo,pseudo,no_visit,no_visit,pseudo,pseudo,pseudo,pseudo,pseudo,pseudo,pseudo,pseudo,pseudo,pseudo,pseudo,pseudo,pseudo,
BP,R,54,High,small ,14,a,NA,NA,NA,non_existent,non_existent,non_existent,non_existent,non_existent,non_existent,non_existent,non_existent,non_existent,non_existent,non_existent,non_existent,non_existent,non_existent,non_existent,non_existent,non_existent,non_existent,non_existent,non_existent,non_existent,non_existent,non_existent,non_existent,non_existent,non_existent,non_existent,non_existent,non_existent,non_existent,non_existent,non_existent,non_existent,non_existent,no_visit,pseudo,pseudo,no_visit,no_visit,pseudo,pseudo,pseudo,pseudo,pseudo,pseudo,pseudo,pseudo,pseudo,pseudo,pseudo,pseudo,pseudo,
BP,R,54,High,medium ,16,a,NA,NA,NA,non_existent,non_existent,non_existent,non_existent,non_existent,non_existent,non_existent,non_existent,non_existent,non_existent,non_existent,non_existent,non_existent,non_existent,non_existent,non_existent,non_existent,non_existent,non_existent,non_existent,non_existent,non_existent,non_existent,non_existent,non_existent,non_existent,non_existent,non_existent,non_existent,non_existent,non_existent,non_existent,non_existent,non_existent,no_visit,pseudo,pseudo,no_visit,no_visit,pseudo,pseudo,pseudo,pseudo,pseudo,pseudo,pseudo,pseudo,pseudo,pseudo,pseudo,pseudo,pseudo,
BP,R,54,High,medium ,17,a,NA,NA,NA,non_existent,non_existent,non_existent,non_existent,non_existent,non_existent,non_existent,non_existent,non_existent,non_existent,non_existent,non_existent,non_existent,non_existent,non_existent,non_existent,non_existent,non_existent,non_existent,non_existent,non_existent,non_existent,non_existent,non_existent,non_existent,non_existent,non_existent,non_existent,non_existent,non_existent,non_existent,non_existent,non_existent,non_existent,no_visit,pseudo,pseudo,no_visit,no_visit,pseudo,pseudo,pseudo,pseudo,pseudo,pseudo,pseudo,pseudo,pseudo,pseudo,pseudo,pseudo,pseudo,
BP,R,54,High,large,18,a,NA,NA,NA,non_existent,non_existent,non_existent,non_existent,non_existent,non_existent,non_existent,non_existent,non_existent,non_existent,non_existent,non_existent,non_existent,non_existent,non_existent,non_existent,non_existent,non_existent,non_existent,non_existent,non_existent,non_existent,non_existent,non_existent,non_existent,non_existent,non_existent,non_existent,non_existent,non_existent,non_existent,non_existent,non_existent,non_existent,no_visit,pseudo,pseudo,no_visit,no_visit,pseudo,pseudo,pseudo,pseudo,pseudo,pseudo,pseudo,pseudo,pseudo,pseudo,pseudo,pseudo,pseudo,
CP,S,56,Mid,large,1,a,NA,NA,NA,non_existent,non_existent,non_existent,non_existent,non_existent,non_existent,non_existent,non_existent,non_existent,non_existent,non_existent,non_existent,non_existent,non_existent,non_existent,non_existent,non_existent,non_existent,non_existent,non_existent,non_existent,non_existent,non_existent,non_existent,non_existent,non_existent,non_existent,non_existent,non_existent,non_existent,non_existent,non_existent,non_existent,non_existent,non_existent,non_existent,pseudo,pseudo,no_visit,pseudo,pseudo,pseudo,pseudo,pseudo,pseudo,pseudo,pseudo,pseudo,pseudo,pseudo,pseudo,pseudo,
CP,S,56,Mid,large,10,a,NA,NA,NA,non_existent,non_existent,non_existent,non_existent,non_existent,non_existent,non_existent,non_existent,non_existent,non_existent,non_existent,non_existent,non_existent,non_existent,non_existent,non_existent,non_existent,non_existent,non_existent,non_existent,non_existent,non_existent,non_existent,non_existent,non_existent,non_existent,non_existent,non_existent,non_existent,non_existent,non_existent,non_existent,non_existent,non_existent,non_existent,non_existent,pseudo,pseudo,no_visit,pseudo,pseudo,pseudo,pseudo,pseudo,pseudo,pseudo,pseudo,pseudo,pseudo,pseudo,pseudo,pseudo,
CP,S,56,Mid,medium ,11,a,NA,NA,NA,non_existent,non_existent,non_existent,non_existent,non_existent,non_existent,non_existent,non_existent,non_existent,non_existent,non_existent,non_existent,non_existent,non_existent,non_existent,non_existent,non_existent,non_existent,non_existent,non_existent,non_existent,non_existent,non_existent,non_existent,non_existent,non_existent,non_existent,non_existent,non_existent,non_existent,non_existent,non_existent,non_existent,non_existent,non_existent,non_existent,pseudo,pseudo,no_visit,pseudo,pseudo,pseudo,pseudo,pseudo,pseudo,pseudo,pseudo,pseudo,pseudo,pseudo,pseudo,pseudo,
CP,S,56,Mid,small,12,a,NA,NA,NA,non_existent,non_existent,non_existent,non_existent,non_existent,non_existent,non_existent,non_existent,non_existent,non_existent,non_existent,non_existent,non_existent,non_existent,non_existent,non_existent,non_existent,non_existent,non_existent,non_existent,non_existent,non_existent,non_existent,non_existent,non_existent,non_existent,non_existent,non_existent,non_existent,non_existent,non_existent,non_existent,non_existent,non_existent,non_existent,non_existent,pseudo,pseudo,no_visit,pseudo,pseudo,pseudo,pseudo,pseudo,pseudo,pseudo,pseudo,pseudo,pseudo,pseudo,pseudo,pseudo,
CP,S,56,Mid,large,14,a,NA,NA,NA,non_existent,non_existent,non_existent,non_existent,non_existent,non_existent,non_existent,non_existent,non_existent,non_existent,non_existent,non_existent,non_existent,non_existent,non_existent,non_existent,non_existent,non_existent,non_existent,non_existent,non_existent,non_existent,non_existent,non_existent,non_existent,non_existent,non_existent,non_existent,non_existent,non_existent,non_existent,non_existent,non_existent,non_existent,non_existent,non_existent,pseudo,pseudo,no_visit,pseudo,pseudo,pseudo,pseudo,pseudo,pseudo,pseudo,pseudo,pseudo,pseudo,pseudo,pseudo,pseudo,
CP,S,56,Mid,medium ,15,a,NA,NA,NA,non_existent,non_existent,non_existent,non_existent,non_existent,non_existent,non_existent,non_existent,non_existent,non_existent,non_existent,non_existent,non_existent,non_existent,non_existent,non_existent,non_existent,non_existent,non_existent,non_existent,non_existent,non_existent,non_existent,non_existent,non_existent,non_existent,non_existent,non_existent,non_existent,non_existent,non_existent,non_existent,non_existent,non_existent,non_existent,non_existent,pseudo,pseudo,no_visit,pseudo,pseudo,pseudo,pseudo,pseudo,pseudo,pseudo,pseudo,pseudo,pseudo,pseudo,pseudo,pseudo,
CP,S,57,High,medium,3,a,NA,NA,NA,non_existent,non_existent,non_existent,non_existent,non_existent,non_existent,non_existent,non_existent,non_existent,non_existent,non_existent,non_existent,non_existent,non_existent,non_existent,non_existent,non_existent,non_existent,non_existent,non_existent,non_existent,non_existent,non_existent,non_existent,non_existent,non_existent,non_existent,non_existent,non_existent,non_existent,non_existent,non_existent,non_existent,non_existent,non_existent,non_existent,pseudo,pseudo,no_visit,pseudo,pseudo,pseudo,pseudo,pseudo,pseudo,pseudo,pseudo,pseudo,pseudo,pseudo,pseudo,pseudo,
CP,S,57,High,large,4,a,NA,NA,NA,non_existent,non_existent,non_existent,non_existent,non_existent,non_existent,non_existent,non_existent,non_existent,non_existent,non_existent,non_existent,non_existent,non_existent,non_existent,non_existent,non_existent,non_existent,non_existent,non_existent,non_existent,non_existent,non_existent,non_existent,non_existent,non_existent,non_existent,non_existent,non_existent,non_existent,non_existent,non_existent,non_existent,non_existent,non_existent,non_existent,pseudo,pseudo,no_visit,pseudo,pseudo,pseudo,pseudo,pseudo,pseudo,pseudo,pseudo,pseudo,pseudo,pseudo,pseudo,pseudo,
CP,S,57,High,large,5,a,NA,NA,NA,non_existent,non_existent,non_existent,non_existent,non_existent,non_existent,non_existent,non_existent,non_existent,non_existent,non_existent,non_existent,non_existent,non_existent,non_existent,non_existent,non_existent,non_existent,non_existent,non_existent,non_existent,non_existent,non_existent,non_existent,non_existent,non_existent,non_existent,non_existent,non_existent,non_existent,non_existent,non_existent,non_existent,non_existent,non_existent,non_existent,pseudo,pseudo,no_visit,pseudo,pseudo,pseudo,pseudo,pseudo,pseudo,pseudo,pseudo,pseudo,pseudo,pseudo,pseudo,pseudo,
CP,S,57,High,medium,8,a,NA,NA,NA,non_existent,non_existent,non_existent,non_existent,non_existent,non_existent,non_existent,non_existent,non_existent,non_existent,non_existent,non_existent,non_existent,non_existent,non_existent,non_existent,non_existent,non_existent,non_existent,non_existent,non_existent,non_existent,non_existent,non_existent,non_existent,non_existent,non_existent,non_existent,non_existent,non_existent,non_existent,non_existent,non_existent,non_existent,non_existent,non_existent,pseudo,pseudo,no_visit,pseudo,pseudo,pseudo,pseudo,pseudo,pseudo,pseudo,pseudo,pseudo,pseudo,pseudo,pseudo,pseudo,
CP,S,57,High,large,11,a,NA,NA,NA,non_existent,non_existent,non_existent,non_existent,non_existent,non_existent,non_existent,non_existent,non_existent,non_existent,non_existent,non_existent,non_existent,non_existent,non_existent,non_existent,non_existent,non_existent,non_existent,non_existent,non_existent,non_existent,non_existent,non_existent,non_existent,non_existent,non_existent,non_existent,non_existent,non_existent,non_existent,non_existent,non_existent,non_existent,non_existent,non_existent,pseudo,pseudo,no_visit,pseudo,pseudo,pseudo,pseudo,pseudo,pseudo,pseudo,pseudo,pseudo,pseudo,pseudo,pseudo,pseudo,
CP,S,57,High,medium ,12,a,NA,NA,NA,non_existent,non_existent,non_existent,non_existent,non_existent,non_existent,non_existent,non_existent,non_existent,non_existent,non_existent,non_existent,non_existent,non_existent,non_existent,non_existent,non_existent,non_existent,non_existent,non_existent,non_existent,non_existent,non_existent,non_existent,non_existent,non_existent,non_existent,non_existent,non_existent,non_existent,non_existent,non_existent,non_existent,non_existent,non_existent,non_existent,pseudo,pseudo,no_visit,pseudo,pseudo,pseudo,pseudo,pseudo,pseudo,pseudo,pseudo,pseudo,pseudo,pseudo,pseudo,pseudo,
CP,S,57,High,medium ,13,a,NA,NA,NA,non_existent,non_existent,non_existent,non_existent,non_existent,non_existent,non_existent,non_existent,non_existent,non_existent,non_existent,non_existent,non_existent,non_existent,non_existent,non_existent,non_existent,non_existent,non_existent,non_existent,non_existent,non_existent,non_existent,non_existent,non_existent,non_existent,non_existent,non_existent,non_existent,non_existent,non_existent,non_existent,non_existent,non_existent,non_existent,non_existent,pseudo,pseudo,no_visit,pseudo,pseudo,pseudo,pseudo,pseudo,pseudo,pseudo,pseudo,pseudo,pseudo,pseudo,pseudo,pseudo,
CP,S,57,High,medium ,14,a,NA,NA,NA,non_existent,non_existent,non_existent,non_existent,non_existent,non_existent,non_existent,non_existent,non_existent,non_existent,non_existent,non_existent,non_existent,non_existent,non_existent,non_existent,non_existent,non_existent,non_existent,non_existent,non_existent,non_existent,non_existent,non_existent,non_existent,non_existent,non_existent,non_existent,non_existent,non_existent,non_existent,non_existent,non_existent,non_existent,non_existent,non_existent,pseudo,pseudo,no_visit,pseudo,pseudo,pseudo,pseudo,pseudo,pseudo,pseudo,pseudo,pseudo,pseudo,pseudo,pseudo,pseudo,
CP,S,57,High,medium ,15,a,NA,NA,NA,non_existent,non_existent,non_existent,non_existent,non_existent,non_existent,non_existent,non_existent,non_existent,non_existent,non_existent,non_existent,non_existent,non_existent,non_existent,non_existent,non_existent,non_existent,non_existent,non_existent,non_existent,non_existent,non_existent,non_existent,non_existent,non_existent,non_existent,non_existent,non_existent,non_existent,non_existent,non_existent,non_existent,non_existent,non_existent,non_existent,pseudo,pseudo,no_visit,pseudo,pseudo,pseudo,pseudo,pseudo,pseudo,pseudo,pseudo,pseudo,pseudo,pseudo,pseudo,pseudo,
CP,S,57,High,small,16,a,NA,NA,NA,non_existent,non_existent,non_existent,non_existent,non_existent,non_existent,non_existent,non_existent,non_existent,non_existent,non_existent,non_existent,non_existent,non_existent,non_existent,non_existent,non_existent,non_existent,non_existent,non_existent,non_existent,non_existent,non_existent,non_existent,non_existent,non_existent,non_existent,non_existent,non_existent,non_existent,non_existent,non_existent,non_existent,non_existent,non_existent,non_existent,pseudo,pseudo,no_visit,pseudo,pseudo,pseudo,pseudo,pseudo,pseudo,pseudo,pseudo,pseudo,pseudo,pseudo,pseudo,pseudo,
CP,S,57,High,medium ,17,a,NA,NA,wasp ,non_existent,non_existent,non_existent,non_existent,non_existent,non_existent,non_existent,non_existent,non_existent,non_existent,non_existent,non_existent,non_existent,non_existent,non_existent,non_existent,non_existent,non_existent,non_existent,non_existent,non_existent,non_existent,non_existent,non_existent,non_existent,non_existent,non_existent,non_existent,non_existent,non_existent,non_existent,non_existent,non_existent,non_existent,non_existent,non_existent,empty,empty,no_visit,empty,empty,empty,empty,empty,empty,empty,empty,empty,empty,empty,empty,non-target cells,
CP,S,57,High,large,18,a,NA,NA,NA,non_existent,non_existent,non_existent,non_existent,non_existent,non_existent,non_existent,non_existent,non_existent,non_existent,non_existent,non_existent,non_existent,non_existent,non_existent,non_existent,non_existent,non_existent,non_existent,non_existent,non_existent,non_existent,non_existent,non_existent,non_existent,non_existent,non_existent,non_existent,non_existent,non_existent,non_existent,non_existent,non_existent,non_existent,non_existent,non_existent,pseudo,pseudo,no_visit,pseudo,pseudo,pseudo,pseudo,pseudo,pseudo,pseudo,pseudo,pseudo,pseudo,pseudo,pseudo,pseudo,
CP,T,58,Low,medium,16,a,NA,NA,wasp,non_existent,non_existent,non_existent,non_existent,non_existent,non_existent,non_existent,non_existent,non_existent,non_existent,non_existent,non_existent,non_existent,non_existent,non_existent,non_existent,non_existent,non_existent,non_existent,non_existent,non_existent,non_existent,non_existent,non_existent,non_existent,non_existent,non_existent,non_existent,non_existent,non_existent,non_existent,non_existent,non_existent,non_existent,non_existent,non_existent,empty,no change,no_visit,no change,non_existent,non_existent,non_existent,non_existent,non_existent,non_existent,non_existent,non_existent,non_existent,non_existent,non_existent,non_existent,
CP,T,58,Low,medium,16,b,NA,NA,NA,non_existent,non_existent,non_existent,non_existent,non_existent,non_existent,non_existent,non_existent,non_existent,non_existent,non_existent,non_existent,non_existent,non_existent,non_existent,non_existent,non_existent,non_existent,non_existent,non_existent,non_existent,non_existent,non_existent,non_existent,non_existent,non_existent,non_existent,non_existent,non_existent,non_existent,non_existent,non_existent,non_existent,non_existent,non_existent,non_existent,non_existent,non_existent,no_visit,non_existent,empty,empty,empty,empty,empty,empty,empty,empty,empty,empty,empty,empty,
CP,T,59,Mid,large,3,a,NA,NA,NA,non_existent,non_existent,non_existent,non_existent,non_existent,non_existent,non_existent,non_existent,non_existent,non_existent,non_existent,non_existent,non_existent,non_existent,non_existent,non_existent,non_existent,non_existent,non_existent,non_existent,non_existent,non_existent,non_existent,non_existent,non_existent,non_existent,non_existent,non_existent,non_existent,non_existent,non_existent,non_existent,non_existent,non_existent,non_existent,non_existent,pseudo,pseudo,no_visit,pseudo,pseudo,pseudo,pseudo,pseudo,pseudo,pseudo,pseudo,pseudo,pseudo,pseudo,pseudo,pseudo,
CP,T,59,Mid,small,4,a,137.64,17.86,megachile,non_existent,non_existent,non_existent,non_existent,non_existent,non_existent,non_existent,non_existent,non_existent,non_existent,non_existent,non_existent,non_existent,non_existent,non_existent,non_existent,non_existent,non_existent,non_existent,non_existent,non_existent,non_existent,non_existent,non_existent,non_existent,non_existent,non_existent,non_existent,non_existent,non_existent,non_existent,non_existent,non_existent,non_existent,non_existent,non_existent,empty,inner wall ,no_visit,no change,non-target cells ,end cap ,non_existent,non_existent,non_existent,non_existent,non_existent,non_existent,non_existent,non_existent,non_existent,non_existent,
CP,T,59,Mid,small,4,b,143.16,31.85,megachile,non_existent,non_existent,non_existent,non_existent,non_existent,non_existent,non_existent,non_existent,non_existent,non_existent,non_existent,non_existent,non_existent,non_existent,non_existent,non_existent,non_existent,non_existent,non_existent,non_existent,non_existent,non_existent,non_existent,non_existent,non_existent,non_existent,non_existent,non_existent,non_existent,non_existent,non_existent,non_existent,non_existent,non_existent,non_existent,non_existent,non_existent,non_existent,no_visit,non_existent,non_existent,non_existent,1-2 cells ,no change,no change,end cap ,no change,no change,non_existent,non_existent,non_existent,non_existent,
CP,T,59,Mid,small,4,c,NA,NA,NA,non_existent,non_existent,non_existent,non_existent,non_existent,non_existent,non_existent,non_existent,non_existent,non_existent,non_existent,non_existent,non_existent,non_existent,non_existent,non_existent,non_existent,non_existent,non_existent,non_existent,non_existent,non_existent,non_existent,non_existent,non_existent,non_existent,non_existent,non_existent,non_existent,non_existent,non_existent,non_existent,non_existent,non_existent,non_existent,non_existent,non_existent,non_existent,no_visit,non_existent,non_existent,non_existent,non_existent,non_existent,non_existent,non_existent,non_existent,non_existent,empty,empty,empty,empty,
CP,T,59,Mid,large,6,a,NA,NA,NA,non_existent,non_existent,non_existent,non_existent,non_existent,non_existent,non_existent,non_existent,non_existent,non_existent,non_existent,non_existent,non_existent,non_existent,non_existent,non_existent,non_existent,non_existent,non_existent,non_existent,non_existent,non_existent,non_existent,non_existent,non_existent,non_existent,non_existent,non_existent,non_existent,non_existent,non_existent,non_existent,non_existent,non_existent,non_existent,non_existent,pseudo,pseudo,no_visit,pseudo,pseudo,pseudo,pseudo,pseudo,pseudo,pseudo,pseudo,pseudo,pseudo,pseudo,pseudo,pseudo,
CP,T,59,Mid,medium,10,a,NA,NA,NA,non_existent,non_existent,non_existent,non_existent,non_existent,non_existent,non_existent,non_existent,non_existent,non_existent,non_existent,non_existent,non_existent,non_existent,non_existent,non_existent,non_existent,non_existent,non_existent,non_existent,non_existent,non_existent,non_existent,non_existent,non_existent,non_existent,non_existent,non_existent,non_existent,non_existent,non_existent,non_existent,non_existent,non_existent,non_existent,non_existent,pseudo,pseudo,no_visit,pseudo,pseudo,pseudo,pseudo,pseudo,pseudo,pseudo,pseudo,pseudo,pseudo,pseudo,pseudo,pseudo,
CP,T,59,Mid,medium,12,a,NA,NA,NA,non_existent,non_existent,non_existent,non_existent,non_existent,non_existent,non_existent,non_existent,non_existent,non_existent,non_existent,non_existent,non_existent,non_existent,non_existent,non_existent,non_existent,non_existent,non_existent,non_existent,non_existent,non_existent,non_existent,non_existent,non_existent,non_existent,non_existent,non_existent,non_existent,non_existent,non_existent,non_existent,non_existent,non_existent,non_existent,non_existent,pseudo,pseudo,no_visit,non_existent,non_existent,non_existent,non_existent,non_existent,non_existent,non_existent,non_existent,non_existent,non_existent,non_existent,non_existent,non_existent,
CP,T,59,Mid,medium,12,b,NA,NA,NA,non_existent,non_existent,non_existent,non_existent,non_existent,non_existent,non_existent,non_existent,non_existent,non_existent,non_existent,non_existent,non_existent,non_existent,non_existent,non_existent,non_existent,non_existent,non_existent,non_existent,non_existent,non_existent,non_existent,non_existent,non_existent,non_existent,non_existent,non_existent,non_existent,non_existent,non_existent,non_existent,non_existent,non_existent,non_existent,non_existent,non_existent,non_existent,no_visit,empty,empty,empty,empty,empty,empty,empty,empty,empty,empty,empty,empty,empty,
CP,T,59,Mid,small,14,a,NA,NA,NA,non_existent,non_existent,non_existent,non_existent,non_existent,non_existent,non_existent,non_existent,non_existent,non_existent,non_existent,non_existent,non_existent,non_existent,non_existent,non_existent,non_existent,non_existent,non_existent,non_existent,non_existent,non_existent,non_existent,non_existent,non_existent,non_existent,non_existent,non_existent,non_existent,non_existent,non_existent,non_existent,non_existent,non_existent,non_existent,non_existent,pseudo,pseudo,no_visit,pseudo,pseudo,pseudo,pseudo,non_existent,non_existent,non_existent,non_existent,non_existent,non_existent,non_existent,non_existent,non_existent,
CP,T,59,Mid,small,14,b,137.98,6.69,megachile,non_existent,non_existent,non_existent,non_existent,non_existent,non_existent,non_existent,non_existent,non_existent,non_existent,non_existent,non_existent,non_existent,non_existent,non_existent,non_existent,non_existent,non_existent,non_existent,non_existent,non_existent,non_existent,non_existent,non_existent,non_existent,non_existent,non_existent,non_existent,non_existent,non_existent,non_existent,non_existent,non_existent,non_existent,non_existent,non_existent,non_existent,non_existent,no_visit,non_existent,non_existent,non_existent,non_existent,empty,empty,empty,empty,inner wall ,no change,no change,inner wall ,no change,
CP,T,59,Mid,medium,16,a,NA,NA,megachile,non_existent,non_existent,non_existent,non_existent,non_existent,non_existent,non_existent,non_existent,non_existent,non_existent,non_existent,non_existent,non_existent,non_existent,non_existent,non_existent,non_existent,non_existent,non_existent,non_existent,non_existent,non_existent,non_existent,non_existent,non_existent,non_existent,non_existent,non_existent,non_existent,non_existent,non_existent,non_existent,non_existent,non_existent,non_existent,non_existent,empty,3 cells ,no_visit,no change,no change,eaten ,non_existent,non_existent,non_existent,non_existent,non_existent,non_existent,non_existent,non_existent,non_existent,non_existent,
CP,T,59,Mid,medium,16,b,NA,NA,NA,non_existent,non_existent,non_existent,non_existent,non_existent,non_existent,non_existent,non_existent,non_existent,non_existent,non_existent,non_existent,non_existent,non_existent,non_existent,non_existent,non_existent,non_existent,non_existent,non_existent,non_existent,non_existent,non_existent,non_existent,non_existent,non_existent,non_existent,non_existent,non_existent,non_existent,non_existent,non_existent,non_existent,non_existent,non_existent,non_existent,non_existent,non_existent,no_visit,non_existent,non_existent,non_existent,pseudo,pseudo,pseudo,pseudo,pseudo,pseudo,pseudo,pseudo,pseudo,pseudo,
CP,T,60,High,medium,3,a,NA,NA,NA,non_existent,non_existent,non_existent,non_existent,non_existent,non_existent,non_existent,non_existent,non_existent,non_existent,non_existent,non_existent,non_existent,non_existent,non_existent,non_existent,non_existent,non_existent,non_existent,non_existent,non_existent,non_existent,non_existent,non_existent,non_existent,non_existent,non_existent,non_existent,non_existent,non_existent,non_existent,non_existent,non_existent,non_existent,non_existent,non_existent,pseudo,pseudo,no_visit,pseudo,pseudo,pseudo,pseudo,pseudo,pseudo,pseudo,pseudo,pseudo,pseudo,pseudo,pseudo,pseudo,
CP,T,60,High,large,4,a,NA,NA,NA,non_existent,non_existent,non_existent,non_existent,non_existent,non_existent,non_existent,non_existent,non_existent,non_existent,non_existent,non_existent,non_existent,non_existent,non_existent,non_existent,non_existent,non_existent,non_existent,non_existent,non_existent,non_existent,non_existent,non_existent,non_existent,non_existent,non_existent,non_existent,non_existent,non_existent,non_existent,non_existent,non_existent,non_existent,non_existent,non_existent,pseudo,pseudo,no_visit,pseudo,pseudo,pseudo,pseudo,pseudo,pseudo,pseudo,pseudo,pseudo,pseudo,pseudo,pseudo,pseudo,
CP,T,60,High,small,5,a,NA,NA,NA,non_existent,non_existent,non_existent,non_existent,non_existent,non_existent,non_existent,non_existent,non_existent,non_existent,non_existent,non_existent,non_existent,non_existent,non_existent,non_existent,non_existent,non_existent,non_existent,non_existent,non_existent,non_existent,non_existent,non_existent,non_existent,non_existent,non_existent,non_existent,non_existent,non_existent,non_existent,non_existent,non_existent,non_existent,non_existent,non_existent,pseudo,pseudo,no_visit,pseudo,pseudo,pseudo,pseudo,pseudo,pseudo,pseudo,pseudo,pseudo,pseudo,pseudo,pseudo,pseudo,
CP,T,60,High,medium,6,a,NA,NA,NA,non_existent,non_existent,non_existent,non_existent,non_existent,non_existent,non_existent,non_existent,non_existent,non_existent,non_existent,non_existent,non_existent,non_existent,non_existent,non_existent,non_existent,non_existent,non_existent,non_existent,non_existent,non_existent,non_existent,non_existent,non_existent,non_existent,non_existent,non_existent,non_existent,non_existent,non_existent,non_existent,non_existent,non_existent,non_existent,non_existent,pseudo,pseudo,no_visit,pseudo,pseudo,pseudo,pseudo,pseudo,pseudo,pseudo,pseudo,pseudo,pseudo,pseudo,pseudo,pseudo,
CP,T,60,High,medium,7,a,NA,NA,NA,non_existent,non_existent,non_existent,non_existent,non_existent,non_existent,non_existent,non_existent,non_existent,non_existent,non_existent,non_existent,non_existent,non_existent,non_existent,non_existent,non_existent,non_existent,non_existent,non_existent,non_existent,non_existent,non_existent,non_existent,non_existent,non_existent,non_existent,non_existent,non_existent,non_existent,non_existent,non_existent,non_existent,non_existent,non_existent,non_existent,pseudo,pseudo,no_visit,pseudo,pseudo,pseudo,pseudo,pseudo,pseudo,pseudo,pseudo,pseudo,pseudo,pseudo,pseudo,pseudo,
CP,T,60,High,large,9,a,NA,NA,NA,non_existent,non_existent,non_existent,non_existent,non_existent,non_existent,non_existent,non_existent,non_existent,non_existent,non_existent,non_existent,non_existent,non_existent,non_existent,non_existent,non_existent,non_existent,non_existent,non_existent,non_existent,non_existent,non_existent,non_existent,non_existent,non_existent,non_existent,non_existent,non_existent,non_existent,non_existent,non_existent,non_existent,non_existent,non_existent,non_existent,pseudo,pseudo,no_visit,pseudo,pseudo,pseudo,pseudo,pseudo,pseudo,pseudo,pseudo,pseudo,pseudo,pseudo,pseudo,pseudo,
CP,T,60,High,large,10,a,NA,NA,NA,non_existent,non_existent,non_existent,non_existent,non_existent,non_existent,non_existent,non_existent,non_existent,non_existent,non_existent,non_existent,non_existent,non_existent,non_existent,non_existent,non_existent,non_existent,non_existent,non_existent,non_existent,non_existent,non_existent,non_existent,non_existent,non_existent,non_existent,non_existent,non_existent,non_existent,non_existent,non_existent,non_existent,non_existent,non_existent,non_existent,pseudo,pseudo,no_visit,pseudo,pseudo,pseudo,pseudo,pseudo,pseudo,pseudo,pseudo,pseudo,pseudo,pseudo,pseudo,pseudo,
CP,T,60,High,medium,12,a,NA,NA,NA,non_existent,non_existent,non_existent,non_existent,non_existent,non_existent,non_existent,non_existent,non_existent,non_existent,non_existent,non_existent,non_existent,non_existent,non_existent,non_existent,non_existent,non_existent,non_existent,non_existent,non_existent,non_existent,non_existent,non_existent,non_existent,non_existent,non_existent,non_existent,non_existent,non_existent,non_existent,non_existent,non_existent,non_existent,non_existent,non_existent,pseudo,pseudo,no_visit,pseudo,pseudo,pseudo,pseudo,pseudo,pseudo,pseudo,pseudo,pseudo,pseudo,pseudo,pseudo,pseudo,
CP,T,60,High,medium ,14,a,NA,NA,NA,non_existent,non_existent,non_existent,non_existent,non_existent,non_existent,non_existent,non_existent,non_existent,non_existent,non_existent,non_existent,non_existent,non_existent,non_existent,non_existent,non_existent,non_existent,non_existent,non_existent,non_existent,non_existent,non_existent,non_existent,non_existent,non_existent,non_existent,non_existent,non_existent,non_existent,non_existent,non_existent,non_existent,non_existent,non_existent,non_existent,pseudo,pseudo,no_visit,pseudo,pseudo,pseudo,pseudo,pseudo,pseudo,pseudo,pseudo,pseudo,pseudo,pseudo,pseudo,pseudo,
CP,T,60,High,medium ,15,a,NA,NA,NA,non_existent,non_existent,non_existent,non_existent,non_existent,non_existent,non_existent,non_existent,non_existent,non_existent,non_existent,non_existent,non_existent,non_existent,non_existent,non_existent,non_existent,non_existent,non_existent,non_existent,non_existent,non_existent,non_existent,non_existent,non_existent,non_existent,non_existent,non_existent,non_existent,non_existent,non_existent,non_existent,non_existent,non_existent,non_existent,non_existent,pseudo,pseudo,no_visit,pseudo,pseudo,pseudo,pseudo,pseudo,pseudo,pseudo,pseudo,pseudo,pseudo,pseudo,pseudo,pseudo,
CP,T,60,High,large,18,a,NA,NA,NA,non_existent,non_existent,non_existent,non_existent,non_existent,non_existent,non_existent,non_existent,non_existent,non_existent,non_existent,non_existent,non_existent,non_existent,non_existent,non_existent,non_existent,non_existent,non_existent,non_existent,non_existent,non_existent,non_existent,non_existent,non_existent,non_existent,non_existent,non_existent,non_existent,non_existent,non_existent,non_existent,non_existent,non_existent,non_existent,non_existent,pseudo,pseudo,no_visit,pseudo,pseudo,pseudo,pseudo,pseudo,pseudo,pseudo,pseudo,pseudo,pseudo,pseudo,pseudo,pseudo,
CP,U,62,Mid,large,1,a,NA,NA,NA,non_existent,non_existent,non_existent,non_existent,non_existent,non_existent,non_existent,non_existent,non_existent,non_existent,non_existent,non_existent,non_existent,non_existent,non_existent,non_existent,non_existent,non_existent,non_existent,non_existent,non_existent,non_existent,non_existent,non_existent,non_existent,non_existent,non_existent,non_existent,non_existent,non_existent,non_existent,non_existent,non_existent,non_existent,non_existent,non_existent,pseudo,pseudo,no_visit,pseudo,pseudo,pseudo,pseudo,pseudo,pseudo,pseudo,pseudo,pseudo,pseudo,pseudo,pseudo,pseudo,
CP,U,62,Mid,medium ,2,a,NA,NA,wasp,non_existent,non_existent,non_existent,non_existent,non_existent,non_existent,non_existent,non_existent,non_existent,non_existent,non_existent,non_existent,non_existent,non_existent,non_existent,non_existent,non_existent,non_existent,non_existent,non_existent,non_existent,non_existent,non_existent,non_existent,non_existent,non_existent,non_existent,non_existent,non_existent,non_existent,non_existent,non_existent,non_existent,non_existent,non_existent,non_existent,empty,empty,no_visit,empty,empty,non-target inner wall,no change,no change,non-target cells ,non-target nest completed ,non_existent,non_existent,non_existent,non_existent,non_existent,non_existent,
CP,U,62,Mid,medium ,2,b,NA,NA,wasp,non_existent,non_existent,non_existent,non_existent,non_existent,non_existent,non_existent,non_existent,non_existent,non_existent,non_existent,non_existent,non_existent,non_existent,non_existent,non_existent,non_existent,non_existent,non_existent,non_existent,non_existent,non_existent,non_existent,non_existent,non_existent,non_existent,non_existent,non_existent,non_existent,non_existent,non_existent,non_existent,non_existent,non_existent,non_existent,non_existent,non_existent,non_existent,no_visit,non_existent,non_existent,non_existent,non_existent,non_existent,non_existent,non_existent,non-target cells ,no change,no change,non-target nest completed ,non_existent,non_existent,
CP,U,62,Mid,medium ,2,c,NA,NA,wasp ,non_existent,non_existent,non_existent,non_existent,non_existent,non_existent,non_existent,non_existent,non_existent,non_existent,non_existent,non_existent,non_existent,non_existent,non_existent,non_existent,non_existent,non_existent,non_existent,non_existent,non_existent,non_existent,non_existent,non_existent,non_existent,non_existent,non_existent,non_existent,non_existent,non_existent,non_existent,non_existent,non_existent,non_existent,non_existent,non_existent,non_existent,non_existent,no_visit,non_existent,non_existent,non_existent,non_existent,non_existent,non_existent,non_existent,non_existent,non_existent,non_existent,non_existent,non-target cells ,no change,
CP,U,62,Mid,medium ,3,a,NA,NA,wasp,non_existent,non_existent,non_existent,non_existent,non_existent,non_existent,non_existent,non_existent,non_existent,non_existent,non_existent,non_existent,non_existent,non_existent,non_existent,non_existent,non_existent,non_existent,non_existent,non_existent,non_existent,non_existent,non_existent,non_existent,non_existent,non_existent,non_existent,non_existent,non_existent,non_existent,non_existent,non_existent,non_existent,non_existent,non_existent,non_existent,empty,empty,no_visit,empty,empty,empty,empty,empty,empty,non-target cells ,non-target nest completed ,non_existent,non_existent,non_existent,non_existent,non_existent,
CP,U,62,Mid,medium ,3,b,NA,NA,wasp,non_existent,non_existent,non_existent,non_existent,non_existent,non_existent,non_existent,non_existent,non_existent,non_existent,non_existent,non_existent,non_existent,non_existent,non_existent,non_existent,non_existent,non_existent,non_existent,non_existent,non_existent,non_existent,non_existent,non_existent,non_existent,non_existent,non_existent,non_existent,non_existent,non_existent,non_existent,non_existent,non_existent,non_existent,non_existent,non_existent,non_existent,non_existent,no_visit,non_existent,non_existent,non_existent,non_existent,non_existent,non_existent,non_existent,non_existent,empty,empty,non-target cells ,no change,no change,
CP,U,62,Mid,small,6,a,NA,NA,NA,non_existent,non_existent,non_existent,non_existent,non_existent,non_existent,non_existent,non_existent,non_existent,non_existent,non_existent,non_existent,non_existent,non_existent,non_existent,non_existent,non_existent,non_existent,non_existent,non_existent,non_existent,non_existent,non_existent,non_existent,non_existent,non_existent,non_existent,non_existent,non_existent,non_existent,non_existent,non_existent,non_existent,non_existent,non_existent,non_existent,pseudo,pseudo,no_visit,pseudo,pseudo,pseudo,pseudo,pseudo,pseudo,pseudo,pseudo,pseudo,pseudo,pseudo,pseudo,pseudo,
CP,U,62,Mid,medium ,7,a,NA,NA,NA,non_existent,non_existent,non_existent,non_existent,non_existent,non_existent,non_existent,non_existent,non_existent,non_existent,non_existent,non_existent,non_existent,non_existent,non_existent,non_existent,non_existent,non_existent,non_existent,non_existent,non_existent,non_existent,non_existent,non_existent,non_existent,non_existent,non_existent,non_existent,non_existent,non_existent,non_existent,non_existent,non_existent,non_existent,non_existent,non_existent,pseudo,pseudo,no_visit,pseudo,pseudo,pseudo,pseudo,pseudo,pseudo,pseudo,pseudo,pseudo,pseudo,pseudo,pseudo,pseudo,
CP,U,62,Mid,medium ,8,a,NA,NA,NA,non_existent,non_existent,non_existent,non_existent,non_existent,non_existent,non_existent,non_existent,non_existent,non_existent,non_existent,non_existent,non_existent,non_existent,non_existent,non_existent,non_existent,non_existent,non_existent,non_existent,non_existent,non_existent,non_existent,non_existent,non_existent,non_existent,non_existent,non_existent,non_existent,non_existent,non_existent,non_existent,non_existent,non_existent,non_existent,non_existent,pseudo,pseudo,no_visit,pseudo,pseudo,pseudo,pseudo,pseudo,pseudo,pseudo,pseudo,pseudo,pseudo,pseudo,pseudo,pseudo,
CP,U,62,Mid,large,10,a,NA,NA,NA,non_existent,non_existent,non_existent,non_existent,non_existent,non_existent,non_existent,non_existent,non_existent,non_existent,non_existent,non_existent,non_existent,non_existent,non_existent,non_existent,non_existent,non_existent,non_existent,non_existent,non_existent,non_existent,non_existent,non_existent,non_existent,non_existent,non_existent,non_existent,non_existent,non_existent,non_existent,non_existent,non_existent,non_existent,non_existent,non_existent,pseudo,pseudo,no_visit,pseudo,pseudo,pseudo,pseudo,pseudo,pseudo,pseudo,pseudo,pseudo,pseudo,pseudo,pseudo,pseudo,
CP,U,62,Mid,medium,12,a,NA,NA,wasp,non_existent,non_existent,non_existent,non_existent,non_existent,non_existent,non_existent,non_existent,non_existent,non_existent,non_existent,non_existent,non_existent,non_existent,non_existent,non_existent,non_existent,non_existent,non_existent,non_existent,non_existent,non_existent,non_existent,non_existent,non_existent,non_existent,non_existent,non_existent,non_existent,non_existent,non_existent,non_existent,non_existent,non_existent,non_existent,non_existent,empty,empty,no_visit,empty,empty,empty,empty,empty,empty,non-target nest completed ,non_existent,non_existent,non_existent,non_existent,non_existent,non_existent,
CP,U,62,Mid,medium,12,b,NA,NA,NA,non_existent,non_existent,non_existent,non_existent,non_existent,non_existent,non_existent,non_existent,non_existent,non_existent,non_existent,non_existent,non_existent,non_existent,non_existent,non_existent,non_existent,non_existent,non_existent,non_existent,non_existent,non_existent,non_existent,non_existent,non_existent,non_existent,non_existent,non_existent,non_existent,non_existent,non_existent,non_existent,non_existent,non_existent,non_existent,non_existent,non_existent,non_existent,no_visit,non_existent,non_existent,non_existent,non_existent,non_existent,non_existent,non_existent,empty,empty,empty,empty,empty,empty,
CP,U,62,Mid,medium,13,a,NA,NA,wasp,non_existent,non_existent,non_existent,non_existent,non_existent,non_existent,non_existent,non_existent,non_existent,non_existent,non_existent,non_existent,non_existent,non_existent,non_existent,non_existent,non_existent,non_existent,non_existent,non_existent,non_existent,non_existent,non_existent,non_existent,non_existent,non_existent,non_existent,non_existent,non_existent,non_existent,non_existent,non_existent,non_existent,non_existent,non_existent,non_existent,empty,empty,no_visit,empty,empty,empty,empty,empty,non-target cells ,non-target nest completed ,non_existent,non_existent,non_existent,non_existent,non_existent,non_existent,
CP,U,62,Mid,medium,13,b,NA,NA,wasp,non_existent,non_existent,non_existent,non_existent,non_existent,non_existent,non_existent,non_existent,non_existent,non_existent,non_existent,non_existent,non_existent,non_existent,non_existent,non_existent,non_existent,non_existent,non_existent,non_existent,non_existent,non_existent,non_existent,non_existent,non_existent,non_existent,non_existent,non_existent,non_existent,non_existent,non_existent,non_existent,non_existent,non_existent,non_existent,non_existent,non_existent,non_existent,no_visit,non_existent,non_existent,non_existent,non_existent,non_existent,non_existent,non_existent,empty,empty,empty,empty,empty,non-target inner wall  ,
CP,U,62,Mid,small,15,a,144,28.11,osmia,non_existent,non_existent,non_existent,non_existent,non_existent,non_existent,non_existent,non_existent,non_existent,non_existent,non_existent,non_existent,non_existent,non_existent,non_existent,non_existent,non_existent,non_existent,non_existent,non_existent,non_existent,non_existent,non_existent,non_existent,non_existent,non_existent,non_existent,non_existent,non_existent,non_existent,non_existent,non_existent,non_existent,non_existent,non_existent,non_existent,empty,2 cells ,no_visit,2 cells ,no change,no change,no change,non_existent,non_existent,non_existent,non_existent,non_existent,non_existent,non_existent,non_existent,non_existent,
CP,U,62,Mid,small,15,b,NA,NA,NA,non_existent,non_existent,non_existent,non_existent,non_existent,non_existent,non_existent,non_existent,non_existent,non_existent,non_existent,non_existent,non_existent,non_existent,non_existent,non_existent,non_existent,non_existent,non_existent,non_existent,non_existent,non_existent,non_existent,non_existent,non_existent,non_existent,non_existent,non_existent,non_existent,non_existent,non_existent,non_existent,non_existent,non_existent,non_existent,non_existent,non_existent,non_existent,no_visit,non_existent,non_existent,non_existent,non_existent,empty,empty,empty,empty,empty,empty,empty,empty,empty,
CP,U,62,Mid,medium ,16,a,NA,NA,NA,non_existent,non_existent,non_existent,non_existent,non_existent,non_existent,non_existent,non_existent,non_existent,non_existent,non_existent,non_existent,non_existent,non_existent,non_existent,non_existent,non_existent,non_existent,non_existent,non_existent,non_existent,non_existent,non_existent,non_existent,non_existent,non_existent,non_existent,non_existent,non_existent,non_existent,non_existent,non_existent,non_existent,non_existent,non_existent,non_existent,pseudo,pseudo,no_visit,pseudo,pseudo,pseudo,pseudo,pseudo,pseudo,pseudo,pseudo,pseudo,pseudo,pseudo,pseudo,pseudo,
CP,U,62,Mid,medium ,17,a,NA,NA,wasp,non_existent,non_existent,non_existent,non_existent,non_existent,non_existent,non_existent,non_existent,non_existent,non_existent,non_existent,non_existent,non_existent,non_existent,non_existent,non_existent,non_existent,non_existent,non_existent,non_existent,non_existent,non_existent,non_existent,non_existent,non_existent,non_existent,non_existent,non_existent,non_existent,non_existent,non_existent,non_existent,non_existent,non_existent,non_existent,non_existent,empty,empty,no_visit,empty,empty,empty,empty,empty,empty,empty,empty,empty,empty,empty,empty,non-target cells  ,
CP,U,63,High,medium,2,a,NA,NA,NA,non_existent,non_existent,non_existent,non_existent,non_existent,non_existent,non_existent,non_existent,non_existent,non_existent,non_existent,non_existent,non_existent,non_existent,non_existent,non_existent,non_existent,non_existent,non_existent,non_existent,non_existent,non_existent,non_existent,non_existent,non_existent,non_existent,non_existent,non_existent,non_existent,non_existent,non_existent,non_existent,non_existent,non_existent,non_existent,non_existent,pseudo,pseudo,no_visit,pseudo,pseudo,pseudo,pseudo,pseudo,pseudo,pseudo,pseudo,pseudo,pseudo,pseudo,pseudo,pseudo,
CP,U,63,High,large,3,a,NA,NA,NA,non_existent,non_existent,non_existent,non_existent,non_existent,non_existent,non_existent,non_existent,non_existent,non_existent,non_existent,non_existent,non_existent,non_existent,non_existent,non_existent,non_existent,non_existent,non_existent,non_existent,non_existent,non_existent,non_existent,non_existent,non_existent,non_existent,non_existent,non_existent,non_existent,non_existent,non_existent,non_existent,non_existent,non_existent,non_existent,non_existent,pseudo,pseudo,no_visit,pseudo,pseudo,pseudo,pseudo,pseudo,pseudo,pseudo,pseudo,pseudo,pseudo,pseudo,pseudo,pseudo,
CP,U,63,High,medium,5,a,NA,NA,NA,non_existent,non_existent,non_existent,non_existent,non_existent,non_existent,non_existent,non_existent,non_existent,non_existent,non_existent,non_existent,non_existent,non_existent,non_existent,non_existent,non_existent,non_existent,non_existent,non_existent,non_existent,non_existent,non_existent,non_existent,non_existent,non_existent,non_existent,non_existent,non_existent,non_existent,non_existent,non_existent,non_existent,non_existent,non_existent,non_existent,pseudo,pseudo,no_visit,pseudo,pseudo,pseudo,pseudo,pseudo,pseudo,pseudo,pseudo,pseudo,pseudo,pseudo,pseudo,pseudo,
CP,U,63,High,medium,7,a,NA,NA,NA,non_existent,non_existent,non_existent,non_existent,non_existent,non_existent,non_existent,non_existent,non_existent,non_existent,non_existent,non_existent,non_existent,non_existent,non_existent,non_existent,non_existent,non_existent,non_existent,non_existent,non_existent,non_existent,non_existent,non_existent,non_existent,non_existent,non_existent,non_existent,non_existent,non_existent,non_existent,non_existent,non_existent,non_existent,non_existent,non_existent,pseudo,pseudo,no_visit,pseudo,pseudo,pseudo,pseudo,pseudo,pseudo,pseudo,pseudo,pseudo,pseudo,pseudo,pseudo,pseudo,
CP,U,63,High,large,9,a,NA,NA,NA,non_existent,non_existent,non_existent,non_existent,non_existent,non_existent,non_existent,non_existent,non_existent,non_existent,non_existent,non_existent,non_existent,non_existent,non_existent,non_existent,non_existent,non_existent,non_existent,non_existent,non_existent,non_existent,non_existent,non_existent,non_existent,non_existent,non_existent,non_existent,non_existent,non_existent,non_existent,non_existent,non_existent,non_existent,non_existent,non_existent,pseudo,pseudo,no_visit,pseudo,pseudo,pseudo,pseudo,pseudo,pseudo,pseudo,pseudo,pseudo,pseudo,pseudo,pseudo,pseudo,
CP,U,63,High,large,10,a,NA,NA,NA,non_existent,non_existent,non_existent,non_existent,non_existent,non_existent,non_existent,non_existent,non_existent,non_existent,non_existent,non_existent,non_existent,non_existent,non_existent,non_existent,non_existent,non_existent,non_existent,non_existent,non_existent,non_existent,non_existent,non_existent,non_existent,non_existent,non_existent,non_existent,non_existent,non_existent,non_existent,non_existent,non_existent,non_existent,non_existent,non_existent,pseudo,pseudo,no_visit,pseudo,pseudo,pseudo,pseudo,pseudo,pseudo,pseudo,pseudo,pseudo,pseudo,pseudo,pseudo,pseudo,
CP,U,63,High,medium ,11,a,NA,NA,NA,non_existent,non_existent,non_existent,non_existent,non_existent,non_existent,non_existent,non_existent,non_existent,non_existent,non_existent,non_existent,non_existent,non_existent,non_existent,non_existent,non_existent,non_existent,non_existent,non_existent,non_existent,non_existent,non_existent,non_existent,non_existent,non_existent,non_existent,non_existent,non_existent,non_existent,non_existent,non_existent,non_existent,non_existent,non_existent,non_existent,pseudo,pseudo,no_visit,pseudo,pseudo,pseudo,pseudo,pseudo,pseudo,pseudo,pseudo,pseudo,pseudo,pseudo,pseudo,pseudo,
CP,U,63,High,large,12,a,NA,NA,NA,non_existent,non_existent,non_existent,non_existent,non_existent,non_existent,non_existent,non_existent,non_existent,non_existent,non_existent,non_existent,non_existent,non_existent,non_existent,non_existent,non_existent,non_existent,non_existent,non_existent,non_existent,non_existent,non_existent,non_existent,non_existent,non_existent,non_existent,non_existent,non_existent,non_existent,non_existent,non_existent,non_existent,non_existent,non_existent,non_existent,pseudo,pseudo,no_visit,pseudo,pseudo,pseudo,pseudo,pseudo,pseudo,pseudo,pseudo,pseudo,pseudo,pseudo,pseudo,pseudo,
CP,U,63,High,medium ,13,a,NA,NA,NA,non_existent,non_existent,non_existent,non_existent,non_existent,non_existent,non_existent,non_existent,non_existent,non_existent,non_existent,non_existent,non_existent,non_existent,non_existent,non_existent,non_existent,non_existent,non_existent,non_existent,non_existent,non_existent,non_existent,non_existent,non_existent,non_existent,non_existent,non_existent,non_existent,non_existent,non_existent,non_existent,non_existent,non_existent,non_existent,non_existent,pseudo,pseudo,no_visit,pseudo,pseudo,pseudo,pseudo,pseudo,pseudo,pseudo,pseudo,pseudo,pseudo,pseudo,pseudo,pseudo,
CP,U,63,High,medium ,14,a,NA,NA,wasp,non_existent,non_existent,non_existent,non_existent,non_existent,non_existent,non_existent,non_existent,non_existent,non_existent,non_existent,non_existent,non_existent,non_existent,non_existent,non_existent,non_existent,non_existent,non_existent,non_existent,non_existent,non_existent,non_existent,non_existent,non_existent,non_existent,non_existent,non_existent,non_existent,non_existent,non_existent,non_existent,non_existent,non_existent,non_existent,non_existent,empty,empty,no_visit,empty,empty,empty,empty,non-target cells ,non-target nest completed ,no change,non_existent,non_existent,non_existent,non_existent,non_existent,non_existent,
CP,U,63,High,medium ,14,b,NA,NA,NA,non_existent,non_existent,non_existent,non_existent,non_existent,non_existent,non_existent,non_existent,non_existent,non_existent,non_existent,non_existent,non_existent,non_existent,non_existent,non_existent,non_existent,non_existent,non_existent,non_existent,non_existent,non_existent,non_existent,non_existent,non_existent,non_existent,non_existent,non_existent,non_existent,non_existent,non_existent,non_existent,non_existent,non_existent,non_existent,non_existent,non_existent,non_existent,no_visit,non_existent,non_existent,non_existent,non_existent,non_existent,non_existent,non_existent,empty,empty,empty,empty,empty,empty,
CP,U,63,High,medium ,15,a,NA,NA,NA,non_existent,non_existent,non_existent,non_existent,non_existent,non_existent,non_existent,non_existent,non_existent,non_existent,non_existent,non_existent,non_existent,non_existent,non_existent,non_existent,non_existent,non_existent,non_existent,non_existent,non_existent,non_existent,non_existent,non_existent,non_existent,non_existent,non_existent,non_existent,non_existent,non_existent,non_existent,non_existent,non_existent,non_existent,non_existent,non_existent,pseudo,pseudo,no_visit,pseudo,pseudo,pseudo,pseudo,pseudo,pseudo,pseudo,pseudo,pseudo,pseudo,pseudo,pseudo,pseudo,
CP,U,63,High,medium ,16,a,NA,NA,wasp,non_existent,non_existent,non_existent,non_existent,non_existent,non_existent,non_existent,non_existent,non_existent,non_existent,non_existent,non_existent,non_existent,non_existent,non_existent,non_existent,non_existent,non_existent,non_existent,non_existent,non_existent,non_existent,non_existent,non_existent,non_existent,non_existent,non_existent,non_existent,non_existent,non_existent,non_existent,non_existent,non_existent,non_existent,non_existent,non_existent,empty,empty,no_visit,empty,empty,empty,empty,empty,empty,non-target inner wall ,no change,no change,no change,no change,no change,non_existent,agapostemon hanging inside on Aug 1
CP,U,63,High,medium ,16,b,NA,NA,NA,non_existent,non_existent,non_existent,non_existent,non_existent,non_existent,non_existent,non_existent,non_existent,non_existent,non_existent,non_existent,non_existent,non_existent,non_existent,non_existent,non_existent,non_existent,non_existent,non_existent,non_existent,non_existent,non_existent,non_existent,non_existent,non_existent,non_existent,non_existent,non_existent,non_existent,non_existent,non_existent,non_existent,non_existent,non_existent,non_existent,non_existent,non_existent,no_visit,non_existent,non_existent,non_existent,non_existent,non_existent,non_existent,non_existent,non_existent,non_existent,non_existent,non_existent,non_existent,empty,
CP,U,63,High,medium ,17,a,NA,NA,NA,non_existent,non_existent,non_existent,non_existent,non_existent,non_existent,non_existent,non_existent,non_existent,non_existent,non_existent,non_existent,non_existent,non_existent,non_existent,non_existent,non_existent,non_existent,non_existent,non_existent,non_existent,non_existent,non_existent,non_existent,non_existent,non_existent,non_existent,non_existent,non_existent,non_existent,non_existent,non_existent,non_existent,non_existent,non_existent,non_existent,pseudo,pseudo,no_visit,pseudo,pseudo,pseudo,pseudo,pseudo,pseudo,pseudo,pseudo,pseudo,pseudo,pseudo,pseudo,pseudo,
CP,V,64,Low,medium ,3,a,144.87,33.69,heriades,non_existent,non_existent,non_existent,non_existent,non_existent,non_existent,non_existent,non_existent,non_existent,non_existent,non_existent,non_existent,non_existent,non_existent,non_existent,non_existent,non_existent,non_existent,non_existent,non_existent,non_existent,non_existent,non_existent,non_existent,non_existent,non_existent,non_existent,non_existent,non_existent,non_existent,non_existent,non_existent,non_existent,non_existent,non_existent,non_existent,empty,empty,no_visit,empty,empty,1 cell ,no change,3 cells ,1 cell ,no change,no change,non_existent,non_existent,non_existent,non_existent,non_existent,
CP,V,64,Low,medium ,3,b,NA,NA,NA,non_existent,non_existent,non_existent,non_existent,non_existent,non_existent,non_existent,non_existent,non_existent,non_existent,non_existent,non_existent,non_existent,non_existent,non_existent,non_existent,non_existent,non_existent,non_existent,non_existent,non_existent,non_existent,non_existent,non_existent,non_existent,non_existent,non_existent,non_existent,non_existent,non_existent,non_existent,non_existent,non_existent,non_existent,non_existent,non_existent,non_existent,non_existent,no_visit,non_existent,non_existent,non_existent,non_existent,non_existent,non_existent,non_existent,non_existent,empty,empty,empty,empty,empty,
CP,V,64,Low,small,4,a,134,82,heriades,non_existent,non_existent,non_existent,non_existent,non_existent,non_existent,non_existent,non_existent,non_existent,non_existent,non_existent,non_existent,non_existent,non_existent,non_existent,non_existent,non_existent,non_existent,non_existent,non_existent,non_existent,non_existent,non_existent,non_existent,non_existent,non_existent,non_existent,non_existent,non_existent,non_existent,non_existent,non_existent,non_existent,non_existent,non_existent,non_existent,empty,empty,no_visit,5 cells ,4 cells ,1 cell + end cap ,non_existent,non_existent,non_existent,non_existent,non_existent,non_existent,non_existent,non_existent,non_existent,non_existent,
CP,V,64,Low,small,4,b,NA,NA,NA,non_existent,non_existent,non_existent,non_existent,non_existent,non_existent,non_existent,non_existent,non_existent,non_existent,non_existent,non_existent,non_existent,non_existent,non_existent,non_existent,non_existent,non_existent,non_existent,non_existent,non_existent,non_existent,non_existent,non_existent,non_existent,non_existent,non_existent,non_existent,non_existent,non_existent,non_existent,non_existent,non_existent,non_existent,non_existent,non_existent,non_existent,non_existent,no_visit,non_existent,non_existent,non_existent,empty,empty,empty,empty,empty,empty,empty,empty,empty,empty,
CP,V,64,Low,small,14,a,142.31,105.32,heriades,non_existent,non_existent,non_existent,non_existent,non_existent,non_existent,non_existent,non_existent,non_existent,non_existent,non_existent,non_existent,non_existent,non_existent,non_existent,non_existent,non_existent,non_existent,non_existent,non_existent,non_existent,non_existent,non_existent,non_existent,non_existent,non_existent,non_existent,non_existent,non_existent,non_existent,non_existent,non_existent,non_existent,non_existent,non_existent,non_existent,empty,2 cells ,no_visit,5 cells ,4 cells ,non-target nest completed ,non_existent,non_existent,non_existent,non_existent,non_existent,non_existent,non_existent,non_existent,non_existent,non_existent,
CP,V,64,Low,small,14,b,137.07,25.2,heriades,non_existent,non_existent,non_existent,non_existent,non_existent,non_existent,non_existent,non_existent,non_existent,non_existent,non_existent,non_existent,non_existent,non_existent,non_existent,non_existent,non_existent,non_existent,non_existent,non_existent,non_existent,non_existent,non_existent,non_existent,non_existent,non_existent,non_existent,non_existent,non_existent,non_existent,non_existent,non_existent,non_existent,non_existent,non_existent,non_existent,non_existent,non_existent,no_visit,non_existent,non_existent,non_existent,inner wall ,2 cells ,1 cell ,no change,no change,non_existent,non_existent,non_existent,non_existent,non_existent,
CP,V,64,Low,small,14,c,NA,NA,NA,non_existent,non_existent,non_existent,non_existent,non_existent,non_existent,non_existent,non_existent,non_existent,non_existent,non_existent,non_existent,non_existent,non_existent,non_existent,non_existent,non_existent,non_existent,non_existent,non_existent,non_existent,non_existent,non_existent,non_existent,non_existent,non_existent,non_existent,non_existent,non_existent,non_existent,non_existent,non_existent,non_existent,non_existent,non_existent,non_existent,non_existent,non_existent,no_visit,non_existent,non_existent,non_existent,non_existent,non_existent,non_existent,non_existent,non_existent,empty,empty,empty,empty,empty,
CP,V,65,Mid,large,1,a,NA,NA,NA,non_existent,non_existent,non_existent,non_existent,non_existent,non_existent,non_existent,non_existent,non_existent,non_existent,non_existent,non_existent,non_existent,non_existent,non_existent,non_existent,non_existent,non_existent,non_existent,non_existent,non_existent,non_existent,non_existent,non_existent,non_existent,non_existent,non_existent,non_existent,non_existent,non_existent,non_existent,non_existent,non_existent,non_existent,non_existent,non_existent,pseudo,pseudo,no_visit,pseudo,pseudo,pseudo,pseudo,pseudo,pseudo,pseudo,pseudo,pseudo,pseudo,pseudo,pseudo,pseudo,
CP,V,65,Mid,medium ,5,a,NA,NA,NA,non_existent,non_existent,non_existent,non_existent,non_existent,non_existent,non_existent,non_existent,non_existent,non_existent,non_existent,non_existent,non_existent,non_existent,non_existent,non_existent,non_existent,non_existent,non_existent,non_existent,non_existent,non_existent,non_existent,non_existent,non_existent,non_existent,non_existent,non_existent,non_existent,non_existent,non_existent,non_existent,non_existent,non_existent,non_existent,non_existent,pseudo,pseudo,no_visit,pseudo,pseudo,pseudo,pseudo,pseudo,pseudo,pseudo,pseudo,pseudo,pseudo,pseudo,pseudo,pseudo,
CP,V,65,Mid,medium ,9,a,NA,NA,NA,non_existent,non_existent,non_existent,non_existent,non_existent,non_existent,non_existent,non_existent,non_existent,non_existent,non_existent,non_existent,non_existent,non_existent,non_existent,non_existent,non_existent,non_existent,non_existent,non_existent,non_existent,non_existent,non_existent,non_existent,non_existent,non_existent,non_existent,non_existent,non_existent,non_existent,non_existent,non_existent,non_existent,non_existent,non_existent,non_existent,pseudo,pseudo,no_visit,pseudo,pseudo,pseudo,pseudo,pseudo,pseudo,pseudo,pseudo,pseudo,pseudo,pseudo,pseudo,pseudo,
CP,V,65,Mid,large,14,a,NA,NA,NA,non_existent,non_existent,non_existent,non_existent,non_existent,non_existent,non_existent,non_existent,non_existent,non_existent,non_existent,non_existent,non_existent,non_existent,non_existent,non_existent,non_existent,non_existent,non_existent,non_existent,non_existent,non_existent,non_existent,non_existent,non_existent,non_existent,non_existent,non_existent,non_existent,non_existent,non_existent,non_existent,non_existent,non_existent,non_existent,non_existent,pseudo,pseudo,no_visit,pseudo,pseudo,pseudo,pseudo,pseudo,pseudo,pseudo,pseudo,pseudo,pseudo,pseudo,pseudo,pseudo,
CP,V,65,Mid,small,15,a,NA,NA,NA,non_existent,non_existent,non_existent,non_existent,non_existent,non_existent,non_existent,non_existent,non_existent,non_existent,non_existent,non_existent,non_existent,non_existent,non_existent,non_existent,non_existent,non_existent,non_existent,non_existent,non_existent,non_existent,non_existent,non_existent,non_existent,non_existent,non_existent,non_existent,non_existent,non_existent,non_existent,non_existent,non_existent,non_existent,non_existent,non_existent,pseudo,pseudo,no_visit,pseudo,pseudo,pseudo,pseudo,pseudo,pseudo,pseudo,pseudo,pseudo,pseudo,pseudo,pseudo,pseudo,
CP,V,65,Mid,medium ,17,a,NA,NA,NA,non_existent,non_existent,non_existent,non_existent,non_existent,non_existent,non_existent,non_existent,non_existent,non_existent,non_existent,non_existent,non_existent,non_existent,non_existent,non_existent,non_existent,non_existent,non_existent,non_existent,non_existent,non_existent,non_existent,non_existent,non_existent,non_existent,non_existent,non_existent,non_existent,non_existent,non_existent,non_existent,non_existent,non_existent,non_existent,non_existent,pseudo,pseudo,no_visit,pseudo,pseudo,pseudo,pseudo,pseudo,pseudo,pseudo,pseudo,pseudo,pseudo,pseudo,pseudo,pseudo,
CP,V,66,High,large,1,a,NA,NA,NA,non_existent,non_existent,non_existent,non_existent,non_existent,non_existent,non_existent,non_existent,non_existent,non_existent,non_existent,non_existent,non_existent,non_existent,non_existent,non_existent,non_existent,non_existent,non_existent,non_existent,non_existent,non_existent,non_existent,non_existent,non_existent,non_existent,non_existent,non_existent,non_existent,non_existent,non_existent,non_existent,non_existent,non_existent,non_existent,non_existent,pseudo,pseudo,no_visit,pseudo,pseudo,pseudo,pseudo,pseudo,pseudo,pseudo,pseudo,pseudo,pseudo,pseudo,pseudo,pseudo,
CP,V,66,High,medium,2,a,NA,NA,NA,non_existent,non_existent,non_existent,non_existent,non_existent,non_existent,non_existent,non_existent,non_existent,non_existent,non_existent,non_existent,non_existent,non_existent,non_existent,non_existent,non_existent,non_existent,non_existent,non_existent,non_existent,non_existent,non_existent,non_existent,non_existent,non_existent,non_existent,non_existent,non_existent,non_existent,non_existent,non_existent,non_existent,non_existent,non_existent,non_existent,pseudo,pseudo,no_visit,pseudo,pseudo,pseudo,pseudo,non_existent,non_existent,non_existent,non_existent,non_existent,non_existent,non_existent,non_existent,non_existent,pseudo broke and wasp went inside 
CP,V,66,High,medium,2,b,NA,NA,wasp,non_existent,non_existent,non_existent,non_existent,non_existent,non_existent,non_existent,non_existent,non_existent,non_existent,non_existent,non_existent,non_existent,non_existent,non_existent,non_existent,non_existent,non_existent,non_existent,non_existent,non_existent,non_existent,non_existent,non_existent,non_existent,non_existent,non_existent,non_existent,non_existent,non_existent,non_existent,non_existent,non_existent,non_existent,non_existent,non_existent,non_existent,non_existent,no_visit,non_existent,non_existent,non_existent,non_existent,non-target cells ,no change,non-target cells ,non-target cells ,end cap ,non_existent,non_existent,non_existent,non_existent,
CP,V,66,High,medium,2,c,NA,NA,wasp,non_existent,non_existent,non_existent,non_existent,non_existent,non_existent,non_existent,non_existent,non_existent,non_existent,non_existent,non_existent,non_existent,non_existent,non_existent,non_existent,non_existent,non_existent,non_existent,non_existent,non_existent,non_existent,non_existent,non_existent,non_existent,non_existent,non_existent,non_existent,non_existent,non_existent,non_existent,non_existent,non_existent,non_existent,non_existent,non_existent,non_existent,non_existent,no_visit,non_existent,non_existent,non_existent,non_existent,non_existent,non_existent,non_existent,non_existent,non_existent,empty,empty,non-target cells ,non-target cells  ,
CP,V,66,High,small,3,a,NA,NA,wasp,non_existent,non_existent,non_existent,non_existent,non_existent,non_existent,non_existent,non_existent,non_existent,non_existent,non_existent,non_existent,non_existent,non_existent,non_existent,non_existent,non_existent,non_existent,non_existent,non_existent,non_existent,non_existent,non_existent,non_existent,non_existent,non_existent,non_existent,non_existent,non_existent,non_existent,non_existent,non_existent,non_existent,non_existent,non_existent,non_existent,empty,empty,no_visit,empty,empty,empty,empty,empty,empty,empty,empty,non-target cells ,no change,no change,end cap ,non_existent,
CP,V,66,High,small,3,b,NA,NA,NA,non_existent,non_existent,non_existent,non_existent,non_existent,non_existent,non_existent,non_existent,non_existent,non_existent,non_existent,non_existent,non_existent,non_existent,non_existent,non_existent,non_existent,non_existent,non_existent,non_existent,non_existent,non_existent,non_existent,non_existent,non_existent,non_existent,non_existent,non_existent,non_existent,non_existent,non_existent,non_existent,non_existent,non_existent,non_existent,non_existent,non_existent,non_existent,no_visit,non_existent,non_existent,non_existent,non_existent,non_existent,non_existent,non_existent,non_existent,non_existent,non_existent,non_existent,non_existent,empty,
CP,V,66,High,medium ,4,a,NA,NA,wasp,non_existent,non_existent,non_existent,non_existent,non_existent,non_existent,non_existent,non_existent,non_existent,non_existent,non_existent,non_existent,non_existent,non_existent,non_existent,non_existent,non_existent,non_existent,non_existent,non_existent,non_existent,non_existent,non_existent,non_existent,non_existent,non_existent,non_existent,non_existent,non_existent,non_existent,non_existent,non_existent,non_existent,non_existent,non_existent,non_existent,empty,empty,no_visit,empty,1 cell ,no change,no change,non-target completed ,non_existent,non_existent,non_existent,non_existent,non_existent,non_existent,non_existent,non_existent,
CP,V,66,High,medium ,4,b,NA,NA,NA,non_existent,non_existent,non_existent,non_existent,non_existent,non_existent,non_existent,non_existent,non_existent,non_existent,non_existent,non_existent,non_existent,non_existent,non_existent,non_existent,non_existent,non_existent,non_existent,non_existent,non_existent,non_existent,non_existent,non_existent,non_existent,non_existent,non_existent,non_existent,non_existent,non_existent,non_existent,non_existent,non_existent,non_existent,non_existent,non_existent,non_existent,non_existent,no_visit,non_existent,non_existent,non_existent,non_existent,non_existent,pseudo,pseudo,pseudo,pseudo,pseudo,pseudo,pseudo,pseudo,
CP,V,66,High,medium ,5,a,NA,NA,NA,non_existent,non_existent,non_existent,non_existent,non_existent,non_existent,non_existent,non_existent,non_existent,non_existent,non_existent,non_existent,non_existent,non_existent,non_existent,non_existent,non_existent,non_existent,non_existent,non_existent,non_existent,non_existent,non_existent,non_existent,non_existent,non_existent,non_existent,non_existent,non_existent,non_existent,non_existent,non_existent,non_existent,non_existent,non_existent,non_existent,pseudo,pseudo,no_visit,pseudo,pseudo,pseudo,pseudo,pseudo,pseudo,pseudo,pseudo,pseudo,pseudo,pseudo,pseudo,pseudo,
CP,V,66,High,medium ,6,a,NA,NA,NA,non_existent,non_existent,non_existent,non_existent,non_existent,non_existent,non_existent,non_existent,non_existent,non_existent,non_existent,non_existent,non_existent,non_existent,non_existent,non_existent,non_existent,non_existent,non_existent,non_existent,non_existent,non_existent,non_existent,non_existent,non_existent,non_existent,non_existent,non_existent,non_existent,non_existent,non_existent,non_existent,non_existent,non_existent,non_existent,non_existent,pseudo,pseudo,no_visit,pseudo,pseudo,pseudo,pseudo,pseudo,pseudo,pseudo,pseudo,pseudo,pseudo,pseudo,pseudo,pseudo,
CP,V,66,High,medium ,8,a,NA,NA,NA,non_existent,non_existent,non_existent,non_existent,non_existent,non_existent,non_existent,non_existent,non_existent,non_existent,non_existent,non_existent,non_existent,non_existent,non_existent,non_existent,non_existent,non_existent,non_existent,non_existent,non_existent,non_existent,non_existent,non_existent,non_existent,non_existent,non_existent,non_existent,non_existent,non_existent,non_existent,non_existent,non_existent,non_existent,non_existent,non_existent,empty,empty,no_visit,non_existent,non_existent,non_existent,non_existent,non_existent,non_existent,non_existent,non_existent,non_existent,non_existent,non_existent,non_existent,non_existent,
CP,V,66,High,medium ,8,b,NA,NA,NA,non_existent,non_existent,non_existent,non_existent,non_existent,non_existent,non_existent,non_existent,non_existent,non_existent,non_existent,non_existent,non_existent,non_existent,non_existent,non_existent,non_existent,non_existent,non_existent,non_existent,non_existent,non_existent,non_existent,non_existent,non_existent,non_existent,non_existent,non_existent,non_existent,non_existent,non_existent,non_existent,non_existent,non_existent,non_existent,non_existent,non_existent,non_existent,no_visit,pseudo,pseudo,pseudo,pseudo,pseudo,pseudo,pseudo,pseudo,pseudo,pseudo,pseudo,pseudo,pseudo,
CP,V,66,High,large,10,a,NA,NA,NA,non_existent,non_existent,non_existent,non_existent,non_existent,non_existent,non_existent,non_existent,non_existent,non_existent,non_existent,non_existent,non_existent,non_existent,non_existent,non_existent,non_existent,non_existent,non_existent,non_existent,non_existent,non_existent,non_existent,non_existent,non_existent,non_existent,non_existent,non_existent,non_existent,non_existent,non_existent,non_existent,non_existent,non_existent,non_existent,non_existent,pseudo,pseudo,no_visit,pseudo,pseudo,pseudo,pseudo,pseudo,pseudo,pseudo,pseudo,pseudo,pseudo,pseudo,pseudo,pseudo,
CP,V,66,High,medium ,12,a,NA,NA,NA,non_existent,non_existent,non_existent,non_existent,non_existent,non_existent,non_existent,non_existent,non_existent,non_existent,non_existent,non_existent,non_existent,non_existent,non_existent,non_existent,non_existent,non_existent,non_existent,non_existent,non_existent,non_existent,non_existent,non_existent,non_existent,non_existent,non_existent,non_existent,non_existent,non_existent,non_existent,non_existent,non_existent,non_existent,non_existent,non_existent,pseudo,pseudo,no_visit,pseudo,pseudo,pseudo,pseudo,pseudo,pseudo,pseudo,pseudo,pseudo,pseudo,pseudo,pseudo,pseudo,
CP,V,66,High,large,13,a,NA,NA,NA,non_existent,non_existent,non_existent,non_existent,non_existent,non_existent,non_existent,non_existent,non_existent,non_existent,non_existent,non_existent,non_existent,non_existent,non_existent,non_existent,non_existent,non_existent,non_existent,non_existent,non_existent,non_existent,non_existent,non_existent,non_existent,non_existent,non_existent,non_existent,non_existent,non_existent,non_existent,non_existent,non_existent,non_existent,non_existent,non_existent,pseudo,pseudo,no_visit,pseudo,pseudo,pseudo,pseudo,pseudo,pseudo,pseudo,pseudo,pseudo,pseudo,pseudo,pseudo,pseudo,
CP,V,66,High,medium ,14,a,NA,NA,NA,non_existent,non_existent,non_existent,non_existent,non_existent,non_existent,non_existent,non_existent,non_existent,non_existent,non_existent,non_existent,non_existent,non_existent,non_existent,non_existent,non_existent,non_existent,non_existent,non_existent,non_existent,non_existent,non_existent,non_existent,non_existent,non_existent,non_existent,non_existent,non_existent,non_existent,non_existent,non_existent,non_existent,non_existent,non_existent,non_existent,pseudo,non_existent,no_visit,non_existent,non_existent,non_existent,non_existent,non_existent,non_existent,non_existent,non_existent,non_existent,non_existent,non_existent,non_existent,non_existent,
CP,V,66,High,medium ,14,b,NA,NA,wasp,non_existent,non_existent,non_existent,non_existent,non_existent,non_existent,non_existent,non_existent,non_existent,non_existent,non_existent,non_existent,non_existent,non_existent,non_existent,non_existent,non_existent,non_existent,non_existent,non_existent,non_existent,non_existent,non_existent,non_existent,non_existent,non_existent,non_existent,non_existent,non_existent,non_existent,non_existent,non_existent,non_existent,non_existent,non_existent,non_existent,non_existent,non-target inner wall ,no_visit,non-target cells ,non-target nest completed ,non_existent,non_existent,non_existent,non_existent,non_existent,non_existent,non_existent,non_existent,non_existent,non_existent,non_existent,
CP,V,66,High,medium ,14,c,NA,NA,NA,non_existent,non_existent,non_existent,non_existent,non_existent,non_existent,non_existent,non_existent,non_existent,non_existent,non_existent,non_existent,non_existent,non_existent,non_existent,non_existent,non_existent,non_existent,non_existent,non_existent,non_existent,non_existent,non_existent,non_existent,non_existent,non_existent,non_existent,non_existent,non_existent,non_existent,non_existent,non_existent,non_existent,non_existent,non_existent,non_existent,non_existent,non_existent,no_visit,non_existent,non_existent,empty,empty,empty,empty,empty,empty,empty,empty,empty,empty,empty,
CP,V,66,High,medium ,15,a,NA,NA,NA,non_existent,non_existent,non_existent,non_existent,non_existent,non_existent,non_existent,non_existent,non_existent,non_existent,non_existent,non_existent,non_existent,non_existent,non_existent,non_existent,non_existent,non_existent,non_existent,non_existent,non_existent,non_existent,non_existent,non_existent,non_existent,non_existent,non_existent,non_existent,non_existent,non_existent,non_existent,non_existent,non_existent,non_existent,non_existent,non_existent,pseudo,pseudo,no_visit,pseudo,pseudo,pseudo,pseudo,pseudo,pseudo,pseudo,pseudo,pseudo,pseudo,pseudo,pseudo,pseudo,
CP,V,66,High,small ,16,a,NA,NA,NA,non_existent,non_existent,non_existent,non_existent,non_existent,non_existent,non_existent,non_existent,non_existent,non_existent,non_existent,non_existent,non_existent,non_existent,non_existent,non_existent,non_existent,non_existent,non_existent,non_existent,non_existent,non_existent,non_existent,non_existent,non_existent,non_existent,non_existent,non_existent,non_existent,non_existent,non_existent,non_existent,non_existent,non_existent,non_existent,non_existent,pseudo,pseudo,no_visit,pseudo,pseudo,pseudo,pseudo,pseudo,pseudo,pseudo,pseudo,pseudo,pseudo,pseudo,pseudo,pseudo,
CP,V,66,High,medium ,17,a,NA,NA,wasp,non_existent,non_existent,non_existent,non_existent,non_existent,non_existent,non_existent,non_existent,non_existent,non_existent,non_existent,non_existent,non_existent,non_existent,non_existent,non_existent,non_existent,non_existent,non_existent,non_existent,non_existent,non_existent,non_existent,non_existent,non_existent,non_existent,non_existent,non_existent,non_existent,non_existent,non_existent,non_existent,non_existent,non_existent,non_existent,non_existent,empty,non-target nest completed ,no_visit,non_existent,non_existent,non_existent,non_existent,non_existent,non_existent,non_existent,non_existent,non_existent,non_existent,non_existent,non_existent,non_existent,
CP,V,66,High,medium ,17,b,NA,NA,NA,non_existent,non_existent,non_existent,non_existent,non_existent,non_existent,non_existent,non_existent,non_existent,non_existent,non_existent,non_existent,non_existent,non_existent,non_existent,non_existent,non_existent,non_existent,non_existent,non_existent,non_existent,non_existent,non_existent,non_existent,non_existent,non_existent,non_existent,non_existent,non_existent,non_existent,non_existent,non_existent,non_existent,non_existent,non_existent,non_existent,non_existent,non_existent,no_visit,empty,empty,empty,empty,empty,empty,empty,empty,empty,empty,empty,empty,empty,
CP,V,66,High,large,18,a,NA,NA,NA,non_existent,non_existent,non_existent,non_existent,non_existent,non_existent,non_existent,non_existent,non_existent,non_existent,non_existent,non_existent,non_existent,non_existent,non_existent,non_existent,non_existent,non_existent,non_existent,non_existent,non_existent,non_existent,non_existent,non_existent,non_existent,non_existent,non_existent,non_existent,non_existent,non_existent,non_existent,non_existent,non_existent,non_existent,non_existent,non_existent,pseudo,pseudo,no_visit,pseudo,pseudo,pseudo,pseudo,pseudo,pseudo,pseudo,pseudo,pseudo,pseudo,pseudo,pseudo,pseudo,
CP,W,67,Low,medium ,15,a,140.94,90.25,megachile,non_existent,non_existent,non_existent,non_existent,non_existent,non_existent,non_existent,non_existent,non_existent,non_existent,non_existent,non_existent,non_existent,non_existent,non_existent,non_existent,non_existent,non_existent,non_existent,non_existent,non_existent,non_existent,non_existent,non_existent,non_existent,non_existent,non_existent,non_existent,non_existent,non_existent,non_existent,non_existent,non_existent,non_existent,non_existent,non_existent,empty,2 cells ,no_visit,1 cell + end cap ,non_existent,non_existent,non_existent,non_existent,non_existent,non_existent,non_existent,non_existent,non_existent,non_existent,non_existent,non_existent,
CP,W,67,Low,medium ,15,b,146.94,25.62,megachile,non_existent,non_existent,non_existent,non_existent,non_existent,non_existent,non_existent,non_existent,non_existent,non_existent,non_existent,non_existent,non_existent,non_existent,non_existent,non_existent,non_existent,non_existent,non_existent,non_existent,non_existent,non_existent,non_existent,non_existent,non_existent,non_existent,non_existent,non_existent,non_existent,non_existent,non_existent,non_existent,non_existent,non_existent,non_existent,non_existent,non_existent,non_existent,no_visit,non_existent,empty,1 cell ,no change,end cap,no change,non_existent,non_existent,non_existent,non_existent,non_existent,non_existent,non_existent,
CP,W,67,Low,medium ,15,c,NA,NA,NA,non_existent,non_existent,non_existent,non_existent,non_existent,non_existent,non_existent,non_existent,non_existent,non_existent,non_existent,non_existent,non_existent,non_existent,non_existent,non_existent,non_existent,non_existent,non_existent,non_existent,non_existent,non_existent,non_existent,non_existent,non_existent,non_existent,non_existent,non_existent,non_existent,non_existent,non_existent,non_existent,non_existent,non_existent,non_existent,non_existent,non_existent,non_existent,no_visit,non_existent,non_existent,non_existent,non_existent,non_existent,non_existent,empty,empty,empty,empty,empty,empty,empty,
CP,W,67,Low,medium ,16,a,142.6,93.38,megachile,non_existent,non_existent,non_existent,non_existent,non_existent,non_existent,non_existent,non_existent,non_existent,non_existent,non_existent,non_existent,non_existent,non_existent,non_existent,non_existent,non_existent,non_existent,non_existent,non_existent,non_existent,non_existent,non_existent,non_existent,non_existent,non_existent,non_existent,non_existent,non_existent,non_existent,non_existent,non_existent,non_existent,non_existent,non_existent,non_existent,empty,empty,no_visit,2 cells ,2 cells ,end cap ,non_existent,non_existent,non_existent,non_existent,non_existent,non_existent,non_existent,non_existent,non_existent,non_existent,
CP,W,67,Low,medium ,16,b,NA,NA,NA,non_existent,non_existent,non_existent,non_existent,non_existent,non_existent,non_existent,non_existent,non_existent,non_existent,non_existent,non_existent,non_existent,non_existent,non_existent,non_existent,non_existent,non_existent,non_existent,non_existent,non_existent,non_existent,non_existent,non_existent,non_existent,non_existent,non_existent,non_existent,non_existent,non_existent,non_existent,non_existent,non_existent,non_existent,non_existent,non_existent,non_existent,non_existent,no_visit,non_existent,non_existent,non_existent,empty,empty,empty,empty,empty,empty,empty,empty,empty,empty,
CP,W,68,Mid,large,1,a,NA,NA,NA,non_existent,non_existent,non_existent,non_existent,non_existent,non_existent,non_existent,non_existent,non_existent,non_existent,non_existent,non_existent,non_existent,non_existent,non_existent,non_existent,non_existent,non_existent,non_existent,non_existent,non_existent,non_existent,non_existent,non_existent,non_existent,non_existent,non_existent,non_existent,non_existent,non_existent,non_existent,non_existent,non_existent,non_existent,non_existent,non_existent,pseudo,pseudo,no_visit,pseudo,pseudo,pseudo,pseudo,pseudo,pseudo,pseudo,pseudo,pseudo,pseudo,pseudo,pseudo,pseudo,
CP,W,68,Mid,medium ,2,a,NA,NA,NA,non_existent,non_existent,non_existent,non_existent,non_existent,non_existent,non_existent,non_existent,non_existent,non_existent,non_existent,non_existent,non_existent,non_existent,non_existent,non_existent,non_existent,non_existent,non_existent,non_existent,non_existent,non_existent,non_existent,non_existent,non_existent,non_existent,non_existent,non_existent,non_existent,non_existent,non_existent,non_existent,non_existent,non_existent,non_existent,non_existent,pseudo,pseudo,no_visit,pseudo,pseudo,pseudo,pseudo,pseudo,pseudo,pseudo,pseudo,pseudo,pseudo,pseudo,pseudo,pseudo,
CP,W,68,Mid,medium ,3,a,NA,NA,NA,non_existent,non_existent,non_existent,non_existent,non_existent,non_existent,non_existent,non_existent,non_existent,non_existent,non_existent,non_existent,non_existent,non_existent,non_existent,non_existent,non_existent,non_existent,non_existent,non_existent,non_existent,non_existent,non_existent,non_existent,non_existent,non_existent,non_existent,non_existent,non_existent,non_existent,non_existent,non_existent,non_existent,non_existent,non_existent,non_existent,pseudo,pseudo,no_visit,pseudo,pseudo,pseudo,pseudo,pseudo,pseudo,pseudo,pseudo,pseudo,pseudo,pseudo,pseudo,pseudo,
CP,W,68,Mid,small ,4,a,NA,NA,NA,non_existent,non_existent,non_existent,non_existent,non_existent,non_existent,non_existent,non_existent,non_existent,non_existent,non_existent,non_existent,non_existent,non_existent,non_existent,non_existent,non_existent,non_existent,non_existent,non_existent,non_existent,non_existent,non_existent,non_existent,non_existent,non_existent,non_existent,non_existent,non_existent,non_existent,non_existent,non_existent,non_existent,non_existent,non_existent,non_existent,pseudo,pseudo,no_visit,pseudo,pseudo,pseudo,pseudo,pseudo,pseudo,pseudo,pseudo,pseudo,pseudo,pseudo,pseudo,pseudo,
CP,W,68,Mid,large ,10,a,NA,NA,NA,non_existent,non_existent,non_existent,non_existent,non_existent,non_existent,non_existent,non_existent,non_existent,non_existent,non_existent,non_existent,non_existent,non_existent,non_existent,non_existent,non_existent,non_existent,non_existent,non_existent,non_existent,non_existent,non_existent,non_existent,non_existent,non_existent,non_existent,non_existent,non_existent,non_existent,non_existent,non_existent,non_existent,non_existent,non_existent,non_existent,pseudo,pseudo,no_visit,pseudo,pseudo,pseudo,pseudo,pseudo,pseudo,pseudo,pseudo,pseudo,pseudo,pseudo,pseudo,pseudo,
CP,W,68,Mid,medium ,13,a,NA,NA,NA,non_existent,non_existent,non_existent,non_existent,non_existent,non_existent,non_existent,non_existent,non_existent,non_existent,non_existent,non_existent,non_existent,non_existent,non_existent,non_existent,non_existent,non_existent,non_existent,non_existent,non_existent,non_existent,non_existent,non_existent,non_existent,non_existent,non_existent,non_existent,non_existent,non_existent,non_existent,non_existent,non_existent,non_existent,non_existent,non_existent,pseudo,pseudo,no_visit,pseudo,pseudo,pseudo,pseudo,pseudo,pseudo,pseudo,pseudo,pseudo,pseudo,pseudo,pseudo,pseudo,
CP,W,69,High,large,4,a,NA,NA,NA,non_existent,non_existent,non_existent,non_existent,non_existent,non_existent,non_existent,non_existent,non_existent,non_existent,non_existent,non_existent,non_existent,non_existent,non_existent,non_existent,non_existent,non_existent,non_existent,non_existent,non_existent,non_existent,non_existent,non_existent,non_existent,non_existent,non_existent,non_existent,non_existent,non_existent,non_existent,non_existent,non_existent,non_existent,non_existent,non_existent,pseudo,pseudo,no_visit,pseudo,pseudo,pseudo,pseudo,pseudo,pseudo,pseudo,pseudo,pseudo,pseudo,pseudo,pseudo,pseudo,
CP,W,69,High,large,5,a,NA,NA,NA,non_existent,non_existent,non_existent,non_existent,non_existent,non_existent,non_existent,non_existent,non_existent,non_existent,non_existent,non_existent,non_existent,non_existent,non_existent,non_existent,non_existent,non_existent,non_existent,non_existent,non_existent,non_existent,non_existent,non_existent,non_existent,non_existent,non_existent,non_existent,non_existent,non_existent,non_existent,non_existent,non_existent,non_existent,non_existent,non_existent,pseudo,pseudo,no_visit,pseudo,pseudo,pseudo,pseudo,pseudo,pseudo,pseudo,pseudo,pseudo,pseudo,pseudo,pseudo,pseudo,
CP,W,69,High,medium ,6,a,NA,NA,NA,non_existent,non_existent,non_existent,non_existent,non_existent,non_existent,non_existent,non_existent,non_existent,non_existent,non_existent,non_existent,non_existent,non_existent,non_existent,non_existent,non_existent,non_existent,non_existent,non_existent,non_existent,non_existent,non_existent,non_existent,non_existent,non_existent,non_existent,non_existent,non_existent,non_existent,non_existent,non_existent,non_existent,non_existent,non_existent,non_existent,pseudo,pseudo,no_visit,pseudo,pseudo,pseudo,pseudo,pseudo,pseudo,pseudo,pseudo,pseudo,pseudo,pseudo,pseudo,pseudo,
CP,W,69,High,medium ,7,a,NA,NA,NA,non_existent,non_existent,non_existent,non_existent,non_existent,non_existent,non_existent,non_existent,non_existent,non_existent,non_existent,non_existent,non_existent,non_existent,non_existent,non_existent,non_existent,non_existent,non_existent,non_existent,non_existent,non_existent,non_existent,non_existent,non_existent,non_existent,non_existent,non_existent,non_existent,non_existent,non_existent,non_existent,non_existent,non_existent,non_existent,non_existent,pseudo,pseudo,no_visit,pseudo,pseudo,pseudo,pseudo,pseudo,pseudo,pseudo,pseudo,pseudo,pseudo,pseudo,pseudo,pseudo,
CP,W,69,High,large,10,a,NA,NA,NA,non_existent,non_existent,non_existent,non_existent,non_existent,non_existent,non_existent,non_existent,non_existent,non_existent,non_existent,non_existent,non_existent,non_existent,non_existent,non_existent,non_existent,non_existent,non_existent,non_existent,non_existent,non_existent,non_existent,non_existent,non_existent,non_existent,non_existent,non_existent,non_existent,non_existent,non_existent,non_existent,non_existent,non_existent,non_existent,non_existent,pseudo,pseudo,no_visit,pseudo,pseudo,pseudo,pseudo,pseudo,pseudo,pseudo,pseudo,pseudo,pseudo,pseudo,pseudo,pseudo,
CP,W,69,High,small,11,a,NA,NA,NA,non_existent,non_existent,non_existent,non_existent,non_existent,non_existent,non_existent,non_existent,non_existent,non_existent,non_existent,non_existent,non_existent,non_existent,non_existent,non_existent,non_existent,non_existent,non_existent,non_existent,non_existent,non_existent,non_existent,non_existent,non_existent,non_existent,non_existent,non_existent,non_existent,non_existent,non_existent,non_existent,non_existent,non_existent,non_existent,non_existent,pseudo,pseudo,no_visit,pseudo,pseudo,pseudo,pseudo,pseudo,pseudo,pseudo,pseudo,pseudo,pseudo,pseudo,pseudo,pseudo,
CP,W,69,High,medium,12,a,NA,NA,NA,non_existent,non_existent,non_existent,non_existent,non_existent,non_existent,non_existent,non_existent,non_existent,non_existent,non_existent,non_existent,non_existent,non_existent,non_existent,non_existent,non_existent,non_existent,non_existent,non_existent,non_existent,non_existent,non_existent,non_existent,non_existent,non_existent,non_existent,non_existent,non_existent,non_existent,non_existent,non_existent,non_existent,non_existent,non_existent,non_existent,pseudo,pseudo,no_visit,pseudo,pseudo,pseudo,pseudo,pseudo,pseudo,pseudo,pseudo,pseudo,pseudo,pseudo,pseudo,pseudo,
CP,W,69,High,medium,14,a,NA,NA,NA,non_existent,non_existent,non_existent,non_existent,non_existent,non_existent,non_existent,non_existent,non_existent,non_existent,non_existent,non_existent,non_existent,non_existent,non_existent,non_existent,non_existent,non_existent,non_existent,non_existent,non_existent,non_existent,non_existent,non_existent,non_existent,non_existent,non_existent,non_existent,non_existent,non_existent,non_existent,non_existent,non_existent,non_existent,non_existent,non_existent,pseudo,pseudo,no_visit,pseudo,pseudo,pseudo,pseudo,pseudo,pseudo,pseudo,pseudo,pseudo,pseudo,pseudo,pseudo,pseudo,
CP,W,69,High,medium,15,a,NA,NA,NA,non_existent,non_existent,non_existent,non_existent,non_existent,non_existent,non_existent,non_existent,non_existent,non_existent,non_existent,non_existent,non_existent,non_existent,non_existent,non_existent,non_existent,non_existent,non_existent,non_existent,non_existent,non_existent,non_existent,non_existent,non_existent,non_existent,non_existent,non_existent,non_existent,non_existent,non_existent,non_existent,non_existent,non_existent,non_existent,non_existent,pseudo,pseudo,no_visit,pseudo,pseudo,pseudo,pseudo,pseudo,pseudo,pseudo,pseudo,pseudo,pseudo,pseudo,pseudo,pseudo,
CP,W,69,High,large,16,a,NA,NA,NA,non_existent,non_existent,non_existent,non_existent,non_existent,non_existent,non_existent,non_existent,non_existent,non_existent,non_existent,non_existent,non_existent,non_existent,non_existent,non_existent,non_existent,non_existent,non_existent,non_existent,non_existent,non_existent,non_existent,non_existent,non_existent,non_existent,non_existent,non_existent,non_existent,non_existent,non_existent,non_existent,non_existent,non_existent,non_existent,non_existent,pseudo,pseudo,no_visit,pseudo,pseudo,pseudo,pseudo,pseudo,pseudo,pseudo,pseudo,pseudo,pseudo,pseudo,pseudo,pseudo,
CP,W,69,High,medium ,17,a,NA,NA,NA,non_existent,non_existent,non_existent,non_existent,non_existent,non_existent,non_existent,non_existent,non_existent,non_existent,non_existent,non_existent,non_existent,non_existent,non_existent,non_existent,non_existent,non_existent,non_existent,non_existent,non_existent,non_existent,non_existent,non_existent,non_existent,non_existent,non_existent,non_existent,non_existent,non_existent,non_existent,non_existent,non_existent,non_existent,non_existent,non_existent,pseudo,pseudo,no_visit,pseudo,pseudo,pseudo,pseudo,pseudo,pseudo,pseudo,pseudo,pseudo,pseudo,pseudo,pseudo,pseudo,
CP,X,70,Low,medium ,2,a,NA,NA,wasp,non_existent,non_existent,non_existent,non_existent,non_existent,non_existent,non_existent,non_existent,non_existent,non_existent,non_existent,non_existent,non_existent,non_existent,non_existent,non_existent,non_existent,non_existent,non_existent,non_existent,non_existent,non_existent,non_existent,non_existent,non_existent,non_existent,non_existent,non_existent,non_existent,non_existent,non_existent,non_existent,non_existent,non_existent,non_existent,non_existent,empty,non-target inner wall ,no_visit,no change,no change,no change,non_existent,non_existent,non_existent,non_existent,non_existent,non_existent,non_existent,non_existent,non_existent,non_existent,
CP,X,70,Low,medium ,2,b,NA,NA,NA,non_existent,non_existent,non_existent,non_existent,non_existent,non_existent,non_existent,non_existent,non_existent,non_existent,non_existent,non_existent,non_existent,non_existent,non_existent,non_existent,non_existent,non_existent,non_existent,non_existent,non_existent,non_existent,non_existent,non_existent,non_existent,non_existent,non_existent,non_existent,non_existent,non_existent,non_existent,non_existent,non_existent,non_existent,non_existent,non_existent,non_existent,non_existent,no_visit,non_existent,non_existent,non_existent,empty,empty,empty,empty,empty,empty,empty,empty,empty,empty,
CP,X,70,Low,small,5,a,135.29,6.56,megachile,non_existent,non_existent,non_existent,non_existent,non_existent,non_existent,non_existent,non_existent,non_existent,non_existent,non_existent,non_existent,non_existent,non_existent,non_existent,non_existent,non_existent,non_existent,non_existent,non_existent,non_existent,non_existent,non_existent,non_existent,non_existent,non_existent,non_existent,non_existent,non_existent,non_existent,non_existent,non_existent,non_existent,non_existent,non_existent,non_existent,empty,empty,no_visit,empty,empty,empty,empty,empty,empty,empty,empty,empty,empty,empty,empty,1 cell ,
CP,X,71,Mid,medium,2,a,145.29,38,megachile,non_existent,non_existent,non_existent,non_existent,non_existent,non_existent,non_existent,non_existent,non_existent,non_existent,non_existent,non_existent,non_existent,non_existent,non_existent,non_existent,non_existent,non_existent,non_existent,non_existent,non_existent,non_existent,non_existent,non_existent,non_existent,non_existent,non_existent,non_existent,non_existent,non_existent,non_existent,non_existent,non_existent,non_existent,non_existent,non_existent,empty,empty,no_visit,empty,empty,empty,empty,empty,empty,1 cell,no change,1 cell ,no change,no change,end cap ,no change,
CP,X,71,Mid,medium,3,a,NA,NA,NA,non_existent,non_existent,non_existent,non_existent,non_existent,non_existent,non_existent,non_existent,non_existent,non_existent,non_existent,non_existent,non_existent,non_existent,non_existent,non_existent,non_existent,non_existent,non_existent,non_existent,non_existent,non_existent,non_existent,non_existent,non_existent,non_existent,non_existent,non_existent,non_existent,non_existent,non_existent,non_existent,non_existent,non_existent,non_existent,non_existent,pseudo,pseudo,no_visit,pseudo,pseudo,pseudo,pseudo,pseudo,pseudo,pseudo,pseudo,pseudo,pseudo,pseudo,pseudo,pseudo,
CP,X,71,Mid,medium,4,a,143.91,25.49,megachile,non_existent,non_existent,non_existent,non_existent,non_existent,non_existent,non_existent,non_existent,non_existent,non_existent,non_existent,non_existent,non_existent,non_existent,non_existent,non_existent,non_existent,non_existent,non_existent,non_existent,non_existent,non_existent,non_existent,non_existent,non_existent,non_existent,non_existent,non_existent,non_existent,non_existent,non_existent,non_existent,non_existent,non_existent,non_existent,non_existent,empty,empty,no_visit,empty,empty,empty,empty,empty,empty,empty,empty,empty,empty,empty,empty,2 cells  ,
CP,X,71,Mid,medium,5,a,NA,NA,NA,non_existent,non_existent,non_existent,non_existent,non_existent,non_existent,non_existent,non_existent,non_existent,non_existent,non_existent,non_existent,non_existent,non_existent,non_existent,non_existent,non_existent,non_existent,non_existent,non_existent,non_existent,non_existent,non_existent,non_existent,non_existent,non_existent,non_existent,non_existent,non_existent,non_existent,non_existent,non_existent,non_existent,non_existent,non_existent,non_existent,pseudo,pseudo,no_visit,pseudo,non_existent,non_existent,non_existent,non_existent,non_existent,non_existent,non_existent,non_existent,non_existent,non_existent,non_existent,non_existent,
CP,X,71,Mid,medium,5,b,NA,NA,NA,non_existent,non_existent,non_existent,non_existent,non_existent,non_existent,non_existent,non_existent,non_existent,non_existent,non_existent,non_existent,non_existent,non_existent,non_existent,non_existent,non_existent,non_existent,non_existent,non_existent,non_existent,non_existent,non_existent,non_existent,non_existent,non_existent,non_existent,non_existent,non_existent,non_existent,non_existent,non_existent,non_existent,non_existent,non_existent,non_existent,non_existent,non_existent,no_visit,non_existent,empty,empty,empty,empty,empty,empty,empty,empty,empty,empty,empty,empty,
CP,X,71,Mid,small,6,a,NA,NA,NA,non_existent,non_existent,non_existent,non_existent,non_existent,non_existent,non_existent,non_existent,non_existent,non_existent,non_existent,non_existent,non_existent,non_existent,non_existent,non_existent,non_existent,non_existent,non_existent,non_existent,non_existent,non_existent,non_existent,non_existent,non_existent,non_existent,non_existent,non_existent,non_existent,non_existent,non_existent,non_existent,non_existent,non_existent,non_existent,non_existent,pseudo,pseudo,no_visit,pseudo,pseudo,pseudo,pseudo,pseudo,pseudo,pseudo,pseudo,pseudo,non_existent,non_existent,non_existent,non_existent,
CP,X,71,Mid,small,6,b,NA,NA,NA,non_existent,non_existent,non_existent,non_existent,non_existent,non_existent,non_existent,non_existent,non_existent,non_existent,non_existent,non_existent,non_existent,non_existent,non_existent,non_existent,non_existent,non_existent,non_existent,non_existent,non_existent,non_existent,non_existent,non_existent,non_existent,non_existent,non_existent,non_existent,non_existent,non_existent,non_existent,non_existent,non_existent,non_existent,non_existent,non_existent,non_existent,non_existent,no_visit,non_existent,non_existent,non_existent,non_existent,non_existent,non_existent,non_existent,non_existent,non_existent,empty,empty,empty,empty,
CP,X,71,Mid,small,11,a,,,megachile,non_existent,non_existent,non_existent,non_existent,non_existent,non_existent,non_existent,non_existent,non_existent,non_existent,non_existent,non_existent,non_existent,non_existent,non_existent,non_existent,non_existent,non_existent,non_existent,non_existent,non_existent,non_existent,non_existent,non_existent,non_existent,non_existent,non_existent,non_existent,non_existent,non_existent,non_existent,non_existent,non_existent,non_existent,non_existent,non_existent,empty,empty,no_visit,empty,empty,empty,empty,empty,empty,empty,empty,1 cell ,no change,no change,end cap ,no change,
CP,X,71,Mid,medium,13,a,NA,NA,megachile,non_existent,non_existent,non_existent,non_existent,non_existent,non_existent,non_existent,non_existent,non_existent,non_existent,non_existent,non_existent,non_existent,non_existent,non_existent,non_existent,non_existent,non_existent,non_existent,non_existent,non_existent,non_existent,non_existent,non_existent,non_existent,non_existent,non_existent,non_existent,non_existent,non_existent,non_existent,non_existent,non_existent,non_existent,non_existent,non_existent,empty,empty,no_visit,empty,empty,empty,empty,inner wall ,non_existent,non_existent,non_existent,non_existent,non_existent,non_existent,non_existent,non_existent,Moved this subsite july 17
CP,X,71,Mid,medium,13,b,135.44,35.48,megachile,non_existent,non_existent,non_existent,non_existent,non_existent,non_existent,non_existent,non_existent,non_existent,non_existent,non_existent,non_existent,non_existent,non_existent,non_existent,non_existent,non_existent,non_existent,non_existent,non_existent,non_existent,non_existent,non_existent,non_existent,non_existent,non_existent,non_existent,non_existent,non_existent,non_existent,non_existent,non_existent,non_existent,non_existent,non_existent,non_existent,non_existent,non_existent,no_visit,non_existent,non_existent,non_existent,non_existent,non_existent,3 cells ,end cap ,no change,no change,no change,no change,no change,no change,
CP,X,71,Mid,medium,14,a,145.99,40.59,megachile,non_existent,non_existent,non_existent,non_existent,non_existent,non_existent,non_existent,non_existent,non_existent,non_existent,non_existent,non_existent,non_existent,non_existent,non_existent,non_existent,non_existent,non_existent,non_existent,non_existent,non_existent,non_existent,non_existent,non_existent,non_existent,non_existent,non_existent,non_existent,non_existent,non_existent,non_existent,non_existent,non_existent,non_existent,non_existent,non_existent,empty,empty,no_visit,2 cells ,end cap,no change,non_existent,non_existent,non_existent,non_existent,non_existent,non_existent,non_existent,non_existent,non_existent,non_existent,
CP,X,71,Mid,medium,14,b,NA,NA,NA,non_existent,non_existent,non_existent,non_existent,non_existent,non_existent,non_existent,non_existent,non_existent,non_existent,non_existent,non_existent,non_existent,non_existent,non_existent,non_existent,non_existent,non_existent,non_existent,non_existent,non_existent,non_existent,non_existent,non_existent,non_existent,non_existent,non_existent,non_existent,non_existent,non_existent,non_existent,non_existent,non_existent,non_existent,non_existent,non_existent,non_existent,non_existent,no_visit,non_existent,non_existent,non_existent,pseudo,pseudo,pseudo,non_existent,non_existent,non_existent,non_existent,non_existent,non_existent,non_existent,
CP,X,71,Mid,medium,14,c,NA,NA,NA,non_existent,non_existent,non_existent,non_existent,non_existent,non_existent,non_existent,non_existent,non_existent,non_existent,non_existent,non_existent,non_existent,non_existent,non_existent,non_existent,non_existent,non_existent,non_existent,non_existent,non_existent,non_existent,non_existent,non_existent,non_existent,non_existent,non_existent,non_existent,non_existent,non_existent,non_existent,non_existent,non_existent,non_existent,non_existent,non_existent,non_existent,non_existent,no_visit,non_existent,non_existent,non_existent,non_existent,non_existent,non_existent,empty,empty,empty,empty,empty,empty,empty,
CP,X,71,Mid,medium,15,a,NA,NA,NA,non_existent,non_existent,non_existent,non_existent,non_existent,non_existent,non_existent,non_existent,non_existent,non_existent,non_existent,non_existent,non_existent,non_existent,non_existent,non_existent,non_existent,non_existent,non_existent,non_existent,non_existent,non_existent,non_existent,non_existent,non_existent,non_existent,non_existent,non_existent,non_existent,non_existent,non_existent,non_existent,non_existent,non_existent,non_existent,non_existent,pseudo,pseudo,no_visit,pseudo,pseudo,pseudo,pseudo,pseudo,pseudo,pseudo,non_existent,non_existent,non_existent,non_existent,non_existent,non_existent,
CP,X,71,Mid,medium,15,b,NA,NA,NA,non_existent,non_existent,non_existent,non_existent,non_existent,non_existent,non_existent,non_existent,non_existent,non_existent,non_existent,non_existent,non_existent,non_existent,non_existent,non_existent,non_existent,non_existent,non_existent,non_existent,non_existent,non_existent,non_existent,non_existent,non_existent,non_existent,non_existent,non_existent,non_existent,non_existent,non_existent,non_existent,non_existent,non_existent,non_existent,non_existent,non_existent,non_existent,no_visit,non_existent,non_existent,non_existent,non_existent,non_existent,non_existent,non_existent,empty,empty,empty,empty,empty,empty,
CP,X,71,Mid,large,16,a,NA,NA,NA,non_existent,non_existent,non_existent,non_existent,non_existent,non_existent,non_existent,non_existent,non_existent,non_existent,non_existent,non_existent,non_existent,non_existent,non_existent,non_existent,non_existent,non_existent,non_existent,non_existent,non_existent,non_existent,non_existent,non_existent,non_existent,non_existent,non_existent,non_existent,non_existent,non_existent,non_existent,non_existent,non_existent,non_existent,non_existent,non_existent,pseudo,pseudo,no_visit,pseudo,pseudo,pseudo,pseudo,pseudo,pseudo,pseudo,pseudo,pseudo,pseudo,pseudo,pseudo,pseudo,
CP,X,71,Mid,large,18,a,NA,NA,NA,non_existent,non_existent,non_existent,non_existent,non_existent,non_existent,non_existent,non_existent,non_existent,non_existent,non_existent,non_existent,non_existent,non_existent,non_existent,non_existent,non_existent,non_existent,non_existent,non_existent,non_existent,non_existent,non_existent,non_existent,non_existent,non_existent,non_existent,non_existent,non_existent,non_existent,non_existent,non_existent,non_existent,non_existent,non_existent,non_existent,pseudo,pseudo,no_visit,pseudo,pseudo,pseudo,pseudo,pseudo,pseudo,pseudo,pseudo,pseudo,pseudo,pseudo,pseudo,pseudo,
CP,X,72,High,medium,1,a,NA,NA,NA,non_existent,non_existent,non_existent,non_existent,non_existent,non_existent,non_existent,non_existent,non_existent,non_existent,non_existent,non_existent,non_existent,non_existent,non_existent,non_existent,non_existent,non_existent,non_existent,non_existent,non_existent,non_existent,non_existent,non_existent,non_existent,non_existent,non_existent,non_existent,non_existent,non_existent,non_existent,non_existent,non_existent,non_existent,non_existent,non_existent,pseudo,pseudo,no_visit,pseudo,pseudo,pseudo,pseudo,pseudo,pseudo,pseudo,pseudo,pseudo,pseudo,pseudo,pseudo,pseudo,
CP,X,72,High,large,2,a,NA,NA,NA,non_existent,non_existent,non_existent,non_existent,non_existent,non_existent,non_existent,non_existent,non_existent,non_existent,non_existent,non_existent,non_existent,non_existent,non_existent,non_existent,non_existent,non_existent,non_existent,non_existent,non_existent,non_existent,non_existent,non_existent,non_existent,non_existent,non_existent,non_existent,non_existent,non_existent,non_existent,non_existent,non_existent,non_existent,non_existent,non_existent,pseudo,pseudo,no_visit,pseudo,pseudo,pseudo,pseudo,pseudo,pseudo,pseudo,pseudo,pseudo,pseudo,pseudo,pseudo,pseudo,
CP,X,72,High,medium,3,a,NA,NA,NA,non_existent,non_existent,non_existent,non_existent,non_existent,non_existent,non_existent,non_existent,non_existent,non_existent,non_existent,non_existent,non_existent,non_existent,non_existent,non_existent,non_existent,non_existent,non_existent,non_existent,non_existent,non_existent,non_existent,non_existent,non_existent,non_existent,non_existent,non_existent,non_existent,non_existent,non_existent,non_existent,non_existent,non_existent,non_existent,non_existent,pseudo,pseudo,no_visit,pseudo,pseudo,pseudo,pseudo,pseudo,pseudo,pseudo,pseudo,pseudo,pseudo,pseudo,pseudo,pseudo,
CP,X,72,High,medium,4,a,NA,NA,NA,non_existent,non_existent,non_existent,non_existent,non_existent,non_existent,non_existent,non_existent,non_existent,non_existent,non_existent,non_existent,non_existent,non_existent,non_existent,non_existent,non_existent,non_existent,non_existent,non_existent,non_existent,non_existent,non_existent,non_existent,non_existent,non_existent,non_existent,non_existent,non_existent,non_existent,non_existent,non_existent,non_existent,non_existent,non_existent,non_existent,pseudo,pseudo,no_visit,pseudo,pseudo,pseudo,pseudo,pseudo,pseudo,pseudo,pseudo,pseudo,pseudo,pseudo,pseudo,pseudo,
CP,X,72,High,medium,5,a,NA,NA,NA,non_existent,non_existent,non_existent,non_existent,non_existent,non_existent,non_existent,non_existent,non_existent,non_existent,non_existent,non_existent,non_existent,non_existent,non_existent,non_existent,non_existent,non_existent,non_existent,non_existent,non_existent,non_existent,non_existent,non_existent,non_existent,non_existent,non_existent,non_existent,non_existent,non_existent,non_existent,non_existent,non_existent,non_existent,non_existent,non_existent,pseudo,pseudo,no_visit,pseudo,pseudo,pseudo,pseudo,pseudo,pseudo,pseudo,pseudo,pseudo,pseudo,pseudo,pseudo,pseudo,
CP,X,72,High,large,8,a,NA,NA,NA,non_existent,non_existent,non_existent,non_existent,non_existent,non_existent,non_existent,non_existent,non_existent,non_existent,non_existent,non_existent,non_existent,non_existent,non_existent,non_existent,non_existent,non_existent,non_existent,non_existent,non_existent,non_existent,non_existent,non_existent,non_existent,non_existent,non_existent,non_existent,non_existent,non_existent,non_existent,non_existent,non_existent,non_existent,non_existent,non_existent,pseudo,pseudo,no_visit,pseudo,pseudo,pseudo,pseudo,pseudo,pseudo,pseudo,pseudo,pseudo,pseudo,pseudo,pseudo,pseudo,
CP,X,72,High,large,10,a,NA,NA,NA,non_existent,non_existent,non_existent,non_existent,non_existent,non_existent,non_existent,non_existent,non_existent,non_existent,non_existent,non_existent,non_existent,non_existent,non_existent,non_existent,non_existent,non_existent,non_existent,non_existent,non_existent,non_existent,non_existent,non_existent,non_existent,non_existent,non_existent,non_existent,non_existent,non_existent,non_existent,non_existent,non_existent,non_existent,non_existent,non_existent,pseudo,pseudo,no_visit,pseudo,pseudo,pseudo,pseudo,pseudo,pseudo,pseudo,pseudo,pseudo,pseudo,pseudo,pseudo,pseudo,
CP,X,72,High,medium,12,a,NA,NA,NA,non_existent,non_existent,non_existent,non_existent,non_existent,non_existent,non_existent,non_existent,non_existent,non_existent,non_existent,non_existent,non_existent,non_existent,non_existent,non_existent,non_existent,non_existent,non_existent,non_existent,non_existent,non_existent,non_existent,non_existent,non_existent,non_existent,non_existent,non_existent,non_existent,non_existent,non_existent,non_existent,non_existent,non_existent,non_existent,non_existent,pseudo,pseudo,no_visit,pseudo,pseudo,pseudo,pseudo,pseudo,pseudo,pseudo,pseudo,pseudo,pseudo,pseudo,pseudo,pseudo,
CP,X,72,High,medium,14,a,NA,NA,NA,non_existent,non_existent,non_existent,non_existent,non_existent,non_existent,non_existent,non_existent,non_existent,non_existent,non_existent,non_existent,non_existent,non_existent,non_existent,non_existent,non_existent,non_existent,non_existent,non_existent,non_existent,non_existent,non_existent,non_existent,non_existent,non_existent,non_existent,non_existent,non_existent,non_existent,non_existent,non_existent,non_existent,non_existent,non_existent,non_existent,pseudo,pseudo,no_visit,pseudo,pseudo,pseudo,pseudo,pseudo,pseudo,pseudo,pseudo,pseudo,pseudo,pseudo,pseudo,pseudo,
CP,X,72,High,large,15,a,NA,NA,NA,non_existent,non_existent,non_existent,non_existent,non_existent,non_existent,non_existent,non_existent,non_existent,non_existent,non_existent,non_existent,non_existent,non_existent,non_existent,non_existent,non_existent,non_existent,non_existent,non_existent,non_existent,non_existent,non_existent,non_existent,non_existent,non_existent,non_existent,non_existent,non_existent,non_existent,non_existent,non_existent,non_existent,non_existent,non_existent,non_existent,pseudo,pseudo,no_visit,pseudo,pseudo,pseudo,pseudo,pseudo,pseudo,pseudo,pseudo,pseudo,pseudo,pseudo,pseudo,pseudo,
CP,X,72,High,small,17,a,NA,NA,NA,non_existent,non_existent,non_existent,non_existent,non_existent,non_existent,non_existent,non_existent,non_existent,non_existent,non_existent,non_existent,non_existent,non_existent,non_existent,non_existent,non_existent,non_existent,non_existent,non_existent,non_existent,non_existent,non_existent,non_existent,non_existent,non_existent,non_existent,non_existent,non_existent,non_existent,non_existent,non_existent,non_existent,non_existent,non_existent,non_existent,pseudo,pseudo,no_visit,pseudo,pseudo,pseudo,pseudo,pseudo,pseudo,pseudo,pseudo,pseudo,pseudo,pseudo,pseudo,pseudo,