Site,Subsite,Trapnest,Treatment,Cavity_size,Cavity_number,Straw_ID,Straw_length_mm,Filled_length_mm,Occupant,05-Jun,11-Jun,14-Jun,17-Jun,21-Jun,25-Jun,28-Jun,02-Jul,05-Jul,08-Jul,13-Jul,16-Jul,19-Jul,22-Jul,24-Jul,26-Jul,29-Jul,02-Aug,06-Aug,08-Aug,12-Aug,13-Aug,NOTES
BP,AA,73,Low,medium,1,a,,,,empty,empty,empty,empty,empty,empty,empty,empty,empty,empty,empty,empty,empty,empty,no_visit,empty,empty,empty,empty,empty,empty,non_existent,
BP,AA,73,Low,medium,1,b,,,,non_existent,non_existent,non_existent,non_existent,non_existent,non_existent,non_existent,non_existent,non_existent,non_existent,non_existent,non_existent,non_existent,non_existent,no_visit,non_existent,non_existent,non_existent,non_existent,non_existent,non_existent,non_existent,
BP,AA,73,Low,medium,1,c,,,,non_existent,non_existent,non_existent,non_existent,non_existent,non_existent,non_existent,non_existent,non_existent,non_existent,non_existent,non_existent,non_existent,non_existent,no_visit,non_existent,non_existent,non_existent,non_existent,non_existent,non_existent,non_existent,
BP,AA,73,Low,large,2,a,,,,empty,empty,empty,empty,empty,empty,empty,empty,empty,empty,empty,empty,empty,empty,no_visit,empty,empty,empty,empty,empty,empty,non_existent,
BP,AA,73,Low,large,2,b,,,,non_existent,non_existent,non_existent,non_existent,non_existent,non_existent,non_existent,non_existent,non_existent,non_existent,non_existent,non_existent,non_existent,non_existent,no_visit,non_existent,non_existent,non_existent,non_existent,non_existent,non_existent,non_existent,
BP,AA,73,Low,large,2,c,,,,non_existent,non_existent,non_existent,non_existent,non_existent,non_existent,non_existent,non_existent,non_existent,non_existent,non_existent,non_existent,non_existent,non_existent,no_visit,non_existent,non_existent,non_existent,non_existent,non_existent,non_existent,non_existent,
BP,AA,73,Low,small,3,a,132,85,resin bee,empty,empty,empty,empty,empty,empty,empty,4 cells,2 cells,2 cells,no change,activity,no change,end cap,no_visit,non_existent,non_existent,non_existent,non_existent,non_existent,non_existent,non_existent,
BP,AA,73,Low,small,3,b,143,22,heriades,non_existent,non_existent,non_existent,non_existent,non_existent,non_existent,non_existent,non_existent,non_existent,non_existent,non_existent,non_existent,non_existent,non_existent,no_visit,empty,1 cell,1 cell + end cap,non_existent,non_existent,non_existent,non_existent,
BP,AA,73,Low,small,3,c,,,,non_existent,non_existent,non_existent,non_existent,non_existent,non_existent,non_existent,non_existent,non_existent,non_existent,non_existent,non_existent,non_existent,non_existent,no_visit,non_existent,non_existent,non_existent,empty,empty,empty,non_existent,
BP,AA,73,Low,medium,4,a,,,,empty,empty,empty,empty,empty,empty,empty,empty,empty,empty,empty,empty,empty,empty,no_visit,empty,empty,empty,empty,empty,empty,non_existent,
BP,AA,73,Low,medium,4,b,,,,non_existent,non_existent,non_existent,non_existent,non_existent,non_existent,non_existent,non_existent,non_existent,non_existent,non_existent,non_existent,non_existent,non_existent,no_visit,non_existent,non_existent,non_existent,non_existent,non_existent,non_existent,non_existent,
BP,AA,73,Low,medium,4,c,,,,non_existent,non_existent,non_existent,non_existent,non_existent,non_existent,non_existent,non_existent,non_existent,non_existent,non_existent,non_existent,non_existent,non_existent,no_visit,non_existent,non_existent,non_existent,non_existent,non_existent,non_existent,non_existent,
BP,AA,73,Low,large,5,a,,,,empty,empty,empty,empty,empty,empty,empty,empty,empty,empty,empty,empty,empty,empty,no_visit,empty,empty,empty,empty,empty,empty,non_existent,
BP,AA,73,Low,large,5,b,,,,non_existent,non_existent,non_existent,non_existent,non_existent,non_existent,non_existent,non_existent,non_existent,non_existent,non_existent,non_existent,non_existent,non_existent,no_visit,non_existent,non_existent,non_existent,non_existent,non_existent,non_existent,non_existent,
BP,AA,73,Low,large,5,c,,,,non_existent,non_existent,non_existent,non_existent,non_existent,non_existent,non_existent,non_existent,non_existent,non_existent,non_existent,non_existent,non_existent,non_existent,no_visit,non_existent,non_existent,non_existent,non_existent,non_existent,non_existent,non_existent,
BP,AA,73,Low,medium,6,a,135,14,resin bee,empty,empty,empty,empty,empty,empty,empty,empty,empty,empty,1 cell,1 cell + end cap,non_existent,non_existent,no_visit,non_existent,non_existent,non_existent,non_existent,non_existent,non_existent,non_existent,
BP,AA,73,Low,medium,6,b,,,,non_existent,non_existent,non_existent,non_existent,non_existent,non_existent,non_existent,non_existent,non_existent,non_existent,non_existent,non_existent,empty,empty,no_visit,empty,empty,empty,empty,empty,empty,non_existent,
BP,AA,73,Low,medium,6,c,,,,non_existent,non_existent,non_existent,non_existent,non_existent,non_existent,non_existent,non_existent,non_existent,non_existent,non_existent,non_existent,non_existent,non_existent,no_visit,non_existent,non_existent,non_existent,non_existent,non_existent,non_existent,non_existent,
BP,AA,73,Low,large,7,a,,,,empty,empty,empty,empty,empty,empty,empty,empty,empty,empty,empty,empty,empty,empty,no_visit,empty,empty,empty,empty,empty,empty,non_existent,
BP,AA,73,Low,large,7,b,,,,non_existent,non_existent,non_existent,non_existent,non_existent,non_existent,non_existent,non_existent,non_existent,non_existent,non_existent,non_existent,non_existent,non_existent,no_visit,non_existent,non_existent,non_existent,non_existent,non_existent,non_existent,non_existent,
BP,AA,73,Low,large,7,c,,,,non_existent,non_existent,non_existent,non_existent,non_existent,non_existent,non_existent,non_existent,non_existent,non_existent,non_existent,non_existent,non_existent,non_existent,no_visit,non_existent,non_existent,non_existent,non_existent,non_existent,non_existent,non_existent,
BP,AA,73,Low,medium,8,a,,,,empty,empty,empty,empty,empty,empty,empty,empty,empty,empty,empty,empty,empty,empty,no_visit,empty,empty,empty,empty,empty,empty,non_existent,
BP,AA,73,Low,medium,8,b,,,,non_existent,non_existent,non_existent,non_existent,non_existent,non_existent,non_existent,non_existent,non_existent,non_existent,non_existent,non_existent,non_existent,non_existent,no_visit,non_existent,non_existent,non_existent,non_existent,non_existent,non_existent,non_existent,
BP,AA,73,Low,medium,9,a,133,115,megachile,empty,empty,empty,empty,5 cells,no change,no change,end cap,non_existent,non_existent,non_existent,non_existent,non_existent,non_existent,no_visit,non_existent,non_existent,non_existent,non_existent,non_existent,non_existent,non_existent,
BP,AA,73,Low,medium,9,b,,,,non_existent,non_existent,non_existent,non_existent,non_existent,non_existent,non_existent,non_existent,empty,empty,empty,empty,empty,empty,no_visit,empty,empty,empty,empty,empty,empty,non_existent,
BP,AA,73,Low,medium,9,c,,,,non_existent,non_existent,non_existent,non_existent,non_existent,non_existent,non_existent,non_existent,non_existent,non_existent,non_existent,non_existent,non_existent,non_existent,no_visit,non_existent,non_existent,non_existent,non_existent,non_existent,non_existent,non_existent,
BP,AA,73,Low,small,10,a,143,30,heriades,empty,empty,empty,empty,empty,empty,empty,empty,empty,empty,empty,empty,empty,1 cell,no_visit,2 cells,end cap,non_existent,non_existent,non_existent,non_existent,non_existent,
BP,AA,73,Low,small,10,b,133,42,resin bee,non_existent,non_existent,non_existent,non_existent,non_existent,non_existent,non_existent,non_existent,non_existent,non_existent,non_existent,non_existent,non_existent,non_existent,no_visit,non_existent,non_existent,1 cell,2 cells,no change,end cap,non_existent,
BP,AA,73,Low,small,10,c,,,,non_existent,non_existent,non_existent,non_existent,non_existent,non_existent,non_existent,non_existent,non_existent,non_existent,non_existent,non_existent,non_existent,non_existent,no_visit,non_existent,non_existent,non_existent,non_existent,non_existent,non_existent,non_existent,
BP,AA,73,Low,large,11,a,,,,empty,empty,empty,empty,empty,empty,empty,empty,empty,empty,empty,empty,empty,empty,no_visit,empty,empty,empty,empty,empty,empty,non_existent,
BP,AA,73,Low,large,11,b,,,,non_existent,non_existent,non_existent,non_existent,non_existent,non_existent,non_existent,non_existent,non_existent,non_existent,non_existent,non_existent,non_existent,non_existent,no_visit,non_existent,non_existent,non_existent,non_existent,non_existent,non_existent,non_existent,
BP,AA,73,Low,large,11,c,,,,non_existent,non_existent,non_existent,non_existent,non_existent,non_existent,non_existent,non_existent,non_existent,non_existent,non_existent,non_existent,non_existent,non_existent,no_visit,non_existent,non_existent,non_existent,non_existent,non_existent,non_existent,non_existent,
BP,AA,73,Low,medium,12,a,,,,empty,empty,empty,empty,empty,empty,empty,empty,empty,empty,empty,empty,empty,empty,no_visit,empty,empty,empty,empty,empty,empty,non_existent,
BP,AA,73,Low,medium,12,b,,,,non_existent,non_existent,non_existent,non_existent,non_existent,non_existent,non_existent,non_existent,non_existent,non_existent,non_existent,non_existent,non_existent,non_existent,no_visit,non_existent,non_existent,non_existent,non_existent,non_existent,non_existent,non_existent,
BP,AA,73,Low,medium,12,c,,,,non_existent,non_existent,non_existent,non_existent,non_existent,non_existent,non_existent,non_existent,non_existent,non_existent,non_existent,non_existent,non_existent,non_existent,no_visit,non_existent,non_existent,non_existent,non_existent,non_existent,non_existent,non_existent,
BP,AA,73,Low,medium,13,a,,,,empty,empty,empty,empty,empty,empty,empty,empty,empty,empty,empty,empty,empty,empty,no_visit,empty,empty,empty,empty,empty,empty,non_existent,
BP,AA,73,Low,medium,13,b,,,,non_existent,non_existent,non_existent,non_existent,non_existent,non_existent,non_existent,non_existent,non_existent,non_existent,non_existent,non_existent,non_existent,non_existent,no_visit,non_existent,non_existent,non_existent,non_existent,non_existent,non_existent,non_existent,
BP,AA,73,Low,medium,13,c,,,,non_existent,non_existent,non_existent,non_existent,non_existent,non_existent,non_existent,non_existent,non_existent,non_existent,non_existent,non_existent,non_existent,non_existent,no_visit,non_existent,non_existent,non_existent,non_existent,non_existent,non_existent,non_existent,
BP,AA,73,Low,medium,14,a,133,36,resin bee,empty,empty,empty,empty,empty,empty,empty,empty,3 cells,1 cell + end cap,non_existent,non_existent,non_existent,non_existent,no_visit,non_existent,non_existent,non_existent,non_existent,non_existent,non_existent,non_existent,
BP,AA,73,Low,medium,14,b,,,,non_existent,non_existent,non_existent,non_existent,non_existent,non_existent,non_existent,non_existent,non_existent,non_existent,empty,empty,empty,empty,no_visit,empty,empty,empty,empty,empty,empty,non_existent,
BP,AA,73,Low,medium,14,c,,,,non_existent,non_existent,non_existent,non_existent,non_existent,non_existent,non_existent,non_existent,non_existent,non_existent,non_existent,non_existent,non_existent,non_existent,no_visit,non_existent,non_existent,non_existent,non_existent,non_existent,non_existent,non_existent,
BP,AA,73,Low,large,15,a,,,,empty,empty,empty,empty,empty,empty,empty,empty,empty,empty,empty,empty,empty,empty,no_visit,empty,empty,empty,empty,empty,empty,non_existent,
BP,AA,73,Low,large,15,b,,,,non_existent,non_existent,non_existent,non_existent,non_existent,non_existent,non_existent,non_existent,non_existent,non_existent,non_existent,non_existent,non_existent,non_existent,no_visit,non_existent,non_existent,non_existent,non_existent,non_existent,non_existent,non_existent,
BP,AA,73,Low,large,15,c,,,,non_existent,non_existent,non_existent,non_existent,non_existent,non_existent,non_existent,non_existent,non_existent,non_existent,non_existent,non_existent,non_existent,non_existent,no_visit,non_existent,non_existent,non_existent,non_existent,non_existent,non_existent,non_existent,
BP,AA,73,Low,medium,16,a,,,,empty,empty,empty,empty,empty,empty,empty,empty,empty,empty,empty,empty,empty,empty,no_visit,empty,empty,empty,empty,empty,empty,non_existent,
BP,AA,73,Low,medium,16,b,,,,non_existent,non_existent,non_existent,non_existent,non_existent,non_existent,non_existent,non_existent,non_existent,non_existent,non_existent,non_existent,non_existent,non_existent,no_visit,non_existent,non_existent,non_existent,non_existent,non_existent,non_existent,non_existent,
BP,AA,73,Low,medium,16,c,,,,non_existent,non_existent,non_existent,non_existent,non_existent,non_existent,non_existent,non_existent,non_existent,non_existent,non_existent,non_existent,non_existent,non_existent,no_visit,non_existent,non_existent,non_existent,non_existent,non_existent,non_existent,non_existent,
BP,AA,73,Low,medium,17,a,,,,empty,empty,empty,empty,empty,empty,empty,empty,empty,empty,empty,empty,empty,empty,no_visit,empty,empty,empty,empty,empty,empty,non_existent,
BP,AA,73,Low,medium,17,b,,,,non_existent,non_existent,non_existent,non_existent,non_existent,non_existent,non_existent,non_existent,non_existent,non_existent,non_existent,non_existent,non_existent,non_existent,no_visit,non_existent,non_existent,non_existent,non_existent,non_existent,non_existent,non_existent,
BP,AA,73,Low,medium,17,c,,,,non_existent,non_existent,non_existent,non_existent,non_existent,non_existent,non_existent,non_existent,non_existent,non_existent,non_existent,non_existent,non_existent,non_existent,no_visit,non_existent,non_existent,non_existent,non_existent,non_existent,non_existent,non_existent,
BP,AA,73,Low,large,18,a,,,,empty,empty,empty,empty,empty,empty,empty,empty,empty,empty,empty,empty,empty,empty,no_visit,empty,empty,empty,empty,empty,empty,non_existent,
BP,AA,73,Low,large,18,b,,,,non_existent,non_existent,non_existent,non_existent,non_existent,non_existent,non_existent,non_existent,non_existent,non_existent,non_existent,non_existent,non_existent,non_existent,no_visit,non_existent,non_existent,non_existent,non_existent,non_existent,non_existent,non_existent,
BP,AA,73,Low,large,18,c,,,,non_existent,non_existent,non_existent,non_existent,non_existent,non_existent,non_existent,non_existent,non_existent,non_existent,non_existent,non_existent,non_existent,non_existent,no_visit,non_existent,non_existent,non_existent,non_existent,non_existent,non_existent,non_existent,
BP,AA,74,Mid,medium,1,a,,,,empty,empty,empty,empty,empty,empty,empty,empty,empty,empty,empty,empty,empty,empty,no_visit,empty,empty,empty,empty,empty,empty,non_existent,
BP,AA,74,Mid,medium,1,b,,,,non_existent,non_existent,non_existent,non_existent,non_existent,non_existent,non_existent,non_existent,non_existent,non_existent,non_existent,non_existent,non_existent,non_existent,no_visit,non_existent,non_existent,non_existent,non_existent,non_existent,non_existent,non_existent,
BP,AA,74,Mid,medium,1,c,,,,non_existent,non_existent,non_existent,non_existent,non_existent,non_existent,non_existent,non_existent,non_existent,non_existent,non_existent,non_existent,non_existent,non_existent,no_visit,non_existent,non_existent,non_existent,non_existent,non_existent,non_existent,non_existent,
BP,AA,74,Mid,large,2,a,,,,empty,empty,empty,empty,empty,empty,empty,empty,empty,empty,empty,empty,empty,empty,no_visit,empty,empty,empty,empty,empty,empty,non_existent,
BP,AA,74,Mid,large,2,b,,,,non_existent,non_existent,non_existent,non_existent,non_existent,non_existent,non_existent,non_existent,non_existent,non_existent,non_existent,non_existent,non_existent,non_existent,no_visit,non_existent,non_existent,non_existent,non_existent,non_existent,non_existent,non_existent,
BP,AA,74,Mid,large,2,c,,,,non_existent,non_existent,non_existent,non_existent,non_existent,non_existent,non_existent,non_existent,non_existent,non_existent,non_existent,non_existent,non_existent,non_existent,no_visit,non_existent,non_existent,non_existent,non_existent,non_existent,non_existent,non_existent,
BP,AA,74,Mid,medium,3,a,,,,empty,empty,empty,empty,empty,empty,empty,empty,empty,empty,empty,empty,empty,empty,no_visit,empty,empty,empty,empty,empty,empty,non_existent,
BP,AA,74,Mid,medium,3,b,,,,non_existent,non_existent,non_existent,non_existent,non_existent,non_existent,non_existent,non_existent,non_existent,non_existent,non_existent,non_existent,non_existent,non_existent,no_visit,non_existent,non_existent,non_existent,non_existent,non_existent,non_existent,non_existent,
BP,AA,74,Mid,medium,3,c,,,,non_existent,non_existent,non_existent,non_existent,non_existent,non_existent,non_existent,non_existent,non_existent,non_existent,non_existent,non_existent,non_existent,non_existent,no_visit,non_existent,non_existent,non_existent,non_existent,non_existent,non_existent,non_existent,
BP,AA,74,Mid,large,4,a,,,,empty,empty,empty,empty,empty,empty,empty,empty,empty,empty,empty,empty,empty,empty,no_visit,empty,empty,empty,empty,empty,empty,non_existent,
BP,AA,74,Mid,large,4,b,,,,non_existent,non_existent,non_existent,non_existent,non_existent,non_existent,non_existent,non_existent,non_existent,non_existent,non_existent,non_existent,non_existent,non_existent,no_visit,non_existent,non_existent,non_existent,non_existent,non_existent,non_existent,non_existent,
BP,AA,74,Mid,large,4,c,,,,non_existent,non_existent,non_existent,non_existent,non_existent,non_existent,non_existent,non_existent,non_existent,non_existent,non_existent,non_existent,non_existent,non_existent,no_visit,non_existent,non_existent,non_existent,non_existent,non_existent,non_existent,non_existent,
BP,AA,74,Mid,medium,5,a,,,,empty,empty,empty,empty,empty,empty,empty,empty,empty,empty,empty,empty,empty,empty,no_visit,empty,empty,empty,empty,empty,empty,non_existent,
BP,AA,74,Mid,medium,5,b,,,,non_existent,non_existent,non_existent,non_existent,non_existent,non_existent,non_existent,non_existent,non_existent,non_existent,non_existent,non_existent,non_existent,non_existent,no_visit,non_existent,non_existent,non_existent,non_existent,non_existent,non_existent,non_existent,
BP,AA,74,Mid,medium,5,c,,,,non_existent,non_existent,non_existent,non_existent,non_existent,non_existent,non_existent,non_existent,non_existent,non_existent,non_existent,non_existent,non_existent,non_existent,no_visit,non_existent,non_existent,non_existent,non_existent,non_existent,non_existent,non_existent,
BP,AA,74,Mid,small,6,a,,,,empty,empty,empty,empty,empty,empty,empty,empty,empty,empty,empty,empty,empty,empty,no_visit,empty,empty,empty,empty,empty,empty,non_existent,
BP,AA,74,Mid,small,6,b,,,,non_existent,non_existent,non_existent,non_existent,non_existent,non_existent,non_existent,non_existent,non_existent,non_existent,non_existent,non_existent,non_existent,non_existent,no_visit,non_existent,non_existent,non_existent,non_existent,non_existent,non_existent,non_existent,
BP,AA,74,Mid,small,6,c,,,,non_existent,non_existent,non_existent,non_existent,non_existent,non_existent,non_existent,non_existent,non_existent,non_existent,non_existent,non_existent,non_existent,non_existent,no_visit,non_existent,non_existent,non_existent,non_existent,non_existent,non_existent,non_existent,
BP,AA,74,Mid,medium,7,a,,,,empty,empty,empty,empty,empty,empty,empty,empty,empty,empty,empty,empty,empty,empty,no_visit,empty,empty,empty,empty,empty,empty,non_existent,
BP,AA,74,Mid,medium,7,b,,,,non_existent,non_existent,non_existent,non_existent,non_existent,non_existent,non_existent,non_existent,non_existent,non_existent,non_existent,non_existent,non_existent,non_existent,no_visit,non_existent,non_existent,non_existent,non_existent,non_existent,non_existent,non_existent,
BP,AA,74,Mid,medium,7,c,,,,non_existent,non_existent,non_existent,non_existent,non_existent,non_existent,non_existent,non_existent,non_existent,non_existent,non_existent,non_existent,non_existent,non_existent,no_visit,non_existent,non_existent,non_existent,non_existent,non_existent,non_existent,non_existent,
BP,AA,74,Mid,large,8,a,,,,pseudo,pseudo,pseudo,pseudo,pseudo,pseudo,pseudo,pseudo,pseudo,pseudo,pseudo,pseudo,pseudo,pseudo,no_visit,pseudo,pseudo,pseudo,pseudo,pseudo,pseudo,non_existent,
BP,AA,74,Mid,large,8,b,,,,non_existent,non_existent,non_existent,non_existent,non_existent,non_existent,non_existent,non_existent,non_existent,non_existent,non_existent,non_existent,non_existent,non_existent,no_visit,non_existent,non_existent,non_existent,non_existent,non_existent,non_existent,non_existent,
BP,AA,74,Mid,medium,9,a,,,,empty,empty,empty,empty,empty,empty,empty,empty,empty,empty,empty,empty,empty,empty,no_visit,empty,empty,empty,empty,empty,empty,non_existent,
BP,AA,74,Mid,medium,9,b,,,,non_existent,non_existent,non_existent,non_existent,non_existent,non_existent,non_existent,non_existent,non_existent,non_existent,non_existent,non_existent,non_existent,non_existent,no_visit,non_existent,non_existent,non_existent,non_existent,non_existent,non_existent,non_existent,
BP,AA,74,Mid,medium,9,c,,,,non_existent,non_existent,non_existent,non_existent,non_existent,non_existent,non_existent,non_existent,non_existent,non_existent,non_existent,non_existent,non_existent,non_existent,no_visit,non_existent,non_existent,non_existent,non_existent,non_existent,non_existent,non_existent,
BP,AA,74,Mid,large,10,a,,,,empty,empty,empty,empty,empty,empty,empty,empty,empty,empty,empty,empty,empty,empty,no_visit,empty,empty,empty,empty,empty,empty,non_existent,
BP,AA,74,Mid,large,10,b,,,,non_existent,non_existent,non_existent,non_existent,non_existent,non_existent,non_existent,non_existent,non_existent,non_existent,non_existent,non_existent,non_existent,non_existent,no_visit,non_existent,non_existent,non_existent,non_existent,non_existent,non_existent,non_existent,
BP,AA,74,Mid,large,10,c,,,,non_existent,non_existent,non_existent,non_existent,non_existent,non_existent,non_existent,non_existent,non_existent,non_existent,non_existent,non_existent,non_existent,non_existent,no_visit,non_existent,non_existent,non_existent,non_existent,non_existent,non_existent,non_existent,
BP,AA,74,Mid,medium,11,a,,,,empty,empty,empty,empty,empty,empty,empty,empty,empty,empty,empty,empty,empty,empty,no_visit,empty,empty,empty,empty,empty,empty,non_existent,
BP,AA,74,Mid,medium,11,b,,,,non_existent,non_existent,non_existent,non_existent,non_existent,non_existent,non_existent,non_existent,non_existent,non_existent,non_existent,non_existent,non_existent,non_existent,no_visit,non_existent,non_existent,non_existent,non_existent,non_existent,non_existent,non_existent,
BP,AA,74,Mid,medium,11,c,,,,non_existent,non_existent,non_existent,non_existent,non_existent,non_existent,non_existent,non_existent,non_existent,non_existent,non_existent,non_existent,non_existent,non_existent,no_visit,non_existent,non_existent,non_existent,non_existent,non_existent,non_existent,non_existent,
BP,AA,74,Mid,medium,12,a,,,,pseudo,pseudo,pseudo,pseudo,pseudo,pseudo,pseudo,pseudo,pseudo,pseudo,pseudo,pseudo,pseudo,pseudo,no_visit,pseudo,pseudo,pseudo,pseudo,pseudo,pseudo,non_existent,
BP,AA,74,Mid,medium,12,b,,,,non_existent,non_existent,non_existent,non_existent,non_existent,non_existent,non_existent,non_existent,non_existent,non_existent,non_existent,non_existent,non_existent,non_existent,no_visit,non_existent,non_existent,non_existent,non_existent,non_existent,non_existent,non_existent,
BP,AA,74,Mid,medium,12,c,,,,non_existent,non_existent,non_existent,non_existent,non_existent,non_existent,non_existent,non_existent,non_existent,non_existent,non_existent,non_existent,non_existent,non_existent,no_visit,non_existent,non_existent,non_existent,non_existent,non_existent,non_existent,non_existent,
BP,AA,74,Mid,medium,13,a,,,,pseudo,pseudo,pseudo,pseudo,pseudo,pseudo,pseudo,pseudo,pseudo,pseudo,pseudo,pseudo,pseudo,pseudo,no_visit,pseudo,pseudo,pseudo,pseudo,pseudo,pseudo,non_existent,
BP,AA,74,Mid,medium,13,b,,,,non_existent,non_existent,non_existent,non_existent,non_existent,non_existent,non_existent,non_existent,non_existent,non_existent,non_existent,non_existent,non_existent,non_existent,no_visit,non_existent,non_existent,non_existent,non_existent,non_existent,non_existent,non_existent,
BP,AA,74,Mid,medium,13,c,,,,non_existent,non_existent,non_existent,non_existent,non_existent,non_existent,non_existent,non_existent,non_existent,non_existent,non_existent,non_existent,non_existent,non_existent,no_visit,non_existent,non_existent,non_existent,non_existent,non_existent,non_existent,non_existent,
BP,AA,74,Mid,large,14,a,,,,empty,empty,empty,empty,empty,empty,empty,empty,empty,empty,empty,empty,empty,empty,no_visit,empty,empty,empty,empty,empty,empty,non_existent,
BP,AA,74,Mid,large,14,b,,,,non_existent,non_existent,non_existent,non_existent,non_existent,non_existent,non_existent,non_existent,non_existent,non_existent,non_existent,non_existent,non_existent,non_existent,no_visit,non_existent,non_existent,non_existent,non_existent,non_existent,non_existent,non_existent,
BP,AA,74,Mid,large,14,c,,,,non_existent,non_existent,non_existent,non_existent,non_existent,non_existent,non_existent,non_existent,non_existent,non_existent,non_existent,non_existent,non_existent,non_existent,no_visit,non_existent,non_existent,non_existent,non_existent,non_existent,non_existent,non_existent,
BP,AA,74,Mid,medium,15,a,,,,pseudo,pseudo,pseudo,pseudo,pseudo,pseudo,pseudo,pseudo,pseudo,pseudo,pseudo,pseudo,pseudo,pseudo,no_visit,pseudo,pseudo,pseudo,pseudo,pseudo,pseudo,non_existent,
BP,AA,74,Mid,medium,15,b,,,,non_existent,non_existent,non_existent,non_existent,non_existent,non_existent,non_existent,non_existent,non_existent,non_existent,non_existent,non_existent,non_existent,non_existent,no_visit,non_existent,non_existent,non_existent,non_existent,non_existent,non_existent,non_existent,
BP,AA,74,Mid,medium,15,c,,,,non_existent,non_existent,non_existent,non_existent,non_existent,non_existent,non_existent,non_existent,non_existent,non_existent,non_existent,non_existent,non_existent,non_existent,no_visit,non_existent,non_existent,non_existent,non_existent,non_existent,non_existent,non_existent,
BP,AA,74,Mid,large,16,a,,,,pseudo,pseudo,pseudo,pseudo,pseudo,pseudo,pseudo,pseudo,pseudo,pseudo,pseudo,pseudo,pseudo,pseudo,no_visit,pseudo,pseudo,pseudo,pseudo,pseudo,pseudo,non_existent,
BP,AA,74,Mid,large,16,b,,,,non_existent,non_existent,non_existent,non_existent,non_existent,non_existent,non_existent,non_existent,non_existent,non_existent,non_existent,non_existent,non_existent,non_existent,no_visit,non_existent,non_existent,non_existent,non_existent,non_existent,non_existent,non_existent,
BP,AA,74,Mid,large,16,c,,,,non_existent,non_existent,non_existent,non_existent,non_existent,non_existent,non_existent,non_existent,non_existent,non_existent,non_existent,non_existent,non_existent,non_existent,no_visit,non_existent,non_existent,non_existent,non_existent,non_existent,non_existent,non_existent,
BP,AA,74,Mid,small,17,a,,,,pseudo,pseudo,pseudo,pseudo,pseudo,pseudo,pseudo,pseudo,pseudo,pseudo,pseudo,pseudo,pseudo,pseudo,no_visit,pseudo,pseudo,pseudo,pseudo,pseudo,pseudo,non_existent,
BP,AA,74,Mid,small,17,b,,,,non_existent,non_existent,non_existent,non_existent,non_existent,non_existent,non_existent,non_existent,non_existent,non_existent,non_existent,non_existent,non_existent,non_existent,no_visit,non_existent,non_existent,non_existent,non_existent,non_existent,non_existent,non_existent,
BP,AA,74,Mid,small,17,c,,,,non_existent,non_existent,non_existent,non_existent,non_existent,non_existent,non_existent,non_existent,non_existent,non_existent,non_existent,non_existent,non_existent,non_existent,no_visit,non_existent,non_existent,non_existent,non_existent,non_existent,non_existent,non_existent,
BP,AA,74,Mid,medium,18,a,,,wasp,empty,empty,empty,empty,empty,inner wall started,no change,no change,no change,no change,no change,no change,non_existent,non_existent,no_visit,non_existent,non_existent,non_existent,non_existent,non_existent,non_existent,non_existent,
BP,AA,74,Mid,medium,18,b,,,,non_existent,non_existent,non_existent,non_existent,non_existent,non_existent,non_existent,non_existent,non_existent,non_existent,non_existent,non_existent,empty,empty,no_visit,empty,empty,empty,empty,empty,empty,non_existent,
BP,AA,74,Mid,medium,18,c,,,,non_existent,non_existent,non_existent,non_existent,non_existent,non_existent,non_existent,non_existent,non_existent,non_existent,non_existent,non_existent,non_existent,non_existent,no_visit,non_existent,non_existent,non_existent,non_existent,non_existent,non_existent,non_existent,
BP,AA,75,High,large,1,a,,,,empty,empty,empty,empty,empty,empty,empty,empty,empty,empty,empty,empty,empty,empty,no_visit,empty,empty,empty,empty,empty,empty,non_existent,
BP,AA,75,High,large,1,b,,,,non_existent,non_existent,non_existent,non_existent,non_existent,non_existent,non_existent,non_existent,non_existent,non_existent,non_existent,non_existent,non_existent,non_existent,no_visit,non_existent,non_existent,non_existent,non_existent,non_existent,non_existent,non_existent,
BP,AA,75,High,large,1,c,,,,non_existent,non_existent,non_existent,non_existent,non_existent,non_existent,non_existent,non_existent,non_existent,non_existent,non_existent,non_existent,non_existent,non_existent,no_visit,non_existent,non_existent,non_existent,non_existent,non_existent,non_existent,non_existent,
BP,AA,75,High,medium,2,a,,,,empty,empty,empty,empty,empty,empty,empty,empty,empty,empty,empty,empty,empty,empty,no_visit,empty,empty,empty,empty,empty,empty,non_existent,
BP,AA,75,High,medium,2,b,,,,non_existent,non_existent,non_existent,non_existent,non_existent,non_existent,non_existent,non_existent,non_existent,non_existent,non_existent,non_existent,non_existent,non_existent,no_visit,non_existent,non_existent,non_existent,non_existent,non_existent,non_existent,non_existent,
BP,AA,75,High,medium,2,c,,,,non_existent,non_existent,non_existent,non_existent,non_existent,non_existent,non_existent,non_existent,non_existent,non_existent,non_existent,non_existent,non_existent,non_existent,no_visit,non_existent,non_existent,non_existent,non_existent,non_existent,non_existent,non_existent,
BP,AA,75,High,medium,3,a,,,,pseudo,pseudo,pseudo,pseudo,pseudo,pseudo,pseudo,pseudo,pseudo,pseudo,pseudo,pseudo,pseudo,pseudo,no_visit,pseudo,pseudo,pseudo,pseudo,pseudo,pseudo,non_existent,
BP,AA,75,High,medium,3,b,,,,non_existent,non_existent,non_existent,non_existent,non_existent,non_existent,non_existent,non_existent,non_existent,non_existent,non_existent,non_existent,non_existent,non_existent,no_visit,non_existent,non_existent,non_existent,non_existent,non_existent,non_existent,non_existent,
BP,AA,75,High,medium,3,c,,,,non_existent,non_existent,non_existent,non_existent,non_existent,non_existent,non_existent,non_existent,non_existent,non_existent,non_existent,non_existent,non_existent,non_existent,no_visit,non_existent,non_existent,non_existent,non_existent,non_existent,non_existent,non_existent,
BP,AA,75,High,medium,4,a,,,,pseudo,pseudo,pseudo,pseudo,pseudo,pseudo,pseudo,pseudo,pseudo,pseudo,pseudo,pseudo,pseudo,pseudo,no_visit,pseudo,pseudo,pseudo,pseudo,pseudo,pseudo,non_existent,
BP,AA,75,High,medium,4,b,,,,non_existent,non_existent,non_existent,non_existent,non_existent,non_existent,non_existent,non_existent,non_existent,non_existent,non_existent,non_existent,non_existent,non_existent,no_visit,non_existent,non_existent,non_existent,non_existent,non_existent,non_existent,non_existent,
BP,AA,75,High,medium,4,c,,,,non_existent,non_existent,non_existent,non_existent,non_existent,non_existent,non_existent,non_existent,non_existent,non_existent,non_existent,non_existent,non_existent,non_existent,no_visit,non_existent,non_existent,non_existent,non_existent,non_existent,non_existent,non_existent,
BP,AA,75,High,small,5,a,,,,pseudo,pseudo,pseudo,pseudo,pseudo,pseudo,pseudo,pseudo,pseudo,pseudo,pseudo,pseudo,pseudo,pseudo,no_visit,pseudo,pseudo,non_existent,non_existent,non_existent,non_existent,non_existent,
BP,AA,75,High,small,5,b,138,10,resin bee,non_existent,non_existent,non_existent,non_existent,non_existent,non_existent,non_existent,non_existent,non_existent,non_existent,non_existent,non_existent,non_existent,non_existent,no_visit,non_existent,non_existent,1 cell,no change,no change,no change,non_existent,
BP,AA,75,High,small,5,c,,,,non_existent,non_existent,non_existent,non_existent,non_existent,non_existent,non_existent,non_existent,non_existent,non_existent,non_existent,non_existent,non_existent,non_existent,no_visit,non_existent,non_existent,non_existent,non_existent,non_existent,non_existent,non_existent,
BP,AA,75,High,medium,6,a,,,,empty,empty,empty,empty,empty,empty,empty,empty,empty,empty,empty,empty,empty,empty,no_visit,empty,empty,empty,empty,empty,empty,non_existent,
BP,AA,75,High,medium,6,b,,,,non_existent,non_existent,non_existent,non_existent,non_existent,non_existent,non_existent,non_existent,non_existent,non_existent,non_existent,non_existent,non_existent,non_existent,no_visit,non_existent,non_existent,non_existent,non_existent,non_existent,non_existent,non_existent,
BP,AA,75,High,medium,6,c,,,,non_existent,non_existent,non_existent,non_existent,non_existent,non_existent,non_existent,non_existent,non_existent,non_existent,non_existent,non_existent,non_existent,non_existent,no_visit,non_existent,non_existent,non_existent,non_existent,non_existent,non_existent,non_existent,
BP,AA,75,High,large,7,a,,,,empty,empty,empty,empty,empty,empty,empty,empty,empty,empty,empty,empty,empty,empty,no_visit,empty,empty,empty,empty,empty,empty,non_existent,
BP,AA,75,High,large,7,b,,,,non_existent,non_existent,non_existent,non_existent,non_existent,non_existent,non_existent,non_existent,non_existent,non_existent,non_existent,non_existent,non_existent,non_existent,no_visit,non_existent,non_existent,non_existent,non_existent,non_existent,non_existent,non_existent,
BP,AA,75,High,large,7,c,,,,non_existent,non_existent,non_existent,non_existent,non_existent,non_existent,non_existent,non_existent,non_existent,non_existent,non_existent,non_existent,non_existent,non_existent,no_visit,non_existent,non_existent,non_existent,non_existent,non_existent,non_existent,non_existent,
BP,AA,75,High,medium,8,a,,,,pseudo,pseudo,pseudo,pseudo,pseudo,pseudo,non_existent,non_existent,non_existent,non_existent,non_existent,non_existent,non_existent,non_existent,no_visit,non_existent,non_existent,non_existent,non_existent,non_existent,non_existent,non_existent,
BP,AA,75,High,medium,8,b,,,,non_existent,non_existent,non_existent,non_existent,non_existent,non_existent,empty,empty,empty,empty,empty,empty,empty,empty,no_visit,empty,empty,empty,empty,empty,empty,non_existent,
BP,AA,75,High,large,9,a,,,,pseudo,pseudo,pseudo,pseudo,pseudo,pseudo,pseudo,pseudo,pseudo,pseudo,pseudo,pseudo,pseudo,pseudo,no_visit,pseudo,pseudo,pseudo,pseudo,pseudo,pseudo,non_existent,
BP,AA,75,High,large,9,b,,,,non_existent,non_existent,non_existent,non_existent,non_existent,non_existent,non_existent,non_existent,non_existent,non_existent,non_existent,non_existent,non_existent,non_existent,no_visit,non_existent,non_existent,non_existent,non_existent,non_existent,non_existent,non_existent,
BP,AA,75,High,large,9,c,,,,non_existent,non_existent,non_existent,non_existent,non_existent,non_existent,non_existent,non_existent,non_existent,non_existent,non_existent,non_existent,non_existent,non_existent,no_visit,non_existent,non_existent,non_existent,non_existent,non_existent,non_existent,non_existent,
BP,AA,75,High,large,10,a,,,,pseudo,pseudo,pseudo,pseudo,pseudo,pseudo,pseudo,pseudo,pseudo,pseudo,pseudo,pseudo,pseudo,pseudo,no_visit,pseudo,pseudo,pseudo,pseudo,pseudo,pseudo,non_existent,
BP,AA,75,High,large,10,b,,,,non_existent,non_existent,non_existent,non_existent,non_existent,non_existent,non_existent,non_existent,non_existent,non_existent,non_existent,non_existent,non_existent,non_existent,no_visit,non_existent,non_existent,non_existent,non_existent,non_existent,non_existent,non_existent,
BP,AA,75,High,large,10,c,,,,non_existent,non_existent,non_existent,non_existent,non_existent,non_existent,non_existent,non_existent,non_existent,non_existent,non_existent,non_existent,non_existent,non_existent,no_visit,non_existent,non_existent,non_existent,non_existent,non_existent,non_existent,non_existent,
BP,AA,75,High,medium,11,a,,,,pseudo,pseudo,pseudo,pseudo,pseudo,pseudo,pseudo,pseudo,pseudo,pseudo,pseudo,pseudo,pseudo,pseudo,no_visit,pseudo,pseudo,pseudo,pseudo,pseudo,pseudo,non_existent,
BP,AA,75,High,medium,11,b,,,,non_existent,non_existent,non_existent,non_existent,non_existent,non_existent,non_existent,non_existent,non_existent,non_existent,non_existent,non_existent,non_existent,non_existent,no_visit,non_existent,non_existent,non_existent,non_existent,non_existent,non_existent,non_existent,
BP,AA,75,High,medium,11,c,,,,non_existent,non_existent,non_existent,non_existent,non_existent,non_existent,non_existent,non_existent,non_existent,non_existent,non_existent,non_existent,non_existent,non_existent,no_visit,non_existent,non_existent,non_existent,non_existent,non_existent,non_existent,non_existent,
BP,AA,75,High,small,12,a,,,wasp,empty,empty,inner wall,no change,no change,non_existent,non_existent,non_existent,non_existent,non_existent,non_existent,non_existent,non_existent,non_existent,no_visit,non_existent,non_existent,non_existent,non_existent,non_existent,non_existent,non_existent,
BP,AA,75,High,small,12,b,136,45,hylaeus,non_existent,non_existent,non_existent,non_existent,non_existent,empty,empty,empty,empty,empty,empty,empty,empty,empty,no_visit,empty,2 cells,2 cells,no change,7 cells,no change,non_existent,
BP,AA,75,High,small,12,c,,,,non_existent,non_existent,non_existent,non_existent,non_existent,non_existent,non_existent,non_existent,non_existent,non_existent,non_existent,non_existent,non_existent,non_existent,no_visit,non_existent,non_existent,non_existent,non_existent,non_existent,non_existent,non_existent,
BP,AA,75,High,medium,13,a,,,,pseudo,pseudo,pseudo,pseudo,pseudo,pseudo,pseudo,pseudo,pseudo,pseudo,pseudo,pseudo,pseudo,pseudo,no_visit,pseudo,pseudo,pseudo,pseudo,pseudo,pseudo,non_existent,
BP,AA,75,High,medium,13,b,,,,non_existent,non_existent,non_existent,non_existent,non_existent,non_existent,non_existent,non_existent,non_existent,non_existent,non_existent,non_existent,non_existent,non_existent,no_visit,non_existent,non_existent,non_existent,non_existent,non_existent,non_existent,non_existent,
BP,AA,75,High,medium,13,c,,,,non_existent,non_existent,non_existent,non_existent,non_existent,non_existent,non_existent,non_existent,non_existent,non_existent,non_existent,non_existent,non_existent,non_existent,no_visit,non_existent,non_existent,non_existent,non_existent,non_existent,non_existent,non_existent,
BP,AA,75,High,large,14,a,,,,pseudo,pseudo,pseudo,pseudo,pseudo,pseudo,pseudo,pseudo,pseudo,pseudo,pseudo,pseudo,pseudo,pseudo,no_visit,pseudo,pseudo,pseudo,pseudo,pseudo,pseudo,non_existent,
BP,AA,75,High,large,14,b,,,,non_existent,non_existent,non_existent,non_existent,non_existent,non_existent,non_existent,non_existent,non_existent,non_existent,non_existent,non_existent,non_existent,non_existent,no_visit,non_existent,non_existent,non_existent,non_existent,non_existent,non_existent,non_existent,
BP,AA,75,High,large,14,c,,,,non_existent,non_existent,non_existent,non_existent,non_existent,non_existent,non_existent,non_existent,non_existent,non_existent,non_existent,non_existent,non_existent,non_existent,no_visit,non_existent,non_existent,non_existent,non_existent,non_existent,non_existent,non_existent,
BP,AA,75,High,medium,15,a,,,,empty,empty,empty,empty,empty,empty,empty,empty,empty,empty,empty,empty,empty,empty,no_visit,empty,empty,empty,empty,empty,empty,non_existent,
BP,AA,75,High,medium,15,b,,,,non_existent,non_existent,non_existent,non_existent,non_existent,non_existent,non_existent,non_existent,non_existent,non_existent,non_existent,non_existent,non_existent,non_existent,no_visit,non_existent,non_existent,non_existent,non_existent,non_existent,non_existent,non_existent,
BP,AA,75,High,medium,15,c,,,,non_existent,non_existent,non_existent,non_existent,non_existent,non_existent,non_existent,non_existent,non_existent,non_existent,non_existent,non_existent,non_existent,non_existent,no_visit,non_existent,non_existent,non_existent,non_existent,non_existent,non_existent,non_existent,
BP,AA,75,High,large,16,a,,,,pseudo,pseudo,pseudo,pseudo,pseudo,pseudo,pseudo,pseudo,pseudo,pseudo,pseudo,pseudo,pseudo,pseudo,no_visit,pseudo,pseudo,pseudo,pseudo,pseudo,pseudo,non_existent,
BP,AA,75,High,large,16,b,,,,non_existent,non_existent,non_existent,non_existent,non_existent,non_existent,non_existent,non_existent,non_existent,non_existent,non_existent,non_existent,non_existent,non_existent,no_visit,non_existent,non_existent,non_existent,non_existent,non_existent,non_existent,non_existent,
BP,AA,75,High,large,16,c,,,,non_existent,non_existent,non_existent,non_existent,non_existent,non_existent,non_existent,non_existent,non_existent,non_existent,non_existent,non_existent,non_existent,non_existent,no_visit,non_existent,non_existent,non_existent,non_existent,non_existent,non_existent,non_existent,
BP,AA,75,High,medium,17,a,,,,pseudo,pseudo,pseudo,pseudo,pseudo,non_existent,non_existent,non_existent,non_existent,non_existent,non_existent,non_existent,non_existent,non_existent,no_visit,non_existent,non_existent,non_existent,non_existent,non_existent,non_existent,non_existent,
BP,AA,75,High,medium,17,b,134,56,megachile,non_existent,non_existent,non_existent,non_existent,non_existent,1 cell,2 cells,2 cells,no change,no change,no change,no change,no change,no change,no_visit,no change,no change,no change,non_existent,non_existent,non_existent,non_existent,
BP,AA,75,High,medium,17,c,,,,non_existent,non_existent,non_existent,non_existent,non_existent,non_existent,non_existent,non_existent,non_existent,non_existent,non_existent,non_existent,non_existent,non_existent,no_visit,non_existent,non_existent,non_existent,pseudo,pseudo,pseudo,non_existent,
BP,AA,75,High,medium,18,a,132,114,megachile,empty,empty,empty,empty,9 cells,end cap,no change,no change,no change,no change,no change,no change,no change,no change,no_visit,no change,non_existent,non_existent,non_existent,non_existent,non_existent,non_existent,
BP,AA,75,High,medium,18,b,,,,non_existent,non_existent,non_existent,non_existent,non_existent,non_existent,non_existent,non_existent,non_existent,non_existent,non_existent,non_existent,non_existent,non_existent,no_visit,non_existent,pseudo,pseudo,pseudo,pseudo,pseudo,non_existent,
BP,AA,75,High,medium,18,c,,,,non_existent,non_existent,non_existent,non_existent,non_existent,non_existent,non_existent,non_existent,non_existent,non_existent,non_existent,non_existent,non_existent,non_existent,no_visit,non_existent,non_existent,non_existent,non_existent,non_existent,non_existent,non_existent,
BP,AB,76,Low,large,1,a,,,,empty,empty,empty,empty,empty,empty,empty,empty,empty,empty,empty,empty,empty,empty,no_visit,empty,empty,empty,empty,empty,empty,non_existent,
BP,AB,76,Low,large,1,b,,,,non_existent,non_existent,non_existent,non_existent,non_existent,non_existent,non_existent,non_existent,non_existent,non_existent,non_existent,non_existent,non_existent,non_existent,no_visit,non_existent,non_existent,non_existent,non_existent,non_existent,non_existent,non_existent,
BP,AB,76,Low,large,1,c,,,,non_existent,non_existent,non_existent,non_existent,non_existent,non_existent,non_existent,non_existent,non_existent,non_existent,non_existent,non_existent,non_existent,non_existent,no_visit,non_existent,non_existent,non_existent,non_existent,non_existent,non_existent,non_existent,
BP,AB,76,Low,medium,2,a,,,,empty,empty,empty,empty,empty,empty,empty,empty,empty,empty,empty,empty,empty,empty,no_visit,empty,empty,empty,empty,empty,empty,non_existent,
BP,AB,76,Low,medium,2,b,,,,non_existent,non_existent,non_existent,non_existent,non_existent,non_existent,non_existent,non_existent,non_existent,non_existent,non_existent,non_existent,non_existent,non_existent,no_visit,non_existent,non_existent,non_existent,non_existent,non_existent,non_existent,non_existent,
BP,AB,76,Low,medium,2,c,,,,non_existent,non_existent,non_existent,non_existent,non_existent,non_existent,non_existent,non_existent,non_existent,non_existent,non_existent,non_existent,non_existent,non_existent,no_visit,non_existent,non_existent,non_existent,non_existent,non_existent,non_existent,non_existent,
BP,AB,76,Low,medium,3,a,,,,empty,empty,empty,empty,empty,empty,empty,empty,empty,empty,empty,empty,empty,empty,no_visit,empty,empty,empty,empty,empty,empty,non_existent,
BP,AB,76,Low,medium,3,b,,,,non_existent,non_existent,non_existent,non_existent,non_existent,non_existent,non_existent,non_existent,non_existent,non_existent,non_existent,non_existent,non_existent,non_existent,no_visit,non_existent,non_existent,non_existent,non_existent,non_existent,non_existent,non_existent,
BP,AB,76,Low,medium,3,c,,,,non_existent,non_existent,non_existent,non_existent,non_existent,non_existent,non_existent,non_existent,non_existent,non_existent,non_existent,non_existent,non_existent,non_existent,no_visit,non_existent,non_existent,non_existent,non_existent,non_existent,non_existent,non_existent,
BP,AB,76,Low,small,4,a,,,,empty,empty,empty,empty,empty,empty,empty,empty,empty,empty,empty,empty,empty,empty,no_visit,empty,empty,empty,empty,empty,empty,non_existent,
BP,AB,76,Low,small,4,b,,,,non_existent,non_existent,non_existent,non_existent,non_existent,non_existent,non_existent,non_existent,non_existent,non_existent,non_existent,non_existent,non_existent,non_existent,no_visit,non_existent,non_existent,non_existent,non_existent,non_existent,non_existent,non_existent,
BP,AB,76,Low,small,4,c,,,,non_existent,non_existent,non_existent,non_existent,non_existent,non_existent,non_existent,non_existent,non_existent,non_existent,non_existent,non_existent,non_existent,non_existent,no_visit,non_existent,non_existent,non_existent,non_existent,non_existent,non_existent,non_existent,
BP,AB,76,Low,medium,5,a,,,,empty,empty,empty,empty,empty,empty,empty,empty,empty,empty,empty,empty,empty,empty,no_visit,empty,empty,empty,empty,empty,empty,non_existent,
BP,AB,76,Low,medium,5,b,,,,non_existent,non_existent,non_existent,non_existent,non_existent,non_existent,non_existent,non_existent,non_existent,non_existent,non_existent,non_existent,non_existent,non_existent,no_visit,non_existent,non_existent,non_existent,non_existent,non_existent,non_existent,non_existent,
BP,AB,76,Low,medium,5,c,,,,non_existent,non_existent,non_existent,non_existent,non_existent,non_existent,non_existent,non_existent,non_existent,non_existent,non_existent,non_existent,non_existent,non_existent,no_visit,non_existent,non_existent,non_existent,non_existent,non_existent,non_existent,non_existent,
BP,AB,76,Low,large,6,a,,,,empty,empty,empty,empty,empty,empty,empty,empty,empty,empty,empty,empty,empty,empty,no_visit,empty,empty,empty,empty,empty,empty,non_existent,
BP,AB,76,Low,large,6,b,,,,non_existent,non_existent,non_existent,non_existent,non_existent,non_existent,non_existent,non_existent,non_existent,non_existent,non_existent,non_existent,non_existent,non_existent,no_visit,non_existent,non_existent,non_existent,non_existent,non_existent,non_existent,non_existent,
BP,AB,76,Low,large,6,c,,,,non_existent,non_existent,non_existent,non_existent,non_existent,non_existent,non_existent,non_existent,non_existent,non_existent,non_existent,non_existent,non_existent,non_existent,no_visit,non_existent,non_existent,non_existent,non_existent,non_existent,non_existent,non_existent,
BP,AB,76,Low,medium,7,a,,,,empty,empty,empty,empty,empty,empty,empty,empty,empty,empty,empty,empty,empty,empty,no_visit,empty,empty,empty,empty,empty,empty,non_existent,
BP,AB,76,Low,medium,7,b,,,,non_existent,non_existent,non_existent,non_existent,non_existent,non_existent,non_existent,non_existent,non_existent,non_existent,non_existent,non_existent,non_existent,non_existent,no_visit,non_existent,non_existent,non_existent,non_existent,non_existent,non_existent,non_existent,
BP,AB,76,Low,medium,7,c,,,,non_existent,non_existent,non_existent,non_existent,non_existent,non_existent,non_existent,non_existent,non_existent,non_existent,non_existent,non_existent,non_existent,non_existent,no_visit,non_existent,non_existent,non_existent,non_existent,non_existent,non_existent,non_existent,
BP,AB,76,Low,medium,8,a,,,,empty,empty,empty,empty,empty,empty,empty,empty,empty,empty,empty,empty,empty,empty,no_visit,empty,empty,empty,empty,empty,empty,non_existent,
BP,AB,76,Low,medium,8,b,,,,non_existent,non_existent,non_existent,non_existent,non_existent,non_existent,non_existent,non_existent,non_existent,non_existent,non_existent,non_existent,non_existent,non_existent,no_visit,non_existent,non_existent,non_existent,non_existent,non_existent,non_existent,non_existent,
BP,AB,76,Low,large,9,a,,,,empty,empty,empty,empty,empty,empty,empty,empty,empty,empty,empty,empty,empty,empty,no_visit,empty,empty,empty,empty,empty,empty,non_existent,
BP,AB,76,Low,large,9,b,,,,non_existent,non_existent,non_existent,non_existent,non_existent,non_existent,non_existent,non_existent,non_existent,non_existent,non_existent,non_existent,non_existent,non_existent,no_visit,non_existent,non_existent,non_existent,non_existent,non_existent,non_existent,non_existent,
BP,AB,76,Low,large,9,c,,,,non_existent,non_existent,non_existent,non_existent,non_existent,non_existent,non_existent,non_existent,non_existent,non_existent,non_existent,non_existent,non_existent,non_existent,no_visit,non_existent,non_existent,non_existent,non_existent,non_existent,non_existent,non_existent,
BP,AB,76,Low,large,10,a,,,,empty,empty,empty,empty,empty,empty,empty,empty,empty,empty,empty,empty,empty,empty,no_visit,empty,empty,empty,empty,empty,empty,non_existent,
BP,AB,76,Low,large,10,b,,,,non_existent,non_existent,non_existent,non_existent,non_existent,non_existent,non_existent,non_existent,non_existent,non_existent,non_existent,non_existent,non_existent,non_existent,no_visit,non_existent,non_existent,non_existent,non_existent,non_existent,non_existent,non_existent,
BP,AB,76,Low,large,10,c,,,,non_existent,non_existent,non_existent,non_existent,non_existent,non_existent,non_existent,non_existent,non_existent,non_existent,non_existent,non_existent,non_existent,non_existent,no_visit,non_existent,non_existent,non_existent,non_existent,non_existent,non_existent,non_existent,
BP,AB,76,Low,medium,11,a,,,megachile,empty,empty,empty,empty,empty,empty,empty,1 cell,no change,no change,abandoned,non_existent,non_existent,non_existent,no_visit,non_existent,non_existent,non_existent,non_existent,non_existent,non_existent,non_existent,
BP,AB,76,Low,medium,11,b,,,,non_existent,non_existent,non_existent,non_existent,non_existent,non_existent,non_existent,non_existent,non_existent,non_existent,non_existent,empty,empty,empty,no_visit,empty,empty,empty,empty,empty,empty,non_existent,
BP,AB,76,Low,medium,11,c,,,,non_existent,non_existent,non_existent,non_existent,non_existent,non_existent,non_existent,non_existent,non_existent,non_existent,non_existent,non_existent,non_existent,non_existent,no_visit,non_existent,non_existent,non_existent,non_existent,non_existent,non_existent,non_existent,
BP,AB,76,Low,medium,12,a,,,,empty,empty,empty,empty,empty,empty,empty,empty,empty,empty,empty,empty,empty,empty,no_visit,empty,empty,empty,empty,empty,empty,non_existent,
BP,AB,76,Low,medium,12,b,,,,non_existent,non_existent,non_existent,non_existent,non_existent,non_existent,non_existent,non_existent,non_existent,non_existent,non_existent,non_existent,non_existent,non_existent,no_visit,non_existent,non_existent,non_existent,non_existent,non_existent,non_existent,non_existent,
BP,AB,76,Low,medium,12,c,,,,non_existent,non_existent,non_existent,non_existent,non_existent,non_existent,non_existent,non_existent,non_existent,non_existent,non_existent,non_existent,non_existent,non_existent,no_visit,non_existent,non_existent,non_existent,non_existent,non_existent,non_existent,non_existent,
BP,AB,76,Low,large,13,a,,,,empty,empty,empty,empty,empty,empty,empty,empty,empty,empty,empty,empty,empty,empty,no_visit,empty,empty,empty,empty,empty,empty,non_existent,
BP,AB,76,Low,large,13,b,,,,non_existent,non_existent,non_existent,non_existent,non_existent,non_existent,non_existent,non_existent,non_existent,non_existent,non_existent,non_existent,non_existent,non_existent,no_visit,non_existent,non_existent,non_existent,non_existent,non_existent,non_existent,non_existent,
BP,AB,76,Low,large,13,c,,,,non_existent,non_existent,non_existent,non_existent,non_existent,non_existent,non_existent,non_existent,non_existent,non_existent,non_existent,non_existent,non_existent,non_existent,no_visit,non_existent,non_existent,non_existent,non_existent,non_existent,non_existent,non_existent,
BP,AB,76,Low,small,14,a,,,wasp,empty,empty,empty,empty,empty,empty,empty,empty,empty,empty,empty,3 cells,1 cell,no change,no_visit,no change,no change,non_existent,non_existent,non_existent,non_existent,non_existent,
BP,AB,76,Low,small,14,b,,,,non_existent,non_existent,non_existent,non_existent,non_existent,non_existent,non_existent,non_existent,non_existent,non_existent,non_existent,non_existent,non_existent,non_existent,no_visit,non_existent,non_existent,empty,empty,empty,empty,non_existent,
BP,AB,76,Low,small,14,c,,,,non_existent,non_existent,non_existent,non_existent,non_existent,non_existent,non_existent,non_existent,non_existent,non_existent,non_existent,non_existent,non_existent,non_existent,no_visit,non_existent,non_existent,non_existent,non_existent,non_existent,non_existent,non_existent,
BP,AB,76,Low,medium,15,a,,,,empty,empty,empty,empty,empty,empty,empty,empty,empty,empty,empty,empty,empty,empty,no_visit,empty,empty,empty,empty,empty,empty,non_existent,
BP,AB,76,Low,medium,15,b,,,,non_existent,non_existent,non_existent,non_existent,non_existent,non_existent,non_existent,non_existent,non_existent,non_existent,non_existent,non_existent,non_existent,non_existent,no_visit,non_existent,non_existent,non_existent,non_existent,non_existent,non_existent,non_existent,
BP,AB,76,Low,medium,15,c,,,,non_existent,non_existent,non_existent,non_existent,non_existent,non_existent,non_existent,non_existent,non_existent,non_existent,non_existent,non_existent,non_existent,non_existent,no_visit,non_existent,non_existent,non_existent,non_existent,non_existent,non_existent,non_existent,
BP,AB,76,Low,medium,16,a,,,,empty,empty,empty,empty,empty,empty,empty,empty,empty,empty,empty,empty,empty,empty,no_visit,empty,empty,empty,empty,empty,empty,non_existent,
BP,AB,76,Low,medium,16,b,,,,non_existent,non_existent,non_existent,non_existent,non_existent,non_existent,non_existent,non_existent,non_existent,non_existent,non_existent,non_existent,non_existent,non_existent,no_visit,non_existent,non_existent,non_existent,non_existent,non_existent,non_existent,non_existent,
BP,AB,76,Low,medium,16,c,,,,non_existent,non_existent,non_existent,non_existent,non_existent,non_existent,non_existent,non_existent,non_existent,non_existent,non_existent,non_existent,non_existent,non_existent,no_visit,non_existent,non_existent,non_existent,non_existent,non_existent,non_existent,non_existent,
BP,AB,76,Low,medium,17,a,,,,empty,empty,empty,empty,empty,empty,empty,empty,empty,empty,empty,empty,empty,empty,no_visit,empty,empty,empty,empty,empty,empty,non_existent,
BP,AB,76,Low,medium,17,b,,,,non_existent,non_existent,non_existent,non_existent,non_existent,non_existent,non_existent,non_existent,non_existent,non_existent,non_existent,non_existent,non_existent,non_existent,no_visit,non_existent,non_existent,non_existent,non_existent,non_existent,non_existent,non_existent,
BP,AB,76,Low,medium,17,c,,,,non_existent,non_existent,non_existent,non_existent,non_existent,non_existent,non_existent,non_existent,non_existent,non_existent,non_existent,non_existent,non_existent,non_existent,no_visit,non_existent,non_existent,non_existent,non_existent,non_existent,non_existent,non_existent,
BP,AB,76,Low,large,18,a,,,,empty,empty,empty,empty,empty,empty,empty,empty,empty,empty,empty,empty,empty,empty,no_visit,empty,empty,empty,empty,empty,empty,non_existent,
BP,AB,76,Low,large,18,b,,,,non_existent,non_existent,non_existent,non_existent,non_existent,non_existent,non_existent,non_existent,non_existent,non_existent,non_existent,non_existent,non_existent,non_existent,no_visit,non_existent,non_existent,non_existent,non_existent,non_existent,non_existent,non_existent,
BP,AB,76,Low,large,18,c,,,,non_existent,non_existent,non_existent,non_existent,non_existent,non_existent,non_existent,non_existent,non_existent,non_existent,non_existent,non_existent,non_existent,non_existent,no_visit,non_existent,non_existent,non_existent,non_existent,non_existent,non_existent,non_existent,
BP,AB,77,Mid,large,1,a,,,,pseudo,pseudo,pseudo,pseudo,pseudo,pseudo,pseudo,pseudo,pseudo,pseudo,pseudo,pseudo,pseudo,pseudo,no_visit,pseudo,pseudo,pseudo,pseudo,pseudo,pseudo,non_existent,
BP,AB,77,Mid,large,1,b,,,,non_existent,non_existent,non_existent,non_existent,non_existent,non_existent,non_existent,non_existent,non_existent,non_existent,non_existent,non_existent,non_existent,non_existent,no_visit,non_existent,non_existent,non_existent,non_existent,non_existent,non_existent,non_existent,
BP,AB,77,Mid,large,1,c,,,,non_existent,non_existent,non_existent,non_existent,non_existent,non_existent,non_existent,non_existent,non_existent,non_existent,non_existent,non_existent,non_existent,non_existent,no_visit,non_existent,non_existent,non_existent,non_existent,non_existent,non_existent,non_existent,
BP,AB,77,Mid,medium,2,a,134,125,megachile,empty,empty,empty,empty,7 cells,1 cell,1 cell,end cap,no change,no change,no change,no change,no change,no change,no_visit,no change,no change,non_existent,non_existent,non_existent,non_existent,non_existent,
BP,AB,77,Mid,medium,2,b,145,22,megachile,non_existent,non_existent,non_existent,non_existent,non_existent,non_existent,non_existent,non_existent,non_existent,non_existent,non_existent,non_existent,non_existent,non_existent,no_visit,non_existent,non_existent,1 cell + end cap,no change,non_existent,non_existent,non_existent,
BP,AB,77,Mid,medium,2,c,,,,non_existent,non_existent,non_existent,non_existent,non_existent,non_existent,non_existent,non_existent,non_existent,non_existent,non_existent,non_existent,non_existent,non_existent,no_visit,non_existent,non_existent,non_existent,non_existent,empty,empty,non_existent,
BP,AB,77,Mid,large,3,a,,,,pseudo,pseudo,pseudo,pseudo,pseudo,pseudo,pseudo,pseudo,pseudo,pseudo,pseudo,pseudo,pseudo,pseudo,no_visit,pseudo,pseudo,pseudo,pseudo,pseudo,pseudo,non_existent,
BP,AB,77,Mid,large,3,b,,,,non_existent,non_existent,non_existent,non_existent,non_existent,non_existent,non_existent,non_existent,non_existent,non_existent,non_existent,non_existent,non_existent,non_existent,no_visit,non_existent,non_existent,non_existent,non_existent,non_existent,non_existent,non_existent,
BP,AB,77,Mid,large,3,c,,,,non_existent,non_existent,non_existent,non_existent,non_existent,non_existent,non_existent,non_existent,non_existent,non_existent,non_existent,non_existent,non_existent,non_existent,no_visit,non_existent,non_existent,non_existent,non_existent,non_existent,non_existent,non_existent,
BP,AB,77,Mid,medium,4,a,133,91,osmia,5 cells,2 cells,1 cell,1 cell,5 cells + end cap,non_existent,non_existent,non_existent,non_existent,non_existent,non_existent,non_existent,non_existent,non_existent,no_visit,non_existent,non_existent,non_existent,non_existent,non_existent,non_existent,non_existent,
BP,AB,77,Mid,medium,4,b,140,26,megachile,non_existent,non_existent,non_existent,non_existent,non_existent,empty,empty,empty,2 cells,no change,abandoned,no change,no change,no change,no_visit,non_existent,non_existent,non_existent,non_existent,non_existent,non_existent,non_existent,
BP,AB,77,Mid,medium,4,c,138,16,megachile,non_existent,non_existent,non_existent,non_existent,non_existent,non_existent,non_existent,non_existent,non_existent,non_existent,non_existent,non_existent,non_existent,non_existent,no_visit,empty,empty,empty,1 cell,no change,end cap,non_existent,
BP,AB,77,Mid,medium,5,a,,,,empty,empty,empty,empty,empty,empty,empty,empty,empty,empty,empty,empty,empty,empty,no_visit,empty,empty,empty,empty,empty,empty,non_existent,
BP,AB,77,Mid,medium,5,b,,,,non_existent,non_existent,non_existent,non_existent,non_existent,non_existent,non_existent,non_existent,non_existent,non_existent,non_existent,non_existent,non_existent,non_existent,no_visit,non_existent,non_existent,non_existent,non_existent,non_existent,non_existent,non_existent,
BP,AB,77,Mid,medium,5,c,,,,non_existent,non_existent,non_existent,non_existent,non_existent,non_existent,non_existent,non_existent,non_existent,non_existent,non_existent,non_existent,non_existent,non_existent,no_visit,non_existent,non_existent,non_existent,non_existent,non_existent,non_existent,non_existent,
BP,AB,77,Mid,medium,6,a,,,,empty,empty,empty,empty,empty,empty,empty,empty,empty,empty,empty,empty,empty,empty,no_visit,empty,empty,empty,empty,empty,empty,non_existent,
BP,AB,77,Mid,medium,6,b,,,,non_existent,non_existent,non_existent,non_existent,non_existent,non_existent,non_existent,non_existent,non_existent,non_existent,non_existent,non_existent,non_existent,non_existent,no_visit,non_existent,non_existent,non_existent,non_existent,non_existent,non_existent,non_existent,
BP,AB,77,Mid,medium,6,c,,,,non_existent,non_existent,non_existent,non_existent,non_existent,non_existent,non_existent,non_existent,non_existent,non_existent,non_existent,non_existent,non_existent,non_existent,no_visit,non_existent,non_existent,non_existent,non_existent,non_existent,non_existent,non_existent,
BP,AB,77,Mid,medium,7,a,,,,empty,empty,empty,empty,empty,empty,empty,empty,empty,empty,empty,empty,empty,empty,no_visit,empty,empty,empty,empty,empty,empty,non_existent,
BP,AB,77,Mid,medium,7,b,,,,non_existent,non_existent,non_existent,non_existent,non_existent,non_existent,non_existent,non_existent,non_existent,non_existent,non_existent,non_existent,non_existent,non_existent,no_visit,non_existent,non_existent,non_existent,non_existent,non_existent,non_existent,non_existent,
BP,AB,77,Mid,medium,7,c,,,,non_existent,non_existent,non_existent,non_existent,non_existent,non_existent,non_existent,non_existent,non_existent,non_existent,non_existent,non_existent,non_existent,non_existent,no_visit,non_existent,non_existent,non_existent,non_existent,non_existent,non_existent,non_existent,
BP,AB,77,Mid,small,8,a,,,,pseudo,pseudo,pseudo,pseudo,pseudo,pseudo,pseudo,pseudo,pseudo,pseudo,pseudo,pseudo,pseudo,pseudo,no_visit,pseudo,pseudo,pseudo,pseudo,pseudo,pseudo,non_existent,
BP,AB,77,Mid,small,8,b,,,,non_existent,non_existent,non_existent,non_existent,non_existent,non_existent,non_existent,non_existent,non_existent,non_existent,non_existent,non_existent,non_existent,non_existent,no_visit,non_existent,non_existent,non_existent,non_existent,non_existent,non_existent,non_existent,
BP,AB,77,Mid,large,9,a,,,,empty,empty,empty,empty,empty,empty,empty,empty,empty,empty,empty,empty,empty,empty,no_visit,empty,empty,empty,empty,empty,empty,non_existent,
BP,AB,77,Mid,large,9,b,,,,non_existent,non_existent,non_existent,non_existent,non_existent,non_existent,non_existent,non_existent,non_existent,non_existent,non_existent,non_existent,non_existent,non_existent,no_visit,non_existent,non_existent,non_existent,non_existent,non_existent,non_existent,non_existent,
BP,AB,77,Mid,large,9,c,,,,non_existent,non_existent,non_existent,non_existent,non_existent,non_existent,non_existent,non_existent,non_existent,non_existent,non_existent,non_existent,non_existent,non_existent,no_visit,non_existent,non_existent,non_existent,non_existent,non_existent,non_existent,non_existent,
BP,AB,77,Mid,large,10,a,,,,empty,empty,empty,empty,empty,empty,empty,empty,empty,empty,empty,empty,empty,empty,no_visit,empty,empty,empty,empty,empty,empty,non_existent,
BP,AB,77,Mid,large,10,b,,,,non_existent,non_existent,non_existent,non_existent,non_existent,non_existent,non_existent,non_existent,non_existent,non_existent,non_existent,non_existent,non_existent,non_existent,no_visit,non_existent,non_existent,non_existent,non_existent,non_existent,non_existent,non_existent,
BP,AB,77,Mid,large,10,c,,,,non_existent,non_existent,non_existent,non_existent,non_existent,non_existent,non_existent,non_existent,non_existent,non_existent,non_existent,non_existent,non_existent,non_existent,no_visit,non_existent,non_existent,non_existent,non_existent,non_existent,non_existent,non_existent,
BP,AB,77,Mid,medium,11,a,,,,pseudo,pseudo,pseudo,pseudo,pseudo,pseudo,pseudo,pseudo,pseudo,non_existent,non_existent,non_existent,non_existent,non_existent,no_visit,non_existent,non_existent,non_existent,non_existent,non_existent,non_existent,non_existent,
BP,AB,77,Mid,medium,11,b,137,40,megachile,non_existent,non_existent,non_existent,non_existent,non_existent,non_existent,non_existent,non_existent,non_existent,empty,empty,empty,empty,empty,no_visit,empty,2 cells,end cap,no change,no change,no change,non_existent,
BP,AB,77,Mid,medium,11,c,,,,non_existent,non_existent,non_existent,non_existent,non_existent,non_existent,non_existent,non_existent,non_existent,non_existent,non_existent,non_existent,non_existent,non_existent,no_visit,non_existent,non_existent,non_existent,non_existent,non_existent,non_existent,non_existent,
BP,AB,77,Mid,medium,12,a,,,,pseudo,pseudo,pseudo,pseudo,pseudo,non_existent,non_existent,non_existent,non_existent,non_existent,non_existent,non_existent,non_existent,non_existent,no_visit,non_existent,non_existent,non_existent,non_existent,non_existent,non_existent,non_existent,
BP,AB,77,Mid,medium,12,b,,,megachile,non_existent,non_existent,non_existent,non_existent,non_existent,empty,empty,inner wall started,no change,no change,non_existent,non_existent,non_existent,non_existent,no_visit,non_existent,non_existent,non_existent,non_existent,non_existent,non_existent,non_existent,
BP,AB,77,Mid,medium,12,c,137,42,megachile,non_existent,non_existent,non_existent,non_existent,non_existent,non_existent,non_existent,non_existent,non_existent,non_existent,empty,empty,empty,2 cells,no_visit,end cap,no change,no change,non_existent,non_existent,non_existent,non_existent,note: what kind of megachile is this?
BP,AB,77,Mid,medium,12,d,136,20,megachile,non_existent,non_existent,non_existent,non_existent,non_existent,non_existent,non_existent,non_existent,non_existent,non_existent,non_existent,non_existent,non_existent,non_existent,non_existent,non_existent,non_existent,non_existent,1 cell,no change,no change,non_existent,
BP,AB,77,Mid,medium,13,a,137,24,megachile,empty,empty,empty,empty,empty,empty,empty,empty,empty,empty,empty,1 cell,no change,end cap,no_visit,no change,no change,no change,no change,non_existent,non_existent,non_existent,
BP,AB,77,Mid,medium,13,b,,,,non_existent,non_existent,non_existent,non_existent,non_existent,non_existent,non_existent,non_existent,non_existent,non_existent,non_existent,non_existent,non_existent,non_existent,no_visit,non_existent,non_existent,non_existent,non_existent,empty,empty,non_existent,
BP,AB,77,Mid,medium,13,c,,,,non_existent,non_existent,non_existent,non_existent,non_existent,non_existent,non_existent,non_existent,non_existent,non_existent,non_existent,non_existent,non_existent,non_existent,no_visit,non_existent,non_existent,non_existent,non_existent,non_existent,non_existent,non_existent,
BP,AB,77,Mid,large,14,a,,,,empty,empty,empty,empty,empty,empty,empty,empty,empty,empty,empty,empty,empty,empty,no_visit,empty,empty,empty,empty,empty,empty,non_existent,
BP,AB,77,Mid,large,14,b,,,,non_existent,non_existent,non_existent,non_existent,non_existent,non_existent,non_existent,non_existent,non_existent,non_existent,non_existent,non_existent,non_existent,non_existent,no_visit,non_existent,non_existent,non_existent,non_existent,non_existent,non_existent,non_existent,
BP,AB,77,Mid,large,14,c,,,,non_existent,non_existent,non_existent,non_existent,non_existent,non_existent,non_existent,non_existent,non_existent,non_existent,non_existent,non_existent,non_existent,non_existent,no_visit,non_existent,non_existent,non_existent,non_existent,non_existent,non_existent,non_existent,
BP,AB,77,Mid,medium,15,a,,,,pseudo,pseudo,pseudo,pseudo,pseudo,pseudo,pseudo,pseudo,pseudo,pseudo,pseudo,pseudo,non_existent,non_existent,no_visit,non_existent,non_existent,non_existent,non_existent,non_existent,non_existent,non_existent,
BP,AB,77,Mid,medium,15,b,,,,non_existent,non_existent,non_existent,non_existent,non_existent,non_existent,non_existent,non_existent,non_existent,non_existent,non_existent,non_existent,empty,empty,no_visit,empty,empty,empty,empty,empty,empty,non_existent,
BP,AB,77,Mid,medium,15,c,,,,non_existent,non_existent,non_existent,non_existent,non_existent,non_existent,non_existent,non_existent,non_existent,non_existent,non_existent,non_existent,non_existent,non_existent,no_visit,non_existent,non_existent,non_existent,non_existent,non_existent,non_existent,non_existent,
BP,AB,77,Mid,small,16,a,,,,empty,empty,empty,empty,empty,empty,empty,empty,empty,empty,empty,empty,empty,empty,no_visit,empty,empty,empty,empty,empty,empty,non_existent,
BP,AB,77,Mid,small,16,b,,,,non_existent,non_existent,non_existent,non_existent,non_existent,non_existent,non_existent,non_existent,non_existent,non_existent,non_existent,non_existent,non_existent,non_existent,no_visit,non_existent,non_existent,non_existent,non_existent,non_existent,non_existent,non_existent,
BP,AB,77,Mid,small,16,c,,,,non_existent,non_existent,non_existent,non_existent,non_existent,non_existent,non_existent,non_existent,non_existent,non_existent,non_existent,non_existent,non_existent,non_existent,no_visit,non_existent,non_existent,non_existent,non_existent,non_existent,non_existent,non_existent,
BP,AB,77,Mid,medium,17,a,,,,empty,empty,empty,empty,empty,empty,empty,empty,empty,empty,empty,empty,empty,empty,no_visit,empty,empty,empty,empty,empty,empty,non_existent,
BP,AB,77,Mid,medium,17,b,,,,non_existent,non_existent,non_existent,non_existent,non_existent,non_existent,non_existent,non_existent,non_existent,non_existent,non_existent,non_existent,non_existent,non_existent,no_visit,non_existent,non_existent,non_existent,non_existent,non_existent,non_existent,non_existent,
BP,AB,77,Mid,medium,17,c,,,,non_existent,non_existent,non_existent,non_existent,non_existent,non_existent,non_existent,non_existent,non_existent,non_existent,non_existent,non_existent,non_existent,non_existent,no_visit,non_existent,non_existent,non_existent,non_existent,non_existent,non_existent,non_existent,
BP,AB,77,Mid,large,18,a,,,,empty,empty,empty,empty,empty,empty,empty,empty,empty,empty,empty,empty,empty,empty,no_visit,empty,empty,empty,empty,empty,empty,non_existent,
BP,AB,77,Mid,large,18,b,,,,non_existent,non_existent,non_existent,non_existent,non_existent,non_existent,non_existent,non_existent,non_existent,non_existent,non_existent,non_existent,non_existent,non_existent,no_visit,non_existent,non_existent,non_existent,non_existent,non_existent,non_existent,non_existent,
BP,AB,77,Mid,large,18,c,,,,non_existent,non_existent,non_existent,non_existent,non_existent,non_existent,non_existent,non_existent,non_existent,non_existent,non_existent,non_existent,non_existent,non_existent,no_visit,non_existent,non_existent,non_existent,non_existent,non_existent,non_existent,non_existent,
BP,AB,78,High,medium,1,a,134,26,megachile,empty,empty,empty,empty,empty,empty,empty,empty,empty,empty,empty,1 cell,no change,1 cell,no_visit,no change,abandoned,no change,no change,no change,no change,non_existent,
BP,AB,78,High,medium,1,b,,,,non_existent,non_existent,non_existent,non_existent,non_existent,non_existent,non_existent,non_existent,non_existent,non_existent,non_existent,non_existent,non_existent,non_existent,no_visit,non_existent,non_existent,non_existent,non_existent,non_existent,non_existent,non_existent,
BP,AB,78,High,medium,1,c,,,,non_existent,non_existent,non_existent,non_existent,non_existent,non_existent,non_existent,non_existent,non_existent,non_existent,non_existent,non_existent,non_existent,non_existent,no_visit,non_existent,non_existent,non_existent,non_existent,non_existent,non_existent,non_existent,
BP,AB,78,High,medium,2,a,,,,pseudo,pseudo,pseudo,pseudo,pseudo,pseudo,pseudo,pseudo,pseudo,pseudo,pseudo,pseudo,non_existent,non_existent,no_visit,non_existent,non_existent,non_existent,non_existent,non_existent,non_existent,non_existent,
BP,AB,78,High,medium,2,b,,,,non_existent,non_existent,non_existent,non_existent,non_existent,non_existent,non_existent,non_existent,non_existent,non_existent,non_existent,non_existent,empty,empty,no_visit,empty,empty,empty,empty,empty,empty,non_existent,
BP,AB,78,High,medium,2,c,,,,non_existent,non_existent,non_existent,non_existent,non_existent,non_existent,non_existent,non_existent,non_existent,non_existent,non_existent,non_existent,non_existent,non_existent,no_visit,non_existent,non_existent,non_existent,non_existent,non_existent,non_existent,non_existent,
BP,AB,78,High,large,3,a,,,,empty,empty,empty,empty,empty,empty,empty,empty,empty,end chewed,non_existent,non_existent,non_existent,non_existent,no_visit,non_existent,non_existent,non_existent,non_existent,non_existent,non_existent,non_existent,
BP,AB,78,High,large,3,b,,,megachile,non_existent,non_existent,non_existent,non_existent,non_existent,non_existent,non_existent,non_existent,non_existent,non_existent,empty,empty,empty,empty,no_visit,empty,empty,empty,empty,empty,inner wall started,non_existent,
BP,AB,78,High,large,3,c,,,,non_existent,non_existent,non_existent,non_existent,non_existent,non_existent,non_existent,non_existent,non_existent,non_existent,non_existent,non_existent,non_existent,non_existent,no_visit,non_existent,non_existent,non_existent,non_existent,non_existent,non_existent,non_existent,
BP,AB,78,High,medium,4,a,,,,pseudo,pseudo,pseudo,pseudo,pseudo,pseudo,pseudo,pseudo,pseudo,pseudo,pseudo,pseudo,pseudo,pseudo,no_visit,pseudo,pseudo,pseudo,pseudo,pseudo,pseudo,non_existent,
BP,AB,78,High,medium,4,b,,,,non_existent,non_existent,non_existent,non_existent,non_existent,non_existent,non_existent,non_existent,non_existent,non_existent,non_existent,non_existent,non_existent,non_existent,no_visit,non_existent,non_existent,non_existent,non_existent,non_existent,non_existent,non_existent,
BP,AB,78,High,medium,4,c,,,,non_existent,non_existent,non_existent,non_existent,non_existent,non_existent,non_existent,non_existent,non_existent,non_existent,non_existent,non_existent,non_existent,non_existent,no_visit,non_existent,non_existent,non_existent,non_existent,non_existent,non_existent,non_existent,
BP,AB,78,High,large,5,a,,,,pseudo,pseudo,pseudo,pseudo,pseudo,pseudo,pseudo,pseudo,pseudo,pseudo,pseudo,pseudo,pseudo,pseudo,no_visit,pseudo,pseudo,pseudo,pseudo,pseudo,pseudo,non_existent,
BP,AB,78,High,large,5,b,,,,non_existent,non_existent,non_existent,non_existent,non_existent,non_existent,non_existent,non_existent,non_existent,non_existent,non_existent,non_existent,non_existent,non_existent,no_visit,non_existent,non_existent,non_existent,non_existent,non_existent,non_existent,non_existent,
BP,AB,78,High,large,5,c,,,,non_existent,non_existent,non_existent,non_existent,non_existent,non_existent,non_existent,non_existent,non_existent,non_existent,non_existent,non_existent,non_existent,non_existent,no_visit,non_existent,non_existent,non_existent,non_existent,non_existent,non_existent,non_existent,
BP,AB,78,High,small,6,a,136,30,resin bee,empty,empty,empty,empty,empty,empty,empty,empty,4 cells,2 cells,end cap,no change,no change,no change,no_visit,no change,no change,no change,non_existent,non_existent,non_existent,non_existent,
BP,AB,78,High,small,6,b,,,,non_existent,non_existent,non_existent,non_existent,non_existent,non_existent,non_existent,non_existent,non_existent,non_existent,non_existent,non_existent,non_existent,non_existent,no_visit,non_existent,non_existent,non_existent,pseudo,pseudo,pseudo,non_existent,Too many pseudos past Aug 2
BP,AB,78,High,small,6,c,,,,non_existent,non_existent,non_existent,non_existent,non_existent,non_existent,non_existent,non_existent,non_existent,non_existent,non_existent,non_existent,non_existent,non_existent,no_visit,non_existent,non_existent,non_existent,non_existent,non_existent,non_existent,non_existent,
BP,AB,78,High,large,7,a,,,,pseudo,pseudo,pseudo,pseudo,pseudo,pseudo,pseudo,pseudo,pseudo,pseudo,pseudo,pseudo,pseudo,pseudo,no_visit,pseudo,pseudo,pseudo,pseudo,pseudo,pseudo,non_existent,
BP,AB,78,High,large,7,b,,,,non_existent,non_existent,non_existent,non_existent,non_existent,non_existent,non_existent,non_existent,non_existent,non_existent,non_existent,non_existent,non_existent,non_existent,no_visit,non_existent,non_existent,non_existent,non_existent,non_existent,non_existent,non_existent,
BP,AB,78,High,large,7,c,,,,non_existent,non_existent,non_existent,non_existent,non_existent,non_existent,non_existent,non_existent,non_existent,non_existent,non_existent,non_existent,non_existent,non_existent,no_visit,non_existent,non_existent,non_existent,non_existent,non_existent,non_existent,non_existent,
BP,AB,78,High,medium,8,a,,,,pseudo,pseudo,pseudo,pseudo,pseudo,pseudo,non_existent,non_existent,non_existent,non_existent,non_existent,non_existent,non_existent,non_existent,no_visit,non_existent,non_existent,non_existent,non_existent,non_existent,non_existent,non_existent,
BP,AB,78,High,medium,8,b,130,13,megachile,non_existent,non_existent,non_existent,non_existent,non_existent,non_existent,empty,empty,1 cell,no change,abandoned,no change,no change,no change,no_visit,no change,no change,no change,non_existent,non_existent,non_existent,non_existent,
BP,AB,78,High,medium,8,c,,,,non_existent,non_existent,non_existent,non_existent,non_existent,non_existent,non_existent,non_existent,non_existent,non_existent,non_existent,non_existent,non_existent,non_existent,non_existent,non_existent,non_existent,non_existent,pseudo,pseudo,pseudo,non_existent,
BP,AB,78,High,medium,9,a,,,,pseudo,pseudo,pseudo,pseudo,pseudo,pseudo,pseudo,pseudo,pseudo,pseudo,pseudo,pseudo,pseudo,pseudo,no_visit,pseudo,pseudo,pseudo,pseudo,pseudo,pseudo,non_existent,
BP,AB,78,High,medium,9,b,,,,non_existent,non_existent,non_existent,non_existent,non_existent,non_existent,non_existent,non_existent,non_existent,non_existent,non_existent,non_existent,non_existent,non_existent,no_visit,non_existent,non_existent,non_existent,non_existent,non_existent,non_existent,non_existent,
BP,AB,78,High,medium,9,c,,,,non_existent,non_existent,non_existent,non_existent,non_existent,non_existent,non_existent,non_existent,non_existent,non_existent,non_existent,non_existent,non_existent,non_existent,no_visit,non_existent,non_existent,non_existent,non_existent,non_existent,non_existent,non_existent,
BP,AB,78,High,large,10,a,,,,pseudo,pseudo,pseudo,pseudo,pseudo,pseudo,pseudo,pseudo,pseudo,pseudo,pseudo,pseudo,pseudo,pseudo,no_visit,pseudo,pseudo,pseudo,pseudo,pseudo,pseudo,non_existent,
BP,AB,78,High,large,10,b,,,,non_existent,non_existent,non_existent,non_existent,non_existent,non_existent,non_existent,non_existent,non_existent,non_existent,non_existent,non_existent,non_existent,non_existent,no_visit,non_existent,non_existent,non_existent,non_existent,non_existent,non_existent,non_existent,
BP,AB,78,High,large,10,c,,,,non_existent,non_existent,non_existent,non_existent,non_existent,non_existent,non_existent,non_existent,non_existent,non_existent,non_existent,non_existent,non_existent,non_existent,no_visit,non_existent,non_existent,non_existent,non_existent,non_existent,non_existent,non_existent,
BP,AB,78,High,medium,11,a,,,,pseudo,pseudo,pseudo,pseudo,pseudo,pseudo,pseudo,pseudo,pseudo,pseudo,pseudo,pseudo,pseudo,pseudo,no_visit,pseudo,pseudo,pseudo,pseudo,pseudo,pseudo,non_existent,
BP,AB,78,High,medium,11,b,,,,non_existent,non_existent,non_existent,non_existent,non_existent,non_existent,non_existent,non_existent,non_existent,non_existent,non_existent,non_existent,non_existent,non_existent,no_visit,non_existent,non_existent,non_existent,non_existent,non_existent,non_existent,non_existent,
BP,AB,78,High,medium,11,c,,,,non_existent,non_existent,non_existent,non_existent,non_existent,non_existent,non_existent,non_existent,non_existent,non_existent,non_existent,non_existent,non_existent,non_existent,no_visit,non_existent,non_existent,non_existent,non_existent,non_existent,non_existent,non_existent,
BP,AB,78,High,medium,12,a,,,,pseudo,pseudo,pseudo,pseudo,pseudo,pseudo,pseudo,pseudo,pseudo,pseudo,pseudo,pseudo,pseudo,pseudo,no_visit,pseudo,pseudo,pseudo,pseudo,pseudo,pseudo,non_existent,
BP,AB,78,High,medium,12,b,,,,non_existent,non_existent,non_existent,non_existent,non_existent,non_existent,non_existent,non_existent,non_existent,non_existent,non_existent,non_existent,non_existent,non_existent,no_visit,non_existent,non_existent,non_existent,non_existent,non_existent,non_existent,non_existent,
BP,AB,78,High,medium,12,c,,,,non_existent,non_existent,non_existent,non_existent,non_existent,non_existent,non_existent,non_existent,non_existent,non_existent,non_existent,non_existent,non_existent,non_existent,no_visit,non_existent,non_existent,non_existent,non_existent,non_existent,non_existent,non_existent,
BP,AB,78,High,medium,13,a,,,,empty,empty,empty,empty,empty,empty,empty,empty,empty,end chewed,non_existent,non_existent,non_existent,non_existent,no_visit,non_existent,non_existent,non_existent,non_existent,non_existent,non_existent,non_existent,
BP,AB,78,High,medium,13,b,,,,non_existent,non_existent,non_existent,non_existent,non_existent,non_existent,non_existent,non_existent,non_existent,non_existent,empty,empty,empty,empty,no_visit,empty,empty,empty,empty,empty,empty,non_existent,
BP,AB,78,High,medium,13,c,,,,non_existent,non_existent,non_existent,non_existent,non_existent,non_existent,non_existent,non_existent,non_existent,non_existent,non_existent,non_existent,non_existent,non_existent,no_visit,non_existent,non_existent,non_existent,non_existent,non_existent,non_existent,non_existent,
BP,AB,78,High,small,14,a,,,,pseudo,pseudo,pseudo,pseudo,pseudo,pseudo,pseudo,pseudo,pseudo,non_existent,non_existent,non_existent,non_existent,non_existent,no_visit,non_existent,non_existent,non_existent,non_existent,non_existent,non_existent,non_existent,Removed July 5 - non-target bee in other small
BP,AB,78,High,small,14,b,,,,non_existent,non_existent,non_existent,non_existent,non_existent,non_existent,non_existent,non_existent,non_existent,empty,empty,empty,empty,empty,no_visit,empty,empty,empty,empty,empty,empty,non_existent,
BP,AB,78,High,small,14,c,,,,non_existent,non_existent,non_existent,non_existent,non_existent,non_existent,non_existent,non_existent,non_existent,non_existent,non_existent,non_existent,non_existent,non_existent,no_visit,non_existent,non_existent,non_existent,non_existent,non_existent,non_existent,non_existent,
BP,AB,78,High,large,15,a,,,,empty,empty,empty,empty,empty,empty,empty,empty,empty,end chewed,non_existent,non_existent,non_existent,non_existent,no_visit,non_existent,non_existent,non_existent,non_existent,non_existent,non_existent,non_existent,
BP,AB,78,High,large,15,b,,,megachile,non_existent,non_existent,non_existent,non_existent,non_existent,non_existent,non_existent,non_existent,non_existent,non_existent,empty,empty,empty,empty,no_visit,empty,empty,cells,cells + end cap,no change,no change,non_existent,"end of straw chewed and straw was pushed out, megahcile nest inside trapnest"
BP,AB,78,High,large,15,c,,,,non_existent,non_existent,non_existent,non_existent,non_existent,non_existent,non_existent,non_existent,non_existent,non_existent,non_existent,non_existent,non_existent,non_existent,no_visit,non_existent,non_existent,non_existent,non_existent,non_existent,non_existent,non_existent,
BP,AB,78,High,large,16,a,,,,pseudo,pseudo,pseudo,pseudo,pseudo,pseudo,pseudo,pseudo,pseudo,pseudo,pseudo,pseudo,pseudo,pseudo,no_visit,pseudo,pseudo,pseudo,pseudo,non_existent,non_existent,non_existent,
BP,AB,78,High,large,16,b,,,,non_existent,non_existent,non_existent,non_existent,non_existent,non_existent,non_existent,non_existent,non_existent,non_existent,non_existent,non_existent,non_existent,non_existent,no_visit,non_existent,non_existent,non_existent,non_existent,empty,empty,non_existent,
BP,AB,78,High,large,16,c,,,,non_existent,non_existent,non_existent,non_existent,non_existent,non_existent,non_existent,non_existent,non_existent,non_existent,non_existent,non_existent,non_existent,non_existent,no_visit,non_existent,non_existent,non_existent,non_existent,non_existent,non_existent,non_existent,
BP,AB,78,High,medium,17,a,132,14,megachile,empty,empty,empty,empty,empty,inner wall,1 cell,no change,no change,abandoned,no change,no change,no change,no change,no_visit,no change,non_existent,non_existent,non_existent,non_existent,non_existent,non_existent,
BP,AB,78,High,medium,17,b,,,,non_existent,non_existent,non_existent,non_existent,non_existent,non_existent,non_existent,non_existent,non_existent,non_existent,non_existent,non_existent,non_existent,non_existent,no_visit,non_existent,pseudo,pseudo,pseudo,pseudo,pseudo,non_existent,
BP,AB,78,High,medium,17,c,,,,non_existent,non_existent,non_existent,non_existent,non_existent,non_existent,non_existent,non_existent,non_existent,non_existent,non_existent,non_existent,non_existent,non_existent,no_visit,non_existent,non_existent,non_existent,non_existent,non_existent,non_existent,non_existent,
BP,AB,78,High,medium,18,a,,,,empty,empty,empty,empty,empty,empty,empty,empty,empty,empty,empty,empty,empty,empty,no_visit,empty,empty,empty,empty,empty,empty,non_existent,
BP,AB,78,High,medium,18,b,,,,non_existent,non_existent,non_existent,non_existent,non_existent,non_existent,non_existent,non_existent,non_existent,non_existent,non_existent,non_existent,non_existent,non_existent,no_visit,non_existent,non_existent,non_existent,non_existent,non_existent,non_existent,non_existent,
BP,AB,78,High,medium,18,c,,,,non_existent,non_existent,non_existent,non_existent,non_existent,non_existent,non_existent,non_existent,non_existent,non_existent,non_existent,non_existent,non_existent,non_existent,no_visit,non_existent,non_existent,non_existent,non_existent,non_existent,non_existent,non_existent,
BP,AC,79,Low,large,1,a,,,,empty,empty,empty,empty,empty,empty,empty,empty,empty,empty,empty,empty,empty,empty,no_visit,empty,empty,empty,empty,empty,empty,non_existent,
BP,AC,79,Low,large,1,b,,,,non_existent,non_existent,non_existent,non_existent,non_existent,non_existent,non_existent,non_existent,non_existent,non_existent,non_existent,non_existent,non_existent,non_existent,no_visit,non_existent,non_existent,non_existent,non_existent,non_existent,non_existent,non_existent,
BP,AC,79,Low,large,1,c,,,,non_existent,non_existent,non_existent,non_existent,non_existent,non_existent,non_existent,non_existent,non_existent,non_existent,non_existent,non_existent,non_existent,non_existent,no_visit,non_existent,non_existent,non_existent,non_existent,non_existent,non_existent,non_existent,
BP,AC,79,Low,large,2,a,,,,empty,empty,empty,empty,empty,empty,empty,inner wall started,no change,no change,no change,empty,empty,empty,no_visit,empty,empty,empty,empty,empty,empty,non_existent,
BP,AC,79,Low,large,2,b,,,,non_existent,non_existent,non_existent,non_existent,non_existent,non_existent,non_existent,non_existent,non_existent,non_existent,non_existent,non_existent,non_existent,non_existent,no_visit,non_existent,non_existent,non_existent,non_existent,non_existent,non_existent,non_existent,
BP,AC,79,Low,large,2,c,,,,non_existent,non_existent,non_existent,non_existent,non_existent,non_existent,non_existent,non_existent,non_existent,non_existent,non_existent,non_existent,non_existent,non_existent,no_visit,non_existent,non_existent,non_existent,non_existent,non_existent,non_existent,non_existent,
BP,AC,79,Low,medium,3,a,,,osmia,empty,empty,empty,empty,empty,empty,empty,empty,empty,inner wall started,no change,eaten,non_existent,non_existent,no_visit,non_existent,non_existent,non_existent,non_existent,non_existent,non_existent,non_existent,
BP,AC,79,Low,medium,3,b,,,,non_existent,non_existent,non_existent,non_existent,non_existent,non_existent,non_existent,non_existent,non_existent,non_existent,non_existent,non_existent,empty,empty,no_visit,empty,empty,empty,empty,empty,empty,non_existent,
BP,AC,79,Low,medium,3,c,,,,non_existent,non_existent,non_existent,non_existent,non_existent,non_existent,non_existent,non_existent,non_existent,non_existent,non_existent,non_existent,non_existent,non_existent,no_visit,non_existent,non_existent,non_existent,non_existent,non_existent,non_existent,non_existent,
BP,AC,79,Low,medium,4,a,,,,empty,empty,empty,empty,empty,empty,empty,empty,empty,empty,empty,empty,empty,empty,no_visit,empty,empty,empty,empty,empty,empty,non_existent,
BP,AC,79,Low,medium,4,b,,,,non_existent,non_existent,non_existent,non_existent,non_existent,non_existent,non_existent,non_existent,non_existent,non_existent,non_existent,non_existent,non_existent,non_existent,no_visit,non_existent,non_existent,non_existent,non_existent,non_existent,non_existent,non_existent,
BP,AC,79,Low,medium,4,c,,,,non_existent,non_existent,non_existent,non_existent,non_existent,non_existent,non_existent,non_existent,non_existent,non_existent,non_existent,non_existent,non_existent,non_existent,no_visit,non_existent,non_existent,non_existent,non_existent,non_existent,non_existent,non_existent,
BP,AC,79,Low,medium,5,a,,,,empty,empty,empty,empty,empty,empty,empty,empty,empty,empty,empty,empty,empty,empty,no_visit,empty,empty,empty,empty,empty,empty,non_existent,
BP,AC,79,Low,medium,5,b,,,,non_existent,non_existent,non_existent,non_existent,non_existent,non_existent,non_existent,non_existent,non_existent,non_existent,non_existent,non_existent,non_existent,non_existent,no_visit,non_existent,non_existent,non_existent,non_existent,non_existent,non_existent,non_existent,
BP,AC,79,Low,medium,5,c,,,,non_existent,non_existent,non_existent,non_existent,non_existent,non_existent,non_existent,non_existent,non_existent,non_existent,non_existent,non_existent,non_existent,non_existent,no_visit,non_existent,non_existent,non_existent,non_existent,non_existent,non_existent,non_existent,
BP,AC,79,Low,medium,6,a,,,,empty,empty,empty,empty,empty,empty,empty,empty,empty,empty,empty,empty,empty,empty,no_visit,empty,empty,empty,empty,empty,empty,non_existent,
BP,AC,79,Low,medium,6,b,,,,non_existent,non_existent,non_existent,non_existent,non_existent,non_existent,non_existent,non_existent,non_existent,non_existent,non_existent,non_existent,non_existent,non_existent,no_visit,non_existent,non_existent,non_existent,non_existent,non_existent,non_existent,non_existent,
BP,AC,79,Low,medium,6,c,,,,non_existent,non_existent,non_existent,non_existent,non_existent,non_existent,non_existent,non_existent,non_existent,non_existent,non_existent,non_existent,non_existent,non_existent,no_visit,non_existent,non_existent,non_existent,non_existent,non_existent,non_existent,non_existent,
BP,AC,79,Low,small,7,a,,,,empty,empty,empty,empty,empty,empty,empty,empty,empty,empty,empty,empty,empty,empty,no_visit,empty,empty,empty,empty,empty,empty,non_existent,
BP,AC,79,Low,small,7,b,,,,non_existent,non_existent,non_existent,non_existent,non_existent,non_existent,non_existent,non_existent,non_existent,non_existent,non_existent,non_existent,non_existent,non_existent,no_visit,non_existent,non_existent,non_existent,non_existent,non_existent,non_existent,non_existent,
BP,AC,79,Low,small,7,c,,,,non_existent,non_existent,non_existent,non_existent,non_existent,non_existent,non_existent,non_existent,non_existent,non_existent,non_existent,non_existent,non_existent,non_existent,no_visit,non_existent,non_existent,non_existent,non_existent,non_existent,non_existent,non_existent,
BP,AC,79,Low,medium,8,a,,,,empty,empty,empty,empty,empty,empty,empty,empty,empty,empty,empty,empty,empty,empty,no_visit,empty,empty,empty,empty,empty,empty,non_existent,
BP,AC,79,Low,medium,8,b,,,,non_existent,non_existent,non_existent,non_existent,non_existent,non_existent,non_existent,non_existent,non_existent,non_existent,non_existent,non_existent,non_existent,non_existent,no_visit,non_existent,non_existent,non_existent,non_existent,non_existent,non_existent,non_existent,
BP,AC,79,Low,large,9,a,,,,empty,empty,empty,empty,empty,empty,empty,empty,empty,empty,empty,empty,empty,empty,no_visit,empty,empty,empty,empty,empty,empty,non_existent,
BP,AC,79,Low,large,9,b,,,,non_existent,non_existent,non_existent,non_existent,non_existent,non_existent,non_existent,non_existent,non_existent,non_existent,non_existent,non_existent,non_existent,non_existent,no_visit,non_existent,non_existent,non_existent,non_existent,non_existent,non_existent,non_existent,
BP,AC,79,Low,large,9,c,,,,non_existent,non_existent,non_existent,non_existent,non_existent,non_existent,non_existent,non_existent,non_existent,non_existent,non_existent,non_existent,non_existent,non_existent,no_visit,non_existent,non_existent,non_existent,non_existent,non_existent,non_existent,non_existent,
BP,AC,79,Low,large,10,a,,,megachile,empty,empty,empty,empty,empty,empty,empty,inner wall started,no change,no change,no change,empty,empty,empty,no_visit,empty,empty,empty,empty,empty,empty,non_existent,
BP,AC,79,Low,large,10,b,,,,non_existent,non_existent,non_existent,non_existent,non_existent,non_existent,non_existent,non_existent,non_existent,non_existent,non_existent,non_existent,non_existent,non_existent,no_visit,non_existent,non_existent,non_existent,non_existent,non_existent,non_existent,non_existent,
BP,AC,79,Low,large,10,c,,,,non_existent,non_existent,non_existent,non_existent,non_existent,non_existent,non_existent,non_existent,non_existent,non_existent,non_existent,non_existent,non_existent,non_existent,no_visit,non_existent,non_existent,non_existent,non_existent,non_existent,non_existent,non_existent,
BP,AC,79,Low,medium,11,a,,,,empty,empty,empty,empty,empty,empty,empty,empty,empty,empty,empty,empty,empty,empty,no_visit,empty,empty,empty,empty,empty,empty,non_existent,
BP,AC,79,Low,medium,11,b,,,,non_existent,non_existent,non_existent,non_existent,non_existent,non_existent,non_existent,non_existent,non_existent,non_existent,non_existent,non_existent,non_existent,non_existent,no_visit,non_existent,non_existent,non_existent,non_existent,non_existent,non_existent,non_existent,
BP,AC,79,Low,medium,11,c,,,,non_existent,non_existent,non_existent,non_existent,non_existent,non_existent,non_existent,non_existent,non_existent,non_existent,non_existent,non_existent,non_existent,non_existent,no_visit,non_existent,non_existent,non_existent,non_existent,non_existent,non_existent,non_existent,
BP,AC,79,Low,medium,12,a,,,,empty,empty,empty,empty,empty,empty,empty,empty,empty,empty,empty,empty,empty,empty,no_visit,empty,empty,empty,empty,empty,empty,non_existent,
BP,AC,79,Low,medium,12,b,,,,non_existent,non_existent,non_existent,non_existent,non_existent,non_existent,non_existent,non_existent,non_existent,non_existent,non_existent,non_existent,non_existent,non_existent,no_visit,non_existent,non_existent,non_existent,non_existent,non_existent,non_existent,non_existent,
BP,AC,79,Low,medium,12,c,,,,non_existent,non_existent,non_existent,non_existent,non_existent,non_existent,non_existent,non_existent,non_existent,non_existent,non_existent,non_existent,non_existent,non_existent,no_visit,non_existent,non_existent,non_existent,non_existent,non_existent,non_existent,non_existent,
BP,AC,79,Low,medium,13,a,,,,empty,empty,empty,empty,empty,empty,empty,empty,empty,empty,empty,empty,empty,empty,no_visit,empty,empty,empty,empty,empty,empty,non_existent,
BP,AC,79,Low,medium,13,b,,,,non_existent,non_existent,non_existent,non_existent,non_existent,non_existent,non_existent,non_existent,non_existent,non_existent,non_existent,non_existent,non_existent,non_existent,no_visit,non_existent,non_existent,non_existent,non_existent,non_existent,non_existent,non_existent,
BP,AC,79,Low,medium,13,c,,,,non_existent,non_existent,non_existent,non_existent,non_existent,non_existent,non_existent,non_existent,non_existent,non_existent,non_existent,non_existent,non_existent,non_existent,no_visit,non_existent,non_existent,non_existent,non_existent,non_existent,non_existent,non_existent,
BP,AC,79,Low,large,14,a,,,,empty,empty,empty,empty,empty,empty,empty,empty,empty,empty,empty,empty,empty,empty,no_visit,empty,empty,empty,empty,empty,empty,non_existent,
BP,AC,79,Low,large,14,b,,,,non_existent,non_existent,non_existent,non_existent,non_existent,non_existent,non_existent,non_existent,non_existent,non_existent,non_existent,non_existent,non_existent,non_existent,no_visit,non_existent,non_existent,non_existent,non_existent,non_existent,non_existent,non_existent,
BP,AC,79,Low,large,14,c,,,,non_existent,non_existent,non_existent,non_existent,non_existent,non_existent,non_existent,non_existent,non_existent,non_existent,non_existent,non_existent,non_existent,non_existent,no_visit,non_existent,non_existent,non_existent,non_existent,non_existent,non_existent,non_existent,
BP,AC,79,Low,small,15,a,,,,empty,empty,empty,empty,empty,empty,empty,empty,empty,empty,empty,empty,empty,empty,no_visit,empty,empty,empty,empty,empty,empty,non_existent,
BP,AC,79,Low,small,15,b,,,,non_existent,non_existent,non_existent,non_existent,non_existent,non_existent,non_existent,non_existent,non_existent,non_existent,non_existent,non_existent,non_existent,non_existent,no_visit,non_existent,non_existent,non_existent,non_existent,non_existent,non_existent,non_existent,
BP,AC,79,Low,small,15,c,,,,non_existent,non_existent,non_existent,non_existent,non_existent,non_existent,non_existent,non_existent,non_existent,non_existent,non_existent,non_existent,non_existent,non_existent,no_visit,non_existent,non_existent,non_existent,non_existent,non_existent,non_existent,non_existent,
BP,AC,79,Low,medium,16,a,,,,empty,empty,empty,empty,empty,empty,empty,empty,empty,empty,empty,empty,empty,empty,no_visit,empty,empty,empty,empty,empty,empty,non_existent,
BP,AC,79,Low,medium,16,b,,,,non_existent,non_existent,non_existent,non_existent,non_existent,non_existent,non_existent,non_existent,non_existent,non_existent,non_existent,non_existent,non_existent,non_existent,no_visit,non_existent,non_existent,non_existent,non_existent,non_existent,non_existent,non_existent,
BP,AC,79,Low,medium,16,c,,,,non_existent,non_existent,non_existent,non_existent,non_existent,non_existent,non_existent,non_existent,non_existent,non_existent,non_existent,non_existent,non_existent,non_existent,no_visit,non_existent,non_existent,non_existent,non_existent,non_existent,non_existent,non_existent,
BP,AC,79,Low,medium,17,a,,,,empty,empty,empty,empty,empty,empty,empty,empty,empty,empty,empty,empty,empty,empty,no_visit,empty,empty,empty,empty,empty,empty,non_existent,
BP,AC,79,Low,medium,17,b,,,,non_existent,non_existent,non_existent,non_existent,non_existent,non_existent,non_existent,non_existent,non_existent,non_existent,non_existent,non_existent,non_existent,non_existent,no_visit,non_existent,non_existent,non_existent,non_existent,non_existent,non_existent,non_existent,
BP,AC,79,Low,medium,17,c,,,,non_existent,non_existent,non_existent,non_existent,non_existent,non_existent,non_existent,non_existent,non_existent,non_existent,non_existent,non_existent,non_existent,non_existent,no_visit,non_existent,non_existent,non_existent,non_existent,non_existent,non_existent,non_existent,
BP,AC,79,Low,large,18,a,,,,empty,empty,empty,empty,empty,empty,empty,empty,empty,empty,empty,empty,empty,empty,no_visit,empty,empty,empty,empty,empty,empty,non_existent,
BP,AC,79,Low,large,18,b,,,,non_existent,non_existent,non_existent,non_existent,non_existent,non_existent,non_existent,non_existent,non_existent,non_existent,non_existent,non_existent,non_existent,non_existent,no_visit,non_existent,non_existent,non_existent,non_existent,non_existent,non_existent,non_existent,
BP,AC,79,Low,large,18,c,,,,non_existent,non_existent,non_existent,non_existent,non_existent,non_existent,non_existent,non_existent,non_existent,non_existent,non_existent,non_existent,non_existent,non_existent,no_visit,non_existent,non_existent,non_existent,non_existent,non_existent,non_existent,non_existent,
BP,AC,80,Mid,large,1,a,133,37,megachile,empty,empty,empty,empty,empty,empty,empty,empty,empty,empty,empty,empty,1 cell,1 cell + end cap,no_visit,no change,no change,no change,no change,no change,no change,non_existent,
BP,AC,80,Mid,large,1,b,,,,non_existent,non_existent,non_existent,non_existent,non_existent,non_existent,non_existent,non_existent,non_existent,non_existent,non_existent,non_existent,non_existent,non_existent,no_visit,non_existent,non_existent,non_existent,non_existent,non_existent,non_existent,non_existent,
BP,AC,80,Mid,large,1,c,,,,non_existent,non_existent,non_existent,non_existent,non_existent,non_existent,non_existent,non_existent,non_existent,non_existent,non_existent,non_existent,non_existent,non_existent,no_visit,non_existent,non_existent,non_existent,non_existent,non_existent,non_existent,non_existent,
BP,AC,80,Mid,small,2,a,,,,empty,empty,empty,empty,empty,empty,empty,empty,empty,empty,empty,empty,empty,empty,no_visit,empty,empty,empty,empty,empty,empty,non_existent,
BP,AC,80,Mid,small,2,b,,,,non_existent,non_existent,non_existent,non_existent,non_existent,non_existent,non_existent,non_existent,non_existent,non_existent,non_existent,non_existent,non_existent,non_existent,no_visit,non_existent,non_existent,non_existent,non_existent,non_existent,non_existent,non_existent,
BP,AC,80,Mid,small,2,c,,,,non_existent,non_existent,non_existent,non_existent,non_existent,non_existent,non_existent,non_existent,non_existent,non_existent,non_existent,non_existent,non_existent,non_existent,no_visit,non_existent,non_existent,non_existent,non_existent,non_existent,non_existent,non_existent,
BP,AC,80,Mid,medium,3,a,,,,empty,empty,empty,empty,empty,empty,empty,empty,empty,empty,empty,empty,empty,empty,no_visit,empty,empty,empty,empty,empty,empty,non_existent,
BP,AC,80,Mid,medium,3,b,,,,non_existent,non_existent,non_existent,non_existent,non_existent,non_existent,non_existent,non_existent,non_existent,non_existent,non_existent,non_existent,non_existent,non_existent,no_visit,non_existent,non_existent,non_existent,non_existent,non_existent,non_existent,non_existent,
BP,AC,80,Mid,medium,3,c,,,,non_existent,non_existent,non_existent,non_existent,non_existent,non_existent,non_existent,non_existent,non_existent,non_existent,non_existent,non_existent,non_existent,non_existent,no_visit,non_existent,non_existent,non_existent,non_existent,non_existent,non_existent,non_existent,
BP,AC,80,Mid,large,4,a,,,,pseudo,pseudo,pseudo,pseudo,pseudo,pseudo,pseudo,pseudo,pseudo,pseudo,pseudo,pseudo,pseudo,non_existent,no_visit,non_existent,non_existent,non_existent,non_existent,non_existent,non_existent,non_existent,
BP,AC,80,Mid,large,4,b,132,30,megachile,non_existent,non_existent,non_existent,non_existent,non_existent,non_existent,non_existent,non_existent,non_existent,non_existent,non_existent,non_existent,non_existent,empty,no_visit,1 cell,no change,no change,no change,no change,1 cell,non_existent,
BP,AC,80,Mid,large,4,c,,,,non_existent,non_existent,non_existent,non_existent,non_existent,non_existent,non_existent,non_existent,non_existent,non_existent,non_existent,non_existent,non_existent,non_existent,no_visit,non_existent,non_existent,non_existent,non_existent,non_existent,non_existent,non_existent,
BP,AC,80,Mid,medium,5,a,132,47,megachile,empty,empty,empty,empty,empty,empty,empty,empty,empty,empty,empty,2 cells + end cap,no change,no change,no_visit,no change,no change,no change,no change,no change,no change,non_existent,
BP,AC,80,Mid,medium,5,b,,,,non_existent,non_existent,non_existent,non_existent,non_existent,non_existent,non_existent,non_existent,non_existent,non_existent,non_existent,non_existent,non_existent,non_existent,no_visit,non_existent,non_existent,non_existent,non_existent,non_existent,non_existent,non_existent,
BP,AC,80,Mid,medium,5,c,,,,non_existent,non_existent,non_existent,non_existent,non_existent,non_existent,non_existent,non_existent,non_existent,non_existent,non_existent,non_existent,non_existent,non_existent,no_visit,non_existent,non_existent,non_existent,non_existent,non_existent,non_existent,non_existent,
BP,AC,80,Mid,medium,6,a,,,,pseudo,pseudo,pseudo,pseudo,pseudo,pseudo,pseudo,pseudo,pseudo,pseudo,pseudo,pseudo,pseudo,pseudo,no_visit,pseudo,pseudo,pseudo,pseudo,pseudo,pseudo,non_existent,
BP,AC,80,Mid,medium,6,b,,,,non_existent,non_existent,non_existent,non_existent,non_existent,non_existent,non_existent,non_existent,non_existent,non_existent,non_existent,non_existent,non_existent,non_existent,no_visit,non_existent,non_existent,non_existent,non_existent,non_existent,non_existent,non_existent,
BP,AC,80,Mid,medium,6,c,,,,non_existent,non_existent,non_existent,non_existent,non_existent,non_existent,non_existent,non_existent,non_existent,non_existent,non_existent,non_existent,non_existent,non_existent,no_visit,non_existent,non_existent,non_existent,non_existent,non_existent,non_existent,non_existent,
BP,AC,80,Mid,large,7,a,,,,empty,empty,empty,empty,empty,empty,empty,empty,empty,empty,empty,empty,empty,empty,no_visit,empty,empty,empty,empty,empty,empty,non_existent,
BP,AC,80,Mid,large,7,b,,,,non_existent,non_existent,non_existent,non_existent,non_existent,non_existent,non_existent,non_existent,non_existent,non_existent,non_existent,non_existent,non_existent,non_existent,no_visit,non_existent,non_existent,non_existent,non_existent,non_existent,non_existent,non_existent,
BP,AC,80,Mid,large,7,c,,,,non_existent,non_existent,non_existent,non_existent,non_existent,non_existent,non_existent,non_existent,non_existent,non_existent,non_existent,non_existent,non_existent,non_existent,no_visit,non_existent,non_existent,non_existent,non_existent,non_existent,non_existent,non_existent,
BP,AC,80,Mid,medium,8,a,,,,empty,empty,empty,empty,empty,empty,empty,empty,empty,empty,empty,empty,empty,empty,no_visit,empty,empty,empty,empty,empty,empty,non_existent,
BP,AC,80,Mid,medium,8,b,,,,non_existent,non_existent,non_existent,non_existent,non_existent,non_existent,non_existent,non_existent,non_existent,non_existent,non_existent,non_existent,non_existent,non_existent,no_visit,non_existent,non_existent,non_existent,non_existent,non_existent,non_existent,non_existent,
BP,AC,80,Mid,medium,9,a,,,wasp,non-target inner wall,no change,no change,no change,non_existent,non_existent,non_existent,non_existent,non_existent,non_existent,non_existent,non_existent,non_existent,non_existent,no_visit,non_existent,non_existent,non_existent,non_existent,non_existent,non_existent,non_existent,
BP,AC,80,Mid,medium,9,b,,,,non_existent,non_existent,non_existent,non_existent,empty,empty,empty,empty,empty,empty,empty,empty,empty,empty,no_visit,empty,empty,empty,empty,empty,empty,non_existent,
BP,AC,80,Mid,medium,9,c,,,,non_existent,non_existent,non_existent,non_existent,non_existent,non_existent,non_existent,non_existent,non_existent,non_existent,non_existent,non_existent,non_existent,non_existent,no_visit,non_existent,non_existent,non_existent,non_existent,non_existent,non_existent,non_existent,
BP,AC,80,Mid,large,10,a,,,,empty,empty,empty,empty,empty,empty,empty,empty,empty,empty,empty,empty,empty,empty,no_visit,empty,empty,empty,empty,empty,empty,non_existent,
BP,AC,80,Mid,large,10,b,,,,non_existent,non_existent,non_existent,non_existent,non_existent,non_existent,non_existent,non_existent,non_existent,non_existent,non_existent,non_existent,non_existent,non_existent,no_visit,non_existent,non_existent,non_existent,non_existent,non_existent,non_existent,non_existent,
BP,AC,80,Mid,large,10,c,,,,non_existent,non_existent,non_existent,non_existent,non_existent,non_existent,non_existent,non_existent,non_existent,non_existent,non_existent,non_existent,non_existent,non_existent,no_visit,non_existent,non_existent,non_existent,non_existent,non_existent,non_existent,non_existent,
BP,AC,80,Mid,large,11,a,,,,pseudo,pseudo,pseudo,pseudo,pseudo,pseudo,pseudo,pseudo,pseudo,pseudo,pseudo,pseudo,pseudo,pseudo,no_visit,pseudo,non_existent,non_existent,non_existent,non_existent,non_existent,non_existent,
BP,AC,80,Mid,large,11,b,,,,non_existent,non_existent,non_existent,non_existent,non_existent,non_existent,non_existent,non_existent,non_existent,non_existent,non_existent,non_existent,non_existent,non_existent,no_visit,non_existent,empty,empty,empty,empty,empty,non_existent,
BP,AC,80,Mid,large,11,c,,,,non_existent,non_existent,non_existent,non_existent,non_existent,non_existent,non_existent,non_existent,non_existent,non_existent,non_existent,non_existent,non_existent,non_existent,no_visit,non_existent,non_existent,non_existent,non_existent,non_existent,non_existent,non_existent,
BP,AC,80,Mid,medium,12,a,,,,empty,empty,empty,empty,empty,empty,empty,empty,empty,empty,empty,empty,empty,empty,no_visit,empty,empty,empty,empty,empty,empty,non_existent,
BP,AC,80,Mid,medium,12,b,,,,non_existent,non_existent,non_existent,non_existent,non_existent,non_existent,non_existent,non_existent,non_existent,non_existent,non_existent,non_existent,non_existent,non_existent,no_visit,non_existent,non_existent,non_existent,non_existent,non_existent,non_existent,non_existent,
BP,AC,80,Mid,medium,12,c,,,,non_existent,non_existent,non_existent,non_existent,non_existent,non_existent,non_existent,non_existent,non_existent,non_existent,non_existent,non_existent,non_existent,non_existent,no_visit,non_existent,non_existent,non_existent,non_existent,non_existent,non_existent,non_existent,
BP,AC,80,Mid,medium,13,a,,,,pseudo,pseudo,pseudo,pseudo,pseudo,pseudo,pseudo,pseudo,pseudo,pseudo,pseudo,pseudo,pseudo,pseudo,no_visit,pseudo,pseudo,pseudo,pseudo,pseudo,pseudo,non_existent,
BP,AC,80,Mid,medium,13,b,,,,non_existent,non_existent,non_existent,non_existent,non_existent,non_existent,non_existent,non_existent,non_existent,non_existent,non_existent,non_existent,non_existent,non_existent,no_visit,non_existent,non_existent,non_existent,non_existent,non_existent,non_existent,non_existent,
BP,AC,80,Mid,medium,13,c,,,,non_existent,non_existent,non_existent,non_existent,non_existent,non_existent,non_existent,non_existent,non_existent,non_existent,non_existent,non_existent,non_existent,non_existent,no_visit,non_existent,non_existent,non_existent,non_existent,non_existent,non_existent,non_existent,
BP,AC,80,Mid,medium,14,a,,,,pseudo,pseudo,pseudo,pseudo,pseudo,pseudo,pseudo,pseudo,pseudo,pseudo,pseudo,pseudo,non_existent,non_existent,no_visit,non_existent,non_existent,non_existent,non_existent,non_existent,non_existent,non_existent,
BP,AC,80,Mid,medium,14,b,,,,non_existent,non_existent,non_existent,non_existent,non_existent,non_existent,non_existent,non_existent,non_existent,non_existent,non_existent,non_existent,empty,empty,no_visit,empty,empty,empty,empty,empty,empty,non_existent,
BP,AC,80,Mid,medium,14,c,,,,non_existent,non_existent,non_existent,non_existent,non_existent,non_existent,non_existent,non_existent,non_existent,non_existent,non_existent,non_existent,non_existent,non_existent,no_visit,non_existent,non_existent,non_existent,non_existent,non_existent,non_existent,non_existent,
BP,AC,80,Mid,medium,15,a,,,,empty,empty,empty,empty,empty,empty,empty,empty,empty,empty,empty,empty,empty,empty,no_visit,empty,empty,empty,empty,empty,empty,non_existent,
BP,AC,80,Mid,medium,15,b,,,,non_existent,non_existent,non_existent,non_existent,non_existent,non_existent,non_existent,non_existent,non_existent,non_existent,non_existent,non_existent,non_existent,non_existent,no_visit,non_existent,non_existent,non_existent,non_existent,non_existent,non_existent,non_existent,
BP,AC,80,Mid,medium,15,c,,,,non_existent,non_existent,non_existent,non_existent,non_existent,non_existent,non_existent,non_existent,non_existent,non_existent,non_existent,non_existent,non_existent,non_existent,no_visit,non_existent,non_existent,non_existent,non_existent,non_existent,non_existent,non_existent,
BP,AC,80,Mid,small,16,a,,,,pseudo,pseudo,pseudo,pseudo,pseudo,pseudo,pseudo,pseudo,pseudo,pseudo,pseudo,pseudo,pseudo,pseudo,no_visit,pseudo,pseudo,pseudo,pseudo,pseudo,pseudo,non_existent,
BP,AC,80,Mid,small,16,b,,,,non_existent,non_existent,non_existent,non_existent,non_existent,non_existent,non_existent,non_existent,non_existent,non_existent,non_existent,non_existent,non_existent,non_existent,no_visit,non_existent,non_existent,non_existent,non_existent,non_existent,non_existent,non_existent,
BP,AC,80,Mid,small,16,c,,,,non_existent,non_existent,non_existent,non_existent,non_existent,non_existent,non_existent,non_existent,non_existent,non_existent,non_existent,non_existent,non_existent,non_existent,no_visit,non_existent,non_existent,non_existent,non_existent,non_existent,non_existent,non_existent,
BP,AC,80,Mid,medium,17,a,,,wasp,non-target cells,no change,no change,no change,non_existent,non_existent,non_existent,non_existent,non_existent,non_existent,non_existent,non_existent,non_existent,non_existent,no_visit,non_existent,non_existent,non_existent,non_existent,non_existent,non_existent,non_existent,
BP,AC,80,Mid,medium,17,b,,,,non_existent,non_existent,non_existent,non_existent,empty,empty,empty,empty,empty,empty,empty,empty,empty,empty,no_visit,empty,empty,empty,empty,empty,empty,non_existent,
BP,AC,80,Mid,medium,17,c,,,,non_existent,non_existent,non_existent,non_existent,non_existent,non_existent,non_existent,non_existent,non_existent,non_existent,non_existent,non_existent,non_existent,non_existent,no_visit,non_existent,non_existent,non_existent,non_existent,non_existent,non_existent,non_existent,
BP,AC,80,Mid,large,18,a,,,,empty,empty,empty,empty,empty,empty,empty,empty,empty,empty,empty,empty,empty,empty,no_visit,empty,empty,empty,empty,empty,empty,non_existent,
BP,AC,80,Mid,large,18,b,,,,non_existent,non_existent,non_existent,non_existent,non_existent,non_existent,non_existent,non_existent,non_existent,non_existent,non_existent,non_existent,non_existent,non_existent,no_visit,non_existent,non_existent,non_existent,non_existent,non_existent,non_existent,non_existent,
BP,AC,80,Mid,large,18,c,,,,non_existent,non_existent,non_existent,non_existent,non_existent,non_existent,non_existent,non_existent,non_existent,non_existent,non_existent,non_existent,non_existent,non_existent,no_visit,non_existent,non_existent,non_existent,non_existent,non_existent,non_existent,non_existent,
BP,AC,81,High,large,1,a,,,,pseudo,pseudo,pseudo,pseudo,pseudo,pseudo,pseudo,pseudo,pseudo,pseudo,pseudo,pseudo,pseudo,pseudo,no_visit,pseudo,pseudo,pseudo,pseudo,pseudo,pseudo,non_existent,
BP,AC,81,High,large,1,b,,,,non_existent,non_existent,non_existent,non_existent,non_existent,non_existent,non_existent,non_existent,non_existent,non_existent,non_existent,non_existent,non_existent,non_existent,no_visit,non_existent,non_existent,non_existent,non_existent,non_existent,non_existent,non_existent,
BP,AC,81,High,large,1,c,,,,non_existent,non_existent,non_existent,non_existent,non_existent,non_existent,non_existent,non_existent,non_existent,non_existent,non_existent,non_existent,non_existent,non_existent,no_visit,non_existent,non_existent,non_existent,non_existent,non_existent,non_existent,non_existent,
BP,AC,81,High,medium,2,a,135,125,megachile,empty,empty,empty,empty,9 cells,2 cells + end cap,no change,no change,no change,no change,no change,no change,no change,no change,no_visit,no change,non_existent,non_existent,non_existent,non_existent,non_existent,non_existent,
BP,AC,81,High,medium,2,b,,,,non_existent,non_existent,non_existent,non_existent,non_existent,non_existent,non_existent,non_existent,non_existent,non_existent,non_existent,non_existent,non_existent,non_existent,no_visit,non_existent,pseudo,pseudo,pseudo,pseudo,pseudo,non_existent,
BP,AC,81,High,medium,2,c,,,,non_existent,non_existent,non_existent,non_existent,non_existent,non_existent,non_existent,non_existent,non_existent,non_existent,non_existent,non_existent,non_existent,non_existent,no_visit,non_existent,non_existent,non_existent,non_existent,non_existent,non_existent,non_existent,
BP,AC,81,High,medium,3,a,,,,pseudo,pseudo,pseudo,pseudo,pseudo,non_existent,non_existent,non_existent,non_existent,non_existent,non_existent,non_existent,non_existent,non_existent,no_visit,non_existent,non_existent,non_existent,non_existent,non_existent,non_existent,non_existent,
BP,AC,81,High,medium,3,b,,,,non_existent,non_existent,non_existent,non_existent,non_existent,empty,empty,empty,empty,empty,empty,empty,empty,empty,no_visit,empty,empty,empty,empty,empty,empty,non_existent,
BP,AC,81,High,medium,3,c,,,,non_existent,non_existent,non_existent,non_existent,non_existent,non_existent,non_existent,non_existent,non_existent,non_existent,non_existent,non_existent,non_existent,non_existent,no_visit,non_existent,non_existent,non_existent,non_existent,non_existent,non_existent,non_existent,
BP,AC,81,High,large,4,a,,,,empty,empty,empty,empty,empty,empty,empty,empty,empty,empty,empty,empty,empty,empty,no_visit,empty,empty,empty,empty,empty,empty,non_existent,
BP,AC,81,High,large,4,b,,,,non_existent,non_existent,non_existent,non_existent,non_existent,non_existent,non_existent,non_existent,non_existent,non_existent,non_existent,non_existent,non_existent,non_existent,no_visit,non_existent,non_existent,non_existent,non_existent,non_existent,non_existent,non_existent,
BP,AC,81,High,large,4,c,,,,non_existent,non_existent,non_existent,non_existent,non_existent,non_existent,non_existent,non_existent,non_existent,non_existent,non_existent,non_existent,non_existent,non_existent,no_visit,non_existent,non_existent,non_existent,non_existent,non_existent,non_existent,non_existent,
BP,AC,81,High,medium,5,a,,,megachile,empty,empty,empty,empty,empty,2 cells,no change,no change,eaten,non_existent,non_existent,non_existent,non_existent,non_existent,no_visit,non_existent,non_existent,non_existent,non_existent,non_existent,non_existent,non_existent,
BP,AC,81,High,medium,5,b,,,,non_existent,non_existent,non_existent,non_existent,non_existent,non_existent,non_existent,non_existent,non_existent,pseudo,pseudo,pseudo,pseudo,pseudo,no_visit,pseudo,pseudo,pseudo,pseudo,pseudo,pseudo,non_existent,
BP,AC,81,High,medium,5,c,,,,non_existent,non_existent,non_existent,non_existent,non_existent,non_existent,non_existent,non_existent,non_existent,non_existent,non_existent,non_existent,non_existent,non_existent,no_visit,non_existent,non_existent,non_existent,non_existent,non_existent,non_existent,non_existent,
BP,AC,81,High,small,6,a,,,,empty,empty,empty,empty,empty,empty,empty,empty,empty,empty,empty,empty,empty,empty,no_visit,empty,empty,empty,empty,empty,empty,non_existent,
BP,AC,81,High,small,6,b,,,,non_existent,non_existent,non_existent,non_existent,non_existent,non_existent,non_existent,non_existent,non_existent,non_existent,non_existent,non_existent,non_existent,non_existent,no_visit,non_existent,non_existent,non_existent,non_existent,non_existent,non_existent,non_existent,
BP,AC,81,High,small,6,c,,,,non_existent,non_existent,non_existent,non_existent,non_existent,non_existent,non_existent,non_existent,non_existent,non_existent,non_existent,non_existent,non_existent,non_existent,no_visit,non_existent,non_existent,non_existent,non_existent,non_existent,non_existent,non_existent,
BP,AC,81,High,medium,7,a,138,106,megachile,empty,empty,empty,empty,empty,6 cells + end cap,no change,no change,no change,no change,no change,no change,no change,no change,no_visit,no change,non_existent,non_existent,non_existent,non_existent,non_existent,non_existent,
BP,AC,81,High,medium,7,b,,,,non_existent,non_existent,non_existent,non_existent,non_existent,non_existent,non_existent,non_existent,non_existent,non_existent,non_existent,non_existent,non_existent,non_existent,no_visit,non_existent,pseudo,pseudo,pseudo,pseudo,pseudo,non_existent,
BP,AC,81,High,medium,7,c,,,,non_existent,non_existent,non_existent,non_existent,non_existent,non_existent,non_existent,non_existent,non_existent,non_existent,non_existent,non_existent,non_existent,non_existent,no_visit,non_existent,non_existent,non_existent,non_existent,non_existent,non_existent,non_existent,
BP,AC,81,High,medium,8,a,,,,pseudo,pseudo,pseudo,pseudo,pseudo,pseudo,non_existent,non_existent,non_existent,non_existent,non_existent,non_existent,non_existent,non_existent,no_visit,non_existent,non_existent,non_existent,non_existent,non_existent,non_existent,non_existent,
BP,AC,81,High,medium,8,b,,,wasp,non_existent,non_existent,non_existent,non_existent,non_existent,non_existent,empty,empty,empty,empty,empty,empty,empty,empty,no_visit,empty,empty,non-target cells,non-target cells,non-target cells,no change,non_existent,
BP,AC,81,High,large,9,a,,,,pseudo,pseudo,pseudo,pseudo,pseudo,pseudo,pseudo,pseudo,pseudo,pseudo,pseudo,pseudo,pseudo,pseudo,no_visit,pseudo,pseudo,pseudo,pseudo,pseudo,pseudo,non_existent,
BP,AC,81,High,large,9,b,,,,non_existent,non_existent,non_existent,non_existent,non_existent,non_existent,non_existent,non_existent,non_existent,non_existent,non_existent,non_existent,non_existent,non_existent,no_visit,non_existent,non_existent,non_existent,non_existent,non_existent,non_existent,non_existent,
BP,AC,81,High,large,9,c,,,,non_existent,non_existent,non_existent,non_existent,non_existent,non_existent,non_existent,non_existent,non_existent,non_existent,non_existent,non_existent,non_existent,non_existent,no_visit,non_existent,non_existent,non_existent,non_existent,non_existent,non_existent,non_existent,
BP,AC,81,High,large,10,a,,,,empty,empty,empty,empty,empty,empty,empty,empty,empty,empty,empty,empty,empty,empty,no_visit,empty,empty,empty,empty,empty,empty,non_existent,
BP,AC,81,High,large,10,b,,,,non_existent,non_existent,non_existent,non_existent,non_existent,non_existent,non_existent,non_existent,non_existent,non_existent,non_existent,non_existent,non_existent,non_existent,no_visit,non_existent,non_existent,non_existent,non_existent,non_existent,non_existent,non_existent,
BP,AC,81,High,large,10,c,,,,non_existent,non_existent,non_existent,non_existent,non_existent,non_existent,non_existent,non_existent,non_existent,non_existent,non_existent,non_existent,non_existent,non_existent,no_visit,non_existent,non_existent,non_existent,non_existent,non_existent,non_existent,non_existent,
BP,AC,81,High,medium,11,a,132,36,megachile,empty,empty,empty,empty,2 cells,1 cell + end cap,no change,no change,no change,no change,no change,no change,no change,no change,no_visit,no change,non_existent,non_existent,non_existent,non_existent,non_existent,non_existent,
BP,AC,81,High,medium,11,b,,,,non_existent,non_existent,non_existent,non_existent,non_existent,non_existent,non_existent,non_existent,non_existent,non_existent,non_existent,non_existent,non_existent,non_existent,no_visit,non_existent,pseudo,pseudo,pseudo,pseudo,pseudo,non_existent,
BP,AC,81,High,medium,11,c,,,,non_existent,non_existent,non_existent,non_existent,non_existent,non_existent,non_existent,non_existent,non_existent,non_existent,non_existent,non_existent,non_existent,non_existent,no_visit,non_existent,non_existent,non_existent,non_existent,non_existent,non_existent,non_existent,
BP,AC,81,High,medium,12,a,,,,pseudo,pseudo,pseudo,pseudo,pseudo,non_existent,non_existent,non_existent,non_existent,non_existent,non_existent,non_existent,non_existent,non_existent,no_visit,non_existent,non_existent,non_existent,non_existent,non_existent,non_existent,non_existent,
BP,AC,81,High,medium,12,b,,,megachile,non_existent,non_existent,non_existent,non_existent,non_existent,2 cells,2 cells,no change,no change,no change,eaten,non_existent,non_existent,non_existent,no_visit,non_existent,non_existent,non_existent,non_existent,non_existent,non_existent,non_existent,
BP,AC,81,High,medium,12,c,,,,non_existent,non_existent,non_existent,non_existent,non_existent,non_existent,non_existent,non_existent,non_existent,non_existent,non_existent,pseudo,pseudo,pseudo,no_visit,pseudo,pseudo,pseudo,pseudo,pseudo,pseudo,non_existent,
BP,AC,81,High,large,13,a,,,,pseudo,pseudo,pseudo,pseudo,pseudo,pseudo,pseudo,pseudo,pseudo,pseudo,pseudo,pseudo,pseudo,pseudo,no_visit,pseudo,pseudo,pseudo,pseudo,pseudo,pseudo,non_existent,
BP,AC,81,High,large,13,b,,,,non_existent,non_existent,non_existent,non_existent,non_existent,non_existent,non_existent,non_existent,non_existent,non_existent,non_existent,non_existent,non_existent,non_existent,no_visit,non_existent,non_existent,non_existent,non_existent,non_existent,non_existent,non_existent,
BP,AC,81,High,large,13,c,,,,non_existent,non_existent,non_existent,non_existent,non_existent,non_existent,non_existent,non_existent,non_existent,non_existent,non_existent,non_existent,non_existent,non_existent,no_visit,non_existent,non_existent,non_existent,non_existent,non_existent,non_existent,non_existent,
BP,AC,81,High,medium,14,a,,,,pseudo,pseudo,pseudo,pseudo,pseudo,pseudo,non_existent,non_existent,non_existent,non_existent,non_existent,non_existent,non_existent,non_existent,no_visit,non_existent,non_existent,non_existent,non_existent,non_existent,non_existent,non_existent,
BP,AC,81,High,medium,14,b,,,,non_existent,non_existent,non_existent,non_existent,non_existent,non_existent,empty,empty,empty,empty,empty,empty,empty,empty,no_visit,empty,empty,empty,empty,empty,empty,non_existent,
BP,AC,81,High,medium,14,c,,,,non_existent,non_existent,non_existent,non_existent,non_existent,non_existent,non_existent,non_existent,non_existent,non_existent,non_existent,non_existent,non_existent,non_existent,no_visit,non_existent,non_existent,non_existent,non_existent,non_existent,non_existent,non_existent,
BP,AC,81,High,small,15,a,,,,pseudo,pseudo,pseudo,pseudo,pseudo,pseudo,pseudo,pseudo,pseudo,pseudo,pseudo,pseudo,pseudo,pseudo,no_visit,pseudo,pseudo,pseudo,pseudo,pseudo,pseudo,non_existent,
BP,AC,81,High,small,15,b,,,,non_existent,non_existent,non_existent,non_existent,non_existent,non_existent,non_existent,non_existent,non_existent,non_existent,non_existent,non_existent,non_existent,non_existent,no_visit,non_existent,non_existent,non_existent,non_existent,non_existent,non_existent,non_existent,
BP,AC,81,High,small,15,c,,,,non_existent,non_existent,non_existent,non_existent,non_existent,non_existent,non_existent,non_existent,non_existent,non_existent,non_existent,non_existent,non_existent,non_existent,no_visit,non_existent,non_existent,non_existent,non_existent,non_existent,non_existent,non_existent,
BP,AC,81,High,medium,16,a,,,,pseudo,pseudo,pseudo,pseudo,pseudo,pseudo,non_existent,non_existent,non_existent,non_existent,non_existent,non_existent,non_existent,non_existent,no_visit,non_existent,non_existent,non_existent,non_existent,non_existent,non_existent,non_existent,
BP,AC,81,High,medium,16,b,,,megachile,non_existent,non_existent,non_existent,non_existent,non_existent,non_existent,empty,1-2 cells,no change,no change,eaten,non_existent,non_existent,non_existent,no_visit,non_existent,non_existent,non_existent,non_existent,non_existent,non_existent,non_existent,
BP,AC,81,High,medium,16,c,,,,non_existent,non_existent,non_existent,non_existent,non_existent,non_existent,non_existent,non_existent,non_existent,non_existent,non_existent,pseudo,pseudo,pseudo,no_visit,pseudo,pseudo,pseudo,pseudo,pseudo,pseudo,non_existent,
BP,AC,81,High,medium,17,a,,,,pseudo,pseudo,pseudo,pseudo,pseudo,pseudo,pseudo,pseudo,non_existent,non_existent,non_existent,non_existent,non_existent,non_existent,no_visit,non_existent,non_existent,non_existent,non_existent,non_existent,non_existent,non_existent,
BP,AC,81,High,medium,17,b,,,,non_existent,non_existent,non_existent,non_existent,non_existent,non_existent,non_existent,non_existent,empty,empty,empty,empty,empty,empty,no_visit,empty,empty,empty,empty,empty,empty,non_existent,
BP,AC,81,High,medium,17,c,,,,non_existent,non_existent,non_existent,non_existent,non_existent,non_existent,non_existent,non_existent,non_existent,non_existent,non_existent,non_existent,non_existent,non_existent,no_visit,non_existent,non_existent,non_existent,non_existent,non_existent,non_existent,non_existent,
BP,AC,81,High,large,18,a,,,,pseudo,pseudo,pseudo,pseudo,pseudo,pseudo,pseudo,pseudo,pseudo,pseudo,pseudo,pseudo,pseudo,pseudo,no_visit,pseudo,pseudo,pseudo,pseudo,pseudo,pseudo,non_existent,
BP,AC,81,High,large,18,b,,,,non_existent,non_existent,non_existent,non_existent,non_existent,non_existent,non_existent,non_existent,non_existent,non_existent,non_existent,non_existent,non_existent,non_existent,no_visit,non_existent,non_existent,non_existent,non_existent,non_existent,non_existent,non_existent,
BP,AC,81,High,large,18,c,,,,non_existent,non_existent,non_existent,non_existent,non_existent,non_existent,non_existent,non_existent,non_existent,non_existent,non_existent,non_existent,non_existent,non_existent,no_visit,non_existent,non_existent,non_existent,non_existent,non_existent,non_existent,non_existent,
BP,AD,82,Low,large,1,a,,,,empty,empty,empty,empty,empty,empty,empty,empty,empty,empty,empty,empty,empty,empty,no_visit,empty,empty,empty,empty,empty,empty,non_existent,
BP,AD,82,Low,large,1,b,,,,non_existent,non_existent,non_existent,non_existent,non_existent,non_existent,non_existent,non_existent,non_existent,non_existent,non_existent,non_existent,non_existent,non_existent,no_visit,non_existent,non_existent,non_existent,non_existent,non_existent,non_existent,non_existent,
BP,AD,82,Low,large,1,c,,,,non_existent,non_existent,non_existent,non_existent,non_existent,non_existent,non_existent,non_existent,non_existent,non_existent,non_existent,non_existent,non_existent,non_existent,no_visit,non_existent,non_existent,non_existent,non_existent,non_existent,non_existent,non_existent,
BP,AD,82,Low,medium,2,a,,,,empty,empty,empty,empty,empty,empty,empty,empty,empty,empty,empty,empty,empty,empty,no_visit,empty,empty,empty,empty,empty,empty,non_existent,
BP,AD,82,Low,medium,2,b,,,,non_existent,non_existent,non_existent,non_existent,non_existent,non_existent,non_existent,non_existent,non_existent,non_existent,non_existent,non_existent,non_existent,non_existent,no_visit,non_existent,non_existent,non_existent,non_existent,non_existent,non_existent,non_existent,
BP,AD,82,Low,medium,2,c,,,,non_existent,non_existent,non_existent,non_existent,non_existent,non_existent,non_existent,non_existent,non_existent,non_existent,non_existent,non_existent,non_existent,non_existent,no_visit,non_existent,non_existent,non_existent,non_existent,non_existent,non_existent,non_existent,
BP,AD,82,Low,medium,3,a,,,,empty,empty,empty,empty,empty,empty,empty,empty,empty,empty,empty,empty,empty,empty,no_visit,empty,empty,empty,empty,empty,empty,non_existent,
BP,AD,82,Low,medium,3,b,,,,non_existent,non_existent,non_existent,non_existent,non_existent,non_existent,non_existent,non_existent,non_existent,non_existent,non_existent,non_existent,non_existent,non_existent,no_visit,non_existent,non_existent,non_existent,non_existent,non_existent,non_existent,non_existent,
BP,AD,82,Low,medium,3,c,,,,non_existent,non_existent,non_existent,non_existent,non_existent,non_existent,non_existent,non_existent,non_existent,non_existent,non_existent,non_existent,non_existent,non_existent,no_visit,non_existent,non_existent,non_existent,non_existent,non_existent,non_existent,non_existent,
BP,AD,82,Low,large,4,a,,,,empty,empty,empty,empty,empty,empty,empty,empty,empty,empty,empty,empty,empty,empty,no_visit,empty,empty,empty,empty,empty,empty,non_existent,
BP,AD,82,Low,large,4,b,,,,non_existent,non_existent,non_existent,non_existent,non_existent,non_existent,non_existent,non_existent,non_existent,non_existent,non_existent,non_existent,non_existent,non_existent,no_visit,non_existent,non_existent,non_existent,non_existent,non_existent,non_existent,non_existent,
BP,AD,82,Low,large,4,c,,,,non_existent,non_existent,non_existent,non_existent,non_existent,non_existent,non_existent,non_existent,non_existent,non_existent,non_existent,non_existent,non_existent,non_existent,no_visit,non_existent,non_existent,non_existent,non_existent,non_existent,non_existent,non_existent,
BP,AD,82,Low,medium,5,a,,,,empty,empty,empty,empty,empty,empty,empty,empty,empty,empty,empty,empty,empty,empty,no_visit,empty,empty,empty,empty,empty,empty,non_existent,
BP,AD,82,Low,medium,5,b,,,,non_existent,non_existent,non_existent,non_existent,non_existent,non_existent,non_existent,non_existent,non_existent,non_existent,non_existent,non_existent,non_existent,non_existent,no_visit,non_existent,non_existent,non_existent,non_existent,non_existent,non_existent,non_existent,
BP,AD,82,Low,medium,5,c,,,,non_existent,non_existent,non_existent,non_existent,non_existent,non_existent,non_existent,non_existent,non_existent,non_existent,non_existent,non_existent,non_existent,non_existent,no_visit,non_existent,non_existent,non_existent,non_existent,non_existent,non_existent,non_existent,
BP,AD,82,Low,small,6,a,,,,empty,empty,empty,empty,empty,empty,empty,empty,empty,empty,empty,empty,empty,empty,no_visit,empty,empty,empty,empty,empty,empty,non_existent,
BP,AD,82,Low,small,6,b,,,,non_existent,non_existent,non_existent,non_existent,non_existent,non_existent,non_existent,non_existent,non_existent,non_existent,non_existent,non_existent,non_existent,non_existent,no_visit,non_existent,non_existent,non_existent,non_existent,non_existent,non_existent,non_existent,
BP,AD,82,Low,small,6,c,,,,non_existent,non_existent,non_existent,non_existent,non_existent,non_existent,non_existent,non_existent,non_existent,non_existent,non_existent,non_existent,non_existent,non_existent,no_visit,non_existent,non_existent,non_existent,non_existent,non_existent,non_existent,non_existent,
BP,AD,82,Low,medium,7,a,,,,empty,empty,empty,empty,empty,empty,empty,empty,empty,empty,empty,empty,empty,empty,no_visit,empty,empty,empty,empty,empty,empty,non_existent,
BP,AD,82,Low,medium,7,b,,,,non_existent,non_existent,non_existent,non_existent,non_existent,non_existent,non_existent,non_existent,non_existent,non_existent,non_existent,non_existent,non_existent,non_existent,no_visit,non_existent,non_existent,non_existent,non_existent,non_existent,non_existent,non_existent,
BP,AD,82,Low,medium,7,c,,,,non_existent,non_existent,non_existent,non_existent,non_existent,non_existent,non_existent,non_existent,non_existent,non_existent,non_existent,non_existent,non_existent,non_existent,no_visit,non_existent,non_existent,non_existent,non_existent,non_existent,non_existent,non_existent,
BP,AD,82,Low,medium,8,a,,,,empty,empty,empty,empty,empty,empty,empty,empty,empty,empty,empty,empty,empty,empty,no_visit,empty,empty,empty,empty,empty,empty,non_existent,
BP,AD,82,Low,medium,8,b,,,,non_existent,non_existent,non_existent,non_existent,non_existent,non_existent,non_existent,non_existent,non_existent,non_existent,non_existent,non_existent,non_existent,non_existent,no_visit,non_existent,non_existent,non_existent,non_existent,non_existent,non_existent,non_existent,
BP,AD,82,Low,large,9,a,,,,empty,empty,empty,empty,empty,empty,empty,empty,empty,empty,empty,empty,empty,empty,no_visit,empty,empty,empty,empty,empty,empty,non_existent,
BP,AD,82,Low,large,9,b,,,,non_existent,non_existent,non_existent,non_existent,non_existent,non_existent,non_existent,non_existent,non_existent,non_existent,non_existent,non_existent,non_existent,non_existent,no_visit,non_existent,non_existent,non_existent,non_existent,non_existent,non_existent,non_existent,
BP,AD,82,Low,large,9,c,,,,non_existent,non_existent,non_existent,non_existent,non_existent,non_existent,non_existent,non_existent,non_existent,non_existent,non_existent,non_existent,non_existent,non_existent,no_visit,non_existent,non_existent,non_existent,non_existent,non_existent,non_existent,non_existent,
BP,AD,82,Low,large,10,a,,,,empty,empty,empty,empty,empty,empty,empty,empty,empty,empty,empty,empty,empty,empty,no_visit,empty,empty,empty,empty,empty,empty,non_existent,
BP,AD,82,Low,large,10,b,,,,non_existent,non_existent,non_existent,non_existent,non_existent,non_existent,non_existent,non_existent,non_existent,non_existent,non_existent,non_existent,non_existent,non_existent,no_visit,non_existent,non_existent,non_existent,non_existent,non_existent,non_existent,non_existent,
BP,AD,82,Low,large,10,c,,,,non_existent,non_existent,non_existent,non_existent,non_existent,non_existent,non_existent,non_existent,non_existent,non_existent,non_existent,non_existent,non_existent,non_existent,no_visit,non_existent,non_existent,non_existent,non_existent,non_existent,non_existent,non_existent,
BP,AD,82,Low,medium,11,a,,,,empty,empty,empty,empty,empty,empty,empty,empty,empty,empty,empty,empty,empty,empty,no_visit,empty,empty,empty,empty,empty,empty,non_existent,
BP,AD,82,Low,medium,11,b,,,,non_existent,non_existent,non_existent,non_existent,non_existent,non_existent,non_existent,non_existent,non_existent,non_existent,non_existent,non_existent,non_existent,non_existent,no_visit,non_existent,non_existent,non_existent,non_existent,non_existent,non_existent,non_existent,
BP,AD,82,Low,medium,11,c,,,,non_existent,non_existent,non_existent,non_existent,non_existent,non_existent,non_existent,non_existent,non_existent,non_existent,non_existent,non_existent,non_existent,non_existent,no_visit,non_existent,non_existent,non_existent,non_existent,non_existent,non_existent,non_existent,
BP,AD,82,Low,medium,12,a,,,,empty,empty,empty,empty,empty,empty,empty,empty,empty,empty,empty,empty,empty,empty,no_visit,empty,empty,empty,empty,empty,empty,non_existent,
BP,AD,82,Low,medium,12,b,,,,non_existent,non_existent,non_existent,non_existent,non_existent,non_existent,non_existent,non_existent,non_existent,non_existent,non_existent,non_existent,non_existent,non_existent,no_visit,non_existent,non_existent,non_existent,non_existent,non_existent,non_existent,non_existent,
BP,AD,82,Low,medium,12,c,,,,non_existent,non_existent,non_existent,non_existent,non_existent,non_existent,non_existent,non_existent,non_existent,non_existent,non_existent,non_existent,non_existent,non_existent,no_visit,non_existent,non_existent,non_existent,non_existent,non_existent,non_existent,non_existent,
BP,AD,82,Low,medium,13,a,,,,empty,empty,empty,empty,empty,empty,empty,empty,empty,empty,empty,empty,empty,empty,no_visit,empty,empty,empty,empty,empty,empty,non_existent,
BP,AD,82,Low,medium,13,b,,,,non_existent,non_existent,non_existent,non_existent,non_existent,non_existent,non_existent,non_existent,non_existent,non_existent,non_existent,non_existent,non_existent,non_existent,no_visit,non_existent,non_existent,non_existent,non_existent,non_existent,non_existent,non_existent,
BP,AD,82,Low,medium,13,c,,,,non_existent,non_existent,non_existent,non_existent,non_existent,non_existent,non_existent,non_existent,non_existent,non_existent,non_existent,non_existent,non_existent,non_existent,no_visit,non_existent,non_existent,non_existent,non_existent,non_existent,non_existent,non_existent,
BP,AD,82,Low,large,14,a,,,,empty,empty,empty,empty,empty,empty,empty,empty,empty,empty,empty,empty,empty,empty,no_visit,empty,empty,empty,empty,empty,empty,non_existent,
BP,AD,82,Low,large,14,b,,,,non_existent,non_existent,non_existent,non_existent,non_existent,non_existent,non_existent,non_existent,non_existent,non_existent,non_existent,non_existent,non_existent,non_existent,no_visit,non_existent,non_existent,non_existent,non_existent,non_existent,non_existent,non_existent,
BP,AD,82,Low,large,14,c,,,,non_existent,non_existent,non_existent,non_existent,non_existent,non_existent,non_existent,non_existent,non_existent,non_existent,non_existent,non_existent,non_existent,non_existent,no_visit,non_existent,non_existent,non_existent,non_existent,non_existent,non_existent,non_existent,
BP,AD,82,Low,small,15,a,,,wasp,empty,empty,inner wall,1 cell,end cap,non_existent,non_existent,non_existent,non_existent,non_existent,non_existent,non_existent,non_existent,non_existent,no_visit,non_existent,non_existent,non_existent,non_existent,non_existent,non_existent,non_existent,
BP,AD,82,Low,small,15,b,,,,non_existent,non_existent,non_existent,non_existent,non_existent,empty,empty,empty,empty,empty,empty,empty,empty,empty,no_visit,empty,empty,empty,empty,empty,empty,non_existent,
BP,AD,82,Low,small,15,c,,,,non_existent,non_existent,non_existent,non_existent,non_existent,non_existent,non_existent,non_existent,non_existent,non_existent,non_existent,non_existent,non_existent,non_existent,no_visit,non_existent,non_existent,non_existent,non_existent,non_existent,non_existent,non_existent,
BP,AD,82,Low,medium,16,a,,,,empty,empty,empty,empty,empty,empty,empty,empty,empty,empty,empty,empty,empty,empty,no_visit,empty,empty,empty,empty,empty,empty,non_existent,
BP,AD,82,Low,medium,16,b,,,,non_existent,non_existent,non_existent,non_existent,non_existent,non_existent,non_existent,non_existent,non_existent,non_existent,non_existent,non_existent,non_existent,non_existent,no_visit,non_existent,non_existent,non_existent,non_existent,non_existent,non_existent,non_existent,
BP,AD,82,Low,medium,16,c,,,,non_existent,non_existent,non_existent,non_existent,non_existent,non_existent,non_existent,non_existent,non_existent,non_existent,non_existent,non_existent,non_existent,non_existent,no_visit,non_existent,non_existent,non_existent,non_existent,non_existent,non_existent,non_existent,
BP,AD,82,Low,medium,17,a,,,,empty,empty,empty,empty,empty,empty,empty,empty,empty,empty,empty,empty,empty,empty,no_visit,empty,empty,empty,empty,empty,empty,non_existent,
BP,AD,82,Low,medium,17,b,,,,non_existent,non_existent,non_existent,non_existent,non_existent,non_existent,non_existent,non_existent,non_existent,non_existent,non_existent,non_existent,non_existent,non_existent,no_visit,non_existent,non_existent,non_existent,non_existent,non_existent,non_existent,non_existent,
BP,AD,82,Low,medium,17,c,,,,non_existent,non_existent,non_existent,non_existent,non_existent,non_existent,non_existent,non_existent,non_existent,non_existent,non_existent,non_existent,non_existent,non_existent,no_visit,non_existent,non_existent,non_existent,non_existent,non_existent,non_existent,non_existent,
BP,AD,82,Low,large,18,a,,,,empty,empty,empty,empty,empty,empty,empty,empty,empty,empty,empty,empty,empty,empty,no_visit,empty,empty,empty,empty,empty,empty,non_existent,
BP,AD,82,Low,large,18,b,,,,non_existent,non_existent,non_existent,non_existent,non_existent,non_existent,non_existent,non_existent,non_existent,non_existent,non_existent,non_existent,non_existent,non_existent,no_visit,non_existent,non_existent,non_existent,non_existent,non_existent,non_existent,non_existent,
BP,AD,82,Low,large,18,c,,,,non_existent,non_existent,non_existent,non_existent,non_existent,non_existent,non_existent,non_existent,non_existent,non_existent,non_existent,non_existent,non_existent,non_existent,no_visit,non_existent,non_existent,non_existent,non_existent,non_existent,non_existent,non_existent,
BP,AD,83,Mid,large,1,a,,,,empty,empty,empty,empty,empty,empty,empty,empty,empty,empty,empty,empty,empty,empty,no_visit,empty,empty,empty,empty,empty,empty,non_existent,
BP,AD,83,Mid,large,1,b,,,,non_existent,non_existent,non_existent,non_existent,non_existent,non_existent,non_existent,non_existent,non_existent,non_existent,non_existent,non_existent,non_existent,non_existent,no_visit,non_existent,non_existent,non_existent,non_existent,non_existent,non_existent,non_existent,
BP,AD,83,Mid,large,1,c,,,,non_existent,non_existent,non_existent,non_existent,non_existent,non_existent,non_existent,non_existent,non_existent,non_existent,non_existent,non_existent,non_existent,non_existent,no_visit,non_existent,non_existent,non_existent,non_existent,non_existent,non_existent,non_existent,
BP,AD,83,Mid,medium,2,a,139,128,megachile,empty,empty,empty,1 cell,6 cells,no change,end cap,no change,no change,no change,no change,no change,no change,no change,no_visit,no change,non_existent,non_existent,non_existent,non_existent,non_existent,non_existent,cell was cut in half by accident when moving into tube
BP,AD,83,Mid,medium,2,b,,,,non_existent,non_existent,non_existent,non_existent,non_existent,non_existent,non_existent,non_existent,non_existent,non_existent,non_existent,non_existent,non_existent,non_existent,no_visit,non_existent,pseudo,pseudo,pseudo,pseudo,pseudo,non_existent,
BP,AD,83,Mid,medium,2,c,,,,non_existent,non_existent,non_existent,non_existent,non_existent,non_existent,non_existent,non_existent,non_existent,non_existent,non_existent,non_existent,non_existent,non_existent,no_visit,non_existent,non_existent,non_existent,non_existent,non_existent,non_existent,non_existent,
BP,AD,83,Mid,large,3,a,,,,empty,empty,empty,empty,empty,empty,empty,empty,empty,empty,empty,empty,empty,empty,no_visit,empty,empty,empty,empty,empty,empty,non_existent,
BP,AD,83,Mid,large,3,b,,,,non_existent,non_existent,non_existent,non_existent,non_existent,non_existent,non_existent,non_existent,non_existent,non_existent,non_existent,non_existent,non_existent,non_existent,no_visit,non_existent,non_existent,non_existent,non_existent,non_existent,non_existent,non_existent,
BP,AD,83,Mid,large,3,c,,,,non_existent,non_existent,non_existent,non_existent,non_existent,non_existent,non_existent,non_existent,non_existent,non_existent,non_existent,non_existent,non_existent,non_existent,no_visit,non_existent,non_existent,non_existent,non_existent,non_existent,non_existent,non_existent,
BP,AD,83,Mid,small,4,a,,,,empty,empty,empty,empty,empty,empty,empty,empty,empty,empty,empty,empty,empty,empty,no_visit,empty,empty,empty,empty,empty,empty,non_existent,
BP,AD,83,Mid,small,4,b,,,,non_existent,non_existent,non_existent,non_existent,non_existent,non_existent,non_existent,non_existent,non_existent,non_existent,non_existent,non_existent,non_existent,non_existent,no_visit,non_existent,non_existent,non_existent,non_existent,non_existent,non_existent,non_existent,
BP,AD,83,Mid,small,4,c,,,,non_existent,non_existent,non_existent,non_existent,non_existent,non_existent,non_existent,non_existent,non_existent,non_existent,non_existent,non_existent,non_existent,non_existent,no_visit,non_existent,non_existent,non_existent,non_existent,non_existent,non_existent,non_existent,
BP,AD,83,Mid,medium,5,a,,,,pseudo,pseudo,pseudo,pseudo,pseudo,pseudo,pseudo,pseudo,pseudo,pseudo,pseudo,pseudo,pseudo,pseudo,no_visit,pseudo,pseudo,pseudo,pseudo,pseudo,pseudo,non_existent,
BP,AD,83,Mid,medium,5,b,,,,non_existent,non_existent,non_existent,non_existent,non_existent,non_existent,non_existent,non_existent,non_existent,non_existent,non_existent,non_existent,non_existent,non_existent,no_visit,non_existent,non_existent,non_existent,non_existent,non_existent,non_existent,non_existent,
BP,AD,83,Mid,medium,5,c,,,,non_existent,non_existent,non_existent,non_existent,non_existent,non_existent,non_existent,non_existent,non_existent,non_existent,non_existent,non_existent,non_existent,non_existent,no_visit,non_existent,non_existent,non_existent,non_existent,non_existent,non_existent,non_existent,
BP,AD,83,Mid,large,6,a,,,,empty,empty,empty,empty,empty,empty,empty,empty,empty,empty,empty,empty,empty,empty,no_visit,empty,empty,empty,empty,empty,empty,non_existent,
BP,AD,83,Mid,large,6,b,,,,non_existent,non_existent,non_existent,non_existent,non_existent,non_existent,non_existent,non_existent,non_existent,non_existent,non_existent,non_existent,non_existent,non_existent,no_visit,non_existent,non_existent,non_existent,non_existent,non_existent,non_existent,non_existent,
BP,AD,83,Mid,large,6,c,,,,non_existent,non_existent,non_existent,non_existent,non_existent,non_existent,non_existent,non_existent,non_existent,non_existent,non_existent,non_existent,non_existent,non_existent,no_visit,non_existent,non_existent,non_existent,non_existent,non_existent,non_existent,non_existent,
BP,AD,83,Mid,medium,7,a,,,,empty,empty,empty,empty,empty,empty,empty,empty,empty,empty,empty,empty,empty,empty,no_visit,empty,empty,empty,empty,empty,empty,non_existent,
BP,AD,83,Mid,medium,7,b,,,,non_existent,non_existent,non_existent,non_existent,non_existent,non_existent,non_existent,non_existent,non_existent,non_existent,non_existent,non_existent,non_existent,non_existent,no_visit,non_existent,non_existent,non_existent,non_existent,non_existent,non_existent,non_existent,
BP,AD,83,Mid,medium,7,c,,,,non_existent,non_existent,non_existent,non_existent,non_existent,non_existent,non_existent,non_existent,non_existent,non_existent,non_existent,non_existent,non_existent,non_existent,no_visit,non_existent,non_existent,non_existent,non_existent,non_existent,non_existent,non_existent,
BP,AD,83,Mid,medium,8,a,,,wasp,empty,empty,non-target inner wall,no change,no change,non_existent,non_existent,non_existent,non_existent,non_existent,non_existent,non_existent,non_existent,non_existent,no_visit,non_existent,non_existent,non_existent,non_existent,non_existent,non_existent,non_existent,
BP,AD,83,Mid,medium,8,b,,,,non_existent,non_existent,non_existent,non_existent,non_existent,empty,empty,empty,empty,empty,empty,empty,empty,empty,no_visit,empty,empty,empty,empty,empty,empty,non_existent,
BP,AD,83,Mid,medium,9,a,,,wasp,empty,empty,empty,non-target inner wall,non-target cells,non-target cells,no change,non_existent,non_existent,non_existent,non_existent,non_existent,non_existent,non_existent,no_visit,non_existent,non_existent,non_existent,non_existent,non_existent,non_existent,non_existent,
BP,AD,83,Mid,medium,9,b,,,megachile,non_existent,non_existent,non_existent,non_existent,non_existent,non_existent,non_existent,1 cell,no change,no change,no change,no change,abandoned,non_existent,no_visit,non_existent,non_existent,non_existent,non_existent,non_existent,non_existent,non_existent,
BP,AD,83,Mid,medium,9,c,,,,non_existent,non_existent,non_existent,non_existent,non_existent,non_existent,non_existent,non_existent,non_existent,non_existent,non_existent,non_existent,non_existent,empty,no_visit,empty,empty,empty,empty,empty,empty,non_existent,
BP,AD,83,Mid,large,10,a,,,,empty,empty,empty,empty,empty,empty,empty,empty,empty,empty,empty,empty,empty,empty,no_visit,empty,empty,empty,empty,empty,empty,non_existent,
BP,AD,83,Mid,large,10,b,,,,non_existent,non_existent,non_existent,non_existent,non_existent,non_existent,non_existent,non_existent,non_existent,non_existent,non_existent,non_existent,non_existent,non_existent,no_visit,non_existent,non_existent,non_existent,non_existent,non_existent,non_existent,non_existent,
BP,AD,83,Mid,large,10,c,,,,non_existent,non_existent,non_existent,non_existent,non_existent,non_existent,non_existent,non_existent,non_existent,non_existent,non_existent,non_existent,non_existent,non_existent,no_visit,non_existent,non_existent,non_existent,non_existent,non_existent,non_existent,non_existent,
BP,AD,83,Mid,medium,11,a,,,,empty,empty,empty,empty,empty,empty,empty,empty,empty,empty,empty,empty,empty,empty,no_visit,empty,empty,empty,empty,empty,empty,non_existent,
BP,AD,83,Mid,medium,11,b,,,,non_existent,non_existent,non_existent,non_existent,non_existent,non_existent,non_existent,non_existent,non_existent,non_existent,non_existent,non_existent,non_existent,non_existent,no_visit,non_existent,non_existent,non_existent,non_existent,non_existent,non_existent,non_existent,
BP,AD,83,Mid,medium,11,c,,,,non_existent,non_existent,non_existent,non_existent,non_existent,non_existent,non_existent,non_existent,non_existent,non_existent,non_existent,non_existent,non_existent,non_existent,no_visit,non_existent,non_existent,non_existent,non_existent,non_existent,non_existent,non_existent,
BP,AD,83,Mid,medium,12,a,,,,pseudo,pseudo,pseudo,pseudo,non_existent,non_existent,non_existent,non_existent,non_existent,non_existent,non_existent,non_existent,non_existent,non_existent,no_visit,non_existent,non_existent,non_existent,non_existent,non_existent,non_existent,non_existent,
BP,AD,83,Mid,medium,12,b,,,,non_existent,non_existent,non_existent,non_existent,empty,empty,empty,empty,empty,empty,empty,empty,empty,empty,no_visit,empty,empty,empty,empty,empty,empty,non_existent,
BP,AD,83,Mid,medium,12,c,,,,non_existent,non_existent,non_existent,non_existent,non_existent,non_existent,non_existent,non_existent,non_existent,non_existent,non_existent,non_existent,non_existent,non_existent,no_visit,non_existent,non_existent,non_existent,non_existent,non_existent,non_existent,non_existent,
BP,AD,83,Mid,medium,13,a,,,,empty,empty,empty,empty,empty,empty,empty,empty,empty,empty,empty,empty,empty,empty,no_visit,empty,empty,empty,empty,empty,empty,non_existent,
BP,AD,83,Mid,medium,13,b,,,,non_existent,non_existent,non_existent,non_existent,non_existent,non_existent,non_existent,non_existent,non_existent,non_existent,non_existent,non_existent,non_existent,non_existent,no_visit,non_existent,non_existent,non_existent,non_existent,non_existent,non_existent,non_existent,
BP,AD,83,Mid,medium,13,c,,,,non_existent,non_existent,non_existent,non_existent,non_existent,non_existent,non_existent,non_existent,non_existent,non_existent,non_existent,non_existent,non_existent,non_existent,no_visit,non_existent,non_existent,non_existent,non_existent,non_existent,non_existent,non_existent,
BP,AD,83,Mid,medium,14,a,,,unknown,empty,empty,empty,empty,empty,empty,empty,empty,empty,empty,empty,empty,empty,empty,no_visit,empty,empty,inner wall started,no change,no change,no change,non_existent,
BP,AD,83,Mid,medium,14,b,,,,non_existent,non_existent,non_existent,non_existent,non_existent,non_existent,non_existent,non_existent,non_existent,non_existent,non_existent,non_existent,non_existent,non_existent,no_visit,non_existent,non_existent,non_existent,non_existent,non_existent,non_existent,non_existent,
BP,AD,83,Mid,medium,14,c,,,,non_existent,non_existent,non_existent,non_existent,non_existent,non_existent,non_existent,non_existent,non_existent,non_existent,non_existent,non_existent,non_existent,non_existent,no_visit,non_existent,non_existent,non_existent,non_existent,non_existent,non_existent,non_existent,
BP,AD,83,Mid,medium,15,a,,,,pseudo,pseudo,pseudo,pseudo,pseudo,pseudo,pseudo,pseudo,pseudo,pseudo,pseudo,pseudo,pseudo,pseudo,no_visit,pseudo,pseudo,pseudo,pseudo,pseudo,pseudo,non_existent,
BP,AD,83,Mid,medium,15,b,,,,non_existent,non_existent,non_existent,non_existent,non_existent,non_existent,non_existent,non_existent,non_existent,non_existent,non_existent,non_existent,non_existent,non_existent,no_visit,non_existent,non_existent,non_existent,non_existent,non_existent,non_existent,non_existent,
BP,AD,83,Mid,medium,15,c,,,,non_existent,non_existent,non_existent,non_existent,non_existent,non_existent,non_existent,non_existent,non_existent,non_existent,non_existent,non_existent,non_existent,non_existent,no_visit,non_existent,non_existent,non_existent,non_existent,non_existent,non_existent,non_existent,
BP,AD,83,Mid,small,16,a,,,,pseudo,pseudo,pseudo,pseudo,pseudo,pseudo,pseudo,pseudo,pseudo,pseudo,pseudo,pseudo,pseudo,pseudo,no_visit,pseudo,pseudo,pseudo,pseudo,pseudo,pseudo,non_existent,
BP,AD,83,Mid,small,16,b,,,,non_existent,non_existent,non_existent,non_existent,non_existent,non_existent,non_existent,non_existent,non_existent,non_existent,non_existent,non_existent,non_existent,non_existent,no_visit,non_existent,non_existent,non_existent,non_existent,non_existent,non_existent,non_existent,
BP,AD,83,Mid,small,16,c,,,,non_existent,non_existent,non_existent,non_existent,non_existent,non_existent,non_existent,non_existent,non_existent,non_existent,non_existent,non_existent,non_existent,non_existent,no_visit,non_existent,non_existent,non_existent,non_existent,non_existent,non_existent,non_existent,
BP,AD,83,Mid,large,17,a,,,,pseudo,pseudo,pseudo,pseudo,pseudo,pseudo,pseudo,pseudo,pseudo,pseudo,pseudo,pseudo,pseudo,pseudo,no_visit,pseudo,pseudo,pseudo,pseudo,pseudo,pseudo,non_existent,
BP,AD,83,Mid,large,17,b,,,,non_existent,non_existent,non_existent,non_existent,non_existent,non_existent,non_existent,non_existent,non_existent,non_existent,non_existent,non_existent,non_existent,non_existent,no_visit,non_existent,non_existent,non_existent,non_existent,non_existent,non_existent,non_existent,
BP,AD,83,Mid,large,17,c,,,,non_existent,non_existent,non_existent,non_existent,non_existent,non_existent,non_existent,non_existent,non_existent,non_existent,non_existent,non_existent,non_existent,non_existent,no_visit,non_existent,non_existent,non_existent,non_existent,non_existent,non_existent,non_existent,
BP,AD,83,Mid,large,18,a,,,,pseudo,pseudo,pseudo,pseudo,pseudo,pseudo,pseudo,pseudo,pseudo,pseudo,pseudo,pseudo,pseudo,pseudo,no_visit,pseudo,pseudo,pseudo,pseudo,pseudo,pseudo,non_existent,
BP,AD,83,Mid,large,18,b,,,,non_existent,non_existent,non_existent,non_existent,non_existent,non_existent,non_existent,non_existent,non_existent,non_existent,non_existent,non_existent,non_existent,non_existent,no_visit,non_existent,non_existent,non_existent,non_existent,non_existent,non_existent,non_existent,
BP,AD,83,Mid,large,18,c,,,,non_existent,non_existent,non_existent,non_existent,non_existent,non_existent,non_existent,non_existent,non_existent,non_existent,non_existent,non_existent,non_existent,non_existent,no_visit,non_existent,non_existent,non_existent,non_existent,non_existent,non_existent,non_existent,
BP,AD,84,High,large,1,a,,,,pseudo,pseudo,pseudo,pseudo,pseudo,pseudo,pseudo,pseudo,pseudo,pseudo,pseudo,pseudo,pseudo,pseudo,no_visit,pseudo,pseudo,pseudo,pseudo,pseudo,pseudo,non_existent,
BP,AD,84,High,large,1,b,,,,non_existent,non_existent,non_existent,non_existent,non_existent,non_existent,non_existent,non_existent,non_existent,non_existent,non_existent,non_existent,non_existent,non_existent,no_visit,non_existent,non_existent,non_existent,non_existent,non_existent,non_existent,non_existent,
BP,AD,84,High,large,1,c,,,,non_existent,non_existent,non_existent,non_existent,non_existent,non_existent,non_existent,non_existent,non_existent,non_existent,non_existent,non_existent,non_existent,non_existent,no_visit,non_existent,non_existent,non_existent,non_existent,non_existent,non_existent,non_existent,
BP,AD,84,High,medium,2,a,,,,pseudo,pseudo,pseudo,pseudo,pseudo,pseudo,pseudo,pseudo,pseudo,pseudo,pseudo,pseudo,pseudo,pseudo,no_visit,pseudo,pseudo,pseudo,pseudo,pseudo,pseudo,non_existent,
BP,AD,84,High,medium,2,b,,,,non_existent,non_existent,non_existent,non_existent,non_existent,non_existent,non_existent,non_existent,non_existent,non_existent,non_existent,non_existent,non_existent,non_existent,no_visit,non_existent,non_existent,non_existent,non_existent,non_existent,non_existent,non_existent,
BP,AD,84,High,medium,2,c,,,,non_existent,non_existent,non_existent,non_existent,non_existent,non_existent,non_existent,non_existent,non_existent,non_existent,non_existent,non_existent,non_existent,non_existent,no_visit,non_existent,non_existent,non_existent,non_existent,non_existent,non_existent,non_existent,
BP,AD,84,High,medium,3,a,,,,pseudo,pseudo,pseudo,pseudo,pseudo,pseudo,pseudo,pseudo,pseudo,pseudo,pseudo,pseudo,pseudo,pseudo,no_visit,pseudo,pseudo,pseudo,pseudo,pseudo,pseudo,non_existent,
BP,AD,84,High,medium,3,b,,,,non_existent,non_existent,non_existent,non_existent,non_existent,non_existent,non_existent,non_existent,non_existent,non_existent,non_existent,non_existent,non_existent,non_existent,no_visit,non_existent,non_existent,non_existent,non_existent,non_existent,non_existent,non_existent,
BP,AD,84,High,medium,3,c,,,,non_existent,non_existent,non_existent,non_existent,non_existent,non_existent,non_existent,non_existent,non_existent,non_existent,non_existent,non_existent,non_existent,non_existent,no_visit,non_existent,non_existent,non_existent,non_existent,non_existent,non_existent,non_existent,
BP,AD,84,High,medium,4,a,,,,empty,empty,empty,empty,empty,empty,empty,empty,empty,empty,empty,empty,empty,empty,no_visit,empty,empty,empty,empty,empty,empty,non_existent,
BP,AD,84,High,medium,4,b,,,,non_existent,non_existent,non_existent,non_existent,non_existent,non_existent,non_existent,non_existent,non_existent,non_existent,non_existent,non_existent,non_existent,non_existent,no_visit,non_existent,non_existent,non_existent,non_existent,non_existent,non_existent,non_existent,
BP,AD,84,High,medium,4,c,,,,non_existent,non_existent,non_existent,non_existent,non_existent,non_existent,non_existent,non_existent,non_existent,non_existent,non_existent,non_existent,non_existent,non_existent,no_visit,non_existent,non_existent,non_existent,non_existent,non_existent,non_existent,non_existent,
BP,AD,84,High,small,5,a,,,,pseudo,pseudo,pseudo,pseudo,pseudo,non_existent,non_existent,non_existent,non_existent,non_existent,non_existent,non_existent,non_existent,non_existent,no_visit,non_existent,non_existent,non_existent,non_existent,non_existent,non_existent,non_existent,
BP,AD,84,High,small,5,b,138,67,heriades,non_existent,non_existent,non_existent,non_existent,non_existent,empty,empty,empty,empty,empty,empty,2 cells,1 cell,1 cell,no_visit,3 cells,end cap,non_existent,non_existent,non_existent,non_existent,non_existent,
BP,AD,84,High,small,5,c,,,,non_existent,non_existent,non_existent,non_existent,non_existent,non_existent,non_existent,non_existent,non_existent,non_existent,non_existent,non_existent,non_existent,non_existent,no_visit,non_existent,non_existent,empty,empty,empty,empty,non_existent,
BP,AD,84,High,medium,6,a,,,,pseudo,pseudo,pseudo,pseudo,pseudo,pseudo,pseudo,pseudo,pseudo,pseudo,pseudo,pseudo,pseudo,pseudo,no_visit,pseudo,pseudo,pseudo,pseudo,pseudo,pseudo,non_existent,
BP,AD,84,High,medium,6,b,,,,non_existent,non_existent,non_existent,non_existent,non_existent,non_existent,non_existent,non_existent,non_existent,non_existent,non_existent,non_existent,non_existent,non_existent,no_visit,non_existent,non_existent,non_existent,non_existent,non_existent,non_existent,non_existent,
BP,AD,84,High,medium,6,c,,,,non_existent,non_existent,non_existent,non_existent,non_existent,non_existent,non_existent,non_existent,non_existent,non_existent,non_existent,non_existent,non_existent,non_existent,no_visit,non_existent,non_existent,non_existent,non_existent,non_existent,non_existent,non_existent,
BP,AD,84,High,large,7,a,,,,pseudo,pseudo,pseudo,pseudo,pseudo,non_existent,non_existent,non_existent,non_existent,non_existent,non_existent,non_existent,non_existent,non_existent,no_visit,non_existent,non_existent,non_existent,non_existent,non_existent,non_existent,non_existent,
BP,AD,84,High,large,7,b,131,24,megachile,non_existent,non_existent,non_existent,non_existent,non_existent,inner wall,1 cell,no change,abandoned,no change,no change,no change,no change,no change,no_visit,no change,non_existent,non_existent,non_existent,non_existent,non_existent,non_existent,
BP,AD,84,High,large,7,c,,,,non_existent,non_existent,non_existent,non_existent,non_existent,non_existent,non_existent,non_existent,non_existent,non_existent,non_existent,non_existent,non_existent,non_existent,no_visit,non_existent,pseudo,pseudo,pseudo,pseudo,pseudo,non_existent,
BP,AD,84,High,medium,8,a,,,,pseudo,pseudo,pseudo,pseudo,pseudo,pseudo,pseudo,pseudo,pseudo,pseudo,pseudo,pseudo,pseudo,pseudo,no_visit,pseudo,pseudo,pseudo,pseudo,pseudo,pseudo,non_existent,
BP,AD,84,High,medium,8,b,,,,non_existent,non_existent,non_existent,non_existent,non_existent,non_existent,non_existent,non_existent,non_existent,non_existent,non_existent,non_existent,non_existent,non_existent,no_visit,non_existent,non_existent,non_existent,non_existent,non_existent,non_existent,non_existent,
BP,AD,84,High,large,9,a,,,,pseudo,pseudo,pseudo,pseudo,pseudo,pseudo,non_existent,non_existent,non_existent,non_existent,non_existent,non_existent,non_existent,non_existent,no_visit,non_existent,non_existent,non_existent,non_existent,non_existent,non_existent,non_existent,Was highlighted at one point in this spreadsheet and not sure why
BP,AD,84,High,large,9,b,,,,non_existent,non_existent,non_existent,non_existent,non_existent,non_existent,empty,empty,empty,empty,empty,empty,empty,empty,no_visit,empty,empty,empty,empty,empty,empty,non_existent,
BP,AD,84,High,large,9,c,,,,non_existent,non_existent,non_existent,non_existent,non_existent,non_existent,non_existent,non_existent,non_existent,non_existent,non_existent,non_existent,non_existent,non_existent,no_visit,non_existent,non_existent,non_existent,non_existent,non_existent,non_existent,non_existent,
BP,AD,84,High,large,10,a,,,,pseudo,pseudo,pseudo,pseudo,pseudo,pseudo,non_existent,non_existent,non_existent,non_existent,non_existent,non_existent,non_existent,non_existent,no_visit,non_existent,non_existent,non_existent,non_existent,non_existent,non_existent,non_existent,
BP,AD,84,High,large,10,b,,,,non_existent,non_existent,non_existent,non_existent,non_existent,non_existent,empty,empty,empty,empty,empty,empty,empty,empty,no_visit,empty,empty,empty,empty,empty,empty,non_existent,
BP,AD,84,High,large,10,c,,,,non_existent,non_existent,non_existent,non_existent,non_existent,non_existent,non_existent,non_existent,non_existent,non_existent,non_existent,non_existent,non_existent,non_existent,no_visit,non_existent,non_existent,non_existent,non_existent,non_existent,non_existent,non_existent,
BP,AD,84,High,small,11,a,130,65,megachile,empty,empty,empty,empty,2 cells,2 cells,no change,no change,abandoned,no change,no change,no change,non_existent,non_existent,no_visit,non_existent,non_existent,non_existent,non_existent,non_existent,non_existent,non_existent,
BP,AD,84,High,small,11,b,145,81,resin bee,non_existent,non_existent,non_existent,non_existent,non_existent,non_existent,non_existent,non_existent,non_existent,non_existent,non_existent,non_existent,empty,empty,no_visit,empty,1 cell,3 cells,2 cells,1 cell,end cap,non_existent,
BP,AD,84,High,small,11,c,,,,non_existent,non_existent,non_existent,non_existent,non_existent,non_existent,non_existent,non_existent,non_existent,non_existent,non_existent,non_existent,non_existent,non_existent,no_visit,non_existent,non_existent,non_existent,non_existent,non_existent,non_existent,non_existent,
BP,AD,84,High,medium,12,a,,,,pseudo,pseudo,pseudo,pseudo,pseudo,pseudo,pseudo,non_existent,non_existent,non_existent,non_existent,non_existent,non_existent,non_existent,no_visit,non_existent,non_existent,non_existent,non_existent,non_existent,non_existent,non_existent,
BP,AD,84,High,medium,12,b,,,,non_existent,non_existent,non_existent,non_existent,non_existent,non_existent,non_existent,empty,empty,empty,empty,empty,empty,empty,no_visit,empty,empty,empty,empty,empty,empty,non_existent,
BP,AD,84,High,medium,12,c,,,,non_existent,non_existent,non_existent,non_existent,non_existent,non_existent,non_existent,non_existent,non_existent,non_existent,non_existent,non_existent,non_existent,non_existent,no_visit,non_existent,non_existent,non_existent,non_existent,non_existent,non_existent,non_existent,
BP,AD,84,High,medium,13,a,,,,pseudo,pseudo,pseudo,pseudo,pseudo,pseudo,non_existent,non_existent,non_existent,non_existent,non_existent,non_existent,non_existent,non_existent,no_visit,non_existent,non_existent,non_existent,non_existent,non_existent,non_existent,non_existent,
BP,AD,84,High,medium,13,b,141,13,megachile,non_existent,non_existent,non_existent,non_existent,non_existent,non_existent,1 cell,no change,abandoned,no change,no change,no change,no change,no change,no_visit,no change,non_existent,non_existent,non_existent,non_existent,non_existent,non_existent,
BP,AD,84,High,medium,13,c,,,,non_existent,non_existent,non_existent,non_existent,non_existent,non_existent,non_existent,non_existent,non_existent,non_existent,non_existent,non_existent,non_existent,non_existent,no_visit,non_existent,pseudo,pseudo,pseudo,pseudo,pseudo,non_existent,
BP,AD,84,High,large,14,a,130,72,megachile,empty,empty,empty,empty,5 cells,no change,abandoned,no change,no change,no change,no change,no change,no change,no change,no_visit,no change,non_existent,non_existent,non_existent,non_existent,non_existent,non_existent,
BP,AD,84,High,large,14,b,,,,non_existent,non_existent,non_existent,non_existent,non_existent,non_existent,non_existent,non_existent,non_existent,non_existent,non_existent,non_existent,non_existent,non_existent,no_visit,non_existent,pseudo,pseudo,pseudo,pseudo,pseudo,non_existent,
BP,AD,84,High,large,14,c,,,,non_existent,non_existent,non_existent,non_existent,non_existent,non_existent,non_existent,non_existent,non_existent,non_existent,non_existent,non_existent,non_existent,non_existent,no_visit,non_existent,non_existent,non_existent,non_existent,non_existent,non_existent,non_existent,
BP,AD,84,High,medium,15,a,142,81,megachile,empty,empty,empty,empty,empty,4 cells,2 cells,1 cell,no change,abandoned,no change,no change,no change,no change,no_visit,no change,no change,no change,non_existent,non_existent,non_existent,non_existent,
BP,AD,84,High,medium,15,b,,,,non_existent,non_existent,non_existent,non_existent,non_existent,non_existent,non_existent,non_existent,non_existent,non_existent,non_existent,non_existent,non_existent,non_existent,no_visit,non_existent,non_existent,non_existent,pseudo,pseudo,pseudo,non_existent,
BP,AD,84,High,medium,15,c,,,,non_existent,non_existent,non_existent,non_existent,non_existent,non_existent,non_existent,non_existent,non_existent,non_existent,non_existent,non_existent,non_existent,non_existent,no_visit,non_existent,non_existent,non_existent,non_existent,non_existent,non_existent,non_existent,
BP,AD,84,High,medium,16,a,,,,empty,empty,empty,empty,empty,empty,empty,empty,empty,empty,empty,empty,empty,empty,no_visit,empty,empty,empty,empty,empty,empty,non_existent,
BP,AD,84,High,medium,16,b,,,,non_existent,non_existent,non_existent,non_existent,non_existent,non_existent,non_existent,non_existent,non_existent,non_existent,non_existent,non_existent,non_existent,non_existent,no_visit,non_existent,non_existent,non_existent,non_existent,non_existent,non_existent,non_existent,
BP,AD,84,High,medium,16,c,,,,non_existent,non_existent,non_existent,non_existent,non_existent,non_existent,non_existent,non_existent,non_existent,non_existent,non_existent,non_existent,non_existent,non_existent,no_visit,non_existent,non_existent,non_existent,non_existent,non_existent,non_existent,non_existent,
BP,AD,84,High,medium,17,a,,,,empty,empty,empty,empty,empty,empty,empty,empty,empty,empty,empty,empty,empty,empty,no_visit,empty,empty,empty,empty,empty,empty,non_existent,
BP,AD,84,High,medium,17,b,,,,non_existent,non_existent,non_existent,non_existent,non_existent,non_existent,non_existent,non_existent,non_existent,non_existent,non_existent,non_existent,non_existent,non_existent,no_visit,non_existent,non_existent,non_existent,non_existent,non_existent,non_existent,non_existent,
BP,AD,84,High,medium,17,c,,,,non_existent,non_existent,non_existent,non_existent,non_existent,non_existent,non_existent,non_existent,non_existent,non_existent,non_existent,non_existent,non_existent,non_existent,no_visit,non_existent,non_existent,non_existent,non_existent,non_existent,non_existent,non_existent,
BP,AD,84,High,large,18,a,130,115,megachile,empty,empty,empty,empty,8 cells + end cap,no change,no change,no change,no change,no change,no change,no change,no change,no change,no_visit,no change,non_existent,non_existent,non_existent,non_existent,non_existent,non_existent,
BP,AD,84,High,large,18,b,,,,non_existent,non_existent,non_existent,non_existent,non_existent,non_existent,non_existent,non_existent,non_existent,non_existent,non_existent,non_existent,non_existent,non_existent,no_visit,non_existent,pseudo,pseudo,pseudo,pseudo,pseudo,non_existent,
BP,AD,84,High,large,18,c,,,,non_existent,non_existent,non_existent,non_existent,non_existent,non_existent,non_existent,non_existent,non_existent,non_existent,non_existent,non_existent,non_existent,non_existent,no_visit,non_existent,non_existent,non_existent,non_existent,non_existent,non_existent,non_existent,
BP,AE,85,Low,large,1,a,,,,empty,empty,empty,empty,empty,empty,empty,empty,empty,empty,empty,empty,empty,empty,no_visit,empty,empty,empty,empty,empty,empty,non_existent,
BP,AE,85,Low,large,1,b,,,,non_existent,non_existent,non_existent,non_existent,non_existent,non_existent,non_existent,non_existent,non_existent,non_existent,non_existent,non_existent,non_existent,non_existent,no_visit,non_existent,non_existent,non_existent,non_existent,non_existent,non_existent,non_existent,
BP,AE,85,Low,large,1,c,,,,non_existent,non_existent,non_existent,non_existent,non_existent,non_existent,non_existent,non_existent,non_existent,non_existent,non_existent,non_existent,non_existent,non_existent,no_visit,non_existent,non_existent,non_existent,non_existent,non_existent,non_existent,non_existent,
BP,AE,85,Low,medium,2,a,,,,empty,empty,empty,empty,empty,empty,empty,empty,empty,empty,empty,empty,empty,empty,no_visit,empty,empty,empty,empty,empty,empty,non_existent,
BP,AE,85,Low,medium,2,b,,,,non_existent,non_existent,non_existent,non_existent,non_existent,non_existent,non_existent,non_existent,non_existent,non_existent,non_existent,non_existent,non_existent,non_existent,no_visit,non_existent,non_existent,non_existent,non_existent,non_existent,non_existent,non_existent,
BP,AE,85,Low,medium,2,c,,,,non_existent,non_existent,non_existent,non_existent,non_existent,non_existent,non_existent,non_existent,non_existent,non_existent,non_existent,non_existent,non_existent,non_existent,no_visit,non_existent,non_existent,non_existent,non_existent,non_existent,non_existent,non_existent,
BP,AE,85,Low,medium,3,a,,,non-target bee,empty,empty,empty,empty,empty,empty,empty,empty,empty,empty,empty,empty,empty,empty,no_visit,1 cell,no change,abandoned,non_existent,non_existent,non_existent,non_existent,
BP,AE,85,Low,medium,3,b,,,,non_existent,non_existent,non_existent,non_existent,non_existent,non_existent,non_existent,non_existent,non_existent,non_existent,non_existent,non_existent,non_existent,non_existent,no_visit,non_existent,non_existent,non_existent,empty,empty,empty,non_existent,
BP,AE,85,Low,medium,3,c,,,,non_existent,non_existent,non_existent,non_existent,non_existent,non_existent,non_existent,non_existent,non_existent,non_existent,non_existent,non_existent,non_existent,non_existent,no_visit,non_existent,non_existent,non_existent,non_existent,non_existent,non_existent,non_existent,
BP,AE,85,Low,medium,4,a,,,,empty,empty,empty,empty,empty,empty,empty,empty,empty,empty,empty,empty,empty,empty,no_visit,empty,empty,empty,empty,empty,empty,non_existent,
BP,AE,85,Low,medium,4,b,,,,non_existent,non_existent,non_existent,non_existent,non_existent,non_existent,non_existent,non_existent,non_existent,non_existent,non_existent,non_existent,non_existent,non_existent,no_visit,non_existent,non_existent,non_existent,non_existent,non_existent,non_existent,non_existent,
BP,AE,85,Low,medium,4,c,,,,non_existent,non_existent,non_existent,non_existent,non_existent,non_existent,non_existent,non_existent,non_existent,non_existent,non_existent,non_existent,non_existent,non_existent,no_visit,non_existent,non_existent,non_existent,non_existent,non_existent,non_existent,non_existent,
BP,AE,85,Low,small,5,a,145,21,megachile,empty,empty,empty,empty,empty,empty,empty,empty,empty,empty,empty,empty,empty,empty,no_visit,empty,1 cell + end cap,non_existent,non_existent,non_existent,non_existent,non_existent,
BP,AE,85,Low,small,5,b,,,,non_existent,non_existent,non_existent,non_existent,non_existent,non_existent,non_existent,non_existent,non_existent,non_existent,non_existent,non_existent,non_existent,non_existent,no_visit,non_existent,non_existent,empty,empty,empty,empty,non_existent,
BP,AE,85,Low,small,5,c,,,,non_existent,non_existent,non_existent,non_existent,non_existent,non_existent,non_existent,non_existent,non_existent,non_existent,non_existent,non_existent,non_existent,non_existent,no_visit,non_existent,non_existent,non_existent,non_existent,non_existent,non_existent,non_existent,
BP,AE,85,Low,large,6,a,,,,empty,empty,empty,empty,empty,empty,empty,empty,empty,empty,empty,empty,empty,empty,no_visit,empty,empty,empty,empty,empty,empty,non_existent,
BP,AE,85,Low,large,6,b,,,,non_existent,non_existent,non_existent,non_existent,non_existent,non_existent,non_existent,non_existent,non_existent,non_existent,non_existent,non_existent,non_existent,non_existent,no_visit,non_existent,non_existent,non_existent,non_existent,non_existent,non_existent,non_existent,
BP,AE,85,Low,large,6,c,,,,non_existent,non_existent,non_existent,non_existent,non_existent,non_existent,non_existent,non_existent,non_existent,non_existent,non_existent,non_existent,non_existent,non_existent,no_visit,non_existent,non_existent,non_existent,non_existent,non_existent,non_existent,non_existent,
BP,AE,85,Low,medium,7,a,137,57,megachile,empty,empty,empty,empty,empty,empty,empty,empty,empty,empty,empty,empty,2 cells,1 cell + end cap,no_visit,no change,no change,non_existent,non_existent,non_existent,non_existent,non_existent,end cap still in progress july 22
BP,AE,85,Low,medium,7,b,,,,non_existent,non_existent,non_existent,non_existent,non_existent,non_existent,non_existent,non_existent,non_existent,non_existent,non_existent,non_existent,non_existent,non_existent,no_visit,non_existent,non_existent,empty,empty,empty,empty,non_existent,
BP,AE,85,Low,medium,7,c,,,,non_existent,non_existent,non_existent,non_existent,non_existent,non_existent,non_existent,non_existent,non_existent,non_existent,non_existent,non_existent,non_existent,non_existent,no_visit,non_existent,non_existent,non_existent,non_existent,non_existent,non_existent,non_existent,
BP,AE,85,Low,medium,8,a,144,71,megachile,empty,empty,empty,empty,empty,empty,empty,empty,empty,empty,2 cells,3 cells + end cap,no change,non_existent,no_visit,non_existent,non_existent,non_existent,non_existent,non_existent,non_existent,non_existent,
BP,AE,85,Low,medium,8,b,,,,non_existent,non_existent,non_existent,non_existent,non_existent,non_existent,non_existent,non_existent,non_existent,non_existent,non_existent,non_existent,non_existent,empty,no_visit,empty,empty,empty,empty,empty,empty,non_existent,
BP,AE,85,Low,large,9,a,,,,empty,empty,empty,empty,empty,empty,empty,empty,empty,empty,empty,empty,empty,empty,no_visit,empty,empty,empty,empty,empty,empty,non_existent,
BP,AE,85,Low,large,9,b,,,,non_existent,non_existent,non_existent,non_existent,non_existent,non_existent,non_existent,non_existent,non_existent,non_existent,non_existent,non_existent,non_existent,non_existent,no_visit,non_existent,non_existent,non_existent,non_existent,non_existent,non_existent,non_existent,
BP,AE,85,Low,large,9,c,,,,non_existent,non_existent,non_existent,non_existent,non_existent,non_existent,non_existent,non_existent,non_existent,non_existent,non_existent,non_existent,non_existent,non_existent,no_visit,non_existent,non_existent,non_existent,non_existent,non_existent,non_existent,non_existent,
BP,AE,85,Low,large,10,a,,,,empty,empty,empty,empty,empty,empty,empty,empty,empty,empty,empty,empty,empty,empty,no_visit,empty,empty,empty,empty,empty,empty,non_existent,
BP,AE,85,Low,large,10,b,,,,non_existent,non_existent,non_existent,non_existent,non_existent,non_existent,non_existent,non_existent,non_existent,non_existent,non_existent,non_existent,non_existent,non_existent,no_visit,non_existent,non_existent,non_existent,non_existent,non_existent,non_existent,non_existent,
BP,AE,85,Low,large,10,c,,,,non_existent,non_existent,non_existent,non_existent,non_existent,non_existent,non_existent,non_existent,non_existent,non_existent,non_existent,non_existent,non_existent,non_existent,no_visit,non_existent,non_existent,non_existent,non_existent,non_existent,non_existent,non_existent,
BP,AE,85,Low,medium,11,a,,,wasp,empty,empty,empty,empty,empty,empty,empty,empty,empty,empty,empty,empty,empty,empty,no_visit,empty,empty,empty,2 cells,non-target cell,no change,non_existent,
BP,AE,85,Low,medium,11,b,,,,non_existent,non_existent,non_existent,non_existent,non_existent,non_existent,non_existent,non_existent,non_existent,non_existent,non_existent,non_existent,non_existent,non_existent,no_visit,non_existent,non_existent,non_existent,non_existent,non_existent,non_existent,non_existent,
BP,AE,85,Low,medium,11,c,,,,non_existent,non_existent,non_existent,non_existent,non_existent,non_existent,non_existent,non_existent,non_existent,non_existent,non_existent,non_existent,non_existent,non_existent,no_visit,non_existent,non_existent,non_existent,non_existent,non_existent,non_existent,non_existent,
BP,AE,85,Low,medium,12,a,,,,empty,empty,empty,empty,empty,empty,empty,empty,empty,empty,empty,empty,empty,empty,no_visit,empty,empty,empty,empty,empty,empty,non_existent,
BP,AE,85,Low,medium,12,b,,,,non_existent,non_existent,non_existent,non_existent,non_existent,non_existent,non_existent,non_existent,non_existent,non_existent,non_existent,non_existent,non_existent,non_existent,no_visit,non_existent,non_existent,non_existent,non_existent,non_existent,non_existent,non_existent,
BP,AE,85,Low,medium,12,c,,,,non_existent,non_existent,non_existent,non_existent,non_existent,non_existent,non_existent,non_existent,non_existent,non_existent,non_existent,non_existent,non_existent,non_existent,no_visit,non_existent,non_existent,non_existent,non_existent,non_existent,non_existent,non_existent,
BP,AE,85,Low,medium,13,a,142,65,megachile,empty,empty,empty,empty,empty,empty,empty,empty,empty,empty,1 cell,1 cell,end cap,non_existent,no_visit,non_existent,non_existent,non_existent,non_existent,non_existent,non_existent,non_existent,
BP,AE,85,Low,medium,13,b,,,,non_existent,non_existent,non_existent,non_existent,non_existent,non_existent,non_existent,non_existent,non_existent,non_existent,non_existent,non_existent,non_existent,empty,no_visit,empty,empty,empty,empty,empty,empty,non_existent,
BP,AE,85,Low,medium,13,c,,,,non_existent,non_existent,non_existent,non_existent,non_existent,non_existent,non_existent,non_existent,non_existent,non_existent,non_existent,non_existent,non_existent,non_existent,no_visit,non_existent,non_existent,non_existent,non_existent,non_existent,non_existent,non_existent,
BP,AE,85,Low,large,14,a,,,,empty,empty,empty,empty,empty,empty,empty,empty,empty,empty,empty,empty,empty,empty,no_visit,empty,empty,empty,empty,empty,empty,non_existent,
BP,AE,85,Low,large,14,b,,,,non_existent,non_existent,non_existent,non_existent,non_existent,non_existent,non_existent,non_existent,non_existent,non_existent,non_existent,non_existent,non_existent,non_existent,no_visit,non_existent,non_existent,non_existent,non_existent,non_existent,non_existent,non_existent,
BP,AE,85,Low,large,14,c,,,,non_existent,non_existent,non_existent,non_existent,non_existent,non_existent,non_existent,non_existent,non_existent,non_existent,non_existent,non_existent,non_existent,non_existent,no_visit,non_existent,non_existent,non_existent,non_existent,non_existent,non_existent,non_existent,
BP,AE,85,Low,small,15,a,137,44,hylaeus,empty,empty,empty,empty,empty,empty,empty,empty,empty,empty,empty,empty,empty,empty,no_visit,empty,2 cells,7 cells,no change,3 cells,1 cell,non_existent,
BP,AE,85,Low,small,15,b,,,,non_existent,non_existent,non_existent,non_existent,non_existent,non_existent,non_existent,non_existent,non_existent,non_existent,non_existent,non_existent,non_existent,non_existent,no_visit,non_existent,non_existent,non_existent,non_existent,non_existent,non_existent,non_existent,
BP,AE,85,Low,small,15,c,,,,non_existent,non_existent,non_existent,non_existent,non_existent,non_existent,non_existent,non_existent,non_existent,non_existent,non_existent,non_existent,non_existent,non_existent,no_visit,non_existent,non_existent,non_existent,non_existent,non_existent,non_existent,non_existent,
BP,AE,85,Low,medium,16,a,,,,empty,empty,empty,empty,empty,empty,empty,empty,empty,empty,empty,empty,empty,empty,no_visit,empty,empty,empty,empty,empty,empty,non_existent,
BP,AE,85,Low,medium,16,b,,,,non_existent,non_existent,non_existent,non_existent,non_existent,non_existent,non_existent,non_existent,non_existent,non_existent,non_existent,non_existent,non_existent,non_existent,no_visit,non_existent,non_existent,non_existent,non_existent,non_existent,non_existent,non_existent,
BP,AE,85,Low,medium,16,c,,,,non_existent,non_existent,non_existent,non_existent,non_existent,non_existent,non_existent,non_existent,non_existent,non_existent,non_existent,non_existent,non_existent,non_existent,no_visit,non_existent,non_existent,non_existent,non_existent,non_existent,non_existent,non_existent,
BP,AE,85,Low,medium,17,a,,,,empty,empty,empty,empty,empty,empty,empty,empty,empty,empty,empty,empty,empty,empty,no_visit,empty,empty,empty,empty,empty,empty,non_existent,
BP,AE,85,Low,medium,17,b,,,,non_existent,non_existent,non_existent,non_existent,non_existent,non_existent,non_existent,non_existent,non_existent,non_existent,non_existent,non_existent,non_existent,non_existent,no_visit,non_existent,non_existent,non_existent,non_existent,non_existent,non_existent,non_existent,
BP,AE,85,Low,medium,17,c,,,,non_existent,non_existent,non_existent,non_existent,non_existent,non_existent,non_existent,non_existent,non_existent,non_existent,non_existent,non_existent,non_existent,non_existent,no_visit,non_existent,non_existent,non_existent,non_existent,non_existent,non_existent,non_existent,
BP,AE,85,Low,large,18,a,,,,empty,empty,empty,empty,empty,empty,empty,empty,empty,empty,empty,empty,empty,empty,no_visit,empty,empty,empty,empty,empty,empty,non_existent,
BP,AE,85,Low,large,18,b,,,,non_existent,non_existent,non_existent,non_existent,non_existent,non_existent,non_existent,non_existent,non_existent,non_existent,non_existent,non_existent,non_existent,non_existent,no_visit,non_existent,non_existent,non_existent,non_existent,non_existent,non_existent,non_existent,
BP,AE,85,Low,large,18,c,,,,non_existent,non_existent,non_existent,non_existent,non_existent,non_existent,non_existent,non_existent,non_existent,non_existent,non_existent,non_existent,non_existent,non_existent,no_visit,non_existent,non_existent,non_existent,non_existent,non_existent,non_existent,non_existent,
BP,AE,86,Mid,large,1,a,,,,pseudo,pseudo,pseudo,pseudo,pseudo,pseudo,pseudo,pseudo,pseudo,pseudo,pseudo,pseudo,pseudo,pseudo,no_visit,pseudo,pseudo,pseudo,pseudo,pseudo,pseudo,non_existent,
BP,AE,86,Mid,large,1,b,,,,non_existent,non_existent,non_existent,non_existent,non_existent,non_existent,non_existent,non_existent,non_existent,non_existent,non_existent,non_existent,non_existent,non_existent,no_visit,non_existent,non_existent,non_existent,non_existent,non_existent,non_existent,non_existent,
BP,AE,86,Mid,large,1,c,,,,non_existent,non_existent,non_existent,non_existent,non_existent,non_existent,non_existent,non_existent,non_existent,non_existent,non_existent,non_existent,non_existent,non_existent,no_visit,non_existent,non_existent,non_existent,non_existent,non_existent,non_existent,non_existent,
BP,AE,86,Mid,medium,2,a,,,,empty,empty,empty,empty,empty,empty,empty,empty,empty,empty,empty,empty,empty,empty,no_visit,empty,empty,empty,empty,empty,empty,non_existent,
BP,AE,86,Mid,medium,2,b,,,,non_existent,non_existent,non_existent,non_existent,non_existent,non_existent,non_existent,non_existent,non_existent,non_existent,non_existent,non_existent,non_existent,non_existent,no_visit,non_existent,non_existent,non_existent,non_existent,non_existent,non_existent,non_existent,
BP,AE,86,Mid,medium,2,c,,,,non_existent,non_existent,non_existent,non_existent,non_existent,non_existent,non_existent,non_existent,non_existent,non_existent,non_existent,non_existent,non_existent,non_existent,no_visit,non_existent,non_existent,non_existent,non_existent,non_existent,non_existent,non_existent,
BP,AE,86,Mid,medium,3,a,,,,pseudo,pseudo,pseudo,pseudo,pseudo,pseudo,pseudo,pseudo,pseudo,pseudo,pseudo,pseudo,pseudo,pseudo,no_visit,pseudo,pseudo,pseudo,pseudo,pseudo,pseudo,non_existent,
BP,AE,86,Mid,medium,3,b,,,,non_existent,non_existent,non_existent,non_existent,non_existent,non_existent,non_existent,non_existent,non_existent,non_existent,non_existent,non_existent,non_existent,non_existent,no_visit,non_existent,non_existent,non_existent,non_existent,non_existent,non_existent,non_existent,
BP,AE,86,Mid,medium,3,c,,,,non_existent,non_existent,non_existent,non_existent,non_existent,non_existent,non_existent,non_existent,non_existent,non_existent,non_existent,non_existent,non_existent,non_existent,no_visit,non_existent,non_existent,non_existent,non_existent,non_existent,non_existent,non_existent,
BP,AE,86,Mid,small,4,a,,,,pseudo,pseudo,pseudo,pseudo,pseudo,pseudo,pseudo,pseudo,pseudo,pseudo,pseudo,pseudo,pseudo,pseudo,no_visit,pseudo,pseudo,pseudo,pseudo,pseudo,pseudo,non_existent,
BP,AE,86,Mid,small,4,b,,,,non_existent,non_existent,non_existent,non_existent,non_existent,non_existent,non_existent,non_existent,non_existent,non_existent,non_existent,non_existent,non_existent,non_existent,no_visit,non_existent,non_existent,non_existent,non_existent,non_existent,non_existent,non_existent,
BP,AE,86,Mid,small,4,c,,,,non_existent,non_existent,non_existent,non_existent,non_existent,non_existent,non_existent,non_existent,non_existent,non_existent,non_existent,non_existent,non_existent,non_existent,no_visit,non_existent,non_existent,non_existent,non_existent,non_existent,non_existent,non_existent,
BP,AE,86,Mid,medium,5,a,,,wasp,empty,empty,empty,empty,empty,empty,empty,empty,empty,empty,empty,empty,empty,empty,no_visit,empty,1 cell,non-target cells,no change,no change,no change,non_existent,
BP,AE,86,Mid,medium,5,b,,,,non_existent,non_existent,non_existent,non_existent,non_existent,non_existent,non_existent,non_existent,non_existent,non_existent,non_existent,non_existent,non_existent,non_existent,no_visit,non_existent,non_existent,non_existent,non_existent,non_existent,non_existent,non_existent,
BP,AE,86,Mid,medium,5,c,,,,non_existent,non_existent,non_existent,non_existent,non_existent,non_existent,non_existent,non_existent,non_existent,non_existent,non_existent,non_existent,non_existent,non_existent,no_visit,non_existent,non_existent,non_existent,non_existent,non_existent,non_existent,non_existent,
BP,AE,86,Mid,medium,6,a,,,,empty,empty,empty,empty,empty,empty,empty,empty,empty,empty,empty,empty,empty,empty,no_visit,empty,empty,empty,empty,empty,empty,non_existent,
BP,AE,86,Mid,medium,6,b,,,,non_existent,non_existent,non_existent,non_existent,non_existent,non_existent,non_existent,non_existent,non_existent,non_existent,non_existent,non_existent,non_existent,non_existent,no_visit,non_existent,non_existent,non_existent,non_existent,non_existent,non_existent,non_existent,
BP,AE,86,Mid,medium,6,c,,,,non_existent,non_existent,non_existent,non_existent,non_existent,non_existent,non_existent,non_existent,non_existent,non_existent,non_existent,non_existent,non_existent,non_existent,no_visit,non_existent,non_existent,non_existent,non_existent,non_existent,non_existent,non_existent,
BP,AE,86,Mid,large,7,a,,,,empty,empty,empty,empty,empty,empty,empty,empty,empty,empty,empty,empty,empty,empty,no_visit,empty,empty,empty,empty,empty,empty,non_existent,
BP,AE,86,Mid,large,7,b,,,,non_existent,non_existent,non_existent,non_existent,non_existent,non_existent,non_existent,non_existent,non_existent,non_existent,non_existent,non_existent,non_existent,non_existent,no_visit,non_existent,non_existent,non_existent,non_existent,non_existent,non_existent,non_existent,
BP,AE,86,Mid,large,7,c,,,,non_existent,non_existent,non_existent,non_existent,non_existent,non_existent,non_existent,non_existent,non_existent,non_existent,non_existent,non_existent,non_existent,non_existent,no_visit,non_existent,non_existent,non_existent,non_existent,non_existent,non_existent,non_existent,
BP,AE,86,Mid,medium,8,a,,,,pseudo,pseudo,pseudo,pseudo,pseudo,pseudo,pseudo,pseudo,pseudo,pseudo,pseudo,pseudo,pseudo,pseudo,no_visit,pseudo,pseudo,pseudo,pseudo,pseudo,pseudo,non_existent,
BP,AE,86,Mid,medium,8,b,,,,non_existent,non_existent,non_existent,non_existent,non_existent,non_existent,non_existent,non_existent,non_existent,non_existent,non_existent,non_existent,non_existent,non_existent,no_visit,non_existent,non_existent,non_existent,non_existent,non_existent,non_existent,non_existent,
BP,AE,86,Mid,large,9,a,,,,pseudo,pseudo,pseudo,pseudo,pseudo,pseudo,pseudo,pseudo,pseudo,pseudo,pseudo,pseudo,pseudo,pseudo,no_visit,pseudo,pseudo,pseudo,pseudo,pseudo,pseudo,non_existent,
BP,AE,86,Mid,large,9,b,,,,non_existent,non_existent,non_existent,non_existent,non_existent,non_existent,non_existent,non_existent,non_existent,non_existent,non_existent,non_existent,non_existent,non_existent,no_visit,non_existent,non_existent,non_existent,non_existent,non_existent,non_existent,non_existent,
BP,AE,86,Mid,large,9,c,,,,non_existent,non_existent,non_existent,non_existent,non_existent,non_existent,non_existent,non_existent,non_existent,non_existent,non_existent,non_existent,non_existent,non_existent,no_visit,non_existent,non_existent,non_existent,non_existent,non_existent,non_existent,non_existent,
BP,AE,86,Mid,large,10,a,,,,empty,empty,empty,empty,empty,empty,empty,empty,empty,empty,empty,empty,empty,empty,no_visit,empty,empty,empty,empty,empty,empty,non_existent,
BP,AE,86,Mid,large,10,b,,,,non_existent,non_existent,non_existent,non_existent,non_existent,non_existent,non_existent,non_existent,non_existent,non_existent,non_existent,non_existent,non_existent,non_existent,no_visit,non_existent,non_existent,non_existent,non_existent,non_existent,non_existent,non_existent,
BP,AE,86,Mid,large,10,c,,,,non_existent,non_existent,non_existent,non_existent,non_existent,non_existent,non_existent,non_existent,non_existent,non_existent,non_existent,non_existent,non_existent,non_existent,no_visit,non_existent,non_existent,non_existent,non_existent,non_existent,non_existent,non_existent,
BP,AE,86,Mid,medium,11,a,,,,empty,empty,empty,empty,empty,empty,empty,empty,empty,empty,empty,empty,empty,empty,no_visit,empty,empty,empty,empty,empty,empty,non_existent,
BP,AE,86,Mid,medium,11,b,,,,non_existent,non_existent,non_existent,non_existent,non_existent,non_existent,non_existent,non_existent,non_existent,non_existent,non_existent,non_existent,non_existent,non_existent,no_visit,non_existent,non_existent,non_existent,non_existent,non_existent,non_existent,non_existent,
BP,AE,86,Mid,medium,11,c,,,,non_existent,non_existent,non_existent,non_existent,non_existent,non_existent,non_existent,non_existent,non_existent,non_existent,non_existent,non_existent,non_existent,non_existent,no_visit,non_existent,non_existent,non_existent,non_existent,non_existent,non_existent,non_existent,
BP,AE,86,Mid,large,12,a,,,,empty,empty,empty,empty,empty,empty,empty,empty,empty,empty,empty,empty,empty,empty,no_visit,empty,empty,empty,empty,empty,empty,non_existent,
BP,AE,86,Mid,large,12,b,,,,non_existent,non_existent,non_existent,non_existent,non_existent,non_existent,non_existent,non_existent,non_existent,non_existent,non_existent,non_existent,non_existent,non_existent,no_visit,non_existent,non_existent,non_existent,non_existent,non_existent,non_existent,non_existent,
BP,AE,86,Mid,large,12,c,,,,non_existent,non_existent,non_existent,non_existent,non_existent,non_existent,non_existent,non_existent,non_existent,non_existent,non_existent,non_existent,non_existent,non_existent,no_visit,non_existent,non_existent,non_existent,non_existent,non_existent,non_existent,non_existent,
BP,AE,86,Mid,medium,13,a,,,wasp,empty,empty,empty,empty,empty,empty,empty,empty,empty,non-target cell,end cap,non_existent,non_existent,non_existent,no_visit,non_existent,non_existent,non_existent,non_existent,non_existent,non_existent,non_existent,
BP,AE,86,Mid,medium,13,b,,,,non_existent,non_existent,non_existent,non_existent,non_existent,non_existent,non_existent,non_existent,non_existent,non_existent,non_existent,empty,empty,empty,no_visit,empty,empty,empty,empty,empty,empty,non_existent,
BP,AE,86,Mid,medium,13,c,,,,non_existent,non_existent,non_existent,non_existent,non_existent,non_existent,non_existent,non_existent,non_existent,non_existent,non_existent,non_existent,non_existent,non_existent,no_visit,non_existent,non_existent,non_existent,non_existent,non_existent,non_existent,non_existent,
BP,AE,86,Mid,medium,14,a,,,,pseudo,pseudo,pseudo,pseudo,pseudo,pseudo,pseudo,pseudo,pseudo,pseudo,pseudo,pseudo,pseudo,pseudo,no_visit,pseudo,pseudo,pseudo,pseudo,pseudo,pseudo,non_existent,
BP,AE,86,Mid,medium,14,b,,,,non_existent,non_existent,non_existent,non_existent,non_existent,non_existent,non_existent,non_existent,non_existent,non_existent,non_existent,non_existent,non_existent,non_existent,no_visit,non_existent,non_existent,non_existent,non_existent,non_existent,non_existent,non_existent,
BP,AE,86,Mid,medium,14,c,,,,non_existent,non_existent,non_existent,non_existent,non_existent,non_existent,non_existent,non_existent,non_existent,non_existent,non_existent,non_existent,non_existent,non_existent,no_visit,non_existent,non_existent,non_existent,non_existent,non_existent,non_existent,non_existent,
BP,AE,86,Mid,small,15,a,,,,empty,empty,empty,empty,empty,empty,empty,empty,empty,empty,empty,empty,empty,empty,no_visit,empty,empty,empty,empty,empty,empty,non_existent,
BP,AE,86,Mid,small,15,b,,,,non_existent,non_existent,non_existent,non_existent,non_existent,non_existent,non_existent,non_existent,non_existent,non_existent,non_existent,non_existent,non_existent,non_existent,no_visit,non_existent,non_existent,non_existent,non_existent,non_existent,non_existent,non_existent,
BP,AE,86,Mid,small,15,c,,,,non_existent,non_existent,non_existent,non_existent,non_existent,non_existent,non_existent,non_existent,non_existent,non_existent,non_existent,non_existent,non_existent,non_existent,no_visit,non_existent,non_existent,non_existent,non_existent,non_existent,non_existent,non_existent,
BP,AE,86,Mid,medium,16,a,,,wasp,empty,empty,empty,empty,empty,empty,empty,empty,non-target cell,non-target end cap,non_existent,non_existent,non_existent,non_existent,no_visit,non_existent,non_existent,non_existent,non_existent,non_existent,non_existent,non_existent,
BP,AE,86,Mid,medium,16,b,,,wasp,non_existent,non_existent,non_existent,non_existent,non_existent,non_existent,non_existent,non_existent,non_existent,non_existent,empty,empty,empty,non-target cell,no_visit,non-target cells,end cap,non_existent,non_existent,non_existent,non_existent,non_existent,
BP,AE,86,Mid,medium,16,c,,,,non_existent,non_existent,non_existent,non_existent,non_existent,non_existent,non_existent,non_existent,non_existent,non_existent,non_existent,non_existent,non_existent,non_existent,no_visit,non_existent,non_existent,empty,empty,empty,empty,non_existent,
BP,AE,86,Mid,medium,17,a,,,,empty,empty,empty,empty,empty,empty,empty,empty,empty,empty,empty,empty,empty,empty,no_visit,empty,empty,empty,empty,empty,empty,non_existent,
BP,AE,86,Mid,medium,17,b,,,,non_existent,non_existent,non_existent,non_existent,non_existent,non_existent,non_existent,non_existent,non_existent,non_existent,non_existent,non_existent,non_existent,non_existent,no_visit,non_existent,non_existent,non_existent,non_existent,non_existent,non_existent,non_existent,
BP,AE,86,Mid,medium,17,c,,,,non_existent,non_existent,non_existent,non_existent,non_existent,non_existent,non_existent,non_existent,non_existent,non_existent,non_existent,non_existent,non_existent,non_existent,no_visit,non_existent,non_existent,non_existent,non_existent,non_existent,non_existent,non_existent,
BP,AE,86,Mid,large,18,a,,,wasp,empty,empty,empty,empty,empty,empty,non-target cell,non-target cell,non-target end cap,non_existent,non_existent,non_existent,non_existent,non_existent,no_visit,non_existent,non_existent,non_existent,non_existent,non_existent,non_existent,non_existent,
BP,AE,86,Mid,large,18,b,,,,non_existent,non_existent,non_existent,non_existent,non_existent,non_existent,non_existent,non_existent,non_existent,empty,empty,empty,empty,empty,no_visit,empty,empty,empty,empty,empty,empty,non_existent,
BP,AE,86,Mid,large,18,c,,,,non_existent,non_existent,non_existent,non_existent,non_existent,non_existent,non_existent,non_existent,non_existent,non_existent,non_existent,non_existent,non_existent,non_existent,no_visit,non_existent,non_existent,non_existent,non_existent,non_existent,non_existent,non_existent,
BP,AE,87,High,large,1,a,,,,pseudo,pseudo,pseudo,pseudo,pseudo,pseudo,pseudo,pseudo,pseudo,pseudo,pseudo,pseudo,pseudo,pseudo,no_visit,pseudo,pseudo,pseudo,pseudo,pseudo,pseudo,non_existent,
BP,AE,87,High,large,1,b,,,,non_existent,non_existent,non_existent,non_existent,non_existent,non_existent,non_existent,non_existent,non_existent,non_existent,non_existent,non_existent,non_existent,non_existent,no_visit,non_existent,non_existent,non_existent,non_existent,non_existent,non_existent,non_existent,
BP,AE,87,High,large,1,c,,,,non_existent,non_existent,non_existent,non_existent,non_existent,non_existent,non_existent,non_existent,non_existent,non_existent,non_existent,non_existent,non_existent,non_existent,no_visit,non_existent,non_existent,non_existent,non_existent,non_existent,non_existent,non_existent,
BP,AE,87,High,medium,2,a,,,,pseudo,pseudo,pseudo,pseudo,pseudo,non_existent,non_existent,non_existent,non_existent,non_existent,non_existent,non_existent,non_existent,non_existent,no_visit,non_existent,non_existent,non_existent,non_existent,non_existent,non_existent,non_existent,
BP,AE,87,High,medium,2,b,134,60,megachile,non_existent,non_existent,non_existent,non_existent,non_existent,2 cells,2 cells,1 cell + end cap,no change,no change,no change,no change,no change,no change,no_visit,no change,no change,no change,non_existent,non_existent,non_existent,non_existent,
BP,AE,87,High,medium,2,c,,,,non_existent,non_existent,non_existent,non_existent,non_existent,non_existent,non_existent,non_existent,non_existent,non_existent,non_existent,non_existent,non_existent,non_existent,no_visit,non_existent,non_existent,non_existent,pseudo,pseudo,pseudo,non_existent,
BP,AE,87,High,small,3,a,,,,empty,empty,empty,empty,empty,empty,empty,empty,empty,empty,empty,empty,empty,empty,no_visit,empty,empty,empty,empty,empty,empty,non_existent,
BP,AE,87,High,small,3,b,,,,non_existent,non_existent,non_existent,non_existent,non_existent,non_existent,non_existent,non_existent,non_existent,non_existent,non_existent,non_existent,non_existent,non_existent,no_visit,non_existent,non_existent,non_existent,non_existent,non_existent,non_existent,non_existent,
BP,AE,87,High,small,3,c,,,,non_existent,non_existent,non_existent,non_existent,non_existent,non_existent,non_existent,non_existent,non_existent,non_existent,non_existent,non_existent,non_existent,non_existent,no_visit,non_existent,non_existent,non_existent,non_existent,non_existent,non_existent,non_existent,
BP,AE,87,High,medium,4,a,126,111,megachile,empty,empty,empty,empty,9 cells,end cap,no change,no change,no change,no change,no change,no change,no change,no change,no_visit,no change,non_existent,non_existent,non_existent,non_existent,non_existent,non_existent,
BP,AE,87,High,medium,4,b,,,,non_existent,non_existent,non_existent,non_existent,non_existent,non_existent,non_existent,non_existent,non_existent,non_existent,non_existent,non_existent,non_existent,non_existent,no_visit,non_existent,pseudo,pseudo,pseudo,non_existent,non_existent,non_existent,
BP,AE,87,High,medium,4,c,,,,non_existent,non_existent,non_existent,non_existent,non_existent,non_existent,non_existent,non_existent,non_existent,non_existent,non_existent,non_existent,non_existent,non_existent,no_visit,non_existent,non_existent,non_existent,non_existent,empty,empty,non_existent,
BP,AE,87,High,medium,5,a,131,26,megachile,empty,empty,empty,empty,empty,empty,empty,empty,empty,empty,empty,empty,empty,1 cell,no_visit,1 cell + end cap,no change,no change,no change,no change,no change,non_existent,
BP,AE,87,High,medium,5,b,,,,non_existent,non_existent,non_existent,non_existent,non_existent,non_existent,non_existent,non_existent,non_existent,non_existent,non_existent,non_existent,non_existent,non_existent,no_visit,non_existent,non_existent,non_existent,non_existent,non_existent,non_existent,non_existent,
BP,AE,87,High,medium,5,c,,,,non_existent,non_existent,non_existent,non_existent,non_existent,non_existent,non_existent,non_existent,non_existent,non_existent,non_existent,non_existent,non_existent,non_existent,no_visit,non_existent,non_existent,non_existent,non_existent,non_existent,non_existent,non_existent,
BP,AE,87,High,medium,6,a,,,unknown,empty,empty,empty,empty,empty,empty,empty,empty,empty,empty,empty,empty,empty,empty,no_visit,inner wall started,no change,no change,non_existent,non_existent,non_existent,non_existent,inner wall not at back of straw
BP,AE,87,High,medium,6,b,131,24,megachile,non_existent,non_existent,non_existent,non_existent,non_existent,non_existent,non_existent,non_existent,non_existent,non_existent,non_existent,non_existent,non_existent,non_existent,no_visit,non_existent,non_existent,non_existent,empty,1 cell,1 cell,non_existent,
BP,AE,87,High,medium,6,c,,,,non_existent,non_existent,non_existent,non_existent,non_existent,non_existent,non_existent,non_existent,non_existent,non_existent,non_existent,non_existent,non_existent,non_existent,no_visit,non_existent,non_existent,non_existent,non_existent,non_existent,non_existent,non_existent,
BP,AE,87,High,large,7,a,,,,pseudo,pseudo,pseudo,pseudo,pseudo,pseudo,pseudo,pseudo,pseudo,pseudo,pseudo,pseudo,pseudo,pseudo,no_visit,pseudo,pseudo,pseudo,pseudo,pseudo,pseudo,non_existent,
BP,AE,87,High,large,7,b,,,,non_existent,non_existent,non_existent,non_existent,non_existent,non_existent,non_existent,non_existent,non_existent,non_existent,non_existent,non_existent,non_existent,non_existent,no_visit,non_existent,non_existent,non_existent,non_existent,non_existent,non_existent,non_existent,
BP,AE,87,High,large,7,c,,,,non_existent,non_existent,non_existent,non_existent,non_existent,non_existent,non_existent,non_existent,non_existent,non_existent,non_existent,non_existent,non_existent,non_existent,no_visit,non_existent,non_existent,non_existent,non_existent,non_existent,non_existent,non_existent,
BP,AE,87,High,large,8,a,,,megachile,empty,empty,empty,empty,inner wall started,no change,no change,non_existent,non_existent,non_existent,non_existent,non_existent,non_existent,non_existent,no_visit,non_existent,non_existent,non_existent,non_existent,non_existent,non_existent,non_existent,
BP,AE,87,High,large,8,b,130,77,megachile,non_existent,non_existent,non_existent,non_existent,non_existent,non_existent,non_existent,empty,empty,empty,empty,empty,empty,empty,no_visit,1 cell,1 cell,1 cell,end cap,no change,no change,non_existent,
BP,AE,87,High,medium,9,a,,,,pseudo,pseudo,pseudo,pseudo,pseudo,pseudo,pseudo,pseudo,pseudo,pseudo,pseudo,pseudo,pseudo,pseudo,no_visit,pseudo,pseudo,pseudo,pseudo,pseudo,pseudo,non_existent,
BP,AE,87,High,medium,9,b,,,,non_existent,non_existent,non_existent,non_existent,non_existent,non_existent,non_existent,non_existent,non_existent,non_existent,non_existent,non_existent,non_existent,non_existent,no_visit,non_existent,non_existent,non_existent,non_existent,non_existent,non_existent,non_existent,
BP,AE,87,High,medium,9,c,,,,non_existent,non_existent,non_existent,non_existent,non_existent,non_existent,non_existent,non_existent,non_existent,non_existent,non_existent,non_existent,non_existent,non_existent,no_visit,non_existent,non_existent,non_existent,non_existent,non_existent,non_existent,non_existent,
BP,AE,87,High,large,10,a,,,,pseudo,pseudo,pseudo,pseudo,pseudo,pseudo,pseudo,pseudo,pseudo,pseudo,pseudo,pseudo,pseudo,pseudo,no_visit,pseudo,pseudo,pseudo,pseudo,pseudo,pseudo,non_existent,
BP,AE,87,High,large,10,b,,,,non_existent,non_existent,non_existent,non_existent,non_existent,non_existent,non_existent,non_existent,non_existent,non_existent,non_existent,non_existent,non_existent,non_existent,no_visit,non_existent,non_existent,non_existent,non_existent,non_existent,non_existent,non_existent,
BP,AE,87,High,large,10,c,,,,non_existent,non_existent,non_existent,non_existent,non_existent,non_existent,non_existent,non_existent,non_existent,non_existent,non_existent,non_existent,non_existent,non_existent,no_visit,non_existent,non_existent,non_existent,non_existent,non_existent,non_existent,non_existent,
BP,AE,87,High,medium,11,a,,,,pseudo,pseudo,pseudo,pseudo,pseudo,non_existent,non_existent,non_existent,non_existent,non_existent,non_existent,non_existent,non_existent,non_existent,no_visit,non_existent,non_existent,non_existent,non_existent,non_existent,non_existent,non_existent,
BP,AE,87,High,medium,11,b,132,28,megachile,non_existent,non_existent,non_existent,non_existent,non_existent,empty,empty,1 cell,no change,1 cell,abandoned,no change,no change,no change,no_visit,no change,no change,no change,non_existent,non_existent,non_existent,non_existent,
BP,AE,87,High,medium,11,c,,,,non_existent,non_existent,non_existent,non_existent,non_existent,non_existent,non_existent,non_existent,non_existent,non_existent,non_existent,non_existent,non_existent,non_existent,no_visit,non_existent,non_existent,non_existent,pseudo,pseudo,pseudo,non_existent,
BP,AE,87,High,medium,12,a,130,100,megachile,empty,empty,empty,empty,9 cells,no change,no change,1 cell,no change,abandoned,no change,no change,no change,no change,no_visit,no change,no change,no change,non_existent,non_existent,non_existent,non_existent,abandoned but unsure of date assigned
BP,AE,87,High,medium,12,b,,,,non_existent,non_existent,non_existent,non_existent,non_existent,non_existent,non_existent,non_existent,non_existent,non_existent,non_existent,non_existent,non_existent,non_existent,no_visit,non_existent,non_existent,non_existent,pseudo,pseudo,pseudo,non_existent,
BP,AE,87,High,medium,12,c,,,,non_existent,non_existent,non_existent,non_existent,non_existent,non_existent,non_existent,non_existent,non_existent,non_existent,non_existent,non_existent,non_existent,non_existent,no_visit,non_existent,non_existent,non_existent,non_existent,non_existent,non_existent,non_existent,
BP,AE,87,High,small,13,a,,,,pseudo,pseudo,pseudo,pseudo,pseudo,pseudo,pseudo,pseudo,pseudo,pseudo,pseudo,pseudo,pseudo,pseudo,no_visit,pseudo,pseudo,pseudo,pseudo,pseudo,pseudo,non_existent,
BP,AE,87,High,small,13,b,,,,non_existent,non_existent,non_existent,non_existent,non_existent,non_existent,non_existent,non_existent,non_existent,non_existent,non_existent,non_existent,non_existent,non_existent,no_visit,non_existent,non_existent,non_existent,non_existent,non_existent,non_existent,non_existent,
BP,AE,87,High,small,13,c,,,,non_existent,non_existent,non_existent,non_existent,non_existent,non_existent,non_existent,non_existent,non_existent,non_existent,non_existent,non_existent,non_existent,non_existent,no_visit,non_existent,non_existent,non_existent,non_existent,non_existent,non_existent,non_existent,
BP,AE,87,High,medium,14,a,,,,pseudo,pseudo,pseudo,pseudo,pseudo,pseudo,non_existent,non_existent,non_existent,non_existent,non_existent,non_existent,non_existent,non_existent,no_visit,non_existent,non_existent,non_existent,non_existent,non_existent,non_existent,non_existent,
BP,AE,87,High,medium,14,b,,,wasp,non_existent,non_existent,non_existent,non_existent,non_existent,non_existent,empty,empty,empty,empty,empty,non-target cell,end cap,non_existent,no_visit,non_existent,non_existent,non_existent,non_existent,non_existent,non_existent,non_existent,
BP,AE,87,High,medium,14,c,,,,non_existent,non_existent,non_existent,non_existent,non_existent,non_existent,non_existent,non_existent,non_existent,non_existent,non_existent,non_existent,non_existent,empty,no_visit,empty,empty,empty,empty,empty,empty,non_existent,
BP,AE,87,High,large,15,a,,,,pseudo,pseudo,pseudo,pseudo,pseudo,pseudo,pseudo,pseudo,pseudo,pseudo,pseudo,pseudo,pseudo,pseudo,no_visit,pseudo,non_existent,non_existent,non_existent,non_existent,non_existent,non_existent,
BP,AE,87,High,large,15,b,,,,non_existent,non_existent,non_existent,non_existent,non_existent,non_existent,non_existent,non_existent,non_existent,non_existent,non_existent,non_existent,non_existent,non_existent,no_visit,non_existent,empty,empty,empty,empty,empty,non_existent,
BP,AE,87,High,large,15,c,,,,non_existent,non_existent,non_existent,non_existent,non_existent,non_existent,non_existent,non_existent,non_existent,non_existent,non_existent,non_existent,non_existent,non_existent,no_visit,non_existent,non_existent,non_existent,non_existent,non_existent,non_existent,non_existent,
BP,AE,87,High,medium,16,a,,,,pseudo,pseudo,pseudo,pseudo,pseudo,pseudo,pseudo,pseudo,non_existent,non_existent,non_existent,non_existent,non_existent,non_existent,no_visit,non_existent,non_existent,non_existent,non_existent,non_existent,non_existent,non_existent,
BP,AE,87,High,medium,16,b,,,wasp,non_existent,non_existent,non_existent,non_existent,non_existent,non_existent,non_existent,non_existent,non-target cell,non-target cell,no change,end cap,non_existent,non_existent,no_visit,non_existent,non_existent,non_existent,non_existent,non_existent,non_existent,non_existent,
BP,AE,87,High,medium,16,c,,,,non_existent,non_existent,non_existent,non_existent,non_existent,non_existent,non_existent,non_existent,non_existent,non_existent,non_existent,non_existent,empty,empty,no_visit,empty,empty,empty,empty,empty,empty,non_existent,
BP,AE,87,High,medium,17,a,,,,pseudo,pseudo,pseudo,pseudo,pseudo,pseudo,pseudo,pseudo,pseudo,pseudo,pseudo,pseudo,pseudo,pseudo,no_visit,non_existent,non_existent,non_existent,non_existent,non_existent,non_existent,non_existent,
BP,AE,87,High,medium,17,b,,,,non_existent,non_existent,non_existent,non_existent,non_existent,non_existent,non_existent,non_existent,non_existent,non_existent,non_existent,non_existent,non_existent,non_existent,no_visit,empty,empty,empty,empty,empty,empty,non_existent,
BP,AE,87,High,medium,17,c,,,,non_existent,non_existent,non_existent,non_existent,non_existent,non_existent,non_existent,non_existent,non_existent,non_existent,non_existent,non_existent,non_existent,non_existent,no_visit,non_existent,non_existent,non_existent,non_existent,non_existent,non_existent,non_existent,
BP,AE,87,High,large,18,a,,,,empty,empty,empty,empty,empty,empty,empty,empty,empty,empty,empty,empty,empty,empty,no_visit,empty,empty,empty,empty,empty,empty,non_existent,
BP,AE,87,High,large,18,b,,,,non_existent,non_existent,non_existent,non_existent,non_existent,non_existent,non_existent,non_existent,non_existent,non_existent,non_existent,non_existent,non_existent,non_existent,no_visit,non_existent,non_existent,non_existent,non_existent,non_existent,non_existent,non_existent,
BP,AE,87,High,large,18,c,,,,non_existent,non_existent,non_existent,non_existent,non_existent,non_existent,non_existent,non_existent,non_existent,non_existent,non_existent,non_existent,non_existent,non_existent,no_visit,non_existent,non_existent,non_existent,non_existent,non_existent,non_existent,non_existent,
BP,AF,88,Low,large,1,a,,,,empty,empty,empty,empty,empty,empty,empty,empty,empty,empty,empty,empty,empty,empty,no_visit,empty,empty,empty,empty,empty,empty,non_existent,
BP,AF,88,Low,large,1,b,,,,non_existent,non_existent,non_existent,non_existent,non_existent,non_existent,non_existent,non_existent,non_existent,non_existent,non_existent,non_existent,non_existent,non_existent,no_visit,non_existent,non_existent,non_existent,non_existent,non_existent,non_existent,non_existent,
BP,AF,88,Low,large,1,c,,,,non_existent,non_existent,non_existent,non_existent,non_existent,non_existent,non_existent,non_existent,non_existent,non_existent,non_existent,non_existent,non_existent,non_existent,no_visit,non_existent,non_existent,non_existent,non_existent,non_existent,non_existent,non_existent,
BP,AF,88,Low,medium,2,a,,,wasp,empty,empty,empty,empty,non-target cell,non-target end cap,non_existent,non_existent,non_existent,non_existent,non_existent,non_existent,non_existent,non_existent,no_visit,non_existent,non_existent,non_existent,non_existent,non_existent,non_existent,non_existent,
BP,AF,88,Low,medium,2,b,,,,non_existent,non_existent,non_existent,non_existent,non_existent,non_existent,empty,empty,empty,empty,empty,empty,empty,empty,no_visit,empty,empty,empty,empty,empty,empty,non_existent,
BP,AF,88,Low,medium,2,c,,,,non_existent,non_existent,non_existent,non_existent,non_existent,non_existent,non_existent,non_existent,non_existent,non_existent,non_existent,non_existent,non_existent,non_existent,no_visit,non_existent,non_existent,non_existent,non_existent,non_existent,non_existent,non_existent,
BP,AF,88,Low,medium,3,a,,,,empty,empty,empty,empty,empty,empty,empty,empty,empty,empty,empty,empty,empty,empty,no_visit,empty,empty,empty,empty,empty,empty,non_existent,
BP,AF,88,Low,medium,3,b,,,,non_existent,non_existent,non_existent,non_existent,non_existent,non_existent,non_existent,non_existent,non_existent,non_existent,non_existent,non_existent,non_existent,non_existent,no_visit,non_existent,non_existent,non_existent,non_existent,non_existent,non_existent,non_existent,
BP,AF,88,Low,medium,3,c,,,,non_existent,non_existent,non_existent,non_existent,non_existent,non_existent,non_existent,non_existent,non_existent,non_existent,non_existent,non_existent,non_existent,non_existent,no_visit,non_existent,non_existent,non_existent,non_existent,non_existent,non_existent,non_existent,
BP,AF,88,Low,small,4,a,,,,empty,empty,empty,empty,empty,empty,empty,empty,empty,empty,empty,empty,empty,empty,no_visit,empty,empty,empty,empty,empty,empty,non_existent,
BP,AF,88,Low,small,4,b,,,,non_existent,non_existent,non_existent,non_existent,non_existent,non_existent,non_existent,non_existent,non_existent,non_existent,non_existent,non_existent,non_existent,non_existent,no_visit,non_existent,non_existent,non_existent,non_existent,non_existent,non_existent,non_existent,
BP,AF,88,Low,small,4,c,,,,non_existent,non_existent,non_existent,non_existent,non_existent,non_existent,non_existent,non_existent,non_existent,non_existent,non_existent,non_existent,non_existent,non_existent,no_visit,non_existent,non_existent,non_existent,non_existent,non_existent,non_existent,non_existent,
BP,AF,88,Low,medium,5,a,,,,empty,empty,empty,empty,empty,empty,empty,empty,empty,empty,empty,empty,empty,empty,no_visit,empty,empty,empty,empty,empty,empty,non_existent,
BP,AF,88,Low,medium,5,b,,,,non_existent,non_existent,non_existent,non_existent,non_existent,non_existent,non_existent,non_existent,non_existent,non_existent,non_existent,non_existent,non_existent,non_existent,no_visit,non_existent,non_existent,non_existent,non_existent,non_existent,non_existent,non_existent,
BP,AF,88,Low,medium,5,c,,,,non_existent,non_existent,non_existent,non_existent,non_existent,non_existent,non_existent,non_existent,non_existent,non_existent,non_existent,non_existent,non_existent,non_existent,no_visit,non_existent,non_existent,non_existent,non_existent,non_existent,non_existent,non_existent,
BP,AF,88,Low,large,6,a,,,,empty,empty,empty,empty,empty,empty,empty,empty,empty,empty,empty,empty,empty,empty,no_visit,empty,empty,empty,empty,empty,empty,non_existent,
BP,AF,88,Low,large,6,b,,,,non_existent,non_existent,non_existent,non_existent,non_existent,non_existent,non_existent,non_existent,non_existent,non_existent,non_existent,non_existent,non_existent,non_existent,no_visit,non_existent,non_existent,non_existent,non_existent,non_existent,non_existent,non_existent,
BP,AF,88,Low,large,6,c,,,,non_existent,non_existent,non_existent,non_existent,non_existent,non_existent,non_existent,non_existent,non_existent,non_existent,non_existent,non_existent,non_existent,non_existent,no_visit,non_existent,non_existent,non_existent,non_existent,non_existent,non_existent,non_existent,
BP,AF,88,Low,medium,7,a,,,,empty,empty,empty,empty,empty,empty,empty,empty,empty,empty,empty,empty,empty,empty,no_visit,empty,empty,empty,empty,empty,empty,non_existent,
BP,AF,88,Low,medium,7,b,,,,non_existent,non_existent,non_existent,non_existent,non_existent,non_existent,non_existent,non_existent,non_existent,non_existent,non_existent,non_existent,non_existent,non_existent,no_visit,non_existent,non_existent,non_existent,non_existent,non_existent,non_existent,non_existent,
BP,AF,88,Low,medium,7,c,,,,non_existent,non_existent,non_existent,non_existent,non_existent,non_existent,non_existent,non_existent,non_existent,non_existent,non_existent,non_existent,non_existent,non_existent,no_visit,non_existent,non_existent,non_existent,non_existent,non_existent,non_existent,non_existent,
BP,AF,88,Low,medium,8,a,,,,empty,empty,empty,empty,empty,empty,empty,empty,empty,empty,empty,empty,empty,empty,no_visit,empty,empty,empty,empty,empty,empty,non_existent,
BP,AF,88,Low,medium,8,b,,,,non_existent,non_existent,non_existent,non_existent,non_existent,non_existent,non_existent,non_existent,non_existent,non_existent,non_existent,non_existent,non_existent,non_existent,no_visit,non_existent,non_existent,non_existent,non_existent,non_existent,non_existent,non_existent,
BP,AF,88,Low,large,9,a,,,,empty,empty,empty,empty,empty,empty,empty,empty,empty,empty,empty,empty,empty,empty,no_visit,empty,empty,empty,empty,empty,empty,non_existent,
BP,AF,88,Low,large,9,b,,,,non_existent,non_existent,non_existent,non_existent,non_existent,non_existent,non_existent,non_existent,non_existent,non_existent,non_existent,non_existent,non_existent,non_existent,no_visit,non_existent,non_existent,non_existent,non_existent,non_existent,non_existent,non_existent,
BP,AF,88,Low,large,9,c,,,,non_existent,non_existent,non_existent,non_existent,non_existent,non_existent,non_existent,non_existent,non_existent,non_existent,non_existent,non_existent,non_existent,non_existent,no_visit,non_existent,non_existent,non_existent,non_existent,non_existent,non_existent,non_existent,
BP,AF,88,Low,large,10,a,,,,empty,empty,empty,empty,empty,empty,empty,empty,empty,empty,empty,empty,empty,empty,no_visit,empty,empty,empty,empty,empty,empty,non_existent,
BP,AF,88,Low,large,10,b,,,,non_existent,non_existent,non_existent,non_existent,non_existent,non_existent,non_existent,non_existent,non_existent,non_existent,non_existent,non_existent,non_existent,non_existent,no_visit,non_existent,non_existent,non_existent,non_existent,non_existent,non_existent,non_existent,
BP,AF,88,Low,large,10,c,,,,non_existent,non_existent,non_existent,non_existent,non_existent,non_existent,non_existent,non_existent,non_existent,non_existent,non_existent,non_existent,non_existent,non_existent,no_visit,non_existent,non_existent,non_existent,non_existent,non_existent,non_existent,non_existent,
BP,AF,88,Low,medium,11,a,,,,empty,empty,empty,empty,empty,empty,empty,empty,empty,empty,empty,empty,empty,empty,no_visit,empty,empty,empty,empty,empty,empty,non_existent,
BP,AF,88,Low,medium,11,b,,,,non_existent,non_existent,non_existent,non_existent,non_existent,non_existent,non_existent,non_existent,non_existent,non_existent,non_existent,non_existent,non_existent,non_existent,no_visit,non_existent,non_existent,non_existent,non_existent,non_existent,non_existent,non_existent,
BP,AF,88,Low,medium,11,c,,,,non_existent,non_existent,non_existent,non_existent,non_existent,non_existent,non_existent,non_existent,non_existent,non_existent,non_existent,non_existent,non_existent,non_existent,no_visit,non_existent,non_existent,non_existent,non_existent,non_existent,non_existent,non_existent,
BP,AF,88,Low,medium,12,a,,,resin bee,empty,empty,empty,empty,empty,empty,empty,empty,empty,empty,empty,inner wall started,no change,no change,no_visit,no change,no change,non_existent,non_existent,non_existent,non_existent,non_existent,
BP,AF,88,Low,medium,12,b,,,,non_existent,non_existent,non_existent,non_existent,non_existent,non_existent,non_existent,non_existent,non_existent,non_existent,non_existent,non_existent,non_existent,non_existent,no_visit,non_existent,non_existent,empty,empty,empty,empty,non_existent,July 29-Aug 2: small. Aug 2 onward : medium
BP,AF,88,Low,medium,12,c,,,,non_existent,non_existent,non_existent,non_existent,non_existent,non_existent,non_existent,non_existent,non_existent,non_existent,non_existent,non_existent,non_existent,non_existent,no_visit,non_existent,non_existent,non_existent,non_existent,non_existent,non_existent,non_existent,
BP,AF,88,Low,small,13,a,,,wasp,empty,empty,empty,empty,empty,empty,1 cell,non-target end cap,non_existent,non_existent,non_existent,non_existent,non_existent,non_existent,no_visit,non_existent,non_existent,non_existent,non_existent,non_existent,non_existent,non_existent,
BP,AF,88,Low,small,13,b,,,osmia,non_existent,non_existent,non_existent,non_existent,non_existent,non_existent,non_existent,non_existent,inner wall,no change,no change,no change,non_existent,non_existent,no_visit,non_existent,non_existent,non_existent,non_existent,non_existent,non_existent,non_existent,
BP,AF,88,Low,small,13,c,,,,non_existent,non_existent,non_existent,non_existent,non_existent,non_existent,non_existent,non_existent,non_existent,non_existent,non_existent,non_existent,empty,empty,no_visit,empty,empty,empty,empty,empty,empty,non_existent,
BP,AF,88,Low,medium,14,a,,,,empty,empty,empty,empty,empty,empty,empty,empty,empty,empty,empty,empty,empty,empty,no_visit,empty,empty,empty,empty,empty,empty,non_existent,
BP,AF,88,Low,medium,14,b,,,,non_existent,non_existent,non_existent,non_existent,non_existent,non_existent,non_existent,non_existent,non_existent,non_existent,non_existent,non_existent,non_existent,non_existent,no_visit,non_existent,non_existent,non_existent,non_existent,non_existent,non_existent,non_existent,
BP,AF,88,Low,medium,14,c,,,,non_existent,non_existent,non_existent,non_existent,non_existent,non_existent,non_existent,non_existent,non_existent,non_existent,non_existent,non_existent,non_existent,non_existent,no_visit,non_existent,non_existent,non_existent,non_existent,non_existent,non_existent,non_existent,
BP,AF,88,Low,large,15,a,,,,empty,empty,empty,empty,empty,empty,empty,empty,empty,empty,empty,empty,empty,empty,no_visit,empty,empty,empty,empty,empty,empty,non_existent,
BP,AF,88,Low,large,15,b,,,,non_existent,non_existent,non_existent,non_existent,non_existent,non_existent,non_existent,non_existent,non_existent,non_existent,non_existent,non_existent,non_existent,non_existent,no_visit,non_existent,non_existent,non_existent,non_existent,non_existent,non_existent,non_existent,
BP,AF,88,Low,large,15,c,,,,non_existent,non_existent,non_existent,non_existent,non_existent,non_existent,non_existent,non_existent,non_existent,non_existent,non_existent,non_existent,non_existent,non_existent,no_visit,non_existent,non_existent,non_existent,non_existent,non_existent,non_existent,non_existent,
BP,AF,88,Low,medium,16,a,,,,empty,empty,empty,empty,empty,empty,empty,empty,empty,empty,empty,empty,empty,empty,no_visit,empty,empty,empty,empty,empty,empty,non_existent,
BP,AF,88,Low,medium,16,b,,,,non_existent,non_existent,non_existent,non_existent,non_existent,non_existent,non_existent,non_existent,non_existent,non_existent,non_existent,non_existent,non_existent,non_existent,no_visit,non_existent,non_existent,non_existent,non_existent,non_existent,non_existent,non_existent,
BP,AF,88,Low,medium,16,c,,,,non_existent,non_existent,non_existent,non_existent,non_existent,non_existent,non_existent,non_existent,non_existent,non_existent,non_existent,non_existent,non_existent,non_existent,no_visit,non_existent,non_existent,non_existent,non_existent,non_existent,non_existent,non_existent,
BP,AF,88,Low,medium,17,a,,,,empty,empty,empty,empty,empty,empty,empty,empty,empty,empty,empty,empty,empty,empty,no_visit,empty,empty,empty,empty,empty,empty,non_existent,
BP,AF,88,Low,medium,17,b,,,,non_existent,non_existent,non_existent,non_existent,non_existent,non_existent,non_existent,non_existent,non_existent,non_existent,non_existent,non_existent,non_existent,non_existent,no_visit,non_existent,non_existent,non_existent,non_existent,non_existent,non_existent,non_existent,
BP,AF,88,Low,medium,17,c,,,,non_existent,non_existent,non_existent,non_existent,non_existent,non_existent,non_existent,non_existent,non_existent,non_existent,non_existent,non_existent,non_existent,non_existent,no_visit,non_existent,non_existent,non_existent,non_existent,non_existent,non_existent,non_existent,
BP,AF,88,Low,large,18,a,,,,empty,empty,empty,empty,empty,empty,empty,empty,empty,empty,empty,empty,empty,empty,no_visit,empty,empty,empty,empty,empty,empty,non_existent,
BP,AF,88,Low,large,18,b,,,,non_existent,non_existent,non_existent,non_existent,non_existent,non_existent,non_existent,non_existent,non_existent,non_existent,non_existent,non_existent,non_existent,non_existent,no_visit,non_existent,non_existent,non_existent,non_existent,non_existent,non_existent,non_existent,
BP,AF,88,Low,large,18,c,,,,non_existent,non_existent,non_existent,non_existent,non_existent,non_existent,non_existent,non_existent,non_existent,non_existent,non_existent,non_existent,non_existent,non_existent,no_visit,non_existent,non_existent,non_existent,non_existent,non_existent,non_existent,non_existent,
BP,AF,89,Mid,large,1,a,,,,pseudo,pseudo,pseudo,pseudo,pseudo,pseudo,pseudo,pseudo,pseudo,pseudo,pseudo,pseudo,pseudo,pseudo,no_visit,pseudo,pseudo,pseudo,pseudo,pseudo,pseudo,non_existent,
BP,AF,89,Mid,large,1,b,,,,non_existent,non_existent,non_existent,non_existent,non_existent,non_existent,non_existent,non_existent,non_existent,non_existent,non_existent,non_existent,non_existent,non_existent,no_visit,non_existent,non_existent,non_existent,non_existent,non_existent,non_existent,non_existent,
BP,AF,89,Mid,large,1,c,,,,non_existent,non_existent,non_existent,non_existent,non_existent,non_existent,non_existent,non_existent,non_existent,non_existent,non_existent,non_existent,non_existent,non_existent,no_visit,non_existent,non_existent,non_existent,non_existent,non_existent,non_existent,non_existent,
BP,AF,89,Mid,medium,2,a,,,,empty,empty,empty,empty,empty,empty,empty,empty,empty,empty,empty,empty,empty,empty,no_visit,empty,empty,empty,empty,empty,empty,non_existent,
BP,AF,89,Mid,medium,2,b,,,,non_existent,non_existent,non_existent,non_existent,non_existent,non_existent,non_existent,non_existent,non_existent,non_existent,non_existent,non_existent,non_existent,non_existent,no_visit,non_existent,non_existent,non_existent,non_existent,non_existent,non_existent,non_existent,
BP,AF,89,Mid,medium,2,c,,,,non_existent,non_existent,non_existent,non_existent,non_existent,non_existent,non_existent,non_existent,non_existent,non_existent,non_existent,non_existent,non_existent,non_existent,no_visit,non_existent,non_existent,non_existent,non_existent,non_existent,non_existent,non_existent,
BP,AF,89,Mid,large,3,a,,,,empty,empty,empty,empty,empty,empty,empty,empty,empty,empty,empty,empty,empty,empty,no_visit,empty,empty,empty,empty,empty,empty,non_existent,
BP,AF,89,Mid,large,3,b,,,,non_existent,non_existent,non_existent,non_existent,non_existent,non_existent,non_existent,non_existent,non_existent,non_existent,non_existent,non_existent,non_existent,non_existent,no_visit,non_existent,non_existent,non_existent,non_existent,non_existent,non_existent,non_existent,
BP,AF,89,Mid,large,3,c,,,,non_existent,non_existent,non_existent,non_existent,non_existent,non_existent,non_existent,non_existent,non_existent,non_existent,non_existent,non_existent,non_existent,non_existent,no_visit,non_existent,non_existent,non_existent,non_existent,non_existent,non_existent,non_existent,
BP,AF,89,Mid,small,4,a,,,,empty,empty,empty,empty,empty,empty,empty,empty,empty,empty,empty,empty,empty,empty,no_visit,empty,empty,empty,empty,empty,empty,non_existent,
BP,AF,89,Mid,small,4,b,,,,non_existent,non_existent,non_existent,non_existent,non_existent,non_existent,non_existent,non_existent,non_existent,non_existent,non_existent,non_existent,non_existent,non_existent,no_visit,non_existent,non_existent,non_existent,non_existent,non_existent,non_existent,non_existent,
BP,AF,89,Mid,small,4,c,,,,non_existent,non_existent,non_existent,non_existent,non_existent,non_existent,non_existent,non_existent,non_existent,non_existent,non_existent,non_existent,non_existent,non_existent,no_visit,non_existent,non_existent,non_existent,non_existent,non_existent,non_existent,non_existent,
BP,AF,89,Mid,medium,5,a,,,,empty,empty,empty,empty,empty,empty,empty,empty,empty,empty,empty,empty,empty,empty,no_visit,empty,empty,empty,empty,empty,empty,non_existent,
BP,AF,89,Mid,medium,5,b,,,,non_existent,non_existent,non_existent,non_existent,non_existent,non_existent,non_existent,non_existent,non_existent,non_existent,non_existent,non_existent,non_existent,non_existent,no_visit,non_existent,non_existent,non_existent,non_existent,non_existent,non_existent,non_existent,
BP,AF,89,Mid,medium,5,c,,,,non_existent,non_existent,non_existent,non_existent,non_existent,non_existent,non_existent,non_existent,non_existent,non_existent,non_existent,non_existent,non_existent,non_existent,no_visit,non_existent,non_existent,non_existent,non_existent,non_existent,non_existent,non_existent,
BP,AF,89,Mid,medium,6,a,,,,empty,empty,empty,empty,empty,empty,empty,empty,empty,empty,empty,empty,empty,empty,no_visit,empty,empty,empty,empty,empty,empty,non_existent,
BP,AF,89,Mid,medium,6,b,,,,non_existent,non_existent,non_existent,non_existent,non_existent,non_existent,non_existent,non_existent,non_existent,non_existent,non_existent,non_existent,non_existent,non_existent,no_visit,non_existent,non_existent,non_existent,non_existent,non_existent,non_existent,non_existent,
BP,AF,89,Mid,medium,6,c,,,,non_existent,non_existent,non_existent,non_existent,non_existent,non_existent,non_existent,non_existent,non_existent,non_existent,non_existent,non_existent,non_existent,non_existent,no_visit,non_existent,non_existent,non_existent,non_existent,non_existent,non_existent,non_existent,
BP,AF,89,Mid,medium,7,a,,,,empty,empty,empty,empty,empty,empty,empty,empty,empty,empty,empty,empty,empty,empty,no_visit,empty,empty,empty,empty,empty,empty,non_existent,
BP,AF,89,Mid,medium,7,b,,,,non_existent,non_existent,non_existent,non_existent,non_existent,non_existent,non_existent,non_existent,non_existent,non_existent,non_existent,non_existent,non_existent,non_existent,no_visit,non_existent,non_existent,non_existent,non_existent,non_existent,non_existent,non_existent,
BP,AF,89,Mid,medium,7,c,,,,non_existent,non_existent,non_existent,non_existent,non_existent,non_existent,non_existent,non_existent,non_existent,non_existent,non_existent,non_existent,non_existent,non_existent,no_visit,non_existent,non_existent,non_existent,non_existent,non_existent,non_existent,non_existent,
BP,AF,89,Mid,medium,8,a,,,,empty,empty,empty,empty,empty,empty,empty,empty,empty,empty,empty,empty,empty,empty,no_visit,empty,empty,empty,empty,empty,empty,non_existent,
BP,AF,89,Mid,medium,8,b,,,,non_existent,non_existent,non_existent,non_existent,non_existent,non_existent,non_existent,non_existent,non_existent,non_existent,non_existent,non_existent,non_existent,non_existent,no_visit,non_existent,non_existent,non_existent,non_existent,non_existent,non_existent,non_existent,
BP,AF,89,Mid,large,9,a,,,wasp,empty,empty,empty,empty,empty,empty,non-target inner wall started,no change,no change,non_existent,non_existent,non_existent,non_existent,non_existent,no_visit,non_existent,non_existent,non_existent,non_existent,non_existent,non_existent,non_existent,
BP,AF,89,Mid,large,9,b,,,,non_existent,non_existent,non_existent,non_existent,non_existent,non_existent,non_existent,non_existent,non_existent,empty,empty,empty,empty,empty,no_visit,empty,empty,empty,empty,empty,empty,non_existent,
BP,AF,89,Mid,large,9,c,,,,non_existent,non_existent,non_existent,non_existent,non_existent,non_existent,non_existent,non_existent,non_existent,non_existent,non_existent,non_existent,non_existent,non_existent,no_visit,non_existent,non_existent,non_existent,non_existent,non_existent,non_existent,non_existent,
BP,AF,89,Mid,large,10,a,,,,empty,empty,empty,empty,empty,empty,empty,empty,empty,empty,empty,empty,empty,empty,no_visit,empty,empty,empty,empty,empty,empty,non_existent,
BP,AF,89,Mid,large,10,b,,,,non_existent,non_existent,non_existent,non_existent,non_existent,non_existent,non_existent,non_existent,non_existent,non_existent,non_existent,non_existent,non_existent,non_existent,no_visit,non_existent,non_existent,non_existent,non_existent,non_existent,non_existent,non_existent,
BP,AF,89,Mid,large,10,c,,,,non_existent,non_existent,non_existent,non_existent,non_existent,non_existent,non_existent,non_existent,non_existent,non_existent,non_existent,non_existent,non_existent,non_existent,no_visit,non_existent,non_existent,non_existent,non_existent,non_existent,non_existent,non_existent,
BP,AF,89,Mid,medium,11,a,,,,pseudo,pseudo,pseudo,pseudo,pseudo,pseudo,pseudo,pseudo,pseudo,pseudo,pseudo,pseudo,pseudo,pseudo,no_visit,pseudo,pseudo,pseudo,pseudo,pseudo,pseudo,non_existent,
BP,AF,89,Mid,medium,11,b,,,,non_existent,non_existent,non_existent,non_existent,non_existent,non_existent,non_existent,non_existent,non_existent,non_existent,non_existent,non_existent,non_existent,non_existent,no_visit,non_existent,non_existent,non_existent,non_existent,non_existent,non_existent,non_existent,
BP,AF,89,Mid,medium,11,c,,,,non_existent,non_existent,non_existent,non_existent,non_existent,non_existent,non_existent,non_existent,non_existent,non_existent,non_existent,non_existent,non_existent,non_existent,no_visit,non_existent,non_existent,non_existent,non_existent,non_existent,non_existent,non_existent,
BP,AF,89,Mid,medium,12,a,,,,pseudo,pseudo,pseudo,pseudo,pseudo,pseudo,pseudo,pseudo,pseudo,pseudo,pseudo,pseudo,pseudo,pseudo,no_visit,pseudo,pseudo,pseudo,pseudo,pseudo,pseudo,non_existent,
BP,AF,89,Mid,medium,12,b,,,,non_existent,non_existent,non_existent,non_existent,non_existent,non_existent,non_existent,non_existent,non_existent,non_existent,non_existent,non_existent,non_existent,non_existent,no_visit,non_existent,non_existent,non_existent,non_existent,non_existent,non_existent,non_existent,
BP,AF,89,Mid,medium,12,c,,,,non_existent,non_existent,non_existent,non_existent,non_existent,non_existent,non_existent,non_existent,non_existent,non_existent,non_existent,non_existent,non_existent,non_existent,no_visit,non_existent,non_existent,non_existent,non_existent,non_existent,non_existent,non_existent,
BP,AF,89,Mid,large,13,a,,,,pseudo,pseudo,pseudo,pseudo,pseudo,pseudo,pseudo,pseudo,pseudo,pseudo,pseudo,pseudo,pseudo,pseudo,no_visit,pseudo,pseudo,pseudo,pseudo,pseudo,pseudo,non_existent,
BP,AF,89,Mid,large,13,b,,,,non_existent,non_existent,non_existent,non_existent,non_existent,non_existent,non_existent,non_existent,non_existent,non_existent,non_existent,non_existent,non_existent,non_existent,no_visit,non_existent,non_existent,non_existent,non_existent,non_existent,non_existent,non_existent,
BP,AF,89,Mid,large,13,c,,,,non_existent,non_existent,non_existent,non_existent,non_existent,non_existent,non_existent,non_existent,non_existent,non_existent,non_existent,non_existent,non_existent,non_existent,no_visit,non_existent,non_existent,non_existent,non_existent,non_existent,non_existent,non_existent,
BP,AF,89,Mid,small,14,a,,,,pseudo,pseudo,pseudo,pseudo,pseudo,pseudo,pseudo,pseudo,pseudo,pseudo,pseudo,pseudo,pseudo,pseudo,no_visit,pseudo,pseudo,pseudo,pseudo,pseudo,pseudo,non_existent,
BP,AF,89,Mid,small,14,b,,,,non_existent,non_existent,non_existent,non_existent,non_existent,non_existent,non_existent,non_existent,non_existent,non_existent,non_existent,non_existent,non_existent,non_existent,no_visit,non_existent,non_existent,non_existent,non_existent,non_existent,non_existent,non_existent,
BP,AF,89,Mid,small,14,c,,,,non_existent,non_existent,non_existent,non_existent,non_existent,non_existent,non_existent,non_existent,non_existent,non_existent,non_existent,non_existent,non_existent,non_existent,no_visit,non_existent,non_existent,non_existent,non_existent,non_existent,non_existent,non_existent,
BP,AF,89,Mid,medium,15,a,,,,pseudo,pseudo,pseudo,pseudo,pseudo,pseudo,pseudo,pseudo,pseudo,pseudo,pseudo,pseudo,pseudo,pseudo,no_visit,pseudo,pseudo,pseudo,pseudo,pseudo,pseudo,non_existent,
BP,AF,89,Mid,medium,15,b,,,,non_existent,non_existent,non_existent,non_existent,non_existent,non_existent,non_existent,non_existent,non_existent,non_existent,non_existent,non_existent,non_existent,non_existent,no_visit,non_existent,non_existent,non_existent,non_existent,non_existent,non_existent,non_existent,
BP,AF,89,Mid,medium,15,c,,,,non_existent,non_existent,non_existent,non_existent,non_existent,non_existent,non_existent,non_existent,non_existent,non_existent,non_existent,non_existent,non_existent,non_existent,no_visit,non_existent,non_existent,non_existent,non_existent,non_existent,non_existent,non_existent,
BP,AF,89,Mid,medium,16,a,,,,empty,empty,empty,empty,empty,empty,empty,empty,empty,empty,empty,empty,empty,empty,no_visit,empty,empty,empty,empty,empty,empty,non_existent,
BP,AF,89,Mid,medium,16,b,,,,non_existent,non_existent,non_existent,non_existent,non_existent,non_existent,non_existent,non_existent,non_existent,non_existent,non_existent,non_existent,non_existent,non_existent,no_visit,non_existent,non_existent,non_existent,non_existent,non_existent,non_existent,non_existent,
BP,AF,89,Mid,medium,16,c,,,,non_existent,non_existent,non_existent,non_existent,non_existent,non_existent,non_existent,non_existent,non_existent,non_existent,non_existent,non_existent,non_existent,non_existent,no_visit,non_existent,non_existent,non_existent,non_existent,non_existent,non_existent,non_existent,
BP,AF,89,Mid,medium,17,a,,,,empty,empty,empty,empty,empty,empty,empty,empty,empty,empty,empty,empty,empty,empty,no_visit,empty,empty,empty,empty,empty,empty,non_existent,
BP,AF,89,Mid,medium,17,b,,,,non_existent,non_existent,non_existent,non_existent,non_existent,non_existent,non_existent,non_existent,non_existent,non_existent,non_existent,non_existent,non_existent,non_existent,no_visit,non_existent,non_existent,non_existent,non_existent,non_existent,non_existent,non_existent,
BP,AF,89,Mid,medium,17,c,,,,non_existent,non_existent,non_existent,non_existent,non_existent,non_existent,non_existent,non_existent,non_existent,non_existent,non_existent,non_existent,non_existent,non_existent,no_visit,non_existent,non_existent,non_existent,non_existent,non_existent,non_existent,non_existent,
BP,AF,89,Mid,large,18,a,,,,empty,empty,empty,empty,empty,empty,empty,empty,empty,empty,empty,empty,empty,empty,no_visit,empty,empty,empty,empty,empty,empty,non_existent,
BP,AF,89,Mid,large,18,b,,,,non_existent,non_existent,non_existent,non_existent,non_existent,non_existent,non_existent,non_existent,non_existent,non_existent,non_existent,non_existent,non_existent,non_existent,no_visit,non_existent,non_existent,non_existent,non_existent,non_existent,non_existent,non_existent,
BP,AF,89,Mid,large,18,c,,,,non_existent,non_existent,non_existent,non_existent,non_existent,non_existent,non_existent,non_existent,non_existent,non_existent,non_existent,non_existent,non_existent,non_existent,no_visit,non_existent,non_existent,non_existent,non_existent,non_existent,non_existent,non_existent,
BP,AF,90,High,large,1,a,,,,pseudo,pseudo,pseudo,pseudo,pseudo,pseudo,pseudo,pseudo,pseudo,pseudo,pseudo,pseudo,pseudo,pseudo,no_visit,pseudo,pseudo,pseudo,pseudo,pseudo,pseudo,non_existent,We had one too many pseudos in the trapnests at one point.
BP,AF,90,High,large,1,b,,,,non_existent,non_existent,non_existent,non_existent,non_existent,non_existent,non_existent,non_existent,non_existent,non_existent,non_existent,non_existent,non_existent,non_existent,no_visit,non_existent,non_existent,non_existent,non_existent,non_existent,non_existent,non_existent,
BP,AF,90,High,large,1,c,,,,non_existent,non_existent,non_existent,non_existent,non_existent,non_existent,non_existent,non_existent,non_existent,non_existent,non_existent,non_existent,non_existent,non_existent,no_visit,non_existent,non_existent,non_existent,non_existent,non_existent,non_existent,non_existent,
BP,AF,90,High,medium,2,a,137,71,megachile,empty,empty,empty,empty,empty,empty,empty,empty,empty,empty,empty,1 cell,no change,1 cell,no_visit,1 cell,2 cells + end cap,no change,no change,no change,no change,non_existent,
BP,AF,90,High,medium,2,b,,,,non_existent,non_existent,non_existent,non_existent,non_existent,non_existent,non_existent,non_existent,non_existent,non_existent,non_existent,non_existent,non_existent,non_existent,no_visit,non_existent,non_existent,non_existent,non_existent,non_existent,non_existent,non_existent,
BP,AF,90,High,medium,2,c,,,,non_existent,non_existent,non_existent,non_existent,non_existent,non_existent,non_existent,non_existent,non_existent,non_existent,non_existent,non_existent,non_existent,non_existent,no_visit,non_existent,non_existent,non_existent,non_existent,non_existent,non_existent,non_existent,
BP,AF,90,High,medium,3,a,,,,pseudo,pseudo,pseudo,pseudo,pseudo,pseudo,pseudo,pseudo,pseudo,pseudo,pseudo,pseudo,non_existent,non_existent,no_visit,non_existent,non_existent,non_existent,non_existent,non_existent,non_existent,non_existent,
BP,AF,90,High,medium,3,b,138,19,megachile,non_existent,non_existent,non_existent,non_existent,non_existent,non_existent,non_existent,non_existent,non_existent,non_existent,non_existent,non_existent,empty,empty,no_visit,empty,inner wall started,1 cell + end cap,no change,no change,no change,non_existent,
BP,AF,90,High,medium,3,c,,,,non_existent,non_existent,non_existent,non_existent,non_existent,non_existent,non_existent,non_existent,non_existent,non_existent,non_existent,non_existent,non_existent,non_existent,no_visit,non_existent,non_existent,non_existent,non_existent,non_existent,non_existent,non_existent,
BP,AF,90,High,medium,4,a,,,,pseudo,pseudo,pseudo,pseudo,pseudo,pseudo,pseudo,pseudo,pseudo,pseudo,pseudo,pseudo,non_existent,non_existent,no_visit,non_existent,non_existent,non_existent,non_existent,non_existent,non_existent,non_existent,
BP,AF,90,High,medium,4,b,143,50,megachile,non_existent,non_existent,non_existent,non_existent,non_existent,non_existent,non_existent,non_existent,non_existent,non_existent,non_existent,non_existent,empty,empty,no_visit,2 cells,1 cell + end cap,no change,no change,no change,no change,non_existent,
BP,AF,90,High,medium,4,c,,,,non_existent,non_existent,non_existent,non_existent,non_existent,non_existent,non_existent,non_existent,non_existent,non_existent,non_existent,non_existent,non_existent,non_existent,no_visit,non_existent,non_existent,non_existent,non_existent,non_existent,non_existent,non_existent,
BP,AF,90,High,medium,5,a,138,51,megachile,empty,empty,empty,empty,empty,empty,empty,empty,empty,empty,empty,1 cell,1 cell,1 cell + end cap,no_visit,no change,no change,no change,no change,no change,no change,non_existent,
BP,AF,90,High,medium,5,b,,,,non_existent,non_existent,non_existent,non_existent,non_existent,non_existent,non_existent,non_existent,non_existent,non_existent,non_existent,non_existent,non_existent,non_existent,no_visit,non_existent,non_existent,non_existent,non_existent,non_existent,non_existent,non_existent,
BP,AF,90,High,medium,5,c,,,,non_existent,non_existent,non_existent,non_existent,non_existent,non_existent,non_existent,non_existent,non_existent,non_existent,non_existent,non_existent,non_existent,non_existent,no_visit,non_existent,non_existent,non_existent,non_existent,non_existent,non_existent,non_existent,
BP,AF,90,High,large,6,a,,,,pseudo,pseudo,pseudo,pseudo,pseudo,pseudo,pseudo,pseudo,pseudo,pseudo,pseudo,pseudo,pseudo,pseudo,no_visit,pseudo,pseudo,pseudo,pseudo,pseudo,pseudo,non_existent,
BP,AF,90,High,large,6,b,,,,non_existent,non_existent,non_existent,non_existent,non_existent,non_existent,non_existent,non_existent,non_existent,non_existent,non_existent,non_existent,non_existent,non_existent,no_visit,non_existent,non_existent,non_existent,non_existent,non_existent,non_existent,non_existent,
BP,AF,90,High,large,6,c,,,,non_existent,non_existent,non_existent,non_existent,non_existent,non_existent,non_existent,non_existent,non_existent,non_existent,non_existent,non_existent,non_existent,non_existent,no_visit,non_existent,non_existent,non_existent,non_existent,non_existent,non_existent,non_existent,
BP,AF,90,High,small,7,a,,,,empty,empty,empty,empty,empty,empty,empty,empty,empty,empty,empty,empty,empty,empty,no_visit,empty,empty,empty,empty,empty,empty,non_existent,
BP,AF,90,High,small,7,b,,,,non_existent,non_existent,non_existent,non_existent,non_existent,non_existent,non_existent,non_existent,non_existent,non_existent,non_existent,non_existent,non_existent,non_existent,no_visit,non_existent,non_existent,non_existent,non_existent,non_existent,non_existent,non_existent,
BP,AF,90,High,small,7,c,,,,non_existent,non_existent,non_existent,non_existent,non_existent,non_existent,non_existent,non_existent,non_existent,non_existent,non_existent,non_existent,non_existent,non_existent,no_visit,non_existent,non_existent,non_existent,non_existent,non_existent,non_existent,non_existent,
BP,AF,90,High,medium,8,a,,,,empty,empty,empty,empty,empty,empty,empty,empty,empty,empty,empty,empty,empty,empty,no_visit,empty,empty,empty,empty,empty,empty,non_existent,
BP,AF,90,High,medium,8,b,,,,non_existent,non_existent,non_existent,non_existent,non_existent,non_existent,non_existent,non_existent,non_existent,non_existent,non_existent,non_existent,non_existent,non_existent,no_visit,non_existent,non_existent,non_existent,non_existent,non_existent,non_existent,non_existent,
BP,AF,90,High,large,9,a,129,55,megachile,empty,empty,empty,empty,empty,empty,empty,empty,empty,empty,empty,empty,empty,empty,no_visit,empty,empty,1 cell,2 cells + end cap,no change,no change,non_existent,
BP,AF,90,High,large,9,b,,,,non_existent,non_existent,non_existent,non_existent,non_existent,non_existent,non_existent,non_existent,non_existent,non_existent,non_existent,non_existent,non_existent,non_existent,no_visit,non_existent,non_existent,non_existent,non_existent,non_existent,non_existent,non_existent,
BP,AF,90,High,large,9,c,,,,non_existent,non_existent,non_existent,non_existent,non_existent,non_existent,non_existent,non_existent,non_existent,non_existent,non_existent,non_existent,non_existent,non_existent,no_visit,non_existent,non_existent,non_existent,non_existent,non_existent,non_existent,non_existent,
BP,AF,90,High,large,10,a,,,wasp,empty,empty,empty,empty,empty,non-target cell,no change,non_existent,non_existent,non_existent,non_existent,non_existent,non_existent,non_existent,no_visit,non_existent,non_existent,non_existent,non_existent,non_existent,non_existent,non_existent,
BP,AF,90,High,large,10,b,136,41,megachile,non_existent,non_existent,non_existent,non_existent,non_existent,non_existent,non_existent,empty,empty,empty,empty,empty,empty,empty,no_visit,empty,inner wall started,1 cell,no change,1 cell,1 cell,non_existent,
BP,AF,90,High,large,10,c,,,,non_existent,non_existent,non_existent,non_existent,non_existent,non_existent,non_existent,non_existent,non_existent,non_existent,non_existent,non_existent,non_existent,non_existent,no_visit,non_existent,non_existent,non_existent,non_existent,non_existent,non_existent,non_existent,
BP,AF,90,High,medium,11,a,,,,pseudo,pseudo,pseudo,pseudo,pseudo,pseudo,pseudo,pseudo,pseudo,pseudo,pseudo,pseudo,pseudo,pseudo,no_visit,pseudo,pseudo,pseudo,pseudo,pseudo,pseudo,non_existent,
BP,AF,90,High,medium,11,b,,,,non_existent,non_existent,non_existent,non_existent,non_existent,non_existent,non_existent,non_existent,non_existent,non_existent,non_existent,non_existent,non_existent,non_existent,no_visit,non_existent,non_existent,non_existent,non_existent,non_existent,non_existent,non_existent,
BP,AF,90,High,medium,11,c,,,,non_existent,non_existent,non_existent,non_existent,non_existent,non_existent,non_existent,non_existent,non_existent,non_existent,non_existent,non_existent,non_existent,non_existent,no_visit,non_existent,non_existent,non_existent,non_existent,non_existent,non_existent,non_existent,
BP,AF,90,High,medium,12,a,,,,pseudo,pseudo,pseudo,pseudo,pseudo,pseudo,pseudo,pseudo,pseudo,pseudo,pseudo,pseudo,pseudo,pseudo,no_visit,pseudo,non_existent,non_existent,non_existent,non_existent,non_existent,non_existent,
BP,AF,90,High,medium,12,b,134,61,megachile,non_existent,non_existent,non_existent,non_existent,non_existent,non_existent,non_existent,non_existent,non_existent,non_existent,non_existent,non_existent,non_existent,non_existent,no_visit,non_existent,empty,2 cells,2 cells + end cap,no change,no change,non_existent,
BP,AF,90,High,medium,12,c,,,,non_existent,non_existent,non_existent,non_existent,non_existent,non_existent,non_existent,non_existent,non_existent,non_existent,non_existent,non_existent,non_existent,non_existent,no_visit,non_existent,non_existent,non_existent,non_existent,non_existent,non_existent,non_existent,
BP,AF,90,High,small,13,a,,,,pseudo,pseudo,pseudo,pseudo,pseudo,pseudo,pseudo,pseudo,pseudo,pseudo,pseudo,pseudo,pseudo,pseudo,no_visit,pseudo,pseudo,pseudo,pseudo,pseudo,pseudo,non_existent,
BP,AF,90,High,small,13,b,,,,non_existent,non_existent,non_existent,non_existent,non_existent,non_existent,non_existent,non_existent,non_existent,non_existent,non_existent,non_existent,non_existent,non_existent,no_visit,non_existent,non_existent,non_existent,non_existent,non_existent,non_existent,non_existent,
BP,AF,90,High,small,13,c,,,,non_existent,non_existent,non_existent,non_existent,non_existent,non_existent,non_existent,non_existent,non_existent,non_existent,non_existent,non_existent,non_existent,non_existent,no_visit,non_existent,non_existent,non_existent,non_existent,non_existent,non_existent,non_existent,
BP,AF,90,High,large,14,a,,,,pseudo,pseudo,pseudo,pseudo,pseudo,pseudo,pseudo,pseudo,pseudo,pseudo,pseudo,pseudo,pseudo,pseudo,no_visit,pseudo,pseudo,pseudo,pseudo,pseudo,pseudo,non_existent,
BP,AF,90,High,large,14,b,,,,non_existent,non_existent,non_existent,non_existent,non_existent,non_existent,non_existent,non_existent,non_existent,non_existent,non_existent,non_existent,non_existent,non_existent,no_visit,non_existent,non_existent,non_existent,non_existent,non_existent,non_existent,non_existent,
BP,AF,90,High,large,14,c,,,,non_existent,non_existent,non_existent,non_existent,non_existent,non_existent,non_existent,non_existent,non_existent,non_existent,non_existent,non_existent,non_existent,non_existent,no_visit,non_existent,non_existent,non_existent,non_existent,non_existent,non_existent,non_existent,
BP,AF,90,High,medium,15,a,,,,empty,empty,empty,empty,empty,empty,empty,empty,empty,empty,empty,empty,empty,empty,no_visit,empty,empty,empty,empty,empty,empty,non_existent,
BP,AF,90,High,medium,15,b,,,,non_existent,non_existent,non_existent,non_existent,non_existent,non_existent,non_existent,non_existent,non_existent,non_existent,non_existent,non_existent,non_existent,non_existent,no_visit,non_existent,non_existent,non_existent,non_existent,non_existent,non_existent,non_existent,
BP,AF,90,High,medium,15,c,,,,non_existent,non_existent,non_existent,non_existent,non_existent,non_existent,non_existent,non_existent,non_existent,non_existent,non_existent,non_existent,non_existent,non_existent,no_visit,non_existent,non_existent,non_existent,non_existent,non_existent,non_existent,non_existent,
BP,AF,90,High,medium,16,a,,,,pseudo,pseudo,pseudo,pseudo,pseudo,pseudo,pseudo,pseudo,pseudo,pseudo,pseudo,pseudo,pseudo,pseudo,no_visit,pseudo,pseudo,pseudo,non_existent,non_existent,non_existent,non_existent,
BP,AF,90,High,medium,16,b,,,,non_existent,non_existent,non_existent,non_existent,non_existent,non_existent,non_existent,non_existent,non_existent,non_existent,non_existent,non_existent,non_existent,non_existent,no_visit,non_existent,non_existent,non_existent,empty,empty,empty,non_existent,
BP,AF,90,High,medium,16,c,,,,non_existent,non_existent,non_existent,non_existent,non_existent,non_existent,non_existent,non_existent,non_existent,non_existent,non_existent,non_existent,non_existent,non_existent,no_visit,non_existent,non_existent,non_existent,non_existent,non_existent,non_existent,non_existent,
BP,AF,90,High,medium,17,a,,,,pseudo,pseudo,pseudo,pseudo,pseudo,pseudo,pseudo,pseudo,pseudo,pseudo,pseudo,pseudo,pseudo,pseudo,no_visit,pseudo,pseudo,pseudo,non_existent,non_existent,non_existent,non_existent,
BP,AF,90,High,medium,17,b,,,,non_existent,non_existent,non_existent,non_existent,non_existent,non_existent,non_existent,non_existent,non_existent,non_existent,non_existent,non_existent,non_existent,non_existent,no_visit,non_existent,non_existent,non_existent,empty,empty,empty,non_existent,
BP,AF,90,High,medium,17,c,,,,non_existent,non_existent,non_existent,non_existent,non_existent,non_existent,non_existent,non_existent,non_existent,non_existent,non_existent,non_existent,non_existent,non_existent,no_visit,non_existent,non_existent,non_existent,non_existent,non_existent,non_existent,non_existent,
BP,AF,90,High,large,18,a,,,,pseudo,pseudo,pseudo,pseudo,pseudo,pseudo,pseudo,pseudo,pseudo,pseudo,pseudo,pseudo,pseudo,pseudo,no_visit,pseudo,pseudo,pseudo,non_existent,non_existent,non_existent,non_existent,
BP,AF,90,High,large,18,b,,,,non_existent,non_existent,non_existent,non_existent,non_existent,non_existent,non_existent,non_existent,non_existent,non_existent,non_existent,non_existent,non_existent,non_existent,no_visit,non_existent,non_existent,non_existent,empty,empty,empty,non_existent,
BP,AF,90,High,large,18,c,,,,non_existent,non_existent,non_existent,non_existent,non_existent,non_existent,non_existent,non_existent,non_existent,non_existent,non_existent,non_existent,non_existent,non_existent,no_visit,non_existent,non_existent,non_existent,non_existent,non_existent,non_existent,non_existent,
CP,AG,91,Low,medium,1,a,,,,empty,empty,empty,empty,empty,empty,empty,empty,empty,empty,empty,empty,empty,empty,empty,empty,empty,empty,empty,empty,empty,non_existent,
CP,AG,91,Low,medium,1,b,,,,non_existent,non_existent,non_existent,non_existent,non_existent,non_existent,non_existent,non_existent,non_existent,non_existent,non_existent,non_existent,non_existent,non_existent,non_existent,non_existent,non_existent,non_existent,non_existent,non_existent,non_existent,non_existent,
CP,AG,91,Low,medium,1,c,,,,non_existent,non_existent,non_existent,non_existent,non_existent,non_existent,non_existent,non_existent,non_existent,non_existent,non_existent,non_existent,non_existent,non_existent,non_existent,non_existent,non_existent,non_existent,non_existent,non_existent,non_existent,non_existent,
CP,AG,91,Low,large,2,a,,,,empty,empty,empty,empty,empty,empty,empty,empty,empty,empty,empty,empty,empty,empty,empty,empty,empty,empty,empty,empty,empty,non_existent,
CP,AG,91,Low,large,2,b,,,,non_existent,non_existent,non_existent,non_existent,non_existent,non_existent,non_existent,non_existent,non_existent,non_existent,non_existent,non_existent,non_existent,non_existent,non_existent,non_existent,non_existent,non_existent,non_existent,non_existent,non_existent,non_existent,
CP,AG,91,Low,large,2,c,,,,non_existent,non_existent,non_existent,non_existent,non_existent,non_existent,non_existent,non_existent,non_existent,non_existent,non_existent,non_existent,non_existent,non_existent,non_existent,non_existent,non_existent,non_existent,non_existent,non_existent,non_existent,non_existent,
CP,AG,91,Low,medium,3,a,,,,empty,empty,empty,empty,empty,empty,empty,empty,empty,empty,empty,empty,empty,empty,empty,empty,empty,empty,empty,empty,empty,non_existent,
CP,AG,91,Low,medium,3,b,,,,non_existent,non_existent,non_existent,non_existent,non_existent,non_existent,non_existent,non_existent,non_existent,non_existent,non_existent,non_existent,non_existent,non_existent,non_existent,non_existent,non_existent,non_existent,non_existent,non_existent,non_existent,non_existent,
CP,AG,91,Low,medium,3,c,,,,non_existent,non_existent,non_existent,non_existent,non_existent,non_existent,non_existent,non_existent,non_existent,non_existent,non_existent,non_existent,non_existent,non_existent,non_existent,non_existent,non_existent,non_existent,non_existent,non_existent,non_existent,non_existent,
CP,AG,91,Low,large,4,a,,,,empty,empty,empty,empty,empty,empty,empty,empty,empty,empty,empty,empty,empty,empty,empty,empty,empty,empty,empty,empty,empty,non_existent,
CP,AG,91,Low,large,4,b,,,,non_existent,non_existent,non_existent,non_existent,non_existent,non_existent,non_existent,non_existent,non_existent,non_existent,non_existent,non_existent,non_existent,non_existent,non_existent,non_existent,non_existent,non_existent,non_existent,non_existent,non_existent,non_existent,
CP,AG,91,Low,large,4,c,,,,non_existent,non_existent,non_existent,non_existent,non_existent,non_existent,non_existent,non_existent,non_existent,non_existent,non_existent,non_existent,non_existent,non_existent,non_existent,non_existent,non_existent,non_existent,non_existent,non_existent,non_existent,non_existent,
CP,AG,91,Low,medium,5,a,,,,empty,empty,empty,empty,empty,empty,empty,empty,empty,empty,empty,empty,empty,empty,empty,empty,empty,empty,empty,empty,empty,non_existent,
CP,AG,91,Low,medium,5,b,,,,non_existent,non_existent,non_existent,non_existent,non_existent,non_existent,non_existent,non_existent,non_existent,non_existent,non_existent,non_existent,non_existent,non_existent,non_existent,non_existent,non_existent,non_existent,non_existent,non_existent,non_existent,non_existent,
CP,AG,91,Low,medium,5,c,,,,non_existent,non_existent,non_existent,non_existent,non_existent,non_existent,non_existent,non_existent,non_existent,non_existent,non_existent,non_existent,non_existent,non_existent,non_existent,non_existent,non_existent,non_existent,non_existent,non_existent,non_existent,non_existent,
CP,AG,91,Low,large,6,a,,,,empty,empty,empty,empty,empty,empty,empty,empty,empty,empty,empty,empty,empty,empty,empty,empty,empty,empty,empty,empty,empty,non_existent,
CP,AG,91,Low,large,6,b,,,,non_existent,non_existent,non_existent,non_existent,non_existent,non_existent,non_existent,non_existent,non_existent,non_existent,non_existent,non_existent,non_existent,non_existent,non_existent,non_existent,non_existent,non_existent,non_existent,non_existent,non_existent,non_existent,
CP,AG,91,Low,large,6,c,,,,non_existent,non_existent,non_existent,non_existent,non_existent,non_existent,non_existent,non_existent,non_existent,non_existent,non_existent,non_existent,non_existent,non_existent,non_existent,non_existent,non_existent,non_existent,non_existent,non_existent,non_existent,non_existent,
CP,AG,91,Low,medium,7,a,,,,empty,empty,empty,empty,empty,empty,empty,empty,empty,empty,empty,empty,empty,empty,empty,empty,empty,empty,empty,empty,empty,non_existent,
CP,AG,91,Low,medium,7,b,,,,non_existent,non_existent,non_existent,non_existent,non_existent,non_existent,non_existent,non_existent,non_existent,non_existent,non_existent,non_existent,non_existent,non_existent,non_existent,non_existent,non_existent,non_existent,non_existent,non_existent,non_existent,non_existent,
CP,AG,91,Low,medium,7,c,,,,non_existent,non_existent,non_existent,non_existent,non_existent,non_existent,non_existent,non_existent,non_existent,non_existent,non_existent,non_existent,non_existent,non_existent,non_existent,non_existent,non_existent,non_existent,non_existent,non_existent,non_existent,non_existent,
CP,AG,91,Low,small,8,a,144,39,osmia,empty,empty,empty,empty,4 cells,no change,no change,no change,non_existent,non_existent,non_existent,non_existent,non_existent,non_existent,non_existent,non_existent,non_existent,non_existent,non_existent,non_existent,non_existent,non_existent,
CP,AG,91,Low,small,8,b,124,27,heriades,non_existent,non_existent,non_existent,non_existent,non_existent,non_existent,non_existent,non_existent,1 cell,1 cell,1 cell + end cap,no change,no change,non_existent,non_existent,non_existent,non_existent,non_existent,non_existent,non_existent,non_existent,non_existent,
CP,AG,91,Low,small,8,c,144,26,heriades,non_existent,non_existent,non_existent,non_existent,non_existent,non_existent,non_existent,non_existent,non_existent,non_existent,non_existent,non_existent,non_existent,empty,inner wall,no change,2 cells,1 cell + end cap,non_existent,non_existent,non_existent,non_existent,
CP,AG,91,Low,small,8,d,,,,non_existent,non_existent,non_existent,non_existent,non_existent,non_existent,non_existent,non_existent,non_existent,non_existent,non_existent,non_existent,non_existent,non_existent,non_existent,non_existent,non_existent,non_existent,empty,empty,empty,non_existent,
CP,AG,91,Low,medium,9,a,,,,empty,empty,empty,empty,empty,empty,empty,empty,empty,empty,empty,empty,empty,empty,empty,empty,empty,empty,empty,empty,empty,non_existent,
CP,AG,91,Low,medium,9,b,,,,non_existent,non_existent,non_existent,non_existent,non_existent,non_existent,non_existent,non_existent,non_existent,non_existent,non_existent,non_existent,non_existent,non_existent,non_existent,non_existent,non_existent,non_existent,non_existent,non_existent,non_existent,non_existent,
CP,AG,91,Low,medium,9,c,,,,non_existent,non_existent,non_existent,non_existent,non_existent,non_existent,non_existent,non_existent,non_existent,non_existent,non_existent,non_existent,non_existent,non_existent,non_existent,non_existent,non_existent,non_existent,non_existent,non_existent,non_existent,non_existent,
CP,AG,91,Low,large,10,a,,,,empty,empty,empty,empty,empty,empty,empty,empty,empty,empty,empty,empty,empty,empty,empty,empty,empty,empty,empty,empty,empty,non_existent,
CP,AG,91,Low,large,10,b,,,,non_existent,non_existent,non_existent,non_existent,non_existent,non_existent,non_existent,non_existent,non_existent,non_existent,non_existent,non_existent,non_existent,non_existent,non_existent,non_existent,non_existent,non_existent,non_existent,non_existent,non_existent,non_existent,
CP,AG,91,Low,large,10,c,,,,non_existent,non_existent,non_existent,non_existent,non_existent,non_existent,non_existent,non_existent,non_existent,non_existent,non_existent,non_existent,non_existent,non_existent,non_existent,non_existent,non_existent,non_existent,non_existent,non_existent,non_existent,non_existent,
CP,AG,91,Low,medium,11,a,,,,empty,empty,empty,empty,empty,empty,empty,empty,empty,empty,empty,empty,empty,empty,empty,empty,empty,empty,empty,empty,empty,non_existent,
CP,AG,91,Low,medium,11,b,,,,non_existent,non_existent,non_existent,non_existent,non_existent,non_existent,non_existent,non_existent,non_existent,non_existent,non_existent,non_existent,non_existent,non_existent,non_existent,non_existent,non_existent,non_existent,non_existent,non_existent,non_existent,non_existent,
CP,AG,91,Low,medium,11,c,,,,non_existent,non_existent,non_existent,non_existent,non_existent,non_existent,non_existent,non_existent,non_existent,non_existent,non_existent,non_existent,non_existent,non_existent,non_existent,non_existent,non_existent,non_existent,non_existent,non_existent,non_existent,non_existent,
CP,AG,91,Low,large,12,a,,,,empty,empty,empty,empty,empty,empty,empty,empty,empty,empty,empty,empty,empty,empty,empty,empty,empty,empty,empty,empty,empty,non_existent,
CP,AG,91,Low,large,12,b,,,,non_existent,non_existent,non_existent,non_existent,non_existent,non_existent,non_existent,non_existent,non_existent,non_existent,non_existent,non_existent,non_existent,non_existent,non_existent,non_existent,non_existent,non_existent,non_existent,non_existent,non_existent,non_existent,
CP,AG,91,Low,large,12,c,,,,non_existent,non_existent,non_existent,non_existent,non_existent,non_existent,non_existent,non_existent,non_existent,non_existent,non_existent,non_existent,non_existent,non_existent,non_existent,non_existent,non_existent,non_existent,non_existent,non_existent,non_existent,non_existent,
CP,AG,91,Low,medium,13,a,,,,empty,empty,empty,empty,empty,empty,empty,empty,empty,empty,empty,empty,empty,empty,empty,empty,empty,empty,empty,empty,empty,non_existent,
CP,AG,91,Low,medium,13,b,,,,non_existent,non_existent,non_existent,non_existent,non_existent,non_existent,non_existent,non_existent,non_existent,non_existent,non_existent,non_existent,non_existent,non_existent,non_existent,non_existent,non_existent,non_existent,non_existent,non_existent,non_existent,non_existent,
CP,AG,91,Low,medium,13,c,,,,non_existent,non_existent,non_existent,non_existent,non_existent,non_existent,non_existent,non_existent,non_existent,non_existent,non_existent,non_existent,non_existent,non_existent,non_existent,non_existent,non_existent,non_existent,non_existent,non_existent,non_existent,non_existent,
CP,AG,91,Low,medium,14,a,129,37,megachile,empty,empty,empty,empty,3 cells,no change,no change,no change,non_existent,non_existent,non_existent,non_existent,non_existent,non_existent,non_existent,non_existent,non_existent,non_existent,non_existent,non_existent,non_existent,non_existent,
CP,AG,91,Low,medium,14,b,,,,non_existent,non_existent,non_existent,non_existent,non_existent,non_existent,non_existent,non_existent,empty,empty,empty,empty,empty,empty,empty,empty,empty,empty,empty,empty,empty,non_existent,
CP,AG,91,Low,medium,14,c,,,,non_existent,non_existent,non_existent,non_existent,non_existent,non_existent,non_existent,non_existent,non_existent,non_existent,non_existent,non_existent,non_existent,non_existent,non_existent,non_existent,non_existent,non_existent,non_existent,non_existent,non_existent,non_existent,
CP,AG,91,Low,medium,15,a,,,megachile,empty,empty,empty,empty,inner wall started,no change,no change,no change,non_existent,non_existent,non_existent,non_existent,non_existent,non_existent,non_existent,non_existent,non_existent,non_existent,non_existent,non_existent,non_existent,non_existent,
CP,AG,91,Low,medium,15,b,,,,non_existent,non_existent,non_existent,non_existent,non_existent,non_existent,non_existent,non_existent,empty,empty,empty,empty,empty,empty,empty,empty,empty,empty,empty,empty,empty,non_existent,
CP,AG,91,Low,medium,15,c,,,,non_existent,non_existent,non_existent,non_existent,non_existent,non_existent,non_existent,non_existent,non_existent,non_existent,non_existent,non_existent,non_existent,non_existent,non_existent,non_existent,non_existent,non_existent,non_existent,non_existent,non_existent,non_existent,
CP,AG,91,Low,small,16,a,133,24,resin bee,empty,empty,empty,empty,empty,empty,empty,empty,empty,empty,empty,inner wall,1 cell,2 cells + end cap,no change,non_existent,non_existent,non_existent,non_existent,non_existent,non_existent,non_existent,end cap still in progress July 22
CP,AG,91,Low,small,16,b,,,,non_existent,non_existent,non_existent,non_existent,non_existent,non_existent,non_existent,non_existent,non_existent,non_existent,non_existent,non_existent,non_existent,non_existent,non_existent,empty,empty,empty,empty,empty,empty,non_existent,
CP,AG,91,Low,small,16,c,,,,non_existent,non_existent,non_existent,non_existent,non_existent,non_existent,non_existent,non_existent,non_existent,non_existent,non_existent,non_existent,non_existent,non_existent,non_existent,non_existent,non_existent,non_existent,non_existent,non_existent,non_existent,non_existent,
CP,AG,91,Low,medium,17,a,,,,empty,empty,empty,empty,empty,empty,empty,empty,empty,empty,empty,empty,empty,empty,empty,empty,empty,empty,empty,empty,empty,non_existent,
CP,AG,91,Low,medium,17,b,,,,non_existent,non_existent,non_existent,non_existent,non_existent,non_existent,non_existent,non_existent,non_existent,non_existent,non_existent,non_existent,non_existent,non_existent,non_existent,non_existent,non_existent,non_existent,non_existent,non_existent,non_existent,non_existent,
CP,AG,91,Low,medium,17,c,,,,non_existent,non_existent,non_existent,non_existent,non_existent,non_existent,non_existent,non_existent,non_existent,non_existent,non_existent,non_existent,non_existent,non_existent,non_existent,non_existent,non_existent,non_existent,non_existent,non_existent,non_existent,non_existent,
CP,AG,91,Low,large,18,a,,,,empty,empty,empty,empty,empty,empty,empty,empty,empty,empty,empty,empty,empty,empty,empty,empty,empty,empty,empty,empty,empty,non_existent,
CP,AG,91,Low,large,18,b,,,,non_existent,non_existent,non_existent,non_existent,non_existent,non_existent,non_existent,non_existent,non_existent,non_existent,non_existent,non_existent,non_existent,non_existent,non_existent,non_existent,non_existent,non_existent,non_existent,non_existent,non_existent,non_existent,
CP,AG,91,Low,large,18,c,,,,non_existent,non_existent,non_existent,non_existent,non_existent,non_existent,non_existent,non_existent,non_existent,non_existent,non_existent,non_existent,non_existent,non_existent,non_existent,non_existent,non_existent,non_existent,non_existent,non_existent,non_existent,non_existent,
CP,AG,92,Mid,small,1,a,,,,empty,empty,empty,empty,empty,empty,empty,empty,empty,empty,empty,empty,empty,empty,empty,empty,empty,empty,empty,empty,empty,non_existent,
CP,AG,92,Mid,small,1,b,,,,non_existent,non_existent,non_existent,non_existent,non_existent,non_existent,non_existent,non_existent,non_existent,non_existent,non_existent,non_existent,non_existent,non_existent,non_existent,non_existent,non_existent,non_existent,non_existent,non_existent,non_existent,non_existent,
CP,AG,92,Mid,small,1,c,,,,non_existent,non_existent,non_existent,non_existent,non_existent,non_existent,non_existent,non_existent,non_existent,non_existent,non_existent,non_existent,non_existent,non_existent,non_existent,non_existent,non_existent,non_existent,non_existent,non_existent,non_existent,non_existent,
CP,AG,92,Mid,medium,2,a,,,,empty,empty,empty,empty,empty,empty,empty,empty,empty,empty,empty,empty,empty,empty,empty,empty,empty,empty,empty,empty,empty,non_existent,
CP,AG,92,Mid,medium,2,b,,,,non_existent,non_existent,non_existent,non_existent,non_existent,non_existent,non_existent,non_existent,non_existent,non_existent,non_existent,non_existent,non_existent,non_existent,non_existent,non_existent,non_existent,non_existent,non_existent,non_existent,non_existent,non_existent,
CP,AG,92,Mid,medium,2,c,,,,non_existent,non_existent,non_existent,non_existent,non_existent,non_existent,non_existent,non_existent,non_existent,non_existent,non_existent,non_existent,non_existent,non_existent,non_existent,non_existent,non_existent,non_existent,non_existent,non_existent,non_existent,non_existent,
CP,AG,92,Mid,medium,3,a,,,,pseudo,pseudo,pseudo,pseudo,pseudo,pseudo,pseudo,pseudo,pseudo,pseudo,pseudo,pseudo,pseudo,pseudo,pseudo,pseudo,pseudo,pseudo,pseudo,pseudo,pseudo,non_existent,
CP,AG,92,Mid,medium,3,b,,,,non_existent,non_existent,non_existent,non_existent,non_existent,non_existent,non_existent,non_existent,non_existent,non_existent,non_existent,non_existent,non_existent,non_existent,non_existent,non_existent,non_existent,non_existent,non_existent,non_existent,non_existent,non_existent,
CP,AG,92,Mid,medium,3,c,,,,non_existent,non_existent,non_existent,non_existent,non_existent,non_existent,non_existent,non_existent,non_existent,non_existent,non_existent,non_existent,non_existent,non_existent,non_existent,non_existent,non_existent,non_existent,non_existent,non_existent,non_existent,non_existent,
CP,AG,92,Mid,large,4,a,,,,empty,empty,empty,empty,empty,empty,empty,empty,empty,empty,empty,empty,empty,empty,empty,empty,empty,empty,empty,empty,empty,non_existent,
CP,AG,92,Mid,large,4,b,,,,non_existent,non_existent,non_existent,non_existent,non_existent,non_existent,non_existent,non_existent,non_existent,non_existent,non_existent,non_existent,non_existent,non_existent,non_existent,non_existent,non_existent,non_existent,non_existent,non_existent,non_existent,non_existent,
CP,AG,92,Mid,large,4,c,,,,non_existent,non_existent,non_existent,non_existent,non_existent,non_existent,non_existent,non_existent,non_existent,non_existent,non_existent,non_existent,non_existent,non_existent,non_existent,non_existent,non_existent,non_existent,non_existent,non_existent,non_existent,non_existent,
CP,AG,92,Mid,large,5,a,,,,pseudo,pseudo,pseudo,pseudo,pseudo,pseudo,pseudo,pseudo,pseudo,pseudo,pseudo,pseudo,pseudo,pseudo,pseudo,pseudo,pseudo,pseudo,pseudo,pseudo,pseudo,non_existent,
CP,AG,92,Mid,large,5,b,,,,non_existent,non_existent,non_existent,non_existent,non_existent,non_existent,non_existent,non_existent,non_existent,non_existent,non_existent,non_existent,non_existent,non_existent,non_existent,non_existent,non_existent,non_existent,non_existent,non_existent,non_existent,non_existent,
CP,AG,92,Mid,large,5,c,,,,non_existent,non_existent,non_existent,non_existent,non_existent,non_existent,non_existent,non_existent,non_existent,non_existent,non_existent,non_existent,non_existent,non_existent,non_existent,non_existent,non_existent,non_existent,non_existent,non_existent,non_existent,non_existent,
CP,AG,92,Mid,medium,6,a,,,,empty,empty,empty,empty,empty,empty,empty,empty,empty,empty,empty,empty,empty,empty,empty,empty,empty,empty,empty,empty,empty,non_existent,
CP,AG,92,Mid,medium,6,b,,,,non_existent,non_existent,non_existent,non_existent,non_existent,non_existent,non_existent,non_existent,non_existent,non_existent,non_existent,non_existent,non_existent,non_existent,non_existent,non_existent,non_existent,non_existent,non_existent,non_existent,non_existent,non_existent,
CP,AG,92,Mid,medium,6,c,,,,non_existent,non_existent,non_existent,non_existent,non_existent,non_existent,non_existent,non_existent,non_existent,non_existent,non_existent,non_existent,non_existent,non_existent,non_existent,non_existent,non_existent,non_existent,non_existent,non_existent,non_existent,non_existent,
CP,AG,92,Mid,medium,7,a,,,,empty,empty,empty,empty,empty,empty,empty,empty,empty,empty,empty,empty,empty,empty,empty,empty,empty,empty,empty,empty,empty,non_existent,
CP,AG,92,Mid,medium,7,b,,,,non_existent,non_existent,non_existent,non_existent,non_existent,non_existent,non_existent,non_existent,non_existent,non_existent,non_existent,non_existent,non_existent,non_existent,non_existent,non_existent,non_existent,non_existent,non_existent,non_existent,non_existent,non_existent,
CP,AG,92,Mid,medium,7,c,,,,non_existent,non_existent,non_existent,non_existent,non_existent,non_existent,non_existent,non_existent,non_existent,non_existent,non_existent,non_existent,non_existent,non_existent,non_existent,non_existent,non_existent,non_existent,non_existent,non_existent,non_existent,non_existent,
CP,AG,92,Mid,medium,8,a,,,,empty,empty,empty,empty,empty,empty,empty,empty,empty,empty,empty,empty,empty,empty,empty,empty,empty,empty,empty,empty,empty,non_existent,
CP,AG,92,Mid,medium,8,b,,,,non_existent,non_existent,non_existent,non_existent,non_existent,non_existent,non_existent,non_existent,non_existent,non_existent,non_existent,non_existent,non_existent,non_existent,non_existent,non_existent,non_existent,non_existent,non_existent,non_existent,non_existent,non_existent,
CP,AG,92,Mid,large,9,a,,,,empty,empty,empty,empty,empty,empty,empty,empty,empty,empty,empty,empty,empty,empty,empty,empty,empty,empty,empty,empty,empty,non_existent,
CP,AG,92,Mid,large,9,b,,,,non_existent,non_existent,non_existent,non_existent,non_existent,non_existent,non_existent,non_existent,non_existent,non_existent,non_existent,non_existent,non_existent,non_existent,non_existent,non_existent,non_existent,non_existent,non_existent,non_existent,non_existent,non_existent,
CP,AG,92,Mid,large,9,c,,,,non_existent,non_existent,non_existent,non_existent,non_existent,non_existent,non_existent,non_existent,non_existent,non_existent,non_existent,non_existent,non_existent,non_existent,non_existent,non_existent,non_existent,non_existent,non_existent,non_existent,non_existent,non_existent,
CP,AG,92,Mid,large,10,a,,,,empty,empty,empty,empty,empty,empty,empty,empty,empty,empty,empty,empty,empty,empty,empty,empty,empty,empty,empty,empty,empty,non_existent,
CP,AG,92,Mid,large,10,b,,,,non_existent,non_existent,non_existent,non_existent,non_existent,non_existent,non_existent,non_existent,non_existent,non_existent,non_existent,non_existent,non_existent,non_existent,non_existent,non_existent,non_existent,non_existent,non_existent,non_existent,non_existent,non_existent,
CP,AG,92,Mid,large,10,c,,,,non_existent,non_existent,non_existent,non_existent,non_existent,non_existent,non_existent,non_existent,non_existent,non_existent,non_existent,non_existent,non_existent,non_existent,non_existent,non_existent,non_existent,non_existent,non_existent,non_existent,non_existent,non_existent,
CP,AG,92,Mid,medium,11,a,,,,pseudo,pseudo,pseudo,pseudo,pseudo,pseudo,pseudo,pseudo,pseudo,pseudo,pseudo,pseudo,pseudo,pseudo,pseudo,pseudo,pseudo,pseudo,pseudo,pseudo,pseudo,non_existent,
CP,AG,92,Mid,medium,11,b,,,,non_existent,non_existent,non_existent,non_existent,non_existent,non_existent,non_existent,non_existent,non_existent,non_existent,non_existent,non_existent,non_existent,non_existent,non_existent,non_existent,non_existent,non_existent,non_existent,non_existent,non_existent,non_existent,
CP,AG,92,Mid,medium,11,c,,,,non_existent,non_existent,non_existent,non_existent,non_existent,non_existent,non_existent,non_existent,non_existent,non_existent,non_existent,non_existent,non_existent,non_existent,non_existent,non_existent,non_existent,non_existent,non_existent,non_existent,non_existent,non_existent,
CP,AG,92,Mid,large,12,a,,,,pseudo,pseudo,pseudo,pseudo,pseudo,pseudo,pseudo,pseudo,pseudo,pseudo,pseudo,pseudo,pseudo,pseudo,pseudo,pseudo,pseudo,pseudo,pseudo,pseudo,pseudo,non_existent,
CP,AG,92,Mid,large,12,b,,,,non_existent,non_existent,non_existent,non_existent,non_existent,non_existent,non_existent,non_existent,non_existent,non_existent,non_existent,non_existent,non_existent,non_existent,non_existent,non_existent,non_existent,non_existent,non_existent,non_existent,non_existent,non_existent,
CP,AG,92,Mid,large,12,c,,,,non_existent,non_existent,non_existent,non_existent,non_existent,non_existent,non_existent,non_existent,non_existent,non_existent,non_existent,non_existent,non_existent,non_existent,non_existent,non_existent,non_existent,non_existent,non_existent,non_existent,non_existent,non_existent,
CP,AG,92,Mid,medium,13,a,,,,pseudo,pseudo,pseudo,pseudo,pseudo,pseudo,pseudo,pseudo,pseudo,pseudo,pseudo,pseudo,pseudo,pseudo,pseudo,pseudo,pseudo,pseudo,pseudo,pseudo,pseudo,non_existent,
CP,AG,92,Mid,medium,13,b,,,,non_existent,non_existent,non_existent,non_existent,non_existent,non_existent,non_existent,non_existent,non_existent,non_existent,non_existent,non_existent,non_existent,non_existent,non_existent,non_existent,non_existent,non_existent,non_existent,non_existent,non_existent,non_existent,
CP,AG,92,Mid,medium,13,c,,,,non_existent,non_existent,non_existent,non_existent,non_existent,non_existent,non_existent,non_existent,non_existent,non_existent,non_existent,non_existent,non_existent,non_existent,non_existent,non_existent,non_existent,non_existent,non_existent,non_existent,non_existent,non_existent,
CP,AG,92,Mid,medium,14,a,,,,empty,empty,empty,empty,empty,empty,empty,empty,empty,empty,empty,empty,empty,empty,empty,empty,empty,empty,empty,empty,empty,non_existent,
CP,AG,92,Mid,medium,14,b,,,,non_existent,non_existent,non_existent,non_existent,non_existent,non_existent,non_existent,non_existent,non_existent,non_existent,non_existent,non_existent,non_existent,non_existent,non_existent,non_existent,non_existent,non_existent,non_existent,non_existent,non_existent,non_existent,
CP,AG,92,Mid,medium,14,c,,,,non_existent,non_existent,non_existent,non_existent,non_existent,non_existent,non_existent,non_existent,non_existent,non_existent,non_existent,non_existent,non_existent,non_existent,non_existent,non_existent,non_existent,non_existent,non_existent,non_existent,non_existent,non_existent,
CP,AG,92,Mid,small,15,a,,,,pseudo,pseudo,pseudo,pseudo,pseudo,pseudo,pseudo,pseudo,pseudo,pseudo,pseudo,pseudo,pseudo,pseudo,pseudo,pseudo,pseudo,pseudo,pseudo,pseudo,pseudo,non_existent,
CP,AG,92,Mid,small,15,b,,,,non_existent,non_existent,non_existent,non_existent,non_existent,non_existent,non_existent,non_existent,non_existent,non_existent,non_existent,non_existent,non_existent,non_existent,non_existent,non_existent,non_existent,non_existent,non_existent,non_existent,non_existent,non_existent,
CP,AG,92,Mid,small,15,c,,,,non_existent,non_existent,non_existent,non_existent,non_existent,non_existent,non_existent,non_existent,non_existent,non_existent,non_existent,non_existent,non_existent,non_existent,non_existent,non_existent,non_existent,non_existent,non_existent,non_existent,non_existent,non_existent,
CP,AG,92,Mid,medium,16,a,,,,empty,empty,empty,empty,empty,empty,empty,empty,empty,empty,empty,empty,empty,empty,empty,empty,empty,empty,empty,empty,empty,non_existent,
CP,AG,92,Mid,medium,16,b,,,,non_existent,non_existent,non_existent,non_existent,non_existent,non_existent,non_existent,non_existent,non_existent,non_existent,non_existent,non_existent,non_existent,non_existent,non_existent,non_existent,non_existent,non_existent,non_existent,non_existent,non_existent,non_existent,
CP,AG,92,Mid,medium,16,c,,,,non_existent,non_existent,non_existent,non_existent,non_existent,non_existent,non_existent,non_existent,non_existent,non_existent,non_existent,non_existent,non_existent,non_existent,non_existent,non_existent,non_existent,non_existent,non_existent,non_existent,non_existent,non_existent,
CP,AG,92,Mid,medium,17,a,,,,empty,empty,empty,empty,empty,empty,empty,empty,empty,empty,empty,empty,empty,empty,empty,empty,empty,empty,empty,empty,empty,non_existent,
CP,AG,92,Mid,medium,17,b,,,,non_existent,non_existent,non_existent,non_existent,non_existent,non_existent,non_existent,non_existent,non_existent,non_existent,non_existent,non_existent,non_existent,non_existent,non_existent,non_existent,non_existent,non_existent,non_existent,non_existent,non_existent,non_existent,
CP,AG,92,Mid,medium,17,c,,,,non_existent,non_existent,non_existent,non_existent,non_existent,non_existent,non_existent,non_existent,non_existent,non_existent,non_existent,non_existent,non_existent,non_existent,non_existent,non_existent,non_existent,non_existent,non_existent,non_existent,non_existent,non_existent,
CP,AG,92,Mid,large,18,a,,,,empty,empty,empty,empty,empty,empty,empty,empty,empty,empty,empty,empty,empty,empty,empty,empty,empty,empty,empty,empty,empty,non_existent,
CP,AG,92,Mid,large,18,b,,,,non_existent,non_existent,non_existent,non_existent,non_existent,non_existent,non_existent,non_existent,non_existent,non_existent,non_existent,non_existent,non_existent,non_existent,non_existent,non_existent,non_existent,non_existent,non_existent,non_existent,non_existent,non_existent,
CP,AG,92,Mid,large,18,c,,,,non_existent,non_existent,non_existent,non_existent,non_existent,non_existent,non_existent,non_existent,non_existent,non_existent,non_existent,non_existent,non_existent,non_existent,non_existent,non_existent,non_existent,non_existent,non_existent,non_existent,non_existent,non_existent,
CP,AG,93,High,large,1,a,,,,pseudo,pseudo,pseudo,pseudo,pseudo,pseudo,pseudo,pseudo,pseudo,pseudo,pseudo,pseudo,pseudo,pseudo,pseudo,pseudo,pseudo,pseudo,pseudo,pseudo,pseudo,non_existent,
CP,AG,93,High,large,1,b,,,,non_existent,non_existent,non_existent,non_existent,non_existent,non_existent,non_existent,non_existent,non_existent,non_existent,non_existent,non_existent,non_existent,non_existent,non_existent,non_existent,non_existent,non_existent,non_existent,non_existent,non_existent,non_existent,
CP,AG,93,High,large,1,c,,,,non_existent,non_existent,non_existent,non_existent,non_existent,non_existent,non_existent,non_existent,non_existent,non_existent,non_existent,non_existent,non_existent,non_existent,non_existent,non_existent,non_existent,non_existent,non_existent,non_existent,non_existent,non_existent,
CP,AG,93,High,medium,2,a,,,,empty,empty,empty,empty,empty,empty,empty,empty,empty,empty,empty,empty,empty,empty,empty,empty,empty,empty,empty,empty,empty,non_existent,
CP,AG,93,High,medium,2,b,,,,non_existent,non_existent,non_existent,non_existent,non_existent,non_existent,non_existent,non_existent,non_existent,non_existent,non_existent,non_existent,non_existent,non_existent,non_existent,non_existent,non_existent,non_existent,non_existent,non_existent,non_existent,non_existent,
CP,AG,93,High,medium,2,c,,,,non_existent,non_existent,non_existent,non_existent,non_existent,non_existent,non_existent,non_existent,non_existent,non_existent,non_existent,non_existent,non_existent,non_existent,non_existent,non_existent,non_existent,non_existent,non_existent,non_existent,non_existent,non_existent,
CP,AG,93,High,medium,3,a,,,,pseudo,pseudo,pseudo,pseudo,pseudo,pseudo,pseudo,pseudo,pseudo,non_existent,non_existent,non_existent,non_existent,non_existent,non_existent,non_existent,non_existent,non_existent,non_existent,non_existent,non_existent,non_existent,3b never existed. Mistakenly did not take out pseudo
CP,AG,93,High,medium,3,c,,,,non_existent,non_existent,non_existent,non_existent,non_existent,non_existent,non_existent,non_existent,non_existent,empty,empty,empty,empty,empty,empty,empty,empty,empty,empty,empty,empty,non_existent,
CP,AG,93,High,medium,4,a,,,wasp,empty,empty,empty,empty,inner wall,no change,no change,no change,non_existent,non_existent,non_existent,non_existent,non_existent,non_existent,non_existent,non_existent,non_existent,non_existent,non_existent,non_existent,non_existent,non_existent,
CP,AG,93,High,medium,4,b,,,,non_existent,non_existent,non_existent,non_existent,non_existent,non_existent,non_existent,non_existent,empty,empty,empty,empty,empty,empty,empty,empty,empty,empty,empty,empty,empty,non_existent,
CP,AG,93,High,medium,4,c,,,,non_existent,non_existent,non_existent,non_existent,non_existent,non_existent,non_existent,non_existent,non_existent,non_existent,non_existent,non_existent,non_existent,non_existent,non_existent,non_existent,non_existent,non_existent,non_existent,non_existent,non_existent,non_existent,
CP,AG,93,High,medium,5,a,,,megachile,empty,empty,empty,empty,inner wall,1 cell ?,no change,no change,non_existent,non_existent,non_existent,non_existent,non_existent,non_existent,non_existent,non_existent,non_existent,non_existent,non_existent,non_existent,non_existent,non_existent,
CP,AG,93,High,medium,5,b,,,,non_existent,non_existent,non_existent,non_existent,non_existent,non_existent,non_existent,non_existent,pseudo,pseudo,pseudo,pseudo,pseudo,pseudo,pseudo,pseudo,pseudo,pseudo,pseudo,pseudo,pseudo,non_existent,
CP,AG,93,High,medium,5,c,,,,non_existent,non_existent,non_existent,non_existent,non_existent,non_existent,non_existent,non_existent,non_existent,non_existent,non_existent,non_existent,non_existent,non_existent,non_existent,non_existent,non_existent,non_existent,non_existent,non_existent,non_existent,non_existent,
CP,AG,93,High,small,6,a,,,wasp,empty,empty,empty,empty,empty,inner wall started,no change,no change,no change,non_existent,non_existent,non_existent,non_existent,non_existent,non_existent,non_existent,non_existent,non_existent,non_existent,non_existent,non_existent,non_existent,
CP,AG,93,High,small,6,b,,,,non_existent,non_existent,non_existent,non_existent,non_existent,non_existent,non_existent,non_existent,non_existent,empty,empty,empty,empty,empty,empty,empty,empty,empty,empty,empty,empty,non_existent,
CP,AG,93,High,small,6,c,,,,non_existent,non_existent,non_existent,non_existent,non_existent,non_existent,non_existent,non_existent,non_existent,non_existent,non_existent,non_existent,non_existent,non_existent,non_existent,non_existent,non_existent,non_existent,non_existent,non_existent,non_existent,non_existent,
CP,AG,93,High,large,7,a,,,,pseudo,pseudo,pseudo,pseudo,pseudo,pseudo,pseudo,pseudo,pseudo,pseudo,pseudo,pseudo,pseudo,pseudo,pseudo,pseudo,pseudo,pseudo,pseudo,pseudo,pseudo,non_existent,
CP,AG,93,High,large,7,b,,,,non_existent,non_existent,non_existent,non_existent,non_existent,non_existent,non_existent,non_existent,non_existent,non_existent,non_existent,non_existent,non_existent,non_existent,non_existent,non_existent,non_existent,non_existent,non_existent,non_existent,non_existent,non_existent,
CP,AG,93,High,large,7,c,,,,non_existent,non_existent,non_existent,non_existent,non_existent,non_existent,non_existent,non_existent,non_existent,non_existent,non_existent,non_existent,non_existent,non_existent,non_existent,non_existent,non_existent,non_existent,non_existent,non_existent,non_existent,non_existent,
CP,AG,93,High,medium,8,a,,,,pseudo,pseudo,pseudo,pseudo,pseudo,pseudo,pseudo,pseudo,pseudo,pseudo,pseudo,pseudo,pseudo,pseudo,pseudo,pseudo,pseudo,pseudo,pseudo,pseudo,pseudo,non_existent,
CP,AG,93,High,medium,8,b,,,,non_existent,non_existent,non_existent,non_existent,non_existent,non_existent,non_existent,non_existent,non_existent,non_existent,non_existent,non_existent,non_existent,non_existent,non_existent,non_existent,non_existent,non_existent,non_existent,non_existent,non_existent,non_existent,
CP,AG,93,High,large,9,a,,,,empty,empty,empty,empty,empty,empty,empty,empty,empty,empty,empty,empty,empty,empty,empty,empty,empty,empty,empty,empty,empty,non_existent,
CP,AG,93,High,large,9,b,,,,non_existent,non_existent,non_existent,non_existent,non_existent,non_existent,non_existent,non_existent,non_existent,non_existent,non_existent,non_existent,non_existent,non_existent,non_existent,non_existent,non_existent,non_existent,non_existent,non_existent,non_existent,non_existent,
CP,AG,93,High,large,9,c,,,,non_existent,non_existent,non_existent,non_existent,non_existent,non_existent,non_existent,non_existent,non_existent,non_existent,non_existent,non_existent,non_existent,non_existent,non_existent,non_existent,non_existent,non_existent,non_existent,non_existent,non_existent,non_existent,
CP,AG,93,High,large,10,a,,,,empty,empty,empty,empty,empty,empty,empty,empty,empty,empty,empty,empty,empty,empty,empty,empty,empty,empty,empty,empty,empty,non_existent,
CP,AG,93,High,large,10,b,,,,non_existent,non_existent,non_existent,non_existent,non_existent,non_existent,non_existent,non_existent,non_existent,non_existent,non_existent,non_existent,non_existent,non_existent,non_existent,non_existent,non_existent,non_existent,non_existent,non_existent,non_existent,non_existent,
CP,AG,93,High,large,10,c,,,,non_existent,non_existent,non_existent,non_existent,non_existent,non_existent,non_existent,non_existent,non_existent,non_existent,non_existent,non_existent,non_existent,non_existent,non_existent,non_existent,non_existent,non_existent,non_existent,non_existent,non_existent,non_existent,
CP,AG,93,High,medium,11,a,,,,pseudo,pseudo,pseudo,pseudo,pseudo,pseudo,pseudo,pseudo,pseudo,pseudo,pseudo,pseudo,pseudo,pseudo,pseudo,pseudo,pseudo,pseudo,pseudo,pseudo,pseudo,non_existent,
CP,AG,93,High,medium,11,b,,,,non_existent,non_existent,non_existent,non_existent,non_existent,non_existent,non_existent,non_existent,non_existent,non_existent,non_existent,non_existent,non_existent,non_existent,non_existent,non_existent,non_existent,non_existent,non_existent,non_existent,non_existent,non_existent,
CP,AG,93,High,medium,11,c,,,,non_existent,non_existent,non_existent,non_existent,non_existent,non_existent,non_existent,non_existent,non_existent,non_existent,non_existent,non_existent,non_existent,non_existent,non_existent,non_existent,non_existent,non_existent,non_existent,non_existent,non_existent,non_existent,
CP,AG,93,High,large,12,a,,,,pseudo,pseudo,pseudo,pseudo,pseudo,pseudo,pseudo,pseudo,pseudo,pseudo,pseudo,pseudo,pseudo,pseudo,pseudo,pseudo,pseudo,pseudo,pseudo,pseudo,pseudo,non_existent,
CP,AG,93,High,large,12,b,,,,non_existent,non_existent,non_existent,non_existent,non_existent,non_existent,non_existent,non_existent,non_existent,non_existent,non_existent,non_existent,non_existent,non_existent,non_existent,non_existent,non_existent,non_existent,non_existent,non_existent,non_existent,non_existent,
CP,AG,93,High,large,12,c,,,,non_existent,non_existent,non_existent,non_existent,non_existent,non_existent,non_existent,non_existent,non_existent,non_existent,non_existent,non_existent,non_existent,non_existent,non_existent,non_existent,non_existent,non_existent,non_existent,non_existent,non_existent,non_existent,
CP,AG,93,High,medium,13,a,,,,pseudo,pseudo,pseudo,pseudo,pseudo,pseudo,pseudo,pseudo,pseudo,pseudo,pseudo,pseudo,pseudo,pseudo,pseudo,pseudo,pseudo,pseudo,pseudo,pseudo,pseudo,non_existent,
CP,AG,93,High,medium,13,b,,,,non_existent,non_existent,non_existent,non_existent,non_existent,non_existent,non_existent,non_existent,non_existent,non_existent,non_existent,non_existent,non_existent,non_existent,non_existent,non_existent,non_existent,non_existent,non_existent,non_existent,non_existent,non_existent,
CP,AG,93,High,medium,13,c,,,,non_existent,non_existent,non_existent,non_existent,non_existent,non_existent,non_existent,non_existent,non_existent,non_existent,non_existent,non_existent,non_existent,non_existent,non_existent,non_existent,non_existent,non_existent,non_existent,non_existent,non_existent,non_existent,
CP,AG,93,High,medium,14,a,,,,pseudo,pseudo,pseudo,pseudo,pseudo,non_existent,non_existent,non_existent,non_existent,non_existent,non_existent,non_existent,non_existent,non_existent,non_existent,non_existent,non_existent,non_existent,non_existent,non_existent,non_existent,non_existent,
CP,AG,93,High,medium,14,b,,,,non_existent,non_existent,non_existent,non_existent,non_existent,empty,empty,empty,empty,empty,empty,empty,empty,empty,empty,empty,empty,empty,empty,empty,empty,non_existent,
CP,AG,93,High,medium,14,c,,,,non_existent,non_existent,non_existent,non_existent,non_existent,non_existent,non_existent,non_existent,non_existent,non_existent,non_existent,non_existent,non_existent,non_existent,non_existent,non_existent,non_existent,non_existent,non_existent,non_existent,non_existent,non_existent,
CP,AG,93,High,medium,15,a,,,,pseudo,pseudo,pseudo,pseudo,non_existent,non_existent,non_existent,non_existent,non_existent,non_existent,non_existent,non_existent,non_existent,non_existent,non_existent,non_existent,non_existent,non_existent,non_existent,non_existent,non_existent,non_existent,
CP,AG,93,High,medium,15,b,,,megachile,non_existent,non_existent,non_existent,non_existent,1 cell,no change,no change,no change,non_existent,non_existent,non_existent,non_existent,non_existent,non_existent,non_existent,non_existent,non_existent,non_existent,non_existent,non_existent,non_existent,non_existent,
CP,AG,93,High,medium,15,c,,,,non_existent,non_existent,non_existent,non_existent,non_existent,non_existent,non_existent,non_existent,pseudo,pseudo,pseudo,pseudo,pseudo,pseudo,pseudo,pseudo,pseudo,pseudo,pseudo,pseudo,pseudo,non_existent,
CP,AG,93,High,medium,16,a,130,88,megachile,empty,empty,empty,4 cells,3 cells + end cap,no change,no change,no change,no change,no change,no change,no change,no change,no change,no change,non_existent,non_existent,non_existent,non_existent,non_existent,non_existent,non_existent,
CP,AG,93,High,medium,16,b,,,,non_existent,non_existent,non_existent,non_existent,non_existent,non_existent,non_existent,non_existent,non_existent,non_existent,non_existent,non_existent,non_existent,non_existent,non_existent,pseudo,pseudo,pseudo,pseudo,pseudo,pseudo,non_existent,
CP,AG,93,High,medium,16,c,,,,non_existent,non_existent,non_existent,non_existent,non_existent,non_existent,non_existent,non_existent,non_existent,non_existent,non_existent,non_existent,non_existent,non_existent,non_existent,non_existent,non_existent,non_existent,non_existent,non_existent,non_existent,non_existent,
CP,AG,93,High,small,17,a,,,,pseudo,pseudo,pseudo,pseudo,pseudo,pseudo,pseudo,pseudo,pseudo,pseudo,pseudo,pseudo,pseudo,pseudo,pseudo,pseudo,pseudo,pseudo,pseudo,pseudo,pseudo,non_existent,
CP,AG,93,High,small,17,b,,,,non_existent,non_existent,non_existent,non_existent,non_existent,non_existent,non_existent,non_existent,non_existent,non_existent,non_existent,non_existent,non_existent,non_existent,non_existent,non_existent,non_existent,non_existent,non_existent,non_existent,non_existent,non_existent,
CP,AG,93,High,small,17,c,,,,non_existent,non_existent,non_existent,non_existent,non_existent,non_existent,non_existent,non_existent,non_existent,non_existent,non_existent,non_existent,non_existent,non_existent,non_existent,non_existent,non_existent,non_existent,non_existent,non_existent,non_existent,non_existent,
CP,AG,93,High,large,18,a,,,,pseudo,pseudo,pseudo,pseudo,pseudo,pseudo,pseudo,pseudo,pseudo,pseudo,pseudo,pseudo,pseudo,pseudo,pseudo,pseudo,pseudo,pseudo,pseudo,pseudo,pseudo,non_existent,
CP,AG,93,High,large,18,b,,,,non_existent,non_existent,non_existent,non_existent,non_existent,non_existent,non_existent,non_existent,non_existent,non_existent,non_existent,non_existent,non_existent,non_existent,non_existent,non_existent,non_existent,non_existent,non_existent,non_existent,non_existent,non_existent,
CP,AG,93,High,large,18,c,,,,non_existent,non_existent,non_existent,non_existent,non_existent,non_existent,non_existent,non_existent,non_existent,non_existent,non_existent,non_existent,non_existent,non_existent,non_existent,non_existent,non_existent,non_existent,non_existent,non_existent,non_existent,non_existent,
CP,AH,94,Low,large,1,a,,,,empty,empty,empty,empty,empty,empty,empty,empty,empty,empty,empty,empty,empty,empty,empty,empty,empty,empty,empty,empty,empty,non_existent,
CP,AH,94,Low,large,1,b,,,,non_existent,non_existent,non_existent,non_existent,non_existent,non_existent,non_existent,non_existent,non_existent,non_existent,non_existent,non_existent,non_existent,non_existent,non_existent,non_existent,non_existent,non_existent,non_existent,non_existent,non_existent,non_existent,
CP,AH,94,Low,large,1,c,,,,non_existent,non_existent,non_existent,non_existent,non_existent,non_existent,non_existent,non_existent,non_existent,non_existent,non_existent,non_existent,non_existent,non_existent,non_existent,non_existent,non_existent,non_existent,non_existent,non_existent,non_existent,non_existent,
CP,AH,94,Low,medium,2,a,,,,empty,empty,empty,empty,empty,empty,empty,empty,empty,empty,empty,empty,empty,empty,empty,empty,empty,empty,empty,empty,empty,non_existent,
CP,AH,94,Low,medium,2,b,,,,non_existent,non_existent,non_existent,non_existent,non_existent,non_existent,non_existent,non_existent,non_existent,non_existent,non_existent,non_existent,non_existent,non_existent,non_existent,non_existent,non_existent,non_existent,non_existent,non_existent,non_existent,non_existent,
CP,AH,94,Low,medium,2,c,,,,non_existent,non_existent,non_existent,non_existent,non_existent,non_existent,non_existent,non_existent,non_existent,non_existent,non_existent,non_existent,non_existent,non_existent,non_existent,non_existent,non_existent,non_existent,non_existent,non_existent,non_existent,non_existent,
CP,AH,94,Low,medium,3,a,,,,empty,empty,empty,empty,empty,empty,empty,empty,empty,empty,empty,empty,empty,empty,empty,empty,empty,empty,empty,empty,empty,non_existent,
CP,AH,94,Low,medium,3,b,,,,non_existent,non_existent,non_existent,non_existent,non_existent,non_existent,non_existent,non_existent,non_existent,non_existent,non_existent,non_existent,non_existent,non_existent,non_existent,non_existent,non_existent,non_existent,non_existent,non_existent,non_existent,non_existent,
CP,AH,94,Low,medium,3,c,,,,non_existent,non_existent,non_existent,non_existent,non_existent,non_existent,non_existent,non_existent,non_existent,non_existent,non_existent,non_existent,non_existent,non_existent,non_existent,non_existent,non_existent,non_existent,non_existent,non_existent,non_existent,non_existent,
CP,AH,94,Low,medium,4,a,,,,empty,empty,empty,empty,empty,empty,empty,empty,empty,empty,empty,empty,empty,empty,empty,empty,empty,empty,empty,empty,empty,non_existent,
CP,AH,94,Low,medium,4,b,,,,non_existent,non_existent,non_existent,non_existent,non_existent,non_existent,non_existent,non_existent,non_existent,non_existent,non_existent,non_existent,non_existent,non_existent,non_existent,non_existent,non_existent,non_existent,non_existent,non_existent,non_existent,non_existent,
CP,AH,94,Low,medium,4,c,,,,non_existent,non_existent,non_existent,non_existent,non_existent,non_existent,non_existent,non_existent,non_existent,non_existent,non_existent,non_existent,non_existent,non_existent,non_existent,non_existent,non_existent,non_existent,non_existent,non_existent,non_existent,non_existent,
CP,AH,94,Low,large,5,a,,,,empty,empty,empty,empty,empty,empty,empty,empty,empty,empty,empty,empty,empty,empty,empty,empty,empty,empty,empty,empty,empty,non_existent,
CP,AH,94,Low,large,5,b,,,,non_existent,non_existent,non_existent,non_existent,non_existent,non_existent,non_existent,non_existent,non_existent,non_existent,non_existent,non_existent,non_existent,non_existent,non_existent,non_existent,non_existent,non_existent,non_existent,non_existent,non_existent,non_existent,
CP,AH,94,Low,large,5,c,,,,non_existent,non_existent,non_existent,non_existent,non_existent,non_existent,non_existent,non_existent,non_existent,non_existent,non_existent,non_existent,non_existent,non_existent,non_existent,non_existent,non_existent,non_existent,non_existent,non_existent,non_existent,non_existent,
CP,AH,94,Low,medium,6,a,132,75,megachile,empty,empty,empty,4 cells,2 cells,no change,no change,no change,non_existent,non_existent,non_existent,non_existent,non_existent,non_existent,non_existent,non_existent,non_existent,non_existent,non_existent,non_existent,non_existent,non_existent,
CP,AH,94,Low,medium,6,b,131,26,resin bee,non_existent,non_existent,non_existent,non_existent,non_existent,non_existent,non_existent,non_existent,empty,empty,empty,3 cells,no change,end cap,non_existent,non_existent,non_existent,non_existent,non_existent,non_existent,non_existent,non_existent,
CP,AH,94,Low,medium,6,c,,,,non_existent,non_existent,non_existent,non_existent,non_existent,non_existent,non_existent,non_existent,non_existent,non_existent,non_existent,non_existent,non_existent,non_existent,empty,empty,empty,empty,empty,empty,empty,non_existent,
CP,AH,94,Low,small,7,a,142,14,resin bee,empty,empty,empty,empty,empty,empty,empty,empty,1 cell,end cap,non_existent,non_existent,non_existent,non_existent,non_existent,non_existent,non_existent,non_existent,non_existent,non_existent,non_existent,non_existent,
CP,AH,94,Low,small,7,b,137,15,heriades,non_existent,non_existent,non_existent,non_existent,non_existent,non_existent,non_existent,non_existent,non_existent,non_existent,1 cell + end cap,no change,non_existent,non_existent,non_existent,non_existent,non_existent,non_existent,non_existent,non_existent,non_existent,non_existent,
CP,AH,94,Low,small,7,c,135,35,heriades,non_existent,non_existent,non_existent,non_existent,non_existent,non_existent,non_existent,non_existent,non_existent,non_existent,non_existent,non_existent,empty,1 cell,3 cells,no change,end cap,non_existent,non_existent,non_existent,non_existent,non_existent,
CP,AH,94,Low,small,7,d,133,14,heriades,non_existent,non_existent,non_existent,non_existent,non_existent,non_existent,non_existent,non_existent,non_existent,non_existent,non_existent,non_existent,non_existent,non_existent,non_existent,non_existent,non_existent,inner wall started,1 cell,no change,no change,non_existent,
CP,AH,94,Low,medium,8,a,,,,empty,empty,empty,empty,empty,empty,empty,empty,empty,empty,empty,empty,empty,empty,empty,empty,empty,empty,empty,empty,empty,non_existent,
CP,AH,94,Low,medium,8,b,,,,non_existent,non_existent,non_existent,non_existent,non_existent,non_existent,non_existent,non_existent,non_existent,non_existent,non_existent,non_existent,non_existent,non_existent,non_existent,non_existent,non_existent,non_existent,non_existent,non_existent,non_existent,non_existent,
CP,AH,94,Low,large,9,a,,,megachile,empty,empty,inner wall,no change,no change,non_existent,non_existent,non_existent,non_existent,non_existent,non_existent,non_existent,non_existent,non_existent,non_existent,non_existent,non_existent,non_existent,non_existent,non_existent,non_existent,non_existent,
CP,AH,94,Low,large,9,b,,,,non_existent,non_existent,non_existent,non_existent,non_existent,empty,empty,empty,empty,empty,empty,empty,empty,empty,empty,empty,empty,empty,empty,empty,empty,non_existent,
CP,AH,94,Low,large,9,c,,,,non_existent,non_existent,non_existent,non_existent,non_existent,non_existent,non_existent,non_existent,non_existent,non_existent,non_existent,non_existent,non_existent,non_existent,non_existent,non_existent,non_existent,non_existent,non_existent,non_existent,non_existent,non_existent,
CP,AH,94,Low,large,10,a,,,,empty,empty,empty,empty,empty,empty,empty,empty,empty,empty,empty,empty,empty,empty,empty,empty,empty,empty,empty,empty,empty,non_existent,
CP,AH,94,Low,large,10,b,,,,non_existent,non_existent,non_existent,non_existent,non_existent,non_existent,non_existent,non_existent,non_existent,non_existent,non_existent,non_existent,non_existent,non_existent,non_existent,non_existent,non_existent,non_existent,non_existent,non_existent,non_existent,non_existent,
CP,AH,94,Low,large,10,c,,,,non_existent,non_existent,non_existent,non_existent,non_existent,non_existent,non_existent,non_existent,non_existent,non_existent,non_existent,non_existent,non_existent,non_existent,non_existent,non_existent,non_existent,non_existent,non_existent,non_existent,non_existent,non_existent,
CP,AH,94,Low,medium,11,a,,,,empty,empty,empty,empty,empty,empty,empty,empty,empty,empty,empty,empty,empty,empty,empty,empty,empty,empty,empty,empty,empty,non_existent,
CP,AH,94,Low,medium,11,b,,,,non_existent,non_existent,non_existent,non_existent,non_existent,non_existent,non_existent,non_existent,non_existent,non_existent,non_existent,non_existent,non_existent,non_existent,non_existent,non_existent,non_existent,non_existent,non_existent,non_existent,non_existent,non_existent,
CP,AH,94,Low,medium,11,c,,,,non_existent,non_existent,non_existent,non_existent,non_existent,non_existent,non_existent,non_existent,non_existent,non_existent,non_existent,non_existent,non_existent,non_existent,non_existent,non_existent,non_existent,non_existent,non_existent,non_existent,non_existent,non_existent,
CP,AH,94,Low,medium,12,a,,,,empty,empty,empty,empty,empty,empty,empty,empty,empty,empty,empty,empty,empty,empty,empty,empty,empty,empty,empty,empty,empty,non_existent,
CP,AH,94,Low,medium,12,b,,,,non_existent,non_existent,non_existent,non_existent,non_existent,non_existent,non_existent,non_existent,non_existent,non_existent,non_existent,non_existent,non_existent,non_existent,non_existent,non_existent,non_existent,non_existent,non_existent,non_existent,non_existent,non_existent,
CP,AH,94,Low,medium,12,c,,,,non_existent,non_existent,non_existent,non_existent,non_existent,non_existent,non_existent,non_existent,non_existent,non_existent,non_existent,non_existent,non_existent,non_existent,non_existent,non_existent,non_existent,non_existent,non_existent,non_existent,non_existent,non_existent,
CP,AH,94,Low,small,13,a,131,16,resin bee,empty,empty,empty,empty,empty,empty,empty,empty,empty,1 cell,end cap,no change,non_existent ,non_existent ,non_existent ,non_existent ,non_existent ,non_existent ,non_existent ,non_existent ,non_existent ,non_existent,
CP,AH,94,Low,small,13,b,137,30,hoplitis,non_existent,non_existent,non_existent,non_existent,non_existent,non_existent,non_existent,non_existent,non_existent,non_existent,non_existent,non_existent,empty,empty,empty,empty,1 cell,2 cells + end cap,no change,non_existent,non_existent,non_existent,
CP,AH,94,Low,small,13,c,,,,non_existent,non_existent,non_existent,non_existent,non_existent,non_existent,non_existent,non_existent,non_existent,non_existent,non_existent,non_existent,non_existent,non_existent,non_existent,non_existent,non_existent,non_existent,non_existent,empty,empty,non_existent,
CP,AH,94,Low,medium,14,a,,,,empty,empty,empty,empty,empty,empty,empty,empty,empty,empty,empty,empty,empty,empty,empty,empty,empty,empty,empty,empty,empty,non_existent,
CP,AH,94,Low,medium,14,b,,,,non_existent,non_existent,non_existent,non_existent,non_existent,non_existent,non_existent,non_existent,non_existent,non_existent,non_existent,non_existent,non_existent,non_existent,non_existent,non_existent,non_existent,non_existent,non_existent,non_existent,non_existent,non_existent,
CP,AH,94,Low,medium,14,c,,,,non_existent,non_existent,non_existent,non_existent,non_existent,non_existent,non_existent,non_existent,non_existent,non_existent,non_existent,non_existent,non_existent,non_existent,non_existent,non_existent,non_existent,non_existent,non_existent,non_existent,non_existent,non_existent,
CP,AH,94,Low,large,15,a,,,,empty,empty,empty,empty,empty,empty,empty,empty,empty,empty,empty,empty,empty,empty,empty,empty,empty,empty,empty,empty,empty,non_existent,
CP,AH,94,Low,large,15,b,,,,non_existent,non_existent,non_existent,non_existent,non_existent,non_existent,non_existent,non_existent,non_existent,non_existent,non_existent,non_existent,non_existent,non_existent,non_existent,non_existent,non_existent,non_existent,non_existent,non_existent,non_existent,non_existent,
CP,AH,94,Low,large,15,c,,,,non_existent,non_existent,non_existent,non_existent,non_existent,non_existent,non_existent,non_existent,non_existent,non_existent,non_existent,non_existent,non_existent,non_existent,non_existent,non_existent,non_existent,non_existent,non_existent,non_existent,non_existent,non_existent,
CP,AH,94,Low,medium,16,a,,,,empty,empty,empty,empty,empty,empty,empty,empty,empty,empty,empty,empty,empty,empty,empty,empty,empty,empty,empty,empty,empty,non_existent,
CP,AH,94,Low,medium,16,b,,,,non_existent,non_existent,non_existent,non_existent,non_existent,non_existent,non_existent,non_existent,non_existent,non_existent,non_existent,non_existent,non_existent,non_existent,non_existent,non_existent,non_existent,non_existent,non_existent,non_existent,non_existent,non_existent,
CP,AH,94,Low,medium,16,c,,,,non_existent,non_existent,non_existent,non_existent,non_existent,non_existent,non_existent,non_existent,non_existent,non_existent,non_existent,non_existent,non_existent,non_existent,non_existent,non_existent,non_existent,non_existent,non_existent,non_existent,non_existent,non_existent,
CP,AH,94,Low,medium,17,a,,,megachile,empty,empty,inner wall started,no change,no change,non_existent,non_existent,non_existent,non_existent,non_existent,non_existent,non_existent,non_existent,non_existent,non_existent,non_existent,non_existent,non_existent,non_existent,non_existent,non_existent,non_existent,
CP,AH,94,Low,medium,17,b,,,,non_existent,non_existent,non_existent,non_existent,non_existent,empty,empty,empty,empty,empty,empty,empty,empty,empty,empty,empty,empty,empty,empty,empty,empty,non_existent,
CP,AH,94,Low,medium,17,c,,,,non_existent,non_existent,non_existent,non_existent,non_existent,non_existent,non_existent,non_existent,non_existent,non_existent,non_existent,non_existent,non_existent,non_existent,non_existent,non_existent,non_existent,non_existent,non_existent,non_existent,non_existent,non_existent,
CP,AH,94,Low,large,18,a,,,,empty,empty,empty,empty,empty,empty,empty,empty,empty,empty,empty,empty,empty,empty,empty,empty,empty,empty,empty,empty,empty,non_existent,
CP,AH,94,Low,large,18,b,,,,non_existent,non_existent,non_existent,non_existent,non_existent,non_existent,non_existent,non_existent,non_existent,non_existent,non_existent,non_existent,non_existent,non_existent,non_existent,non_existent,non_existent,non_existent,non_existent,non_existent,non_existent,non_existent,
CP,AH,94,Low,large,18,c,,,,non_existent,non_existent,non_existent,non_existent,non_existent,non_existent,non_existent,non_existent,non_existent,non_existent,non_existent,non_existent,non_existent,non_existent,non_existent,non_existent,non_existent,non_existent,non_existent,non_existent,non_existent,non_existent,
CP,AH,95,Mid,large,1,a,,,,pseudo,pseudo,pseudo,pseudo,pseudo,pseudo,pseudo,pseudo,pseudo,pseudo,pseudo,non_existent,non_existent,non_existent,non_existent,non_existent,non_existent,non_existent,non_existent,non_existent,non_existent,non_existent,
CP,AH,95,Mid,large,1,b,,,,non_existent,non_existent,non_existent,non_existent,non_existent,non_existent,non_existent,non_existent,non_existent,non_existent,non_existent,empty,empty,empty,empty,empty,empty,empty,empty,empty,empty,non_existent,
CP,AH,95,Mid,large,1,c,,,,non_existent,non_existent,non_existent,non_existent,non_existent,non_existent,non_existent,non_existent,non_existent,non_existent,non_existent,non_existent,non_existent,non_existent,non_existent,non_existent,non_existent,non_existent,non_existent,non_existent,non_existent,non_existent,
CP,AH,95,Mid,medium,2,a,,,,empty,empty,empty,empty,empty,empty,empty,empty,empty,empty,empty,empty,empty,empty,empty,empty,empty,empty,empty,empty,empty,non_existent,
CP,AH,95,Mid,medium,2,b,,,,non_existent,non_existent,non_existent,non_existent,non_existent,non_existent,non_existent,non_existent,non_existent,non_existent,non_existent,non_existent,non_existent,non_existent,non_existent,non_existent,non_existent,non_existent,non_existent,non_existent,non_existent,non_existent,
CP,AH,95,Mid,medium,2,c,,,,non_existent,non_existent,non_existent,non_existent,non_existent,non_existent,non_existent,non_existent,non_existent,non_existent,non_existent,non_existent,non_existent,non_existent,non_existent,non_existent,non_existent,non_existent,non_existent,non_existent,non_existent,non_existent,
CP,AH,95,Mid,small,3,a,,,,pseudo,pseudo,pseudo,pseudo,pseudo,pseudo,pseudo,pseudo,pseudo,pseudo,pseudo,pseudo,pseudo,pseudo,pseudo,pseudo,pseudo,pseudo,pseudo,pseudo,pseudo,non_existent,
CP,AH,95,Mid,small,3,b,,,,non_existent,non_existent,non_existent,non_existent,non_existent,non_existent,non_existent,non_existent,non_existent,non_existent,non_existent,non_existent,non_existent,non_existent,non_existent,non_existent,non_existent,non_existent,non_existent,non_existent,non_existent,non_existent,
CP,AH,95,Mid,small,3,c,,,,non_existent,non_existent,non_existent,non_existent,non_existent,non_existent,non_existent,non_existent,non_existent,non_existent,non_existent,non_existent,non_existent,non_existent,non_existent,non_existent,non_existent,non_existent,non_existent,non_existent,non_existent,non_existent,
CP,AH,95,Mid,medium,4,a,,,,empty,empty,empty,empty,empty,empty,empty,empty,empty,empty,empty,empty,empty,empty,empty,empty,empty,empty,empty,empty,empty,non_existent,
CP,AH,95,Mid,medium,4,b,,,,non_existent,non_existent,non_existent,non_existent,non_existent,non_existent,non_existent,non_existent,non_existent,non_existent,non_existent,non_existent,non_existent,non_existent,non_existent,non_existent,non_existent,non_existent,non_existent,non_existent,non_existent,non_existent,
CP,AH,95,Mid,medium,4,c,,,,non_existent,non_existent,non_existent,non_existent,non_existent,non_existent,non_existent,non_existent,non_existent,non_existent,non_existent,non_existent,non_existent,non_existent,non_existent,non_existent,non_existent,non_existent,non_existent,non_existent,non_existent,non_existent,
CP,AH,95,Mid,medium,5,a,,,,empty,empty,empty,empty,empty,empty,empty,empty,empty,empty,empty,empty,empty,empty,empty,empty,empty,empty,empty,empty,empty,non_existent,
CP,AH,95,Mid,medium,5,b,,,,non_existent,non_existent,non_existent,non_existent,non_existent,non_existent,non_existent,non_existent,non_existent,non_existent,non_existent,non_existent,non_existent,non_existent,non_existent,non_existent,non_existent,non_existent,non_existent,non_existent,non_existent,non_existent,
CP,AH,95,Mid,medium,5,c,,,,non_existent,non_existent,non_existent,non_existent,non_existent,non_existent,non_existent,non_existent,non_existent,non_existent,non_existent,non_existent,non_existent,non_existent,non_existent,non_existent,non_existent,non_existent,non_existent,non_existent,non_existent,non_existent,
CP,AH,95,Mid,medium,6,a,,,,pseudo,pseudo,pseudo,pseudo,pseudo,pseudo,pseudo,pseudo,pseudo,pseudo,pseudo,pseudo,pseudo,pseudo,pseudo,pseudo,pseudo,pseudo,pseudo,pseudo,pseudo,non_existent,
CP,AH,95,Mid,medium,6,b,,,,non_existent,non_existent,non_existent,non_existent,non_existent,non_existent,non_existent,non_existent,non_existent,non_existent,non_existent,non_existent,non_existent,non_existent,non_existent,non_existent,non_existent,non_existent,non_existent,non_existent,non_existent,non_existent,
CP,AH,95,Mid,medium,6,c,,,,non_existent,non_existent,non_existent,non_existent,non_existent,non_existent,non_existent,non_existent,non_existent,non_existent,non_existent,non_existent,non_existent,non_existent,non_existent,non_existent,non_existent,non_existent,non_existent,non_existent,non_existent,non_existent,
CP,AH,95,Mid,large,7,a,,,,empty,empty,empty,empty,empty,empty,empty,empty,empty,empty,empty,empty,empty,empty,empty,empty,empty,empty,empty,empty,empty,non_existent,
CP,AH,95,Mid,large,7,b,,,,non_existent,non_existent,non_existent,non_existent,non_existent,non_existent,non_existent,non_existent,non_existent,non_existent,non_existent,non_existent,non_existent,non_existent,non_existent,non_existent,non_existent,non_existent,non_existent,non_existent,non_existent,non_existent,
CP,AH,95,Mid,large,7,c,,,,non_existent,non_existent,non_existent,non_existent,non_existent,non_existent,non_existent,non_existent,non_existent,non_existent,non_existent,non_existent,non_existent,non_existent,non_existent,non_existent,non_existent,non_existent,non_existent,non_existent,non_existent,non_existent,
CP,AH,95,Mid,medium,8,a,,,,pseudo,pseudo,pseudo,pseudo,pseudo,pseudo,pseudo,pseudo,pseudo,pseudo,pseudo,pseudo,pseudo,pseudo,pseudo,pseudo,pseudo,pseudo,pseudo,pseudo,pseudo,non_existent,
CP,AH,95,Mid,medium,8,b,,,,non_existent,non_existent,non_existent,non_existent,non_existent,non_existent,non_existent,non_existent,non_existent,non_existent,non_existent,non_existent,non_existent,non_existent,non_existent,non_existent,non_existent,non_existent,non_existent,non_existent,non_existent,non_existent,
CP,AH,95,Mid,large,9,a,,,,empty,empty,empty,empty,empty,empty,empty,empty,empty,empty,empty,empty,empty,empty,empty,empty,empty,empty,empty,empty,empty,non_existent,
CP,AH,95,Mid,large,9,b,,,,non_existent,non_existent,non_existent,non_existent,non_existent,non_existent,non_existent,non_existent,non_existent,non_existent,non_existent,non_existent,non_existent,non_existent,non_existent,non_existent,non_existent,non_existent,non_existent,non_existent,non_existent,non_existent,
CP,AH,95,Mid,large,9,c,,,,non_existent,non_existent,non_existent,non_existent,non_existent,non_existent,non_existent,non_existent,non_existent,non_existent,non_existent,non_existent,non_existent,non_existent,non_existent,non_existent,non_existent,non_existent,non_existent,non_existent,non_existent,non_existent,
CP,AH,95,Mid,medium,10,a,,,,empty,empty,empty,empty,empty,empty,empty,empty,empty,empty,empty,empty,empty,empty,empty,empty,empty,empty,empty,empty,empty,non_existent,
CP,AH,95,Mid,medium,10,b,,,,non_existent,non_existent,non_existent,non_existent,non_existent,non_existent,non_existent,non_existent,non_existent,non_existent,non_existent,non_existent,non_existent,non_existent,non_existent,non_existent,non_existent,non_existent,non_existent,non_existent,non_existent,non_existent,
CP,AH,95,Mid,medium,10,c,,,,non_existent,non_existent,non_existent,non_existent,non_existent,non_existent,non_existent,non_existent,non_existent,non_existent,non_existent,non_existent,non_existent,non_existent,non_existent,non_existent,non_existent,non_existent,non_existent,non_existent,non_existent,non_existent,
CP,AH,95,Mid,small,11,a,,,resin bee,empty,empty,empty,empty,empty,empty,empty,empty,empty,empty,inner wall,no change,abandoned,non_existent,non_existent,non_existent,non_existent,non_existent,non_existent,non_existent,non_existent,non_existent,
CP,AH,95,Mid,small,11,b,,,,non_existent,non_existent,non_existent,non_existent,non_existent,non_existent,non_existent,non_existent,non_existent,non_existent,non_existent,non_existent,non_existent,empty,non_existent,non_existent,non_existent,non_existent,non_existent,non_existent,non_existent,non_existent,
CP,AH,95,Mid,small,11,c,,,,non_existent,non_existent,non_existent,non_existent,non_existent,non_existent,non_existent,non_existent,non_existent,non_existent,non_existent,non_existent,non_existent,non_existent,pseudo,pseudo,pseudo,pseudo,pseudo,pseudo,pseudo,non_existent,
CP,AH,95,Mid,large,12,a,,,,pseudo,pseudo,pseudo,pseudo,pseudo,pseudo,pseudo,pseudo,pseudo,pseudo,pseudo,pseudo,pseudo,pseudo,pseudo,pseudo,pseudo,pseudo,pseudo,pseudo,pseudo,non_existent,
CP,AH,95,Mid,large,12,b,,,,non_existent,non_existent,non_existent,non_existent,non_existent,non_existent,non_existent,non_existent,non_existent,non_existent,non_existent,non_existent,non_existent,non_existent,non_existent,non_existent,non_existent,non_existent,non_existent,non_existent,non_existent,non_existent,
CP,AH,95,Mid,large,12,c,,,,non_existent,non_existent,non_existent,non_existent,non_existent,non_existent,non_existent,non_existent,non_existent,non_existent,non_existent,non_existent,non_existent,non_existent,non_existent,non_existent,non_existent,non_existent,non_existent,non_existent,non_existent,non_existent,
CP,AH,95,Mid,medium,13,a,,,,empty,empty,empty,empty,empty,empty,empty,empty,empty,empty,empty,empty,empty,empty,empty,empty,empty,empty,empty,empty,empty,non_existent,
CP,AH,95,Mid,medium,13,b,,,,non_existent,non_existent,non_existent,non_existent,non_existent,non_existent,non_existent,non_existent,non_existent,non_existent,non_existent,non_existent,non_existent,non_existent,non_existent,non_existent,non_existent,non_existent,non_existent,non_existent,non_existent,non_existent,
CP,AH,95,Mid,medium,13,c,,,,non_existent,non_existent,non_existent,non_existent,non_existent,non_existent,non_existent,non_existent,non_existent,non_existent,non_existent,non_existent,non_existent,non_existent,non_existent,non_existent,non_existent,non_existent,non_existent,non_existent,non_existent,non_existent,
CP,AH,95,Mid,large,14,a,,,,empty,empty,empty,empty,empty,empty,empty,empty,empty,empty,empty,empty,empty,empty,empty,empty,empty,empty,empty,empty,empty,non_existent,
CP,AH,95,Mid,large,14,b,,,,non_existent,non_existent,non_existent,non_existent,non_existent,non_existent,non_existent,non_existent,non_existent,non_existent,non_existent,non_existent,non_existent,non_existent,non_existent,non_existent,non_existent,non_existent,non_existent,non_existent,non_existent,non_existent,
CP,AH,95,Mid,large,14,c,,,,non_existent,non_existent,non_existent,non_existent,non_existent,non_existent,non_existent,non_existent,non_existent,non_existent,non_existent,non_existent,non_existent,non_existent,non_existent,non_existent,non_existent,non_existent,non_existent,non_existent,non_existent,non_existent,
CP,AH,95,Mid,medium,15,a,,,,empty,empty,empty,empty,empty,empty,empty,empty,empty,empty,empty,empty,empty,empty,empty,empty,empty,empty,empty,empty,empty,non_existent,
CP,AH,95,Mid,medium,15,b,,,,non_existent,non_existent,non_existent,non_existent,non_existent,non_existent,non_existent,non_existent,non_existent,non_existent,non_existent,non_existent,non_existent,non_existent,non_existent,non_existent,non_existent,non_existent,non_existent,non_existent,non_existent,non_existent,
CP,AH,95,Mid,medium,15,c,,,,non_existent,non_existent,non_existent,non_existent,non_existent,non_existent,non_existent,non_existent,non_existent,non_existent,non_existent,non_existent,non_existent,non_existent,non_existent,non_existent,non_existent,non_existent,non_existent,non_existent,non_existent,non_existent,
CP,AH,95,Mid,medium,16,a,,,,pseudo,pseudo,pseudo,pseudo,pseudo,pseudo,pseudo,pseudo,pseudo,pseudo,pseudo,pseudo,pseudo,pseudo,pseudo,pseudo,pseudo,pseudo,pseudo,pseudo,pseudo,non_existent,
CP,AH,95,Mid,medium,16,b,,,,non_existent,non_existent,non_existent,non_existent,non_existent,non_existent,non_existent,non_existent,non_existent,non_existent,non_existent,non_existent,non_existent,non_existent,non_existent,non_existent,non_existent,non_existent,non_existent,non_existent,non_existent,non_existent,
CP,AH,95,Mid,medium,16,c,,,,non_existent,non_existent,non_existent,non_existent,non_existent,non_existent,non_existent,non_existent,non_existent,non_existent,non_existent,non_existent,non_existent,non_existent,non_existent,non_existent,non_existent,non_existent,non_existent,non_existent,non_existent,non_existent,
CP,AH,95,Mid,medium,17,a,,,,empty,empty,empty,empty,empty,empty,empty,empty,empty,empty,empty,empty,empty,empty,empty,empty,empty,empty,empty,empty,empty,non_existent,
CP,AH,95,Mid,medium,17,b,,,,non_existent,non_existent,non_existent,non_existent,non_existent,non_existent,non_existent,non_existent,non_existent,non_existent,non_existent,non_existent,non_existent,non_existent,non_existent,non_existent,non_existent,non_existent,non_existent,non_existent,non_existent,non_existent,
CP,AH,95,Mid,medium,17,c,,,,non_existent,non_existent,non_existent,non_existent,non_existent,non_existent,non_existent,non_existent,non_existent,non_existent,non_existent,non_existent,non_existent,non_existent,non_existent,non_existent,non_existent,non_existent,non_existent,non_existent,non_existent,non_existent,
CP,AH,95,Mid,large,18,a,,,,empty,empty,empty,empty,empty,empty,empty,empty,empty,empty,empty,empty,empty,empty,empty,empty,empty,empty,empty,empty,empty,non_existent,
CP,AH,95,Mid,large,18,b,,,,non_existent,non_existent,non_existent,non_existent,non_existent,non_existent,non_existent,non_existent,non_existent,non_existent,non_existent,non_existent,non_existent,non_existent,non_existent,non_existent,non_existent,non_existent,non_existent,non_existent,non_existent,non_existent,
CP,AH,95,Mid,large,18,c,,,,non_existent,non_existent,non_existent,non_existent,non_existent,non_existent,non_existent,non_existent,non_existent,non_existent,non_existent,non_existent,non_existent,non_existent,non_existent,non_existent,non_existent,non_existent,non_existent,non_existent,non_existent,non_existent,
CP,AH,96,High,large,1,a,,,,empty,empty,empty,empty,empty,empty,empty,empty,empty,empty,empty,empty,empty,empty,empty,empty,empty,empty,empty,empty,empty,non_existent,
CP,AH,96,High,large,1,b,,,,non_existent,non_existent,non_existent,non_existent,non_existent,non_existent,non_existent,non_existent,non_existent,non_existent,non_existent,non_existent,non_existent,non_existent,non_existent,non_existent,non_existent,non_existent,non_existent,non_existent,non_existent,non_existent,
CP,AH,96,High,large,1,c,,,,non_existent,non_existent,non_existent,non_existent,non_existent,non_existent,non_existent,non_existent,non_existent,non_existent,non_existent,non_existent,non_existent,non_existent,non_existent,non_existent,non_existent,non_existent,non_existent,non_existent,non_existent,non_existent,
CP,AH,96,High,medium,2,a,,,,empty,empty,empty,empty,empty,empty,empty,empty,empty,empty,empty,empty,empty,empty,empty,empty,empty,empty,empty,empty,empty,non_existent,
CP,AH,96,High,medium,2,b,,,,non_existent,non_existent,non_existent,non_existent,non_existent,non_existent,non_existent,non_existent,non_existent,non_existent,non_existent,non_existent,non_existent,non_existent,non_existent,non_existent,non_existent,non_existent,non_existent,non_existent,non_existent,non_existent,
CP,AH,96,High,medium,2,c,,,,non_existent,non_existent,non_existent,non_existent,non_existent,non_existent,non_existent,non_existent,non_existent,non_existent,non_existent,non_existent,non_existent,non_existent,non_existent,non_existent,non_existent,non_existent,non_existent,non_existent,non_existent,non_existent,
CP,AH,96,High,medium,3,a,,,,pseudo,pseudo,pseudo,pseudo,pseudo,pseudo,pseudo,pseudo,pseudo,pseudo,pseudo,pseudo,pseudo,pseudo,pseudo,pseudo,pseudo,pseudo,pseudo,pseudo,pseudo,non_existent,
CP,AH,96,High,medium,3,b,,,,non_existent,non_existent,non_existent,non_existent,non_existent,non_existent,non_existent,non_existent,non_existent,non_existent,non_existent,non_existent,non_existent,non_existent,non_existent,non_existent,non_existent,non_existent,non_existent,non_existent,non_existent,non_existent,
CP,AH,96,High,medium,3,c,,,,non_existent,non_existent,non_existent,non_existent,non_existent,non_existent,non_existent,non_existent,non_existent,non_existent,non_existent,non_existent,non_existent,non_existent,non_existent,non_existent,non_existent,non_existent,non_existent,non_existent,non_existent,non_existent,
CP,AH,96,High,small,4,a,,,,pseudo,pseudo,pseudo,pseudo,pseudo,pseudo,pseudo,pseudo,pseudo,pseudo,pseudo,pseudo,pseudo,pseudo,pseudo,pseudo,pseudo,pseudo,pseudo,pseudo,pseudo,non_existent,
CP,AH,96,High,small,4,b,,,,non_existent,non_existent,non_existent,non_existent,non_existent,non_existent,non_existent,non_existent,non_existent,non_existent,non_existent,non_existent,non_existent,non_existent,non_existent,non_existent,non_existent,non_existent,non_existent,non_existent,non_existent,non_existent,
CP,AH,96,High,small,4,c,,,,non_existent,non_existent,non_existent,non_existent,non_existent,non_existent,non_existent,non_existent,non_existent,non_existent,non_existent,non_existent,non_existent,non_existent,non_existent,non_existent,non_existent,non_existent,non_existent,non_existent,non_existent,non_existent,
CP,AH,96,High,large,5,a,,,,pseudo,pseudo,pseudo,pseudo,pseudo,pseudo,pseudo,pseudo,pseudo,pseudo,pseudo,pseudo,pseudo,pseudo,pseudo,pseudo,pseudo,pseudo,pseudo,pseudo,pseudo,non_existent,
CP,AH,96,High,large,5,b,,,,non_existent,non_existent,non_existent,non_existent,non_existent,non_existent,non_existent,non_existent,non_existent,non_existent,non_existent,non_existent,non_existent,non_existent,non_existent,non_existent,non_existent,non_existent,non_existent,non_existent,non_existent,non_existent,
CP,AH,96,High,large,5,c,,,,non_existent,non_existent,non_existent,non_existent,non_existent,non_existent,non_existent,non_existent,non_existent,non_existent,non_existent,non_existent,non_existent,non_existent,non_existent,non_existent,non_existent,non_existent,non_existent,non_existent,non_existent,non_existent,
CP,AH,96,High,medium,6,a,,,,pseudo,pseudo,pseudo,pseudo,pseudo,pseudo,pseudo,pseudo,pseudo,pseudo,pseudo,pseudo,pseudo,pseudo,pseudo,pseudo,pseudo,pseudo,pseudo,pseudo,pseudo,non_existent,
CP,AH,96,High,medium,6,b,,,,non_existent,non_existent,non_existent,non_existent,non_existent,non_existent,non_existent,non_existent,non_existent,non_existent,non_existent,non_existent,non_existent,non_existent,non_existent,non_existent,non_existent,non_existent,non_existent,non_existent,non_existent,non_existent,
CP,AH,96,High,medium,6,c,,,,non_existent,non_existent,non_existent,non_existent,non_existent,non_existent,non_existent,non_existent,non_existent,non_existent,non_existent,non_existent,non_existent,non_existent,non_existent,non_existent,non_existent,non_existent,non_existent,non_existent,non_existent,non_existent,
CP,AH,96,High,medium,7,a,,,,pseudo,pseudo,pseudo,pseudo,pseudo,pseudo,pseudo,pseudo,pseudo,pseudo,pseudo,pseudo,pseudo,pseudo,pseudo,pseudo,pseudo,pseudo,pseudo,pseudo,pseudo,non_existent,
CP,AH,96,High,medium,7,b,,,,non_existent,non_existent,non_existent,non_existent,non_existent,non_existent,non_existent,non_existent,non_existent,non_existent,non_existent,non_existent,non_existent,non_existent,non_existent,non_existent,non_existent,non_existent,non_existent,non_existent,non_existent,non_existent,
CP,AH,96,High,medium,7,c,,,,non_existent,non_existent,non_existent,non_existent,non_existent,non_existent,non_existent,non_existent,non_existent,non_existent,non_existent,non_existent,non_existent,non_existent,non_existent,non_existent,non_existent,non_existent,non_existent,non_existent,non_existent,non_existent,
CP,AH,96,High,medium,8,a,,,,empty,empty,empty,empty,empty,empty,empty,empty,empty,empty,empty,empty,empty,empty,empty,empty,empty,empty,empty,empty,empty,non_existent,
CP,AH,96,High,medium,8,b,,,,non_existent,non_existent,non_existent,non_existent,non_existent,non_existent,non_existent,non_existent,non_existent,non_existent,non_existent,non_existent,non_existent,non_existent,non_existent,non_existent,non_existent,non_existent,non_existent,non_existent,non_existent,non_existent,
CP,AH,96,High,large,9,a,,,,pseudo,pseudo,pseudo,pseudo,pseudo,pseudo,pseudo,pseudo,pseudo,pseudo,pseudo,pseudo,pseudo,pseudo,pseudo,pseudo,pseudo,pseudo,pseudo,pseudo,pseudo,non_existent,
CP,AH,96,High,large,9,b,,,,non_existent,non_existent,non_existent,non_existent,non_existent,non_existent,non_existent,non_existent,non_existent,non_existent,non_existent,non_existent,non_existent,non_existent,non_existent,non_existent,non_existent,non_existent,non_existent,non_existent,non_existent,non_existent,
CP,AH,96,High,large,9,c,,,,non_existent,non_existent,non_existent,non_existent,non_existent,non_existent,non_existent,non_existent,non_existent,non_existent,non_existent,non_existent,non_existent,non_existent,non_existent,non_existent,non_existent,non_existent,non_existent,non_existent,non_existent,non_existent,
CP,AH,96,High,medium,10,a,,,,empty,empty,empty,empty,empty,empty,empty,empty,empty,empty,empty,empty,empty,empty,empty,empty,empty,empty,empty,empty,empty,non_existent,
CP,AH,96,High,medium,10,b,,,,non_existent,non_existent,non_existent,non_existent,non_existent,non_existent,non_existent,non_existent,non_existent,non_existent,non_existent,non_existent,non_existent,non_existent,non_existent,non_existent,non_existent,non_existent,non_existent,non_existent,non_existent,non_existent,
CP,AH,96,High,medium,10,c,,,,non_existent,non_existent,non_existent,non_existent,non_existent,non_existent,non_existent,non_existent,non_existent,non_existent,non_existent,non_existent,non_existent,non_existent,non_existent,non_existent,non_existent,non_existent,non_existent,non_existent,non_existent,non_existent,
CP,AH,96,High,medium,11,a,,,,empty,empty,empty,empty,empty,empty,empty,empty,empty,empty,empty,empty,empty,empty,empty,empty,empty,empty,empty,empty,empty,non_existent,
CP,AH,96,High,medium,11,b,,,,non_existent,non_existent,non_existent,non_existent,non_existent,non_existent,non_existent,non_existent,non_existent,non_existent,non_existent,non_existent,non_existent,non_existent,non_existent,non_existent,non_existent,non_existent,non_existent,non_existent,non_existent,non_existent,
CP,AH,96,High,medium,11,c,,,,non_existent,non_existent,non_existent,non_existent,non_existent,non_existent,non_existent,non_existent,non_existent,non_existent,non_existent,non_existent,non_existent,non_existent,non_existent,non_existent,non_existent,non_existent,non_existent,non_existent,non_existent,non_existent,
CP,AH,96,High,medium,12,a,,,,pseudo,pseudo,pseudo,pseudo,pseudo,pseudo,pseudo,pseudo,pseudo,pseudo,pseudo,pseudo,pseudo,pseudo,pseudo,pseudo,pseudo,pseudo,pseudo,pseudo,pseudo,non_existent,
CP,AH,96,High,medium,12,b,,,,non_existent,non_existent,non_existent,non_existent,non_existent,non_existent,non_existent,non_existent,non_existent,non_existent,non_existent,non_existent,non_existent,non_existent,non_existent,non_existent,non_existent,non_existent,non_existent,non_existent,non_existent,non_existent,
CP,AH,96,High,medium,12,c,,,,non_existent,non_existent,non_existent,non_existent,non_existent,non_existent,non_existent,non_existent,non_existent,non_existent,non_existent,non_existent,non_existent,non_existent,non_existent,non_existent,non_existent,non_existent,non_existent,non_existent,non_existent,non_existent,
CP,AH,96,High,large,13,a,,,,pseudo,pseudo,pseudo,pseudo,pseudo,pseudo,pseudo,pseudo,pseudo,pseudo,pseudo,pseudo,pseudo,pseudo,pseudo,pseudo,pseudo,pseudo,pseudo,pseudo,pseudo,non_existent,
CP,AH,96,High,large,13,b,,,,non_existent,non_existent,non_existent,non_existent,non_existent,non_existent,non_existent,non_existent,non_existent,non_existent,non_existent,non_existent,non_existent,non_existent,non_existent,non_existent,non_existent,non_existent,non_existent,non_existent,non_existent,non_existent,
CP,AH,96,High,large,13,c,,,,non_existent,non_existent,non_existent,non_existent,non_existent,non_existent,non_existent,non_existent,non_existent,non_existent,non_existent,non_existent,non_existent,non_existent,non_existent,non_existent,non_existent,non_existent,non_existent,non_existent,non_existent,non_existent,
CP,AH,96,High,medium,14,a,,,,pseudo,pseudo,pseudo,pseudo,pseudo,pseudo,pseudo,pseudo,pseudo,pseudo,pseudo,pseudo,pseudo,pseudo,pseudo,pseudo,pseudo,pseudo,pseudo,pseudo,pseudo,non_existent,
CP,AH,96,High,medium,14,b,,,,non_existent,non_existent,non_existent,non_existent,non_existent,non_existent,non_existent,non_existent,non_existent,non_existent,non_existent,non_existent,non_existent,non_existent,non_existent,non_existent,non_existent,non_existent,non_existent,non_existent,non_existent,non_existent,
CP,AH,96,High,medium,14,c,,,,non_existent,non_existent,non_existent,non_existent,non_existent,non_existent,non_existent,non_existent,non_existent,non_existent,non_existent,non_existent,non_existent,non_existent,non_existent,non_existent,non_existent,non_existent,non_existent,non_existent,non_existent,non_existent,
CP,AH,96,High,large,15,a,,,,pseudo,pseudo,pseudo,pseudo,pseudo,pseudo,pseudo,pseudo,pseudo,pseudo,pseudo,pseudo,pseudo,pseudo,pseudo,pseudo,pseudo,pseudo,pseudo,pseudo,pseudo,non_existent,
CP,AH,96,High,large,15,b,,,,non_existent,non_existent,non_existent,non_existent,non_existent,non_existent,non_existent,non_existent,non_existent,non_existent,non_existent,non_existent,non_existent,non_existent,non_existent,non_existent,non_existent,non_existent,non_existent,non_existent,non_existent,non_existent,
CP,AH,96,High,large,15,c,,,,non_existent,non_existent,non_existent,non_existent,non_existent,non_existent,non_existent,non_existent,non_existent,non_existent,non_existent,non_existent,non_existent,non_existent,non_existent,non_existent,non_existent,non_existent,non_existent,non_existent,non_existent,non_existent,
CP,AH,96,High,medium,16,a,,,,pseudo,pseudo,pseudo,pseudo,pseudo,pseudo,pseudo,pseudo,pseudo,pseudo,pseudo,pseudo,pseudo,pseudo,pseudo,pseudo,pseudo,pseudo,pseudo,pseudo,pseudo,non_existent,
CP,AH,96,High,medium,16,b,,,,non_existent,non_existent,non_existent,non_existent,non_existent,non_existent,non_existent,non_existent,non_existent,non_existent,non_existent,non_existent,non_existent,non_existent,non_existent,non_existent,non_existent,non_existent,non_existent,non_existent,non_existent,non_existent,
CP,AH,96,High,medium,16,c,,,,non_existent,non_existent,non_existent,non_existent,non_existent,non_existent,non_existent,non_existent,non_existent,non_existent,non_existent,non_existent,non_existent,non_existent,non_existent,non_existent,non_existent,non_existent,non_existent,non_existent,non_existent,non_existent,
CP,AH,96,High,small,17,a,,,,empty,empty,empty,empty,empty,empty,empty,empty,empty,empty,empty,empty,empty,empty,empty,empty,empty,empty,empty,empty,empty,non_existent,
CP,AH,96,High,small,17,b,,,,non_existent,non_existent,non_existent,non_existent,non_existent,non_existent,non_existent,non_existent,non_existent,non_existent,non_existent,non_existent,non_existent,non_existent,non_existent,non_existent,non_existent,non_existent,non_existent,non_existent,non_existent,non_existent,
CP,AH,96,High,small,17,c,,,,non_existent,non_existent,non_existent,non_existent,non_existent,non_existent,non_existent,non_existent,non_existent,non_existent,non_existent,non_existent,non_existent,non_existent,non_existent,non_existent,non_existent,non_existent,non_existent,non_existent,non_existent,non_existent,
CP,AH,96,High,large,18,a,,,,empty,empty,empty,empty,empty,empty,empty,empty,empty,empty,empty,empty,empty,empty,empty,empty,empty,empty,empty,empty,empty,non_existent,
CP,AH,96,High,large,18,b,,,,non_existent,non_existent,non_existent,non_existent,non_existent,non_existent,non_existent,non_existent,non_existent,non_existent,non_existent,non_existent,non_existent,non_existent,non_existent,non_existent,non_existent,non_existent,non_existent,non_existent,non_existent,non_existent,
CP,AH,96,High,large,18,c,,,,non_existent,non_existent,non_existent,non_existent,non_existent,non_existent,non_existent,non_existent,non_existent,non_existent,non_existent,non_existent,non_existent,non_existent,non_existent,non_existent,non_existent,non_existent,non_existent,non_existent,non_existent,non_existent,
CP,AI,97,Low,medium,1,a,,,megachile,empty,empty,empty,empty,empty,inner wall,1 cell,no change,no change,no change,non_existent,non_existent,non_existent,non_existent,non_existent,non_existent,non_existent,non_existent,non_existent,non_existent,non_existent,non_existent,abandoned
CP,AI,97,Low,medium,1,b,,,,non_existent,non_existent,non_existent,non_existent,non_existent,non_existent,non_existent,non_existent,non_existent,non_existent,empty,empty,empty,empty,empty,empty,empty,empty,empty,empty,empty,non_existent,
CP,AI,97,Low,medium,1,c,,,,non_existent,non_existent,non_existent,non_existent,non_existent,non_existent,non_existent,non_existent,non_existent,non_existent,non_existent,non_existent,non_existent,non_existent,non_existent,non_existent,non_existent,non_existent,non_existent,non_existent,non_existent,non_existent,
CP,AI,97,Low,medium,2,a,,,,empty,empty,empty,empty,empty,empty,empty,empty,empty,empty,empty,empty,empty,empty,empty,empty,empty,empty,empty,empty,empty,non_existent,
CP,AI,97,Low,medium,2,b,,,,non_existent,non_existent,non_existent,non_existent,non_existent,non_existent,non_existent,non_existent,non_existent,non_existent,non_existent,non_existent,non_existent,non_existent,non_existent,non_existent,non_existent,non_existent,non_existent,non_existent,non_existent,non_existent,
CP,AI,97,Low,medium,2,c,,,,non_existent,non_existent,non_existent,non_existent,non_existent,non_existent,non_existent,non_existent,non_existent,non_existent,non_existent,non_existent,non_existent,non_existent,non_existent,non_existent,non_existent,non_existent,non_existent,non_existent,non_existent,non_existent,
CP,AI,97,Low,medium,3,a,,,,empty,empty,empty,empty,empty,empty,empty,empty,empty,empty,empty,empty,empty,empty,empty,empty,empty,empty,empty,empty,empty,non_existent,
CP,AI,97,Low,medium,3,b,,,,non_existent,non_existent,non_existent,non_existent,non_existent,non_existent,non_existent,non_existent,non_existent,non_existent,non_existent,non_existent,non_existent,non_existent,non_existent,non_existent,non_existent,non_existent,non_existent,non_existent,non_existent,non_existent,
CP,AI,97,Low,medium,3,c,,,,non_existent,non_existent,non_existent,non_existent,non_existent,non_existent,non_existent,non_existent,non_existent,non_existent,non_existent,non_existent,non_existent,non_existent,non_existent,non_existent,non_existent,non_existent,non_existent,non_existent,non_existent,non_existent,
CP,AI,97,Low,large,4,a,,,wasp,empty,empty,empty,empty,empty,non-target cell,non-target cell,non-target cell,no change,no change,non_existent,non_existent,non_existent,non_existent,non_existent,non_existent,non_existent,non_existent,non_existent,non_existent,non_existent,non_existent,
CP,AI,97,Low,large,4,b,,,,non_existent,non_existent,non_existent,non_existent,non_existent,non_existent,non_existent,non_existent,non_existent,non_existent,empty,empty,empty,empty,empty,empty,empty,empty,empty,empty,empty,non_existent,
CP,AI,97,Low,large,4,c,,,,non_existent,non_existent,non_existent,non_existent,non_existent,non_existent,non_existent,non_existent,non_existent,non_existent,non_existent,non_existent,non_existent,non_existent,non_existent,non_existent,non_existent,non_existent,non_existent,non_existent,non_existent,non_existent,
CP,AI,97,Low,large,5,a,,,,empty,empty,empty,empty,empty,empty,empty,empty,empty,empty,empty,empty,empty,empty,empty,empty,empty,empty,empty,empty,empty,non_existent,
CP,AI,97,Low,large,5,b,,,,non_existent,non_existent,non_existent,non_existent,non_existent,non_existent,non_existent,non_existent,non_existent,non_existent,non_existent,non_existent,non_existent,non_existent,non_existent,non_existent,non_existent,non_existent,non_existent,non_existent,non_existent,non_existent,
CP,AI,97,Low,large,5,c,,,,non_existent,non_existent,non_existent,non_existent,non_existent,non_existent,non_existent,non_existent,non_existent,non_existent,non_existent,non_existent,non_existent,non_existent,non_existent,non_existent,non_existent,non_existent,non_existent,non_existent,non_existent,non_existent,
CP,AI,97,Low,medium,6,a,,,,empty,empty,empty,empty,empty,empty,empty,empty,empty,empty,empty,empty,empty,empty,empty,empty,empty,empty,empty,empty,empty,non_existent,
CP,AI,97,Low,medium,6,b,,,,non_existent,non_existent,non_existent,non_existent,non_existent,non_existent,non_existent,non_existent,non_existent,non_existent,non_existent,non_existent,non_existent,non_existent,non_existent,non_existent,non_existent,non_existent,non_existent,non_existent,non_existent,non_existent,
CP,AI,97,Low,medium,6,c,,,,non_existent,non_existent,non_existent,non_existent,non_existent,non_existent,non_existent,non_existent,non_existent,non_existent,non_existent,non_existent,non_existent,non_existent,non_existent,non_existent,non_existent,non_existent,non_existent,non_existent,non_existent,non_existent,
CP,AI,97,Low,medium,7,a,,,megachile,empty,empty,empty,empty,inner wall,no change,no change,non_existent,non_existent,non_existent,non_existent,non_existent,non_existent,non_existent,non_existent,non_existent,non_existent,non_existent,non_existent,non_existent,non_existent,non_existent,
CP,AI,97,Low,medium,7,b,,,,non_existent,non_existent,non_existent,non_existent,non_existent,non_existent,non_existent,empty,empty,empty,empty,empty,empty,empty,empty,empty,empty,empty,empty,empty,empty,non_existent,
CP,AI,97,Low,medium,7,c,,,,non_existent,non_existent,non_existent,non_existent,non_existent,non_existent,non_existent,non_existent,non_existent,non_existent,non_existent,non_existent,non_existent,non_existent,non_existent,non_existent,non_existent,non_existent,non_existent,non_existent,non_existent,non_existent,
CP,AI,97,Low,small,8,a,,,,empty,empty,empty,empty,empty,empty,empty,empty,empty,empty,empty,empty,empty,empty,empty,empty,empty,empty,empty,empty,empty,non_existent,
CP,AI,97,Low,small,8,b,,,,non_existent,non_existent,non_existent,non_existent,non_existent,non_existent,non_existent,non_existent,non_existent,non_existent,non_existent,non_existent,non_existent,non_existent,non_existent,non_existent,non_existent,non_existent,non_existent,non_existent,non_existent,non_existent,
CP,AI,97,Low,large,9,a,,,,empty,empty,empty,empty,empty,empty,empty,empty,empty,empty,empty,empty,empty,empty,empty,empty,empty,empty,empty,empty,empty,non_existent,
CP,AI,97,Low,large,9,b,,,,non_existent,non_existent,non_existent,non_existent,non_existent,non_existent,non_existent,non_existent,non_existent,non_existent,non_existent,non_existent,non_existent,non_existent,non_existent,non_existent,non_existent,non_existent,non_existent,non_existent,non_existent,non_existent,
CP,AI,97,Low,large,9,c,,,,non_existent,non_existent,non_existent,non_existent,non_existent,non_existent,non_existent,non_existent,non_existent,non_existent,non_existent,non_existent,non_existent,non_existent,non_existent,non_existent,non_existent,non_existent,non_existent,non_existent,non_existent,non_existent,
CP,AI,97,Low,large,10,a,,,,empty,empty,empty,empty,empty,empty,empty,empty,empty,empty,empty,empty,empty,empty,empty,empty,empty,empty,empty,empty,empty,non_existent,
CP,AI,97,Low,large,10,b,,,,non_existent,non_existent,non_existent,non_existent,non_existent,non_existent,non_existent,non_existent,non_existent,non_existent,non_existent,non_existent,non_existent,non_existent,non_existent,non_existent,non_existent,non_existent,non_existent,non_existent,non_existent,non_existent,
CP,AI,97,Low,large,10,c,,,,non_existent,non_existent,non_existent,non_existent,non_existent,non_existent,non_existent,non_existent,non_existent,non_existent,non_existent,non_existent,non_existent,non_existent,non_existent,non_existent,non_existent,non_existent,non_existent,non_existent,non_existent,non_existent,
CP,AI,97,Low,small,11,a,,,,empty,empty,empty,empty,empty,empty,empty,empty,empty,empty,empty,empty,empty,empty,empty,empty,empty,empty,empty,empty,empty,non_existent,
CP,AI,97,Low,small,11,b,,,,non_existent,non_existent,non_existent,non_existent,non_existent,non_existent,non_existent,non_existent,non_existent,non_existent,non_existent,non_existent,non_existent,non_existent,non_existent,non_existent,non_existent,non_existent,non_existent,non_existent,non_existent,non_existent,
CP,AI,97,Low,small,11,c,,,,non_existent,non_existent,non_existent,non_existent,non_existent,non_existent,non_existent,non_existent,non_existent,non_existent,non_existent,non_existent,non_existent,non_existent,non_existent,non_existent,non_existent,non_existent,non_existent,non_existent,non_existent,non_existent,
CP,AI,97,Low,medium,12,a,,,,empty,empty,empty,empty,empty,empty,empty,empty,empty,empty,empty,empty,empty,empty,empty,empty,empty,empty,empty,empty,empty,non_existent,
CP,AI,97,Low,medium,12,b,,,,non_existent,non_existent,non_existent,non_existent,non_existent,non_existent,non_existent,non_existent,non_existent,non_existent,non_existent,non_existent,non_existent,non_existent,non_existent,non_existent,non_existent,non_existent,non_existent,non_existent,non_existent,non_existent,
CP,AI,97,Low,medium,12,c,,,,non_existent,non_existent,non_existent,non_existent,non_existent,non_existent,non_existent,non_existent,non_existent,non_existent,non_existent,non_existent,non_existent,non_existent,non_existent,non_existent,non_existent,non_existent,non_existent,non_existent,non_existent,non_existent,
CP,AI,97,Low,medium,13,a,136,93,megachile,empty,empty,empty,1 cell,4 cells,3 cells + end cap,non_existent,non_existent,non_existent,non_existent,non_existent,non_existent,non_existent,non_existent,non_existent,non_existent,non_existent,non_existent,non_existent,non_existent,non_existent,non_existent,
CP,AI,97,Low,medium,13,b,,,,non_existent,non_existent,non_existent,non_existent,non_existent,non_existent,empty,empty,empty,empty,empty,empty,empty,empty,empty,empty,empty,empty,empty,empty,empty,non_existent,
CP,AI,97,Low,medium,13,c,,,,non_existent,non_existent,non_existent,non_existent,non_existent,non_existent,non_existent,non_existent,non_existent,non_existent,non_existent,non_existent,non_existent,non_existent,non_existent,non_existent,non_existent,non_existent,non_existent,non_existent,non_existent,non_existent,
CP,AI,97,Low,medium,14,a,138,88,megachile,empty,empty,empty,1 cell,8 cells + end cap,no change,non_existent,non_existent,non_existent,non_existent,non_existent,non_existent,non_existent,non_existent,non_existent,non_existent,non_existent,non_existent,non_existent,non_existent,non_existent,non_existent,
CP,AI,97,Low,medium,14,b,,,,non_existent,non_existent,non_existent,non_existent,non_existent,non_existent,empty,empty,empty,empty,empty,empty,empty,empty,empty,empty,empty,empty,empty,empty,empty,non_existent,
CP,AI,97,Low,medium,14,c,,,,non_existent,non_existent,non_existent,non_existent,non_existent,non_existent,non_existent,non_existent,non_existent,non_existent,non_existent,non_existent,non_existent,non_existent,non_existent,non_existent,non_existent,non_existent,non_existent,non_existent,non_existent,non_existent,
CP,AI,97,Low,medium,15,a,149,134,megachile,empty,empty,empty,3 cells,8 cells + end cap,no change,non_existent,non_existent,non_existent,non_existent,non_existent,non_existent,non_existent,non_existent,non_existent,non_existent,non_existent,non_existent,non_existent,non_existent,non_existent,non_existent,
CP,AI,97,Low,medium,15,b,,,,non_existent,non_existent,non_existent,non_existent,non_existent,non_existent,empty,empty,empty,empty,empty,empty,empty,empty,empty,empty,empty,empty,empty,empty,empty,non_existent,
CP,AI,97,Low,medium,15,c,,,,non_existent,non_existent,non_existent,non_existent,non_existent,non_existent,non_existent,non_existent,non_existent,non_existent,non_existent,non_existent,non_existent,non_existent,non_existent,non_existent,non_existent,non_existent,non_existent,non_existent,non_existent,non_existent,
CP,AI,97,Low,large,16,a,,,,empty,empty,empty,empty,empty,empty,empty,empty,empty,empty,empty,empty,empty,empty,empty,empty,empty,empty,empty,empty,empty,non_existent,
CP,AI,97,Low,large,16,b,,,,non_existent,non_existent,non_existent,non_existent,non_existent,non_existent,non_existent,non_existent,non_existent,non_existent,non_existent,non_existent,non_existent,non_existent,non_existent,non_existent,non_existent,non_existent,non_existent,non_existent,non_existent,non_existent,
CP,AI,97,Low,large,16,c,,,,non_existent,non_existent,non_existent,non_existent,non_existent,non_existent,non_existent,non_existent,non_existent,non_existent,non_existent,non_existent,non_existent,non_existent,non_existent,non_existent,non_existent,non_existent,non_existent,non_existent,non_existent,non_existent,
CP,AI,97,Low,medium,17,a,131,108,megachile,empty,empty,empty,empty,3 cells,1 cell,1 cell + end cap,non_existent,non_existent,non_existent,non_existent,non_existent,non_existent,non_existent,non_existent,non_existent,non_existent,non_existent,non_existent,non_existent,non_existent,non_existent,
CP,AI,97,Low,medium,17,b,,,,non_existent,non_existent,non_existent,non_existent,non_existent,non_existent,non_existent,empty,empty,empty,empty,empty,empty,empty,empty,empty,empty,empty,empty,empty,empty,non_existent,
CP,AI,97,Low,medium,17,c,,,,non_existent,non_existent,non_existent,non_existent,non_existent,non_existent,non_existent,non_existent,non_existent,non_existent,non_existent,non_existent,non_existent,non_existent,non_existent,non_existent,non_existent,non_existent,non_existent,non_existent,non_existent,non_existent,
CP,AI,97,Low,large,18,a,,,,empty,empty,empty,empty,empty,empty,empty,empty,empty,empty,empty,empty,empty,empty,empty,empty,empty,empty,empty,empty,empty,non_existent,
CP,AI,97,Low,large,18,b,,,,non_existent,non_existent,non_existent,non_existent,non_existent,non_existent,non_existent,non_existent,non_existent,non_existent,non_existent,non_existent,non_existent,non_existent,non_existent,non_existent,non_existent,non_existent,non_existent,non_existent,non_existent,non_existent,
CP,AI,97,Low,large,18,c,,,,non_existent,non_existent,non_existent,non_existent,non_existent,non_existent,non_existent,non_existent,non_existent,non_existent,non_existent,non_existent,non_existent,non_existent,non_existent,non_existent,non_existent,non_existent,non_existent,non_existent,non_existent,non_existent,
CP,AI,98,Mid,large,1,a,,,,pseudo,pseudo,pseudo,pseudo,pseudo,pseudo,pseudo,pseudo,pseudo,pseudo,pseudo,pseudo,pseudo,pseudo,pseudo,pseudo,pseudo,pseudo,pseudo,pseudo,pseudo,non_existent,
CP,AI,98,Mid,large,1,b,,,,non_existent,non_existent,non_existent,non_existent,non_existent,non_existent,non_existent,non_existent,non_existent,non_existent,non_existent,non_existent,non_existent,non_existent,non_existent,non_existent,non_existent,non_existent,non_existent,non_existent,non_existent,non_existent,
CP,AI,98,Mid,large,1,c,,,,non_existent,non_existent,non_existent,non_existent,non_existent,non_existent,non_existent,non_existent,non_existent,non_existent,non_existent,non_existent,non_existent,non_existent,non_existent,non_existent,non_existent,non_existent,non_existent,non_existent,non_existent,non_existent,
CP,AI,98,Mid,medium,2,a,,,,empty,empty,empty,empty,empty,empty,empty,empty,empty,empty,empty,empty,empty,empty,empty,empty,empty,empty,empty,empty,empty,non_existent,
CP,AI,98,Mid,medium,2,b,,,,non_existent,non_existent,non_existent,non_existent,non_existent,non_existent,non_existent,non_existent,non_existent,non_existent,non_existent,non_existent,non_existent,non_existent,non_existent,non_existent,non_existent,non_existent,non_existent,non_existent,non_existent,non_existent,
CP,AI,98,Mid,medium,2,c,,,,non_existent,non_existent,non_existent,non_existent,non_existent,non_existent,non_existent,non_existent,non_existent,non_existent,non_existent,non_existent,non_existent,non_existent,non_existent,non_existent,non_existent,non_existent,non_existent,non_existent,non_existent,non_existent,
CP,AI,98,Mid,medium,3,a,,,,pseudo,pseudo,pseudo,pseudo,pseudo,pseudo,pseudo,non_existent,non_existent,non_existent,non_existent,non_existent,non_existent,non_existent,non_existent,non_existent,non_existent,non_existent,non_existent,non_existent,non_existent,non_existent,
CP,AI,98,Mid,medium,3,b,,,,non_existent,non_existent,non_existent,non_existent,non_existent,non_existent,non_existent,empty,empty,empty,empty,empty,empty,empty,empty,empty,empty,empty,empty,empty,empty,non_existent,
CP,AI,98,Mid,medium,3,c,,,,non_existent,non_existent,non_existent,non_existent,non_existent,non_existent,non_existent,non_existent,non_existent,non_existent,non_existent,non_existent,non_existent,non_existent,non_existent,non_existent,non_existent,non_existent,non_existent,non_existent,non_existent,non_existent,
CP,AI,98,Mid,small,4,a,,,,empty,empty,empty,empty,empty,empty,empty,empty,empty,empty,empty,empty,empty,empty,empty,empty,empty,empty,empty,empty,empty,non_existent,
CP,AI,98,Mid,small,4,b,,,,non_existent,non_existent,non_existent,non_existent,non_existent,non_existent,non_existent,non_existent,non_existent,non_existent,non_existent,non_existent,non_existent,non_existent,non_existent,non_existent,non_existent,non_existent,non_existent,non_existent,non_existent,non_existent,
CP,AI,98,Mid,small,4,c,,,,non_existent,non_existent,non_existent,non_existent,non_existent,non_existent,non_existent,non_existent,non_existent,non_existent,non_existent,non_existent,non_existent,non_existent,non_existent,non_existent,non_existent,non_existent,non_existent,non_existent,non_existent,non_existent,
CP,AI,98,Mid,large,5,a,,,,empty,empty,empty,empty,empty,empty,empty,empty,empty,empty,empty,empty,empty,empty,empty,empty,empty,empty,empty,empty,empty,non_existent,
CP,AI,98,Mid,large,5,b,,,,non_existent,non_existent,non_existent,non_existent,non_existent,non_existent,non_existent,non_existent,non_existent,non_existent,non_existent,non_existent,non_existent,non_existent,non_existent,non_existent,non_existent,non_existent,non_existent,non_existent,non_existent,non_existent,
CP,AI,98,Mid,large,5,c,,,,non_existent,non_existent,non_existent,non_existent,non_existent,non_existent,non_existent,non_existent,non_existent,non_existent,non_existent,non_existent,non_existent,non_existent,non_existent,non_existent,non_existent,non_existent,non_existent,non_existent,non_existent,non_existent,
CP,AI,98,Mid,medium,6,a,,,,empty,empty,empty,empty,empty,empty,empty,empty,empty,empty,empty,empty,empty,empty,empty,empty,empty,empty,empty,empty,empty,non_existent,
CP,AI,98,Mid,medium,6,b,,,,non_existent,non_existent,non_existent,non_existent,non_existent,non_existent,non_existent,non_existent,non_existent,non_existent,non_existent,non_existent,non_existent,non_existent,non_existent,non_existent,non_existent,non_existent,non_existent,non_existent,non_existent,non_existent,
CP,AI,98,Mid,medium,6,c,,,,non_existent,non_existent,non_existent,non_existent,non_existent,non_existent,non_existent,non_existent,non_existent,non_existent,non_existent,non_existent,non_existent,non_existent,non_existent,non_existent,non_existent,non_existent,non_existent,non_existent,non_existent,non_existent,
CP,AI,98,Mid,medium,7,a,,,,empty,empty,empty,empty,empty,empty,empty,empty,empty,empty,empty,empty,empty,empty,empty,empty,empty,empty,empty,empty,empty,non_existent,
CP,AI,98,Mid,medium,7,b,,,,non_existent,non_existent,non_existent,non_existent,non_existent,non_existent,non_existent,non_existent,non_existent,non_existent,non_existent,non_existent,non_existent,non_existent,non_existent,non_existent,non_existent,non_existent,non_existent,non_existent,non_existent,non_existent,
CP,AI,98,Mid,medium,7,c,,,,non_existent,non_existent,non_existent,non_existent,non_existent,non_existent,non_existent,non_existent,non_existent,non_existent,non_existent,non_existent,non_existent,non_existent,non_existent,non_existent,non_existent,non_existent,non_existent,non_existent,non_existent,non_existent,
CP,AI,98,Mid,medium,8,a,,,,pseudo,pseudo,pseudo,pseudo,pseudo,pseudo,pseudo,pseudo,pseudo,pseudo,pseudo,pseudo,pseudo,pseudo,pseudo,pseudo,pseudo,pseudo,pseudo,pseudo,pseudo,non_existent,
CP,AI,98,Mid,medium,8,b,,,,non_existent,non_existent,non_existent,non_existent,non_existent,non_existent,non_existent,non_existent,non_existent,non_existent,non_existent,non_existent,non_existent,non_existent,non_existent,non_existent,non_existent,non_existent,non_existent,non_existent,non_existent,non_existent,
CP,AI,98,Mid,large,9,a,,,,empty,empty,empty,empty,empty,empty,empty,empty,empty,empty,empty,empty,empty,empty,empty,empty,empty,empty,empty,empty,empty,non_existent,
CP,AI,98,Mid,large,9,b,,,,non_existent,non_existent,non_existent,non_existent,non_existent,non_existent,non_existent,non_existent,non_existent,non_existent,non_existent,non_existent,non_existent,non_existent,non_existent,non_existent,non_existent,non_existent,non_existent,non_existent,non_existent,non_existent,
CP,AI,98,Mid,large,9,c,,,,non_existent,non_existent,non_existent,non_existent,non_existent,non_existent,non_existent,non_existent,non_existent,non_existent,non_existent,non_existent,non_existent,non_existent,non_existent,non_existent,non_existent,non_existent,non_existent,non_existent,non_existent,non_existent,
CP,AI,98,Mid,large,10,a,,,,empty,empty,empty,empty,empty,empty,empty,empty,empty,empty,empty,empty,empty,empty,empty,empty,empty,empty,empty,empty,empty,non_existent,
CP,AI,98,Mid,large,10,b,,,,non_existent,non_existent,non_existent,non_existent,non_existent,non_existent,non_existent,non_existent,non_existent,non_existent,non_existent,non_existent,non_existent,non_existent,non_existent,non_existent,non_existent,non_existent,non_existent,non_existent,non_existent,non_existent,
CP,AI,98,Mid,large,10,c,,,,non_existent,non_existent,non_existent,non_existent,non_existent,non_existent,non_existent,non_existent,non_existent,non_existent,non_existent,non_existent,non_existent,non_existent,non_existent,non_existent,non_existent,non_existent,non_existent,non_existent,non_existent,non_existent,
CP,AI,98,Mid,medium,11,a,,,,empty,empty,empty,empty,empty,empty,empty,empty,empty,empty,empty,empty,empty,empty,empty,empty,empty,empty,empty,empty,empty,non_existent,
CP,AI,98,Mid,medium,11,b,,,,non_existent,non_existent,non_existent,non_existent,non_existent,non_existent,non_existent,non_existent,non_existent,non_existent,non_existent,non_existent,non_existent,non_existent,non_existent,non_existent,non_existent,non_existent,non_existent,non_existent,non_existent,non_existent,
CP,AI,98,Mid,medium,11,c,,,,non_existent,non_existent,non_existent,non_existent,non_existent,non_existent,non_existent,non_existent,non_existent,non_existent,non_existent,non_existent,non_existent,non_existent,non_existent,non_existent,non_existent,non_existent,non_existent,non_existent,non_existent,non_existent,
CP,AI,98,Mid,medium,12,a,135,50,megachile,empty,empty,empty,empty,empty,empty,2 cells,2 cells,no change,no change,no change,no change,no change,no change,no change,no change,no change,no change,non_existent,non_existent,non_existent,non_existent,material on july 8
CP,AI,98,Mid,medium,12,b,,,,non_existent,non_existent,non_existent,non_existent,non_existent,non_existent,non_existent,non_existent,non_existent,non_existent,non_existent,non_existent,non_existent,non_existent,non_existent,non_existent,non_existent,non_existent,pseudo,pseudo,pseudo,non_existent,
CP,AI,98,Mid,medium,12,c,,,,non_existent,non_existent,non_existent,non_existent,non_existent,non_existent,non_existent,non_existent,non_existent,non_existent,non_existent,non_existent,non_existent,non_existent,non_existent,non_existent,non_existent,non_existent,non_existent,non_existent,non_existent,non_existent,
CP,AI,98,Mid,medium,13,a,,,,empty,empty,empty,empty,empty,empty,empty,empty,empty,empty,empty,empty,empty,empty,empty,empty,empty,empty,empty,empty,empty,non_existent,
CP,AI,98,Mid,medium,13,b,,,,non_existent,non_existent,non_existent,non_existent,non_existent,non_existent,non_existent,non_existent,non_existent,non_existent,non_existent,non_existent,non_existent,non_existent,non_existent,non_existent,non_existent,non_existent,non_existent,non_existent,non_existent,non_existent,
CP,AI,98,Mid,medium,13,c,,,,non_existent,non_existent,non_existent,non_existent,non_existent,non_existent,non_existent,non_existent,non_existent,non_existent,non_existent,non_existent,non_existent,non_existent,non_existent,non_existent,non_existent,non_existent,non_existent,non_existent,non_existent,non_existent,
CP,AI,98,Mid,small,14,a,,,,pseudo,pseudo,pseudo,pseudo,pseudo,pseudo,pseudo,pseudo,pseudo,pseudo,pseudo,pseudo,pseudo,pseudo,pseudo,pseudo,pseudo,pseudo,pseudo,pseudo,pseudo,non_existent,
CP,AI,98,Mid,small,14,b,,,,non_existent,non_existent,non_existent,non_existent,non_existent,non_existent,non_existent,non_existent,non_existent,non_existent,non_existent,non_existent,non_existent,non_existent,non_existent,non_existent,non_existent,non_existent,non_existent,non_existent,non_existent,non_existent,
CP,AI,98,Mid,small,14,c,,,,non_existent,non_existent,non_existent,non_existent,non_existent,non_existent,non_existent,non_existent,non_existent,non_existent,non_existent,non_existent,non_existent,non_existent,non_existent,non_existent,non_existent,non_existent,non_existent,non_existent,non_existent,non_existent,
CP,AI,98,Mid,large,15,a,,,,pseudo,pseudo,pseudo,pseudo,pseudo,pseudo,pseudo,pseudo,pseudo,non_existent,non_existent,non_existent,non_existent,non_existent,non_existent,non_existent,non_existent,non_existent,non_existent,non_existent,non_existent,non_existent,
CP,AI,98,Mid,large,15,b,,,,non_existent,non_existent,non_existent,non_existent,non_existent,non_existent,non_existent,non_existent,non_existent,empty,empty,empty,empty,empty,empty,empty,empty,empty,empty,empty,empty,non_existent,
CP,AI,98,Mid,large,15,c,,,,non_existent,non_existent,non_existent,non_existent,non_existent,non_existent,non_existent,non_existent,non_existent,non_existent,non_existent,non_existent,non_existent,non_existent,non_existent,non_existent,non_existent,non_existent,non_existent,non_existent,non_existent,non_existent,
CP,AI,98,Mid,medium,16,a,138,59,megachile,empty,empty,empty,empty,empty,empty,empty,empty,2 cells,2 cells,end cap,no change,no change,no change,no change,no change,no change,no change,non_existent,non_existent,non_existent,non_existent,
CP,AI,98,Mid,medium,16,b,,,,non_existent,non_existent,non_existent,non_existent,non_existent,non_existent,non_existent,non_existent,non_existent,non_existent,non_existent,non_existent,non_existent,non_existent,non_existent,non_existent,non_existent,non_existent,pseudo,pseudo,pseudo,non_existent,
CP,AI,98,Mid,medium,16,c,,,,non_existent,non_existent,non_existent,non_existent,non_existent,non_existent,non_existent,non_existent,non_existent,non_existent,non_existent,non_existent,non_existent,non_existent,non_existent,non_existent,non_existent,non_existent,non_existent,non_existent,non_existent,non_existent,
CP,AI,98,Mid,medium,17,a,,,,pseudo,pseudo,pseudo,pseudo,pseudo,pseudo,pseudo,pseudo,pseudo,pseudo,pseudo,pseudo,pseudo,pseudo,pseudo,pseudo,pseudo,pseudo,pseudo,pseudo,pseudo,non_existent,
CP,AI,98,Mid,medium,17,b,,,,non_existent,non_existent,non_existent,non_existent,non_existent,non_existent,non_existent,non_existent,non_existent,non_existent,non_existent,non_existent,non_existent,non_existent,non_existent,non_existent,non_existent,non_existent,non_existent,non_existent,non_existent,non_existent,
CP,AI,98,Mid,medium,17,c,,,,non_existent,non_existent,non_existent,non_existent,non_existent,non_existent,non_existent,non_existent,non_existent,non_existent,non_existent,non_existent,non_existent,non_existent,non_existent,non_existent,non_existent,non_existent,non_existent,non_existent,non_existent,non_existent,
CP,AI,98,Mid,large,18,a,,,,empty,empty,empty,empty,empty,empty,empty,empty,empty,empty,empty,empty,empty,empty,empty,empty,empty,empty,empty,empty,empty,non_existent,
CP,AI,98,Mid,large,18,b,,,,non_existent,non_existent,non_existent,non_existent,non_existent,non_existent,non_existent,non_existent,non_existent,non_existent,non_existent,non_existent,non_existent,non_existent,non_existent,non_existent,non_existent,non_existent,non_existent,non_existent,non_existent,non_existent,
CP,AI,98,Mid,large,18,c,,,,non_existent,non_existent,non_existent,non_existent,non_existent,non_existent,non_existent,non_existent,non_existent,non_existent,non_existent,non_existent,non_existent,non_existent,non_existent,non_existent,non_existent,non_existent,non_existent,non_existent,non_existent,non_existent,
CP,AI,99,High,large,1,a,,,,empty,empty,empty,empty,empty,empty,empty,empty,empty,empty,empty,empty,empty,empty,empty,empty,empty,empty,empty,empty,empty,non_existent,
CP,AI,99,High,large,1,b,,,,non_existent,non_existent,non_existent,non_existent,non_existent,non_existent,non_existent,non_existent,non_existent,non_existent,non_existent,non_existent,non_existent,non_existent,non_existent,non_existent,non_existent,non_existent,non_existent,non_existent,non_existent,non_existent,
CP,AI,99,High,large,1,c,,,,non_existent,non_existent,non_existent,non_existent,non_existent,non_existent,non_existent,non_existent,non_existent,non_existent,non_existent,non_existent,non_existent,non_existent,non_existent,non_existent,non_existent,non_existent,non_existent,non_existent,non_existent,non_existent,
CP,AI,99,High,medium,2,a,,,,pseudo,pseudo,pseudo,pseudo,pseudo,pseudo,pseudo,pseudo,pseudo,pseudo,pseudo,pseudo,pseudo,pseudo,pseudo,pseudo,pseudo,pseudo,pseudo,pseudo,pseudo,non_existent,
CP,AI,99,High,medium,2,b,,,,non_existent,non_existent,non_existent,non_existent,non_existent,non_existent,non_existent,non_existent,non_existent,non_existent,non_existent,non_existent,non_existent,non_existent,non_existent,non_existent,non_existent,non_existent,non_existent,non_existent,non_existent,non_existent,
CP,AI,99,High,medium,2,c,,,,non_existent,non_existent,non_existent,non_existent,non_existent,non_existent,non_existent,non_existent,non_existent,non_existent,non_existent,non_existent,non_existent,non_existent,non_existent,non_existent,non_existent,non_existent,non_existent,non_existent,non_existent,non_existent,
CP,AI,99,High,medium,3,a,,,,pseudo,pseudo,pseudo,pseudo,pseudo,pseudo,pseudo,pseudo,pseudo,pseudo,pseudo,pseudo,pseudo,pseudo,pseudo,pseudo,pseudo,pseudo,pseudo,pseudo,pseudo,non_existent,
CP,AI,99,High,medium,3,b,,,,non_existent,non_existent,non_existent,non_existent,non_existent,non_existent,non_existent,non_existent,non_existent,non_existent,non_existent,non_existent,non_existent,non_existent,non_existent,non_existent,non_existent,non_existent,non_existent,non_existent,non_existent,non_existent,
CP,AI,99,High,medium,3,c,,,,non_existent,non_existent,non_existent,non_existent,non_existent,non_existent,non_existent,non_existent,non_existent,non_existent,non_existent,non_existent,non_existent,non_existent,non_existent,non_existent,non_existent,non_existent,non_existent,non_existent,non_existent,non_existent,
CP,AI,99,High,small,4,a,140,50,osmia,empty,empty,empty,empty,1 cell,1 cell,1 cell,no change,no change,no change,non_existent,non_existent,non_existent,non_existent,non_existent,non_existent,non_existent,non_existent,non_existent,non_existent,non_existent,non_existent,abandoned
CP,AI,99,High,small,4,b,,,,non_existent,non_existent,non_existent,non_existent,non_existent,non_existent,non_existent,non_existent,non_existent,non_existent,empty,empty,empty,empty,empty,empty,empty,empty,empty,empty,empty,non_existent,
CP,AI,99,High,small,4,c,,,,non_existent,non_existent,non_existent,non_existent,non_existent,non_existent,non_existent,non_existent,non_existent,non_existent,non_existent,non_existent,non_existent,non_existent,non_existent,non_existent,non_existent,non_existent,non_existent,non_existent,non_existent,non_existent,
CP,AI,99,High,medium,5,a,,,,empty,empty,empty,empty,empty,empty,empty,empty,empty,empty,empty,empty,empty,empty,empty,empty,empty,empty,empty,empty,empty,non_existent,
CP,AI,99,High,medium,5,b,,,,non_existent,non_existent,non_existent,non_existent,non_existent,non_existent,non_existent,non_existent,non_existent,non_existent,non_existent,non_existent,non_existent,non_existent,non_existent,non_existent,non_existent,non_existent,non_existent,non_existent,non_existent,non_existent,
CP,AI,99,High,medium,5,c,,,,non_existent,non_existent,non_existent,non_existent,non_existent,non_existent,non_existent,non_existent,non_existent,non_existent,non_existent,non_existent,non_existent,non_existent,non_existent,non_existent,non_existent,non_existent,non_existent,non_existent,non_existent,non_existent,
CP,AI,99,High,large,6,a,,,,pseudo,pseudo,pseudo,pseudo,pseudo,pseudo,pseudo,pseudo,pseudo,pseudo,pseudo,pseudo,pseudo,pseudo,pseudo,pseudo,pseudo,pseudo,pseudo,pseudo,pseudo,non_existent,
CP,AI,99,High,large,6,b,,,,non_existent,non_existent,non_existent,non_existent,non_existent,non_existent,non_existent,non_existent,non_existent,non_existent,non_existent,non_existent,non_existent,non_existent,non_existent,non_existent,non_existent,non_existent,non_existent,non_existent,non_existent,non_existent,
CP,AI,99,High,large,6,c,,,,non_existent,non_existent,non_existent,non_existent,non_existent,non_existent,non_existent,non_existent,non_existent,non_existent,non_existent,non_existent,non_existent,non_existent,non_existent,non_existent,non_existent,non_existent,non_existent,non_existent,non_existent,non_existent,
CP,AI,99,High,medium,7,a,,,,pseudo,pseudo,pseudo,pseudo,pseudo,pseudo,pseudo,pseudo,pseudo,pseudo,pseudo,pseudo,pseudo,pseudo,pseudo,pseudo,pseudo,pseudo,pseudo,pseudo,pseudo,non_existent,
CP,AI,99,High,medium,7,b,,,,non_existent,non_existent,non_existent,non_existent,non_existent,non_existent,non_existent,non_existent,non_existent,non_existent,non_existent,non_existent,non_existent,non_existent,non_existent,non_existent,non_existent,non_existent,non_existent,non_existent,non_existent,non_existent,
CP,AI,99,High,medium,7,c,,,,non_existent,non_existent,non_existent,non_existent,non_existent,non_existent,non_existent,non_existent,non_existent,non_existent,non_existent,non_existent,non_existent,non_existent,non_existent,non_existent,non_existent,non_existent,non_existent,non_existent,non_existent,non_existent,
CP,AI,99,High,medium,8,a,,,,empty,empty,empty,empty,empty,empty,empty,empty,empty,empty,empty,empty,empty,empty,empty,empty,empty,empty,empty,empty,empty,non_existent,
CP,AI,99,High,medium,8,b,,,,non_existent,non_existent,non_existent,non_existent,non_existent,non_existent,non_existent,non_existent,non_existent,non_existent,non_existent,non_existent,non_existent,non_existent,non_existent,non_existent,non_existent,non_existent,non_existent,non_existent,non_existent,non_existent,
CP,AI,99,High,large,9,a,,,,pseudo,pseudo,pseudo,pseudo,pseudo,pseudo,pseudo,pseudo,pseudo,pseudo,pseudo,pseudo,pseudo,pseudo,pseudo,pseudo,pseudo,pseudo,pseudo,pseudo,pseudo,non_existent,
CP,AI,99,High,large,9,b,,,,non_existent,non_existent,non_existent,non_existent,non_existent,non_existent,non_existent,non_existent,non_existent,non_existent,non_existent,non_existent,non_existent,non_existent,non_existent,non_existent,non_existent,non_existent,non_existent,non_existent,non_existent,non_existent,
CP,AI,99,High,large,9,c,,,,non_existent,non_existent,non_existent,non_existent,non_existent,non_existent,non_existent,non_existent,non_existent,non_existent,non_existent,non_existent,non_existent,non_existent,non_existent,non_existent,non_existent,non_existent,non_existent,non_existent,non_existent,non_existent,
CP,AI,99,High,large,10,a,,,,pseudo,pseudo,pseudo,pseudo,pseudo,pseudo,pseudo,pseudo,pseudo,pseudo,pseudo,pseudo,pseudo,pseudo,pseudo,pseudo,pseudo,pseudo,pseudo,pseudo,pseudo,non_existent,
CP,AI,99,High,large,10,b,,,,non_existent,non_existent,non_existent,non_existent,non_existent,non_existent,non_existent,non_existent,non_existent,non_existent,non_existent,non_existent,non_existent,non_existent,non_existent,non_existent,non_existent,non_existent,non_existent,non_existent,non_existent,non_existent,
CP,AI,99,High,large,10,c,,,,non_existent,non_existent,non_existent,non_existent,non_existent,non_existent,non_existent,non_existent,non_existent,non_existent,non_existent,non_existent,non_existent,non_existent,non_existent,non_existent,non_existent,non_existent,non_existent,non_existent,non_existent,non_existent,
CP,AI,99,High,medium,11,a,,,,pseudo,pseudo,pseudo,pseudo,pseudo,pseudo,pseudo,pseudo,pseudo,pseudo,pseudo,pseudo,pseudo,pseudo,pseudo,pseudo,pseudo,pseudo,pseudo,pseudo,pseudo,non_existent,
CP,AI,99,High,medium,11,b,,,,non_existent,non_existent,non_existent,non_existent,non_existent,non_existent,non_existent,non_existent,non_existent,non_existent,non_existent,non_existent,non_existent,non_existent,non_existent,non_existent,non_existent,non_existent,non_existent,non_existent,non_existent,non_existent,
CP,AI,99,High,medium,11,c,,,,non_existent,non_existent,non_existent,non_existent,non_existent,non_existent,non_existent,non_existent,non_existent,non_existent,non_existent,non_existent,non_existent,non_existent,non_existent,non_existent,non_existent,non_existent,non_existent,non_existent,non_existent,non_existent,
CP,AI,99,High,medium,12,a,,,,pseudo,pseudo,pseudo,pseudo,pseudo,pseudo,pseudo,pseudo,pseudo,pseudo,pseudo,pseudo,pseudo,pseudo,pseudo,pseudo,pseudo,pseudo,pseudo,pseudo,pseudo,non_existent,
CP,AI,99,High,medium,12,b,,,,non_existent,non_existent,non_existent,non_existent,non_existent,non_existent,non_existent,non_existent,non_existent,non_existent,non_existent,non_existent,non_existent,non_existent,non_existent,non_existent,non_existent,non_existent,non_existent,non_existent,non_existent,non_existent,
CP,AI,99,High,medium,12,c,,,,non_existent,non_existent,non_existent,non_existent,non_existent,non_existent,non_existent,non_existent,non_existent,non_existent,non_existent,non_existent,non_existent,non_existent,non_existent,non_existent,non_existent,non_existent,non_existent,non_existent,non_existent,non_existent,
CP,AI,99,High,large,13,a,,,,pseudo,pseudo,pseudo,pseudo,pseudo,pseudo,pseudo,pseudo,pseudo,pseudo,pseudo,pseudo,pseudo,pseudo,pseudo,pseudo,pseudo,pseudo,pseudo,pseudo,pseudo,non_existent,
CP,AI,99,High,large,13,b,,,,non_existent,non_existent,non_existent,non_existent,non_existent,non_existent,non_existent,non_existent,non_existent,non_existent,non_existent,non_existent,non_existent,non_existent,non_existent,non_existent,non_existent,non_existent,non_existent,non_existent,non_existent,non_existent,
CP,AI,99,High,large,13,c,,,,non_existent,non_existent,non_existent,non_existent,non_existent,non_existent,non_existent,non_existent,non_existent,non_existent,non_existent,non_existent,non_existent,non_existent,non_existent,non_existent,non_existent,non_existent,non_existent,non_existent,non_existent,non_existent,
CP,AI,99,High,medium,14,a,131,9,osmia,empty,empty,empty,empty,1 cell,no change,eaten,non_existent,non_existent,non_existent,non_existent,non_existent,non_existent,non_existent,non_existent,non_existent,non_existent,non_existent,non_existent,non_existent,non_existent,non_existent,
CP,AI,99,High,medium,14,b,,,,non_existent,non_existent,non_existent,non_existent,non_existent,non_existent,non_existent,empty,empty,empty,empty,empty,empty,empty,empty,empty,empty,empty,empty,empty,empty,non_existent,
CP,AI,99,High,medium,14,c,,,,non_existent,non_existent,non_existent,non_existent,non_existent,non_existent,non_existent,non_existent,non_existent,non_existent,non_existent,non_existent,non_existent,non_existent,non_existent,non_existent,non_existent,non_existent,non_existent,non_existent,non_existent,non_existent,
CP,AI,99,High,medium,15,a,,,,pseudo,pseudo,pseudo,pseudo,pseudo,pseudo,pseudo,pseudo,pseudo,pseudo,pseudo,pseudo,pseudo,pseudo,pseudo,pseudo,pseudo,pseudo,pseudo,pseudo,pseudo,non_existent,
CP,AI,99,High,medium,15,b,,,,non_existent,non_existent,non_existent,non_existent,non_existent,non_existent,non_existent,non_existent,non_existent,non_existent,non_existent,non_existent,non_existent,non_existent,non_existent,non_existent,non_existent,non_existent,non_existent,non_existent,non_existent,non_existent,
CP,AI,99,High,medium,15,c,,,,non_existent,non_existent,non_existent,non_existent,non_existent,non_existent,non_existent,non_existent,non_existent,non_existent,non_existent,non_existent,non_existent,non_existent,non_existent,non_existent,non_existent,non_existent,non_existent,non_existent,non_existent,non_existent,
CP,AI,99,High,medium,16,a,,,,empty,empty,empty,empty,empty,empty,empty,empty,empty,empty,empty,empty,empty,empty,empty,empty,empty,empty,empty,empty,empty,non_existent,
CP,AI,99,High,medium,16,b,,,,non_existent,non_existent,non_existent,non_existent,non_existent,non_existent,non_existent,non_existent,non_existent,non_existent,non_existent,non_existent,non_existent,non_existent,non_existent,non_existent,non_existent,non_existent,non_existent,non_existent,non_existent,non_existent,
CP,AI,99,High,medium,16,c,,,,non_existent,non_existent,non_existent,non_existent,non_existent,non_existent,non_existent,non_existent,non_existent,non_existent,non_existent,non_existent,non_existent,non_existent,non_existent,non_existent,non_existent,non_existent,non_existent,non_existent,non_existent,non_existent,
CP,AI,99,High,small,17,a,,,,pseudo,pseudo,pseudo,pseudo,pseudo,pseudo,pseudo,pseudo,pseudo,pseudo,pseudo,pseudo,pseudo,pseudo,pseudo,pseudo,pseudo,pseudo,pseudo,pseudo,pseudo,non_existent,pseudo nest was eaten aug 12
CP,AI,99,High,small,17,b,,,,non_existent,non_existent,non_existent,non_existent,non_existent,non_existent,non_existent,non_existent,non_existent,non_existent,non_existent,non_existent,non_existent,non_existent,non_existent,non_existent,non_existent,non_existent,non_existent,non_existent,non_existent,non_existent,
CP,AI,99,High,small,17,c,,,,non_existent,non_existent,non_existent,non_existent,non_existent,non_existent,non_existent,non_existent,non_existent,non_existent,non_existent,non_existent,non_existent,non_existent,non_existent,non_existent,non_existent,non_existent,non_existent,non_existent,non_existent,non_existent,
CP,AI,99,High,large,18,a,,,,empty,empty,empty,empty,empty,empty,empty,empty,empty,empty,empty,empty,empty,empty,empty,empty,empty,empty,empty,empty,empty,non_existent,
CP,AI,99,High,large,18,b,,,,non_existent,non_existent,non_existent,non_existent,non_existent,non_existent,non_existent,non_existent,non_existent,non_existent,non_existent,non_existent,non_existent,non_existent,non_existent,non_existent,non_existent,non_existent,non_existent,non_existent,non_existent,non_existent,
CP,AI,99,High,large,18,c,,,,non_existent,non_existent,non_existent,non_existent,non_existent,non_existent,non_existent,non_existent,non_existent,non_existent,non_existent,non_existent,non_existent,non_existent,non_existent,non_existent,non_existent,non_existent,non_existent,non_existent,non_existent,non_existent,
CP,AJ,100,Low,large,1,a,,,,empty,empty,empty,empty,empty,empty,empty,empty,empty,empty,empty,empty,empty,empty,empty,empty,empty,empty,empty,empty,empty,non_existent,
CP,AJ,100,Low,large,1,b,,,,non_existent,non_existent,non_existent,non_existent,non_existent,non_existent,non_existent,non_existent,non_existent,non_existent,non_existent,non_existent,non_existent,non_existent,non_existent,non_existent,non_existent,non_existent,non_existent,non_existent,non_existent,non_existent,
CP,AJ,100,Low,large,1,c,,,,non_existent,non_existent,non_existent,non_existent,non_existent,non_existent,non_existent,non_existent,non_existent,non_existent,non_existent,non_existent,non_existent,non_existent,non_existent,non_existent,non_existent,non_existent,non_existent,non_existent,non_existent,non_existent,
CP,AJ,100,Low,medium,2,a,,,,empty,empty,empty,empty,empty,empty,empty,empty,empty,empty,empty,empty,empty,empty,empty,empty,empty,empty,empty,empty,empty,non_existent,
CP,AJ,100,Low,medium,2,b,,,,non_existent,non_existent,non_existent,non_existent,non_existent,non_existent,non_existent,non_existent,non_existent,non_existent,non_existent,non_existent,non_existent,non_existent,non_existent,non_existent,non_existent,non_existent,non_existent,non_existent,non_existent,non_existent,
CP,AJ,100,Low,medium,2,c,,,,non_existent,non_existent,non_existent,non_existent,non_existent,non_existent,non_existent,non_existent,non_existent,non_existent,non_existent,non_existent,non_existent,non_existent,non_existent,non_existent,non_existent,non_existent,non_existent,non_existent,non_existent,non_existent,
CP,AJ,100,Low,large,3,a,,,,empty,empty,empty,empty,empty,empty,empty,empty,empty,empty,empty,empty,empty,empty,empty,empty,empty,empty,empty,empty,empty,non_existent,
CP,AJ,100,Low,large,3,b,,,,non_existent,non_existent,non_existent,non_existent,non_existent,non_existent,non_existent,non_existent,non_existent,non_existent,non_existent,non_existent,non_existent,non_existent,non_existent,non_existent,non_existent,non_existent,non_existent,non_existent,non_existent,non_existent,
CP,AJ,100,Low,large,3,c,,,,non_existent,non_existent,non_existent,non_existent,non_existent,non_existent,non_existent,non_existent,non_existent,non_existent,non_existent,non_existent,non_existent,non_existent,non_existent,non_existent,non_existent,non_existent,non_existent,non_existent,non_existent,non_existent,
CP,AJ,100,Low,small,4,a,,,,empty,empty,empty,empty,empty,empty,empty,empty,empty,empty,empty,empty,empty,empty,empty,empty,empty,empty,empty,empty,empty,non_existent,
CP,AJ,100,Low,small,4,b,,,,non_existent,non_existent,non_existent,non_existent,non_existent,non_existent,non_existent,non_existent,non_existent,non_existent,non_existent,non_existent,non_existent,non_existent,non_existent,non_existent,non_existent,non_existent,non_existent,non_existent,non_existent,non_existent,
CP,AJ,100,Low,small,4,c,,,,non_existent,non_existent,non_existent,non_existent,non_existent,non_existent,non_existent,non_existent,non_existent,non_existent,non_existent,non_existent,non_existent,non_existent,non_existent,non_existent,non_existent,non_existent,non_existent,non_existent,non_existent,non_existent,
CP,AJ,100,Low,medium,5,a,,,,empty,empty,empty,empty,empty,empty,empty,empty,empty,empty,empty,empty,empty,empty,empty,empty,empty,empty,empty,empty,empty,non_existent,
CP,AJ,100,Low,medium,5,b,,,,non_existent,non_existent,non_existent,non_existent,non_existent,non_existent,non_existent,non_existent,non_existent,non_existent,non_existent,non_existent,non_existent,non_existent,non_existent,non_existent,non_existent,non_existent,non_existent,non_existent,non_existent,non_existent,
CP,AJ,100,Low,medium,5,c,,,,non_existent,non_existent,non_existent,non_existent,non_existent,non_existent,non_existent,non_existent,non_existent,non_existent,non_existent,non_existent,non_existent,non_existent,non_existent,non_existent,non_existent,non_existent,non_existent,non_existent,non_existent,non_existent,
CP,AJ,100,Low,medium,6,a,,,,empty,empty,empty,empty,empty,empty,empty,empty,empty,empty,empty,empty,empty,empty,empty,empty,empty,empty,empty,empty,empty,non_existent,
CP,AJ,100,Low,medium,6,b,,,,non_existent,non_existent,non_existent,non_existent,non_existent,non_existent,non_existent,non_existent,non_existent,non_existent,non_existent,non_existent,non_existent,non_existent,non_existent,non_existent,non_existent,non_existent,non_existent,non_existent,non_existent,non_existent,
CP,AJ,100,Low,medium,6,c,,,,non_existent,non_existent,non_existent,non_existent,non_existent,non_existent,non_existent,non_existent,non_existent,non_existent,non_existent,non_existent,non_existent,non_existent,non_existent,non_existent,non_existent,non_existent,non_existent,non_existent,non_existent,non_existent,
CP,AJ,100,Low,medium,7,a,,,,empty,empty,empty,empty,empty,empty,empty,empty,empty,empty,empty,empty,empty,empty,empty,empty,empty,empty,empty,empty,empty,non_existent,
CP,AJ,100,Low,medium,7,b,,,,non_existent,non_existent,non_existent,non_existent,non_existent,non_existent,non_existent,non_existent,non_existent,non_existent,non_existent,non_existent,non_existent,non_existent,non_existent,non_existent,non_existent,non_existent,non_existent,non_existent,non_existent,non_existent,
CP,AJ,100,Low,medium,7,c,,,,non_existent,non_existent,non_existent,non_existent,non_existent,non_existent,non_existent,non_existent,non_existent,non_existent,non_existent,non_existent,non_existent,non_existent,non_existent,non_existent,non_existent,non_existent,non_existent,non_existent,non_existent,non_existent,
CP,AJ,100,Low,medium,8,a,,,,empty,empty,empty,empty,empty,empty,empty,empty,empty,empty,empty,empty,empty,empty,empty,empty,empty,empty,empty,empty,empty,non_existent,
CP,AJ,100,Low,medium,8,b,,,,non_existent,non_existent,non_existent,non_existent,non_existent,non_existent,non_existent,non_existent,non_existent,non_existent,non_existent,non_existent,non_existent,non_existent,non_existent,non_existent,non_existent,non_existent,non_existent,non_existent,non_existent,non_existent,
CP,AJ,100,Low,large,9,a,,,,empty,empty,empty,empty,empty,empty,empty,empty,empty,empty,empty,empty,empty,empty,empty,empty,empty,empty,empty,empty,empty,non_existent,
CP,AJ,100,Low,large,9,b,,,,non_existent,non_existent,non_existent,non_existent,non_existent,non_existent,non_existent,non_existent,non_existent,non_existent,non_existent,non_existent,non_existent,non_existent,non_existent,non_existent,non_existent,non_existent,non_existent,non_existent,non_existent,non_existent,
CP,AJ,100,Low,large,9,c,,,,non_existent,non_existent,non_existent,non_existent,non_existent,non_existent,non_existent,non_existent,non_existent,non_existent,non_existent,non_existent,non_existent,non_existent,non_existent,non_existent,non_existent,non_existent,non_existent,non_existent,non_existent,non_existent,
CP,AJ,100,Low,medium,10,a,135,39,megachile,empty,empty,empty,empty,2 cells,1 cell,no change,no change,non_existent,non_existent,non_existent,non_existent,non_existent,non_existent,non_existent,non_existent,non_existent,non_existent,non_existent,non_existent,non_existent,non_existent,
CP,AJ,100,Low,medium,10,b,,,,non_existent,non_existent,non_existent,non_existent,non_existent,non_existent,non_existent,non_existent,empty,empty,empty,empty,empty,empty,empty,empty,empty,empty,empty,empty,empty,non_existent,
CP,AJ,100,Low,medium,10,c,,,,non_existent,non_existent,non_existent,non_existent,non_existent,non_existent,non_existent,non_existent,non_existent,non_existent,non_existent,non_existent,non_existent,non_existent,non_existent,non_existent,non_existent,non_existent,non_existent,non_existent,non_existent,non_existent,
CP,AJ,100,Low,medium,11,a,,,,empty,empty,empty,empty,empty,empty,empty,empty,empty,empty,empty,empty,empty,empty,empty,empty,empty,empty,empty,empty,empty,non_existent,
CP,AJ,100,Low,medium,11,b,,,,non_existent,non_existent,non_existent,non_existent,non_existent,non_existent,non_existent,non_existent,non_existent,non_existent,non_existent,non_existent,non_existent,non_existent,non_existent,non_existent,non_existent,non_existent,non_existent,non_existent,non_existent,non_existent,
CP,AJ,100,Low,medium,11,c,,,,non_existent,non_existent,non_existent,non_existent,non_existent,non_existent,non_existent,non_existent,non_existent,non_existent,non_existent,non_existent,non_existent,non_existent,non_existent,non_existent,non_existent,non_existent,non_existent,non_existent,non_existent,non_existent,
CP,AJ,100,Low,small,12,a,,,,empty,empty,empty,empty,empty,empty,empty,empty,empty,empty,empty,empty,empty,empty,empty,empty,empty,empty,empty,empty,empty,non_existent,
CP,AJ,100,Low,small,12,b,,,,non_existent,non_existent,non_existent,non_existent,non_existent,non_existent,non_existent,non_existent,non_existent,non_existent,non_existent,non_existent,non_existent,non_existent,non_existent,non_existent,non_existent,non_existent,non_existent,non_existent,non_existent,non_existent,
CP,AJ,100,Low,small,12,c,,,,non_existent,non_existent,non_existent,non_existent,non_existent,non_existent,non_existent,non_existent,non_existent,non_existent,non_existent,non_existent,non_existent,non_existent,non_existent,non_existent,non_existent,non_existent,non_existent,non_existent,non_existent,non_existent,
CP,AJ,100,Low,large,13,a,,,,empty,empty,empty,empty,empty,empty,empty,empty,empty,empty,empty,empty,empty,empty,empty,empty,empty,empty,empty,empty,empty,non_existent,
CP,AJ,100,Low,large,13,b,,,,non_existent,non_existent,non_existent,non_existent,non_existent,non_existent,non_existent,non_existent,non_existent,non_existent,non_existent,non_existent,non_existent,non_existent,non_existent,non_existent,non_existent,non_existent,non_existent,non_existent,non_existent,non_existent,
CP,AJ,100,Low,large,13,c,,,,non_existent,non_existent,non_existent,non_existent,non_existent,non_existent,non_existent,non_existent,non_existent,non_existent,non_existent,non_existent,non_existent,non_existent,non_existent,non_existent,non_existent,non_existent,non_existent,non_existent,non_existent,non_existent,
CP,AJ,100,Low,medium,14,a,,,,empty,empty,empty,empty,empty,empty,empty,empty,empty,empty,empty,empty,empty,empty,empty,empty,empty,empty,empty,empty,empty,non_existent,
CP,AJ,100,Low,medium,14,b,,,,non_existent,non_existent,non_existent,non_existent,non_existent,non_existent,non_existent,non_existent,non_existent,non_existent,non_existent,non_existent,non_existent,non_existent,non_existent,non_existent,non_existent,non_existent,non_existent,non_existent,non_existent,non_existent,
CP,AJ,100,Low,medium,14,c,,,,non_existent,non_existent,non_existent,non_existent,non_existent,non_existent,non_existent,non_existent,non_existent,non_existent,non_existent,non_existent,non_existent,non_existent,non_existent,non_existent,non_existent,non_existent,non_existent,non_existent,non_existent,non_existent,
CP,AJ,100,Low,large,15,a,,,,empty,empty,empty,empty,empty,empty,empty,empty,empty,empty,empty,empty,empty,empty,empty,empty,empty,empty,empty,empty,empty,non_existent,
CP,AJ,100,Low,large,15,b,,,,non_existent,non_existent,non_existent,non_existent,non_existent,non_existent,non_existent,non_existent,non_existent,non_existent,non_existent,non_existent,non_existent,non_existent,non_existent,non_existent,non_existent,non_existent,non_existent,non_existent,non_existent,non_existent,
CP,AJ,100,Low,large,15,c,,,,non_existent,non_existent,non_existent,non_existent,non_existent,non_existent,non_existent,non_existent,non_existent,non_existent,non_existent,non_existent,non_existent,non_existent,non_existent,non_existent,non_existent,non_existent,non_existent,non_existent,non_existent,non_existent,
CP,AJ,100,Low,medium,16,a,,,,empty,empty,empty,empty,empty,empty,empty,empty,empty,empty,empty,empty,empty,empty,empty,empty,empty,empty,empty,empty,empty,non_existent,
CP,AJ,100,Low,medium,16,b,,,,non_existent,non_existent,non_existent,non_existent,non_existent,non_existent,non_existent,non_existent,non_existent,non_existent,non_existent,non_existent,non_existent,non_existent,non_existent,non_existent,non_existent,non_existent,non_existent,non_existent,non_existent,non_existent,
CP,AJ,100,Low,medium,16,c,,,,non_existent,non_existent,non_existent,non_existent,non_existent,non_existent,non_existent,non_existent,non_existent,non_existent,non_existent,non_existent,non_existent,non_existent,non_existent,non_existent,non_existent,non_existent,non_existent,non_existent,non_existent,non_existent,
CP,AJ,100,Low,large,17,a,,,,empty,empty,empty,empty,empty,empty,empty,empty,empty,empty,empty,empty,empty,empty,empty,empty,empty,empty,empty,empty,empty,non_existent,
CP,AJ,100,Low,large,17,b,,,,non_existent,non_existent,non_existent,non_existent,non_existent,non_existent,non_existent,non_existent,non_existent,non_existent,non_existent,non_existent,non_existent,non_existent,non_existent,non_existent,non_existent,non_existent,non_existent,non_existent,non_existent,non_existent,
CP,AJ,100,Low,large,17,c,,,,non_existent,non_existent,non_existent,non_existent,non_existent,non_existent,non_existent,non_existent,non_existent,non_existent,non_existent,non_existent,non_existent,non_existent,non_existent,non_existent,non_existent,non_existent,non_existent,non_existent,non_existent,non_existent,
CP,AJ,100,Low,medium,18,a,,,,empty,empty,empty,empty,empty,empty,empty,empty,empty,empty,empty,empty,empty,empty,empty,empty,empty,empty,empty,empty,empty,non_existent,
CP,AJ,100,Low,medium,18,b,,,,non_existent,non_existent,non_existent,non_existent,non_existent,non_existent,non_existent,non_existent,non_existent,non_existent,non_existent,non_existent,non_existent,non_existent,non_existent,non_existent,non_existent,non_existent,non_existent,non_existent,non_existent,non_existent,
CP,AJ,100,Low,medium,18,c,,,,non_existent,non_existent,non_existent,non_existent,non_existent,non_existent,non_existent,non_existent,non_existent,non_existent,non_existent,non_existent,non_existent,non_existent,non_existent,non_existent,non_existent,non_existent,non_existent,non_existent,non_existent,non_existent,
CP,AJ,101,Mid,large,1,a,,,,pseudo,pseudo,pseudo,pseudo,pseudo,pseudo,pseudo,pseudo,pseudo,pseudo,pseudo,pseudo,pseudo,pseudo,pseudo,pseudo,pseudo,pseudo,pseudo,pseudo,pseudo,non_existent,
CP,AJ,101,Mid,large,1,b,,,,non_existent,non_existent,non_existent,non_existent,non_existent,non_existent,non_existent,non_existent,non_existent,non_existent,non_existent,non_existent,non_existent,non_existent,non_existent,non_existent,non_existent,non_existent,non_existent,non_existent,non_existent,non_existent,
CP,AJ,101,Mid,large,1,c,,,,non_existent,non_existent,non_existent,non_existent,non_existent,non_existent,non_existent,non_existent,non_existent,non_existent,non_existent,non_existent,non_existent,non_existent,non_existent,non_existent,non_existent,non_existent,non_existent,non_existent,non_existent,non_existent,
CP,AJ,101,Mid,medium,2,a,,,,pseudo,pseudo,pseudo,pseudo,pseudo,pseudo,pseudo,pseudo,pseudo,pseudo,pseudo,pseudo,pseudo,pseudo,pseudo,pseudo,pseudo,pseudo,pseudo,pseudo,pseudo,non_existent,
CP,AJ,101,Mid,medium,2,b,,,,non_existent,non_existent,non_existent,non_existent,non_existent,non_existent,non_existent,non_existent,non_existent,non_existent,non_existent,non_existent,non_existent,non_existent,non_existent,non_existent,non_existent,non_existent,non_existent,non_existent,non_existent,non_existent,
CP,AJ,101,Mid,medium,2,c,,,,non_existent,non_existent,non_existent,non_existent,non_existent,non_existent,non_existent,non_existent,non_existent,non_existent,non_existent,non_existent,non_existent,non_existent,non_existent,non_existent,non_existent,non_existent,non_existent,non_existent,non_existent,non_existent,
CP,AJ,101,Mid,small,3,a,,,,pseudo,pseudo,pseudo,pseudo,pseudo,pseudo,pseudo,pseudo,pseudo,pseudo,pseudo,pseudo,pseudo,pseudo,pseudo,pseudo,pseudo,pseudo,pseudo,pseudo,pseudo,non_existent,
CP,AJ,101,Mid,small,3,b,,,,non_existent,non_existent,non_existent,non_existent,non_existent,non_existent,non_existent,non_existent,non_existent,non_existent,non_existent,non_existent,non_existent,non_existent,non_existent,non_existent,non_existent,non_existent,non_existent,non_existent,non_existent,non_existent,
CP,AJ,101,Mid,small,3,c,,,,non_existent,non_existent,non_existent,non_existent,non_existent,non_existent,non_existent,non_existent,non_existent,non_existent,non_existent,non_existent,non_existent,non_existent,non_existent,non_existent,non_existent,non_existent,non_existent,non_existent,non_existent,non_existent,
CP,AJ,101,Mid,large,4,a,,,,empty,empty,empty,empty,empty,empty,empty,empty,empty,empty,empty,empty,empty,empty,empty,empty,empty,empty,empty,empty,empty,non_existent,
CP,AJ,101,Mid,large,4,b,,,,non_existent,non_existent,non_existent,non_existent,non_existent,non_existent,non_existent,non_existent,non_existent,non_existent,non_existent,non_existent,non_existent,non_existent,non_existent,non_existent,non_existent,non_existent,non_existent,non_existent,non_existent,non_existent,
CP,AJ,101,Mid,large,4,c,,,,non_existent,non_existent,non_existent,non_existent,non_existent,non_existent,non_existent,non_existent,non_existent,non_existent,non_existent,non_existent,non_existent,non_existent,non_existent,non_existent,non_existent,non_existent,non_existent,non_existent,non_existent,non_existent,
CP,AJ,101,Mid,medium,5,a,,,,pseudo,pseudo,pseudo,pseudo,pseudo,pseudo,pseudo,pseudo,pseudo,pseudo,pseudo,pseudo,pseudo,pseudo,pseudo,pseudo,pseudo,pseudo,pseudo,pseudo,pseudo,non_existent,
CP,AJ,101,Mid,medium,5,b,,,,non_existent,non_existent,non_existent,non_existent,non_existent,non_existent,non_existent,non_existent,non_existent,non_existent,non_existent,non_existent,non_existent,non_existent,non_existent,non_existent,non_existent,non_existent,non_existent,non_existent,non_existent,non_existent,
CP,AJ,101,Mid,medium,5,c,,,,non_existent,non_existent,non_existent,non_existent,non_existent,non_existent,non_existent,non_existent,non_existent,non_existent,non_existent,non_existent,non_existent,non_existent,non_existent,non_existent,non_existent,non_existent,non_existent,non_existent,non_existent,non_existent,
CP,AJ,101,Mid,medium,6,a,,,,empty,empty,empty,empty,empty,empty,empty,empty,empty,empty,empty,empty,empty,empty,empty,empty,empty,empty,empty,empty,empty,non_existent,
CP,AJ,101,Mid,medium,6,b,,,,non_existent,non_existent,non_existent,non_existent,non_existent,non_existent,non_existent,non_existent,non_existent,non_existent,non_existent,non_existent,non_existent,non_existent,non_existent,non_existent,non_existent,non_existent,non_existent,non_existent,non_existent,non_existent,
CP,AJ,101,Mid,medium,6,c,,,,non_existent,non_existent,non_existent,non_existent,non_existent,non_existent,non_existent,non_existent,non_existent,non_existent,non_existent,non_existent,non_existent,non_existent,non_existent,non_existent,non_existent,non_existent,non_existent,non_existent,non_existent,non_existent,
CP,AJ,101,Mid,medium,7,a,,,,empty,empty,empty,empty,empty,empty,empty,empty,empty,empty,empty,empty,empty,empty,empty,empty,empty,empty,empty,empty,empty,non_existent,
CP,AJ,101,Mid,medium,7,b,,,,non_existent,non_existent,non_existent,non_existent,non_existent,non_existent,non_existent,non_existent,non_existent,non_existent,non_existent,non_existent,non_existent,non_existent,non_existent,non_existent,non_existent,non_existent,non_existent,non_existent,non_existent,non_existent,
CP,AJ,101,Mid,medium,7,c,,,,non_existent,non_existent,non_existent,non_existent,non_existent,non_existent,non_existent,non_existent,non_existent,non_existent,non_existent,non_existent,non_existent,non_existent,non_existent,non_existent,non_existent,non_existent,non_existent,non_existent,non_existent,non_existent,
CP,AJ,101,Mid,medium,8,a,,,wasp,empty,empty,non-target cell,non-target cells,non_existent,non_existent,non_existent,non_existent,non_existent,non_existent,non_existent,non_existent,non_existent,non_existent,non_existent,non_existent,non_existent,non_existent,non_existent,non_existent,non_existent,non_existent,
CP,AJ,101,Mid,medium,8,b,,,,non_existent,non_existent,non_existent,non_existent,empty,empty,empty,empty,empty,empty,empty,empty,empty,empty,empty,empty,empty,empty,empty,empty,empty,non_existent,
CP,AJ,101,Mid,large,9,a,,,,empty,empty,empty,empty,empty,empty,empty,empty,empty,empty,empty,empty,empty,empty,empty,empty,empty,empty,empty,empty,empty,non_existent,
CP,AJ,101,Mid,large,9,b,,,,non_existent,non_existent,non_existent,non_existent,non_existent,non_existent,non_existent,non_existent,non_existent,non_existent,non_existent,non_existent,non_existent,non_existent,non_existent,non_existent,non_existent,non_existent,non_existent,non_existent,non_existent,non_existent,
CP,AJ,101,Mid,large,9,c,,,,non_existent,non_existent,non_existent,non_existent,non_existent,non_existent,non_existent,non_existent,non_existent,non_existent,non_existent,non_existent,non_existent,non_existent,non_existent,non_existent,non_existent,non_existent,non_existent,non_existent,non_existent,non_existent,
CP,AJ,101,Mid,large,10,a,,,,pseudo,pseudo,pseudo,pseudo,pseudo,pseudo,pseudo,pseudo,pseudo,pseudo,pseudo,pseudo,pseudo,pseudo,pseudo,pseudo,pseudo,pseudo,pseudo,pseudo,pseudo,non_existent,
CP,AJ,101,Mid,large,10,b,,,,non_existent,non_existent,non_existent,non_existent,non_existent,non_existent,non_existent,non_existent,non_existent,non_existent,non_existent,non_existent,non_existent,non_existent,non_existent,non_existent,non_existent,non_existent,non_existent,non_existent,non_existent,non_existent,
CP,AJ,101,Mid,large,10,c,,,,non_existent,non_existent,non_existent,non_existent,non_existent,non_existent,non_existent,non_existent,non_existent,non_existent,non_existent,non_existent,non_existent,non_existent,non_existent,non_existent,non_existent,non_existent,non_existent,non_existent,non_existent,non_existent,
CP,AJ,101,Mid,medium,11,a,,,,empty,empty,empty,empty,empty,empty,empty,empty,empty,empty,empty,empty,empty,empty,empty,empty,empty,empty,empty,empty,empty,non_existent,
CP,AJ,101,Mid,medium,11,b,,,,non_existent,non_existent,non_existent,non_existent,non_existent,non_existent,non_existent,non_existent,non_existent,non_existent,non_existent,non_existent,non_existent,non_existent,non_existent,non_existent,non_existent,non_existent,non_existent,non_existent,non_existent,non_existent,
CP,AJ,101,Mid,medium,11,c,,,,non_existent,non_existent,non_existent,non_existent,non_existent,non_existent,non_existent,non_existent,non_existent,non_existent,non_existent,non_existent,non_existent,non_existent,non_existent,non_existent,non_existent,non_existent,non_existent,non_existent,non_existent,non_existent,
CP,AJ,101,Mid,medium,12,a,,,,pseudo,pseudo,pseudo,pseudo,pseudo,pseudo,pseudo,pseudo,pseudo,pseudo,pseudo,pseudo,pseudo,pseudo,pseudo,pseudo,pseudo,pseudo,pseudo,pseudo,pseudo,non_existent,
CP,AJ,101,Mid,medium,12,b,,,,non_existent,non_existent,non_existent,non_existent,non_existent,non_existent,non_existent,non_existent,non_existent,non_existent,non_existent,non_existent,non_existent,non_existent,non_existent,non_existent,non_existent,non_existent,non_existent,non_existent,non_existent,non_existent,
CP,AJ,101,Mid,medium,12,c,,,,non_existent,non_existent,non_existent,non_existent,non_existent,non_existent,non_existent,non_existent,non_existent,non_existent,non_existent,non_existent,non_existent,non_existent,non_existent,non_existent,non_existent,non_existent,non_existent,non_existent,non_existent,non_existent,
CP,AJ,101,Mid,large,13,a,,,,empty,empty,empty,empty,empty,empty,empty,empty,empty,empty,empty,empty,empty,empty,empty,empty,empty,empty,empty,empty,empty,non_existent,
CP,AJ,101,Mid,large,13,b,,,,non_existent,non_existent,non_existent,non_existent,non_existent,non_existent,non_existent,non_existent,non_existent,non_existent,non_existent,non_existent,non_existent,non_existent,non_existent,non_existent,non_existent,non_existent,non_existent,non_existent,non_existent,non_existent,
CP,AJ,101,Mid,large,13,c,,,,non_existent,non_existent,non_existent,non_existent,non_existent,non_existent,non_existent,non_existent,non_existent,non_existent,non_existent,non_existent,non_existent,non_existent,non_existent,non_existent,non_existent,non_existent,non_existent,non_existent,non_existent,non_existent,
CP,AJ,101,Mid,medium,14,a,,,,empty,empty,empty,empty,empty,empty,empty,empty,empty,empty,empty,empty,empty,empty,empty,empty,empty,empty,empty,empty,empty,non_existent,
CP,AJ,101,Mid,medium,14,b,,,,non_existent,non_existent,non_existent,non_existent,non_existent,non_existent,non_existent,non_existent,non_existent,non_existent,non_existent,non_existent,non_existent,non_existent,non_existent,non_existent,non_existent,non_existent,non_existent,non_existent,non_existent,non_existent,
CP,AJ,101,Mid,medium,14,c,,,,non_existent,non_existent,non_existent,non_existent,non_existent,non_existent,non_existent,non_existent,non_existent,non_existent,non_existent,non_existent,non_existent,non_existent,non_existent,non_existent,non_existent,non_existent,non_existent,non_existent,non_existent,non_existent,
CP,AJ,101,Mid,medium,15,a,,,,empty,empty,empty,empty,empty,empty,empty,empty,empty,empty,empty,empty,empty,empty,empty,empty,empty,empty,empty,empty,empty,non_existent,
CP,AJ,101,Mid,medium,15,b,,,,non_existent,non_existent,non_existent,non_existent,non_existent,non_existent,non_existent,non_existent,non_existent,non_existent,non_existent,non_existent,non_existent,non_existent,non_existent,non_existent,non_existent,non_existent,non_existent,non_existent,non_existent,non_existent,
CP,AJ,101,Mid,medium,15,c,,,,non_existent,non_existent,non_existent,non_existent,non_existent,non_existent,non_existent,non_existent,non_existent,non_existent,non_existent,non_existent,non_existent,non_existent,non_existent,non_existent,non_existent,non_existent,non_existent,non_existent,non_existent,non_existent,
CP,AJ,101,Mid,medium,16,a,,,,empty,empty,empty,empty,empty,empty,empty,empty,empty,empty,empty,empty,empty,empty,empty,empty,empty,empty,empty,empty,empty,non_existent,
CP,AJ,101,Mid,medium,16,b,,,,non_existent,non_existent,non_existent,non_existent,non_existent,non_existent,non_existent,non_existent,non_existent,non_existent,non_existent,non_existent,non_existent,non_existent,non_existent,non_existent,non_existent,non_existent,non_existent,non_existent,non_existent,non_existent,
CP,AJ,101,Mid,medium,16,c,,,,non_existent,non_existent,non_existent,non_existent,non_existent,non_existent,non_existent,non_existent,non_existent,non_existent,non_existent,non_existent,non_existent,non_existent,non_existent,non_existent,non_existent,non_existent,non_existent,non_existent,non_existent,non_existent,
CP,AJ,101,Mid,small,17,a,,,,empty,empty,empty,empty,empty,empty,empty,empty,empty,empty,empty,empty,empty,empty,empty,empty,empty,empty,empty,empty,empty,non_existent,
CP,AJ,101,Mid,small,17,b,,,,non_existent,non_existent,non_existent,non_existent,non_existent,non_existent,non_existent,non_existent,non_existent,non_existent,non_existent,non_existent,non_existent,non_existent,non_existent,non_existent,non_existent,non_existent,non_existent,non_existent,non_existent,non_existent,
CP,AJ,101,Mid,small,17,c,,,,non_existent,non_existent,non_existent,non_existent,non_existent,non_existent,non_existent,non_existent,non_existent,non_existent,non_existent,non_existent,non_existent,non_existent,non_existent,non_existent,non_existent,non_existent,non_existent,non_existent,non_existent,non_existent,
CP,AJ,101,Mid,large,18,a,,,,empty,empty,empty,empty,empty,empty,empty,empty,empty,empty,empty,empty,empty,empty,empty,empty,empty,empty,empty,empty,empty,non_existent,
CP,AJ,101,Mid,large,18,b,,,,non_existent,non_existent,non_existent,non_existent,non_existent,non_existent,non_existent,non_existent,non_existent,non_existent,non_existent,non_existent,non_existent,non_existent,non_existent,non_existent,non_existent,non_existent,non_existent,non_existent,non_existent,non_existent,
CP,AJ,101,Mid,large,18,c,,,,non_existent,non_existent,non_existent,non_existent,non_existent,non_existent,non_existent,non_existent,non_existent,non_existent,non_existent,non_existent,non_existent,non_existent,non_existent,non_existent,non_existent,non_existent,non_existent,non_existent,non_existent,non_existent,
CP,AJ,102,High,large,1,a,,,,pseudo,pseudo,pseudo,pseudo,pseudo,pseudo,pseudo,pseudo,pseudo,pseudo,pseudo,pseudo,pseudo,pseudo,pseudo,pseudo,pseudo,pseudo,pseudo,pseudo,pseudo,non_existent,
CP,AJ,102,High,large,1,b,,,,non_existent,non_existent,non_existent,non_existent,non_existent,non_existent,non_existent,non_existent,non_existent,non_existent,non_existent,non_existent,non_existent,non_existent,non_existent,non_existent,non_existent,non_existent,non_existent,non_existent,non_existent,non_existent,
CP,AJ,102,High,large,1,c,,,,non_existent,non_existent,non_existent,non_existent,non_existent,non_existent,non_existent,non_existent,non_existent,non_existent,non_existent,non_existent,non_existent,non_existent,non_existent,non_existent,non_existent,non_existent,non_existent,non_existent,non_existent,non_existent,
CP,AJ,102,High,medium,2,a,,,,pseudo,pseudo,pseudo,pseudo,pseudo,pseudo,non_existent,non_existent,non_existent,non_existent,non_existent,non_existent,non_existent,non_existent,non_existent,non_existent,non_existent,non_existent,non_existent,non_existent,non_existent,non_existent,
CP,AJ,102,High,medium,2,b,,,,non_existent,non_existent,non_existent,non_existent,non_existent,non_existent,empty,empty,empty,empty,empty,empty,empty,empty,empty,empty,empty,empty,empty,empty,empty,non_existent,
CP,AJ,102,High,medium,2,c,,,,non_existent,non_existent,non_existent,non_existent,non_existent,non_existent,non_existent,non_existent,non_existent,non_existent,non_existent,non_existent,non_existent,non_existent,non_existent,non_existent,non_existent,non_existent,non_existent,non_existent,non_existent,non_existent,
CP,AJ,102,High,medium,3,a,124,75,megachile,empty,empty,empty,empty,empty,1 cell,2 cells,no change,1 cell + end cap,no change,no change,no change,no change,no change,no change,non_existent,non_existent,non_existent,non_existent,non_existent,non_existent,non_existent,
CP,AJ,102,High,medium,3,b,,,,non_existent,non_existent,non_existent,non_existent,non_existent,non_existent,non_existent,non_existent,non_existent,non_existent,non_existent,non_existent,non_existent,non_existent,non_existent,pseudo,pseudo,pseudo,pseudo,pseudo,pseudo,non_existent,
CP,AJ,102,High,medium,3,c,,,,non_existent,non_existent,non_existent,non_existent,non_existent,non_existent,non_existent,non_existent,non_existent,non_existent,non_existent,non_existent,non_existent,non_existent,non_existent,non_existent,non_existent,non_existent,non_existent,non_existent,non_existent,non_existent,
CP,AJ,102,High,medium,4,a,,,,pseudo,pseudo,pseudo,pseudo,pseudo,pseudo,pseudo,pseudo,pseudo,pseudo,pseudo,pseudo,pseudo,pseudo,pseudo,pseudo,pseudo,pseudo,pseudo,pseudo,pseudo,non_existent,
CP,AJ,102,High,medium,4,b,,,,non_existent,non_existent,non_existent,non_existent,non_existent,non_existent,non_existent,non_existent,non_existent,non_existent,non_existent,non_existent,non_existent,non_existent,non_existent,non_existent,non_existent,non_existent,non_existent,non_existent,non_existent,non_existent,
CP,AJ,102,High,medium,4,c,,,,non_existent,non_existent,non_existent,non_existent,non_existent,non_existent,non_existent,non_existent,non_existent,non_existent,non_existent,non_existent,non_existent,non_existent,non_existent,non_existent,non_existent,non_existent,non_existent,non_existent,non_existent,non_existent,
CP,AJ,102,High,medium,5,a,,,,pseudo,pseudo,pseudo,pseudo,pseudo,pseudo,pseudo,pseudo,pseudo,pseudo,pseudo,pseudo,pseudo,pseudo,pseudo,pseudo,pseudo,pseudo,pseudo,pseudo,pseudo,non_existent,
CP,AJ,102,High,medium,5,b,,,,non_existent,non_existent,non_existent,non_existent,non_existent,non_existent,non_existent,non_existent,non_existent,non_existent,non_existent,non_existent,non_existent,non_existent,non_existent,non_existent,non_existent,non_existent,non_existent,non_existent,non_existent,non_existent,
CP,AJ,102,High,medium,5,c,,,,non_existent,non_existent,non_existent,non_existent,non_existent,non_existent,non_existent,non_existent,non_existent,non_existent,non_existent,non_existent,non_existent,non_existent,non_existent,non_existent,non_existent,non_existent,non_existent,non_existent,non_existent,non_existent,
CP,AJ,102,High,small,6,a,,,,empty,empty,empty,empty,empty,empty,empty,empty,empty,empty,empty,empty,empty,empty,empty,empty,empty,empty,empty,empty,empty,non_existent,
CP,AJ,102,High,small,6,b,,,,non_existent,non_existent,non_existent,non_existent,non_existent,non_existent,non_existent,non_existent,non_existent,non_existent,non_existent,non_existent,non_existent,non_existent,non_existent,non_existent,non_existent,non_existent,non_existent,non_existent,non_existent,non_existent,
CP,AJ,102,High,small,6,c,,,,non_existent,non_existent,non_existent,non_existent,non_existent,non_existent,non_existent,non_existent,non_existent,non_existent,non_existent,non_existent,non_existent,non_existent,non_existent,non_existent,non_existent,non_existent,non_existent,non_existent,non_existent,non_existent,
CP,AJ,102,High,large,7,a,,,,empty,empty,empty,empty,empty,empty,empty,empty,empty,empty,empty,empty,empty,empty,empty,empty,empty,empty,empty,empty,empty,non_existent,
CP,AJ,102,High,large,7,b,,,,non_existent,non_existent,non_existent,non_existent,non_existent,non_existent,non_existent,non_existent,non_existent,non_existent,non_existent,non_existent,non_existent,non_existent,non_existent,non_existent,non_existent,non_existent,non_existent,non_existent,non_existent,non_existent,
CP,AJ,102,High,large,7,c,,,,non_existent,non_existent,non_existent,non_existent,non_existent,non_existent,non_existent,non_existent,non_existent,non_existent,non_existent,non_existent,non_existent,non_existent,non_existent,non_existent,non_existent,non_existent,non_existent,non_existent,non_existent,non_existent,
CP,AJ,102,High,medium,8,a,,,,empty,empty,empty,empty,empty,empty,empty,empty,empty,empty,empty,empty,empty,empty,empty,empty,empty,empty,empty,empty,empty,non_existent,
CP,AJ,102,High,medium,8,b,,,,non_existent,non_existent,non_existent,non_existent,non_existent,non_existent,non_existent,non_existent,non_existent,non_existent,non_existent,non_existent,non_existent,non_existent,non_existent,non_existent,non_existent,non_existent,non_existent,non_existent,non_existent,non_existent,
CP,AJ,102,High,large,9,a,,,,empty,empty,empty,empty,empty,empty,empty,empty,empty,empty,empty,empty,empty,empty,empty,empty,empty,empty,empty,empty,empty,non_existent,
CP,AJ,102,High,large,9,b,,,,non_existent,non_existent,non_existent,non_existent,non_existent,non_existent,non_existent,non_existent,non_existent,non_existent,non_existent,non_existent,non_existent,non_existent,non_existent,non_existent,non_existent,non_existent,non_existent,non_existent,non_existent,non_existent,
CP,AJ,102,High,large,9,c,,,,non_existent,non_existent,non_existent,non_existent,non_existent,non_existent,non_existent,non_existent,non_existent,non_existent,non_existent,non_existent,non_existent,non_existent,non_existent,non_existent,non_existent,non_existent,non_existent,non_existent,non_existent,non_existent,
CP,AJ,102,High,large,10,a,,,,pseudo,pseudo,pseudo,pseudo,pseudo,pseudo,pseudo,pseudo,pseudo,pseudo,pseudo,pseudo,pseudo,pseudo,pseudo,pseudo,pseudo,pseudo,pseudo,pseudo,pseudo,non_existent,
CP,AJ,102,High,large,10,b,,,,non_existent,non_existent,non_existent,non_existent,non_existent,non_existent,non_existent,non_existent,non_existent,non_existent,non_existent,non_existent,non_existent,non_existent,non_existent,non_existent,non_existent,non_existent,non_existent,non_existent,non_existent,non_existent,
CP,AJ,102,High,large,10,c,,,,non_existent,non_existent,non_existent,non_existent,non_existent,non_existent,non_existent,non_existent,non_existent,non_existent,non_existent,non_existent,non_existent,non_existent,non_existent,non_existent,non_existent,non_existent,non_existent,non_existent,non_existent,non_existent,
CP,AJ,102,High,small,11,a,,,,pseudo,pseudo,pseudo,pseudo,pseudo,pseudo,pseudo,pseudo,pseudo,pseudo,pseudo,pseudo,pseudo,pseudo,pseudo,pseudo,pseudo,pseudo,pseudo,pseudo,pseudo,non_existent,
CP,AJ,102,High,small,11,b,,,,non_existent,non_existent,non_existent,non_existent,non_existent,non_existent,non_existent,non_existent,non_existent,non_existent,non_existent,non_existent,non_existent,non_existent,non_existent,non_existent,non_existent,non_existent,non_existent,non_existent,non_existent,non_existent,
CP,AJ,102,High,small,11,c,,,,non_existent,non_existent,non_existent,non_existent,non_existent,non_existent,non_existent,non_existent,non_existent,non_existent,non_existent,non_existent,non_existent,non_existent,non_existent,non_existent,non_existent,non_existent,non_existent,non_existent,non_existent,non_existent,
CP,AJ,102,High,medium,12,a,,,,empty,empty,empty,empty,empty,empty,empty,empty,empty,empty,empty,empty,empty,empty,empty,empty,empty,empty,empty,empty,empty,non_existent,
CP,AJ,102,High,medium,12,b,,,,non_existent,non_existent,non_existent,non_existent,non_existent,non_existent,non_existent,non_existent,non_existent,non_existent,non_existent,non_existent,non_existent,non_existent,non_existent,non_existent,non_existent,non_existent,non_existent,non_existent,non_existent,non_existent,
CP,AJ,102,High,medium,12,c,,,,non_existent,non_existent,non_existent,non_existent,non_existent,non_existent,non_existent,non_existent,non_existent,non_existent,non_existent,non_existent,non_existent,non_existent,non_existent,non_existent,non_existent,non_existent,non_existent,non_existent,non_existent,non_existent,
CP,AJ,102,High,medium,13,a,124,90,megachile,empty,empty,empty,empty,4 cells,1 cell,no change,no change,end cap,no change,no change,no change,no change,no change,no change,non_existent,non_existent,non_existent,non_existent,non_existent,non_existent,non_existent,
CP,AJ,102,High,medium,13,b,,,,non_existent,non_existent,non_existent,non_existent,non_existent,non_existent,non_existent,non_existent,non_existent,non_existent,non_existent,non_existent,non_existent,non_existent,non_existent,pseudo,pseudo,pseudo,pseudo,pseudo,pseudo,non_existent,
CP,AJ,102,High,medium,13,c,,,,non_existent,non_existent,non_existent,non_existent,non_existent,non_existent,non_existent,non_existent,non_existent,non_existent,non_existent,non_existent,non_existent,non_existent,non_existent,non_existent,non_existent,non_existent,non_existent,non_existent,non_existent,non_existent,
CP,AJ,102,High,medium,14,a,,,,pseudo,pseudo,pseudo,pseudo,pseudo,non_existent,non_existent,non_existent,non_existent,non_existent,non_existent,non_existent,non_existent,non_existent,non_existent,non_existent,non_existent,non_existent,non_existent,non_existent,non_existent,non_existent,
CP,AJ,102,High,medium,14,b,,,,non_existent,non_existent,non_existent,non_existent,non_existent,empty,empty,empty,empty,empty,empty,empty,empty,empty,empty,empty,empty,empty,empty,empty,empty,non_existent,
CP,AJ,102,High,medium,14,c,,,,non_existent,non_existent,non_existent,non_existent,non_existent,non_existent,non_existent,non_existent,non_existent,non_existent,non_existent,non_existent,non_existent,non_existent,non_existent,non_existent,non_existent,non_existent,non_existent,non_existent,non_existent,non_existent,
CP,AJ,102,High,medium,15,a,,,,pseudo,pseudo,pseudo,pseudo,pseudo,pseudo,pseudo,pseudo,pseudo,pseudo,pseudo,pseudo,pseudo,pseudo,pseudo,pseudo,pseudo,pseudo,pseudo,pseudo,pseudo,non_existent,
CP,AJ,102,High,medium,15,b,,,,non_existent,non_existent,non_existent,non_existent,non_existent,non_existent,non_existent,non_existent,non_existent,non_existent,non_existent,non_existent,non_existent,non_existent,non_existent,non_existent,non_existent,non_existent,non_existent,non_existent,non_existent,non_existent,
CP,AJ,102,High,medium,15,c,,,,non_existent,non_existent,non_existent,non_existent,non_existent,non_existent,non_existent,non_existent,non_existent,non_existent,non_existent,non_existent,non_existent,non_existent,non_existent,non_existent,non_existent,non_existent,non_existent,non_existent,non_existent,non_existent,
CP,AJ,102,High,large,16,a,,,,pseudo,pseudo,pseudo,pseudo,pseudo,pseudo,pseudo,pseudo,pseudo,pseudo,pseudo,pseudo,pseudo,pseudo,pseudo,pseudo,pseudo,pseudo,pseudo,pseudo,pseudo,non_existent,
CP,AJ,102,High,large,16,b,,,,non_existent,non_existent,non_existent,non_existent,non_existent,non_existent,non_existent,non_existent,non_existent,non_existent,non_existent,non_existent,non_existent,non_existent,non_existent,non_existent,non_existent,non_existent,non_existent,non_existent,non_existent,non_existent,
CP,AJ,102,High,large,16,c,,,,non_existent,non_existent,non_existent,non_existent,non_existent,non_existent,non_existent,non_existent,non_existent,non_existent,non_existent,non_existent,non_existent,non_existent,non_existent,non_existent,non_existent,non_existent,non_existent,non_existent,non_existent,non_existent,
CP,AJ,102,High,medium,17,a,,,,pseudo,pseudo,pseudo,pseudo,pseudo,pseudo,pseudo,pseudo,pseudo,pseudo,pseudo,pseudo,pseudo,pseudo,pseudo,pseudo,pseudo,pseudo,pseudo,pseudo,pseudo,non_existent,
CP,AJ,102,High,medium,17,b,,,,non_existent,non_existent,non_existent,non_existent,non_existent,non_existent,non_existent,non_existent,non_existent,non_existent,non_existent,non_existent,non_existent,non_existent,non_existent,non_existent,non_existent,non_existent,non_existent,non_existent,non_existent,non_existent,
CP,AJ,102,High,medium,17,c,,,,non_existent,non_existent,non_existent,non_existent,non_existent,non_existent,non_existent,non_existent,non_existent,non_existent,non_existent,non_existent,non_existent,non_existent,non_existent,non_existent,non_existent,non_existent,non_existent,non_existent,non_existent,non_existent,
CP,AJ,102,High,large,18,a,,,,empty,empty,empty,empty,empty,empty,empty,empty,empty,empty,empty,empty,empty,empty,empty,empty,empty,empty,empty,empty,empty,non_existent,
CP,AJ,102,High,large,18,b,,,,non_existent,non_existent,non_existent,non_existent,non_existent,non_existent,non_existent,non_existent,non_existent,non_existent,non_existent,non_existent,non_existent,non_existent,non_existent,non_existent,non_existent,non_existent,non_existent,non_existent,non_existent,non_existent,
CP,AJ,102,High,large,18,c,,,,non_existent,non_existent,non_existent,non_existent,non_existent,non_existent,non_existent,non_existent,non_existent,non_existent,non_existent,non_existent,non_existent,non_existent,non_existent,non_existent,non_existent,non_existent,non_existent,non_existent,non_existent,non_existent,
CP,AK,103,Low,medium,1,a,,,,empty,empty,empty,empty,empty,empty,empty,empty,empty,empty,empty,empty,empty,empty,empty,empty,empty,empty,empty,empty,empty,non_existent,
CP,AK,103,Low,medium,1,b,,,,non_existent,non_existent,non_existent,non_existent,non_existent,non_existent,non_existent,non_existent,non_existent,non_existent,non_existent,non_existent,non_existent,non_existent,non_existent,non_existent,non_existent,non_existent,non_existent,non_existent,non_existent,non_existent,
CP,AK,103,Low,medium,1,c,,,,non_existent,non_existent,non_existent,non_existent,non_existent,non_existent,non_existent,non_existent,non_existent,non_existent,non_existent,non_existent,non_existent,non_existent,non_existent,non_existent,non_existent,non_existent,non_existent,non_existent,non_existent,non_existent,
CP,AK,103,Low,large,2,a,,,,empty,empty,empty,empty,empty,empty,empty,empty,empty,empty,empty,empty,empty,empty,empty,empty,empty,empty,empty,empty,empty,non_existent,
CP,AK,103,Low,large,2,b,,,,non_existent,non_existent,non_existent,non_existent,non_existent,non_existent,non_existent,non_existent,non_existent,non_existent,non_existent,non_existent,non_existent,non_existent,non_existent,non_existent,non_existent,non_existent,non_existent,non_existent,non_existent,non_existent,
CP,AK,103,Low,large,2,c,,,,non_existent,non_existent,non_existent,non_existent,non_existent,non_existent,non_existent,non_existent,non_existent,non_existent,non_existent,non_existent,non_existent,non_existent,non_existent,non_existent,non_existent,non_existent,non_existent,non_existent,non_existent,non_existent,
CP,AK,103,Low,large,3,a,,,,empty,empty,empty,empty,empty,empty,empty,empty,empty,empty,empty,empty,empty,empty,empty,empty,empty,empty,empty,empty,empty,non_existent,
CP,AK,103,Low,large,3,b,,,,non_existent,non_existent,non_existent,non_existent,non_existent,non_existent,non_existent,non_existent,non_existent,non_existent,non_existent,non_existent,non_existent,non_existent,non_existent,non_existent,non_existent,non_existent,non_existent,non_existent,non_existent,non_existent,
CP,AK,103,Low,large,3,c,,,,non_existent,non_existent,non_existent,non_existent,non_existent,non_existent,non_existent,non_existent,non_existent,non_existent,non_existent,non_existent,non_existent,non_existent,non_existent,non_existent,non_existent,non_existent,non_existent,non_existent,non_existent,non_existent,
CP,AK,103,Low,medium,4,a,,,,empty,empty,empty,empty,empty,empty,empty,empty,empty,empty,empty,empty,empty,empty,empty,empty,empty,empty,empty,empty,empty,non_existent,
CP,AK,103,Low,medium,4,b,,,,non_existent,non_existent,non_existent,non_existent,non_existent,non_existent,non_existent,non_existent,non_existent,non_existent,non_existent,non_existent,non_existent,non_existent,non_existent,non_existent,non_existent,non_existent,non_existent,non_existent,non_existent,non_existent,
CP,AK,103,Low,medium,4,c,,,,non_existent,non_existent,non_existent,non_existent,non_existent,non_existent,non_existent,non_existent,non_existent,non_existent,non_existent,non_existent,non_existent,non_existent,non_existent,non_existent,non_existent,non_existent,non_existent,non_existent,non_existent,non_existent,
CP,AK,103,Low,medium,5,a,,,,empty,empty,empty,empty,empty,empty,empty,empty,empty,empty,empty,empty,empty,empty,empty,empty,empty,empty,empty,empty,empty,non_existent,
CP,AK,103,Low,medium,5,b,,,,non_existent,non_existent,non_existent,non_existent,non_existent,non_existent,non_existent,non_existent,non_existent,non_existent,non_existent,non_existent,non_existent,non_existent,non_existent,non_existent,non_existent,non_existent,non_existent,non_existent,non_existent,non_existent,
CP,AK,103,Low,medium,5,c,,,,non_existent,non_existent,non_existent,non_existent,non_existent,non_existent,non_existent,non_existent,non_existent,non_existent,non_existent,non_existent,non_existent,non_existent,non_existent,non_existent,non_existent,non_existent,non_existent,non_existent,non_existent,non_existent,
CP,AK,103,Low,large,6,a,,,,empty,empty,empty,empty,empty,empty,empty,empty,empty,empty,empty,empty,empty,empty,empty,empty,empty,empty,empty,empty,empty,non_existent,
CP,AK,103,Low,large,6,b,,,,non_existent,non_existent,non_existent,non_existent,non_existent,non_existent,non_existent,non_existent,non_existent,non_existent,non_existent,non_existent,non_existent,non_existent,non_existent,non_existent,non_existent,non_existent,non_existent,non_existent,non_existent,non_existent,
CP,AK,103,Low,large,6,c,,,,non_existent,non_existent,non_existent,non_existent,non_existent,non_existent,non_existent,non_existent,non_existent,non_existent,non_existent,non_existent,non_existent,non_existent,non_existent,non_existent,non_existent,non_existent,non_existent,non_existent,non_existent,non_existent,
CP,AK,103,Low,medium,7,a,,,,empty,empty,empty,empty,empty,empty,empty,empty,empty,empty,empty,empty,empty,empty,empty,empty,empty,empty,empty,empty,empty,non_existent,
CP,AK,103,Low,medium,7,b,,,,non_existent,non_existent,non_existent,non_existent,non_existent,non_existent,non_existent,non_existent,non_existent,non_existent,non_existent,non_existent,non_existent,non_existent,non_existent,non_existent,non_existent,non_existent,non_existent,non_existent,non_existent,non_existent,
CP,AK,103,Low,medium,7,c,,,,non_existent,non_existent,non_existent,non_existent,non_existent,non_existent,non_existent,non_existent,non_existent,non_existent,non_existent,non_existent,non_existent,non_existent,non_existent,non_existent,non_existent,non_existent,non_existent,non_existent,non_existent,non_existent,
CP,AK,103,Low,medium,8,a,,,,empty,empty,empty,empty,empty,empty,empty,empty,empty,empty,empty,empty,empty,empty,empty,empty,empty,empty,empty,empty,empty,non_existent,
CP,AK,103,Low,medium,8,b,,,,non_existent,non_existent,non_existent,non_existent,non_existent,non_existent,non_existent,non_existent,non_existent,non_existent,non_existent,non_existent,non_existent,non_existent,non_existent,non_existent,non_existent,non_existent,non_existent,non_existent,non_existent,non_existent,
CP,AK,103,Low,small,9,a,,,,empty,empty,empty,empty,empty,empty,empty,empty,empty,empty,empty,empty,empty,empty,empty,empty,empty,empty,empty,empty,empty,non_existent,
CP,AK,103,Low,small,9,b,,,,non_existent,non_existent,non_existent,non_existent,non_existent,non_existent,non_existent,non_existent,non_existent,non_existent,non_existent,non_existent,non_existent,non_existent,non_existent,non_existent,non_existent,non_existent,non_existent,non_existent,non_existent,non_existent,
CP,AK,103,Low,small,9,c,,,,non_existent,non_existent,non_existent,non_existent,non_existent,non_existent,non_existent,non_existent,non_existent,non_existent,non_existent,non_existent,non_existent,non_existent,non_existent,non_existent,non_existent,non_existent,non_existent,non_existent,non_existent,non_existent,
CP,AK,103,Low,large,10,a,,,,empty,empty,empty,empty,empty,empty,empty,empty,empty,empty,empty,empty,empty,empty,empty,empty,empty,empty,empty,empty,empty,non_existent,
CP,AK,103,Low,large,10,b,,,,non_existent,non_existent,non_existent,non_existent,non_existent,non_existent,non_existent,non_existent,non_existent,non_existent,non_existent,non_existent,non_existent,non_existent,non_existent,non_existent,non_existent,non_existent,non_existent,non_existent,non_existent,non_existent,
CP,AK,103,Low,large,10,c,,,,non_existent,non_existent,non_existent,non_existent,non_existent,non_existent,non_existent,non_existent,non_existent,non_existent,non_existent,non_existent,non_existent,non_existent,non_existent,non_existent,non_existent,non_existent,non_existent,non_existent,non_existent,non_existent,
CP,AK,103,Low,medium,11,a,,,,empty,empty,empty,empty,empty,empty,empty,empty,empty,empty,empty,empty,empty,empty,empty,empty,empty,empty,empty,empty,empty,non_existent,
CP,AK,103,Low,medium,11,b,,,,non_existent,non_existent,non_existent,non_existent,non_existent,non_existent,non_existent,non_existent,non_existent,non_existent,non_existent,non_existent,non_existent,non_existent,non_existent,non_existent,non_existent,non_existent,non_existent,non_existent,non_existent,non_existent,
CP,AK,103,Low,medium,11,c,,,,non_existent,non_existent,non_existent,non_existent,non_existent,non_existent,non_existent,non_existent,non_existent,non_existent,non_existent,non_existent,non_existent,non_existent,non_existent,non_existent,non_existent,non_existent,non_existent,non_existent,non_existent,non_existent,
CP,AK,103,Low,medium,12,a,,,,empty,empty,empty,empty,empty,empty,empty,empty,empty,empty,empty,empty,empty,empty,empty,empty,empty,empty,empty,empty,empty,non_existent,
CP,AK,103,Low,medium,12,b,,,,non_existent,non_existent,non_existent,non_existent,non_existent,non_existent,non_existent,non_existent,non_existent,non_existent,non_existent,non_existent,non_existent,non_existent,non_existent,non_existent,non_existent,non_existent,non_existent,non_existent,non_existent,non_existent,
CP,AK,103,Low,medium,12,c,,,,non_existent,non_existent,non_existent,non_existent,non_existent,non_existent,non_existent,non_existent,non_existent,non_existent,non_existent,non_existent,non_existent,non_existent,non_existent,non_existent,non_existent,non_existent,non_existent,non_existent,non_existent,non_existent,
CP,AK,103,Low,medium,13,a,,,,empty,empty,empty,empty,empty,empty,empty,empty,empty,empty,empty,empty,empty,empty,empty,empty,empty,empty,empty,empty,empty,non_existent,
CP,AK,103,Low,medium,13,b,,,,non_existent,non_existent,non_existent,non_existent,non_existent,non_existent,non_existent,non_existent,non_existent,non_existent,non_existent,non_existent,non_existent,non_existent,non_existent,non_existent,non_existent,non_existent,non_existent,non_existent,non_existent,non_existent,
CP,AK,103,Low,medium,13,c,,,,non_existent,non_existent,non_existent,non_existent,non_existent,non_existent,non_existent,non_existent,non_existent,non_existent,non_existent,non_existent,non_existent,non_existent,non_existent,non_existent,non_existent,non_existent,non_existent,non_existent,non_existent,non_existent,
CP,AK,103,Low,medium,14,a,,,,empty,empty,empty,empty,empty,empty,empty,empty,empty,empty,empty,empty,empty,empty,empty,empty,empty,empty,empty,empty,empty,non_existent,
CP,AK,103,Low,medium,14,b,,,,non_existent,non_existent,non_existent,non_existent,non_existent,non_existent,non_existent,non_existent,non_existent,non_existent,non_existent,non_existent,non_existent,non_existent,non_existent,non_existent,non_existent,non_existent,non_existent,non_existent,non_existent,non_existent,
CP,AK,103,Low,medium,14,c,,,,non_existent,non_existent,non_existent,non_existent,non_existent,non_existent,non_existent,non_existent,non_existent,non_existent,non_existent,non_existent,non_existent,non_existent,non_existent,non_existent,non_existent,non_existent,non_existent,non_existent,non_existent,non_existent,
CP,AK,103,Low,large,15,a,,,,empty,empty,empty,empty,empty,empty,empty,empty,empty,empty,empty,empty,empty,empty,empty,empty,empty,empty,empty,empty,empty,non_existent,
CP,AK,103,Low,large,15,b,,,,non_existent,non_existent,non_existent,non_existent,non_existent,non_existent,non_existent,non_existent,non_existent,non_existent,non_existent,non_existent,non_existent,non_existent,non_existent,non_existent,non_existent,non_existent,non_existent,non_existent,non_existent,non_existent,
CP,AK,103,Low,large,15,c,,,,non_existent,non_existent,non_existent,non_existent,non_existent,non_existent,non_existent,non_existent,non_existent,non_existent,non_existent,non_existent,non_existent,non_existent,non_existent,non_existent,non_existent,non_existent,non_existent,non_existent,non_existent,non_existent,
CP,AK,103,Low,medium,16,a,,,,empty,empty,empty,empty,empty,empty,empty,empty,empty,empty,empty,empty,empty,empty,empty,empty,empty,empty,empty,empty,empty,non_existent,
CP,AK,103,Low,medium,16,b,,,,non_existent,non_existent,non_existent,non_existent,non_existent,non_existent,non_existent,non_existent,non_existent,non_existent,non_existent,non_existent,non_existent,non_existent,non_existent,non_existent,non_existent,non_existent,non_existent,non_existent,non_existent,non_existent,
CP,AK,103,Low,medium,16,c,,,,non_existent,non_existent,non_existent,non_existent,non_existent,non_existent,non_existent,non_existent,non_existent,non_existent,non_existent,non_existent,non_existent,non_existent,non_existent,non_existent,non_existent,non_existent,non_existent,non_existent,non_existent,non_existent,
CP,AK,103,Low,small,17,a,,,,empty,empty,empty,empty,empty,empty,empty,empty,empty,empty,empty,empty,empty,empty,empty,empty,empty,empty,empty,empty,empty,non_existent,
CP,AK,103,Low,small,17,b,,,,non_existent,non_existent,non_existent,non_existent,non_existent,non_existent,non_existent,non_existent,non_existent,non_existent,non_existent,non_existent,non_existent,non_existent,non_existent,non_existent,non_existent,non_existent,non_existent,non_existent,non_existent,non_existent,
CP,AK,103,Low,small,17,c,,,,non_existent,non_existent,non_existent,non_existent,non_existent,non_existent,non_existent,non_existent,non_existent,non_existent,non_existent,non_existent,non_existent,non_existent,non_existent,non_existent,non_existent,non_existent,non_existent,non_existent,non_existent,non_existent,
CP,AK,103,Low,large,18,a,,,,empty,empty,empty,empty,empty,empty,empty,empty,empty,empty,empty,empty,empty,empty,empty,empty,empty,empty,empty,empty,empty,non_existent,
CP,AK,103,Low,large,18,b,,,,non_existent,non_existent,non_existent,non_existent,non_existent,non_existent,non_existent,non_existent,non_existent,non_existent,non_existent,non_existent,non_existent,non_existent,non_existent,non_existent,non_existent,non_existent,non_existent,non_existent,non_existent,non_existent,
CP,AK,103,Low,large,18,c,,,,non_existent,non_existent,non_existent,non_existent,non_existent,non_existent,non_existent,non_existent,non_existent,non_existent,non_existent,non_existent,non_existent,non_existent,non_existent,non_existent,non_existent,non_existent,non_existent,non_existent,non_existent,non_existent,
CP,AK,104,Mid,medium,1,a,,,,empty,empty,empty,empty,empty,empty,empty,empty,empty,empty,empty,empty,empty,empty,empty,empty,empty,empty,empty,empty,empty,non_existent,
CP,AK,104,Mid,medium,1,b,,,,non_existent,non_existent,non_existent,non_existent,non_existent,non_existent,non_existent,non_existent,non_existent,non_existent,non_existent,non_existent,non_existent,non_existent,non_existent,non_existent,non_existent,non_existent,non_existent,non_existent,non_existent,non_existent,
CP,AK,104,Mid,medium,1,c,,,,non_existent,non_existent,non_existent,non_existent,non_existent,non_existent,non_existent,non_existent,non_existent,non_existent,non_existent,non_existent,non_existent,non_existent,non_existent,non_existent,non_existent,non_existent,non_existent,non_existent,non_existent,non_existent,
CP,AK,104,Mid,small,2,a,,,,empty,empty,empty,empty,empty,empty,empty,empty,empty,empty,empty,empty,empty,empty,empty,empty,empty,empty,empty,empty,empty,non_existent,
CP,AK,104,Mid,small,2,b,,,,non_existent,non_existent,non_existent,non_existent,non_existent,non_existent,non_existent,non_existent,non_existent,non_existent,non_existent,non_existent,non_existent,non_existent,non_existent,non_existent,non_existent,non_existent,non_existent,non_existent,non_existent,non_existent,
CP,AK,104,Mid,small,2,c,,,,non_existent,non_existent,non_existent,non_existent,non_existent,non_existent,non_existent,non_existent,non_existent,non_existent,non_existent,non_existent,non_existent,non_existent,non_existent,non_existent,non_existent,non_existent,non_existent,non_existent,non_existent,non_existent,
CP,AK,104,Mid,large,3,a,,,,empty,empty,empty,empty,empty,empty,empty,empty,empty,empty,empty,empty,empty,empty,empty,empty,empty,empty,empty,empty,empty,non_existent,
CP,AK,104,Mid,large,3,b,,,,non_existent,non_existent,non_existent,non_existent,non_existent,non_existent,non_existent,non_existent,non_existent,non_existent,non_existent,non_existent,non_existent,non_existent,non_existent,non_existent,non_existent,non_existent,non_existent,non_existent,non_existent,non_existent,
CP,AK,104,Mid,large,3,c,,,,non_existent,non_existent,non_existent,non_existent,non_existent,non_existent,non_existent,non_existent,non_existent,non_existent,non_existent,non_existent,non_existent,non_existent,non_existent,non_existent,non_existent,non_existent,non_existent,non_existent,non_existent,non_existent,
CP,AK,104,Mid,medium,4,a,,,,pseudo,pseudo,pseudo,pseudo,pseudo,pseudo,pseudo,pseudo,pseudo,non_existent,non_existent,non_existent,non_existent,non_existent,non_existent,non_existent,non_existent,non_existent,non_existent,non_existent,non_existent,non_existent,
CP,AK,104,Mid,medium,4,b,,,,non_existent,non_existent,non_existent,non_existent,non_existent,non_existent,non_existent,non_existent,non_existent,empty,empty,empty,empty,empty,empty,empty,empty,empty,empty,empty,empty,non_existent,
CP,AK,104,Mid,medium,4,c,,,,non_existent,non_existent,non_existent,non_existent,non_existent,non_existent,non_existent,non_existent,non_existent,non_existent,non_existent,non_existent,non_existent,non_existent,non_existent,non_existent,non_existent,non_existent,non_existent,non_existent,non_existent,non_existent,
CP,AK,104,Mid,large,5,a,,,,empty,empty,empty,empty,empty,empty,empty,empty,empty,empty,empty,empty,empty,empty,empty,empty,empty,empty,empty,empty,empty,non_existent,
CP,AK,104,Mid,large,5,b,,,,non_existent,non_existent,non_existent,non_existent,non_existent,non_existent,non_existent,non_existent,non_existent,non_existent,non_existent,non_existent,non_existent,non_existent,non_existent,non_existent,non_existent,non_existent,non_existent,non_existent,non_existent,non_existent,
CP,AK,104,Mid,large,5,c,,,,non_existent,non_existent,non_existent,non_existent,non_existent,non_existent,non_existent,non_existent,non_existent,non_existent,non_existent,non_existent,non_existent,non_existent,non_existent,non_existent,non_existent,non_existent,non_existent,non_existent,non_existent,non_existent,
CP,AK,104,Mid,large,6,a,,,,empty,empty,empty,empty,empty,empty,empty,empty,empty,empty,empty,empty,empty,empty,empty,empty,empty,empty,empty,empty,empty,non_existent,
CP,AK,104,Mid,large,6,b,,,,non_existent,non_existent,non_existent,non_existent,non_existent,non_existent,non_existent,non_existent,non_existent,non_existent,non_existent,non_existent,non_existent,non_existent,non_existent,non_existent,non_existent,non_existent,non_existent,non_existent,non_existent,non_existent,
CP,AK,104,Mid,large,6,c,,,,non_existent,non_existent,non_existent,non_existent,non_existent,non_existent,non_existent,non_existent,non_existent,non_existent,non_existent,non_existent,non_existent,non_existent,non_existent,non_existent,non_existent,non_existent,non_existent,non_existent,non_existent,non_existent,
CP,AK,104,Mid,medium,7,a,135,36,megachile,empty,empty,empty,empty,empty,empty,empty,empty,empty,empty,empty,empty,empty,empty,empty,empty,1 cell,1 cell,1 cell,no change,no change,non_existent,mother dead in nest aug 12
CP,AK,104,Mid,medium,7,b,,,,non_existent,non_existent,non_existent,non_existent,non_existent,non_existent,non_existent,non_existent,non_existent,non_existent,non_existent,non_existent,non_existent,non_existent,non_existent,non_existent,non_existent,non_existent,non_existent,non_existent,non_existent,non_existent,
CP,AK,104,Mid,medium,7,c,,,,non_existent,non_existent,non_existent,non_existent,non_existent,non_existent,non_existent,non_existent,non_existent,non_existent,non_existent,non_existent,non_existent,non_existent,non_existent,non_existent,non_existent,non_existent,non_existent,non_existent,non_existent,non_existent,
CP,AK,104,Mid,medium,8,a,,,,pseudo,pseudo,pseudo,pseudo,pseudo,pseudo,pseudo,pseudo,pseudo,pseudo,pseudo,non_existent,non_existent,non_existent,non_existent,non_existent,non_existent,non_existent,non_existent,non_existent,non_existent,non_existent,
CP,AK,104,Mid,medium,8,b,170,21,megachile,non_existent,non_existent,non_existent,non_existent,non_existent,non_existent,non_existent,non_existent,non_existent,non_existent,non_existent,empty,empty,1 cell,no change,no change,end cap,no change,no change,no change,no change,non_existent,
CP,AK,104,Mid,medium,9,a,135,20,megachile,empty,empty,empty,empty,empty,empty,empty,empty,empty,empty,1 cell,no change,no change,end cap,no change,no change,no change,no change,non_existent,non_existent,non_existent,non_existent,
CP,AK,104,Mid,medium,9,b,,,,non_existent,non_existent,non_existent,non_existent,non_existent,non_existent,non_existent,non_existent,non_existent,non_existent,non_existent,non_existent,non_existent,non_existent,non_existent,non_existent,non_existent,non_existent,pseudo,pseudo,pseudo,non_existent,
CP,AK,104,Mid,medium,9,c,,,,non_existent,non_existent,non_existent,non_existent,non_existent,non_existent,non_existent,non_existent,non_existent,non_existent,non_existent,non_existent,non_existent,non_existent,non_existent,non_existent,non_existent,non_existent,non_existent,non_existent,non_existent,non_existent,
CP,AK,104,Mid,large,10,a,,,,empty,empty,empty,empty,empty,empty,empty,empty,empty,empty,empty,empty,empty,empty,empty,empty,empty,empty,empty,empty,empty,non_existent,
CP,AK,104,Mid,large,10,b,,,,non_existent,non_existent,non_existent,non_existent,non_existent,non_existent,non_existent,non_existent,non_existent,non_existent,non_existent,non_existent,non_existent,non_existent,non_existent,non_existent,non_existent,non_existent,non_existent,non_existent,non_existent,non_existent,
CP,AK,104,Mid,large,10,c,,,,non_existent,non_existent,non_existent,non_existent,non_existent,non_existent,non_existent,non_existent,non_existent,non_existent,non_existent,non_existent,non_existent,non_existent,non_existent,non_existent,non_existent,non_existent,non_existent,non_existent,non_existent,non_existent,
CP,AK,104,Mid,medium,11,a,,,,empty,empty,empty,empty,empty,empty,empty,empty,empty,empty,empty,empty,empty,empty,empty,empty,empty,empty,empty,empty,empty,non_existent,
CP,AK,104,Mid,medium,11,b,,,,non_existent,non_existent,non_existent,non_existent,non_existent,non_existent,non_existent,non_existent,non_existent,non_existent,non_existent,non_existent,non_existent,non_existent,non_existent,non_existent,non_existent,non_existent,non_existent,non_existent,non_existent,non_existent,
CP,AK,104,Mid,medium,11,c,,,,non_existent,non_existent,non_existent,non_existent,non_existent,non_existent,non_existent,non_existent,non_existent,non_existent,non_existent,non_existent,non_existent,non_existent,non_existent,non_existent,non_existent,non_existent,non_existent,non_existent,non_existent,non_existent,
CP,AK,104,Mid,medium,12,a,,,,empty,empty,empty,empty,empty,empty,empty,empty,empty,empty,empty,empty,empty,empty,empty,empty,empty,empty,empty,empty,empty,non_existent,
CP,AK,104,Mid,medium,12,b,,,,non_existent,non_existent,non_existent,non_existent,non_existent,non_existent,non_existent,non_existent,non_existent,non_existent,non_existent,non_existent,non_existent,non_existent,non_existent,non_existent,non_existent,non_existent,non_existent,non_existent,non_existent,non_existent,
CP,AK,104,Mid,medium,12,c,,,,non_existent,non_existent,non_existent,non_existent,non_existent,non_existent,non_existent,non_existent,non_existent,non_existent,non_existent,non_existent,non_existent,non_existent,non_existent,non_existent,non_existent,non_existent,non_existent,non_existent,non_existent,non_existent,
CP,AK,104,Mid,large,13,a,,,,pseudo,pseudo,pseudo,pseudo,pseudo,pseudo,pseudo,pseudo,pseudo,pseudo,pseudo,pseudo,pseudo,pseudo,pseudo,pseudo,pseudo,pseudo,pseudo,pseudo,pseudo,non_existent,
CP,AK,104,Mid,large,13,b,,,,non_existent,non_existent,non_existent,non_existent,non_existent,non_existent,non_existent,non_existent,non_existent,non_existent,non_existent,non_existent,non_existent,non_existent,non_existent,non_existent,non_existent,non_existent,non_existent,non_existent,non_existent,non_existent,
CP,AK,104,Mid,large,13,c,,,,non_existent,non_existent,non_existent,non_existent,non_existent,non_existent,non_existent,non_existent,non_existent,non_existent,non_existent,non_existent,non_existent,non_existent,non_existent,non_existent,non_existent,non_existent,non_existent,non_existent,non_existent,non_existent,
CP,AK,104,Mid,small,14,a,,,,pseudo,pseudo,pseudo,pseudo,pseudo,pseudo,pseudo,pseudo,pseudo,pseudo,pseudo,pseudo,pseudo,pseudo,pseudo,pseudo,pseudo,pseudo,pseudo,pseudo,pseudo,non_existent,
CP,AK,104,Mid,small,14,b,,,,non_existent,non_existent,non_existent,non_existent,non_existent,non_existent,non_existent,non_existent,non_existent,non_existent,non_existent,non_existent,non_existent,non_existent,non_existent,non_existent,non_existent,non_existent,non_existent,non_existent,non_existent,non_existent,
CP,AK,104,Mid,small,14,c,,,,non_existent,non_existent,non_existent,non_existent,non_existent,non_existent,non_existent,non_existent,non_existent,non_existent,non_existent,non_existent,non_existent,non_existent,non_existent,non_existent,non_existent,non_existent,non_existent,non_existent,non_existent,non_existent,
CP,AK,104,Mid,medium,15,a,141,46,megachile,empty,empty,empty,empty,empty,empty,empty,1 cell,2 cells,no change,no change,end cap,no change,no change,no change,no change,no change,non_existent,non_existent,non_existent,non_existent,non_existent,
CP,AK,104,Mid,medium,15,b,,,,non_existent,non_existent,non_existent,non_existent,non_existent,non_existent,non_existent,non_existent,non_existent,non_existent,non_existent,non_existent,non_existent,non_existent,non_existent,non_existent,non_existent,empty,empty,empty,empty,non_existent,
CP,AK,104,Mid,medium,15,c,,,,non_existent,non_existent,non_existent,non_existent,non_existent,non_existent,non_existent,non_existent,non_existent,non_existent,non_existent,non_existent,non_existent,non_existent,non_existent,non_existent,non_existent,non_existent,non_existent,non_existent,non_existent,non_existent,
CP,AK,104,Mid,medium,16,a,,,,pseudo,pseudo,pseudo,pseudo,pseudo,non_existent,non_existent,non_existent,non_existent,non_existent,non_existent,non_existent,non_existent,non_existent,non_existent,non_existent,non_existent,non_existent,non_existent,non_existent,non_existent,non_existent,
CP,AK,104,Mid,medium,16,b,,,,non_existent,non_existent,non_existent,non_existent,non_existent,empty,empty,empty,empty,empty,empty,empty,empty,empty,empty,empty,empty,empty,empty,empty,empty,non_existent,
CP,AK,104,Mid,medium,16,c,,,,non_existent,non_existent,non_existent,non_existent,non_existent,non_existent,non_existent,non_existent,non_existent,non_existent,non_existent,non_existent,non_existent,non_existent,non_existent,non_existent,non_existent,non_existent,non_existent,non_existent,non_existent,non_existent,
CP,AK,104,Mid,medium,17,a,,,megachile,empty,empty,empty,empty,inner wall,no change,no change,no change,non_existent,non_existent,non_existent,non_existent,non_existent,non_existent,non_existent,non_existent,non_existent,non_existent,non_existent,non_existent,non_existent,non_existent,
CP,AK,104,Mid,medium,17,b,,,,non_existent,non_existent,non_existent,non_existent,non_existent,non_existent,non_existent,non_existent,pseudo,pseudo,pseudo,pseudo,pseudo,pseudo,pseudo,pseudo,pseudo,pseudo,pseudo,pseudo,pseudo,non_existent,
CP,AK,104,Mid,medium,17,c,,,,non_existent,non_existent,non_existent,non_existent,non_existent,non_existent,non_existent,non_existent,non_existent,non_existent,non_existent,non_existent,non_existent,non_existent,non_existent,non_existent,non_existent,non_existent,non_existent,non_existent,non_existent,non_existent,
CP,AK,104,Mid,large,18,a,,,,pseudo,pseudo,pseudo,pseudo,pseudo,pseudo,pseudo,pseudo,pseudo,pseudo,pseudo,pseudo,pseudo,pseudo,pseudo,pseudo,pseudo,pseudo,pseudo,pseudo,pseudo,non_existent,
CP,AK,104,Mid,large,18,b,,,,non_existent,non_existent,non_existent,non_existent,non_existent,non_existent,non_existent,non_existent,non_existent,non_existent,non_existent,non_existent,non_existent,non_existent,non_existent,non_existent,non_existent,non_existent,non_existent,non_existent,non_existent,non_existent,
CP,AK,104,Mid,large,18,c,,,,non_existent,non_existent,non_existent,non_existent,non_existent,non_existent,non_existent,non_existent,non_existent,non_existent,non_existent,non_existent,non_existent,non_existent,non_existent,non_existent,non_existent,non_existent,non_existent,non_existent,non_existent,non_existent,
CP,AK,105,High,large,1,a,,,,pseudo,pseudo,pseudo,pseudo,pseudo,pseudo,pseudo,pseudo,pseudo,pseudo,pseudo,pseudo,pseudo,pseudo,pseudo,pseudo,pseudo,pseudo,pseudo,pseudo,pseudo,non_existent,
CP,AK,105,High,large,1,b,,,,non_existent,non_existent,non_existent,non_existent,non_existent,non_existent,non_existent,non_existent,non_existent,non_existent,non_existent,non_existent,non_existent,non_existent,non_existent,non_existent,non_existent,non_existent,non_existent,non_existent,non_existent,non_existent,
CP,AK,105,High,large,1,c,,,,non_existent,non_existent,non_existent,non_existent,non_existent,non_existent,non_existent,non_existent,non_existent,non_existent,non_existent,non_existent,non_existent,non_existent,non_existent,non_existent,non_existent,non_existent,non_existent,non_existent,non_existent,non_existent,
CP,AK,105,High,medium,2,a,,,,empty,empty,empty,empty,empty,empty,empty,empty,empty,empty,empty,empty,empty,empty,empty,empty,empty,empty,empty,empty,empty,non_existent,
CP,AK,105,High,medium,2,b,,,,non_existent,non_existent,non_existent,non_existent,non_existent,non_existent,non_existent,non_existent,non_existent,non_existent,non_existent,non_existent,non_existent,non_existent,non_existent,non_existent,non_existent,non_existent,non_existent,non_existent,non_existent,non_existent,
CP,AK,105,High,medium,2,c,,,,non_existent,non_existent,non_existent,non_existent,non_existent,non_existent,non_existent,non_existent,non_existent,non_existent,non_existent,non_existent,non_existent,non_existent,non_existent,non_existent,non_existent,non_existent,non_existent,non_existent,non_existent,non_existent,
CP,AK,105,High,medium,3,a,,,,empty,empty,empty,empty,empty,empty,empty,empty,empty,empty,empty,empty,empty,empty,empty,empty,empty,empty,empty,empty,empty,non_existent,
CP,AK,105,High,medium,3,b,,,,non_existent,non_existent,non_existent,non_existent,non_existent,non_existent,non_existent,non_existent,non_existent,non_existent,non_existent,non_existent,non_existent,non_existent,non_existent,non_existent,non_existent,non_existent,non_existent,non_existent,non_existent,non_existent,
CP,AK,105,High,medium,3,c,,,,non_existent,non_existent,non_existent,non_existent,non_existent,non_existent,non_existent,non_existent,non_existent,non_existent,non_existent,non_existent,non_existent,non_existent,non_existent,non_existent,non_existent,non_existent,non_existent,non_existent,non_existent,non_existent,
CP,AK,105,High,large,4,a,,,,pseudo,pseudo,pseudo,pseudo,pseudo,pseudo,pseudo,pseudo,pseudo,pseudo,pseudo,pseudo,pseudo,pseudo,pseudo,pseudo,pseudo,pseudo,pseudo,pseudo,pseudo,non_existent,
CP,AK,105,High,large,4,b,,,,non_existent,non_existent,non_existent,non_existent,non_existent,non_existent,non_existent,non_existent,non_existent,non_existent,non_existent,non_existent,non_existent,non_existent,non_existent,non_existent,non_existent,non_existent,non_existent,non_existent,non_existent,non_existent,
CP,AK,105,High,large,4,c,,,,non_existent,non_existent,non_existent,non_existent,non_existent,non_existent,non_existent,non_existent,non_existent,non_existent,non_existent,non_existent,non_existent,non_existent,non_existent,non_existent,non_existent,non_existent,non_existent,non_existent,non_existent,non_existent,
CP,AK,105,High,medium,5,a,,,,empty,empty,empty,empty,empty,empty,empty,empty,empty,empty,empty,empty,empty,empty,empty,empty,empty,empty,empty,empty,empty,non_existent,
CP,AK,105,High,medium,5,b,,,,non_existent,non_existent,non_existent,non_existent,non_existent,non_existent,non_existent,non_existent,non_existent,non_existent,non_existent,non_existent,non_existent,non_existent,non_existent,non_existent,non_existent,non_existent,non_existent,non_existent,non_existent,non_existent,
CP,AK,105,High,medium,5,c,,,,non_existent,non_existent,non_existent,non_existent,non_existent,non_existent,non_existent,non_existent,non_existent,non_existent,non_existent,non_existent,non_existent,non_existent,non_existent,non_existent,non_existent,non_existent,non_existent,non_existent,non_existent,non_existent,
CP,AK,105,High,small,6,a,,,resin bee,empty,empty,empty,empty,empty,empty,empty,empty,inner wall started,no change,no change,non_existent,non_existent,non_existent,non_existent,non_existent,non_existent,non_existent,non_existent,non_existent,non_existent,non_existent,
CP,AK,105,High,small,6,b,,,,non_existent,non_existent,non_existent,non_existent,non_existent,non_existent,non_existent,non_existent,non_existent,non_existent,non_existent,empty,empty,empty,empty,empty,empty,empty,empty,empty,empty,non_existent,
CP,AK,105,High,small,6,c,,,,non_existent,non_existent,non_existent,non_existent,non_existent,non_existent,non_existent,non_existent,non_existent,non_existent,non_existent,non_existent,non_existent,non_existent,non_existent,non_existent,non_existent,non_existent,non_existent,non_existent,non_existent,non_existent,
CP,AK,105,High,medium,7,a,,,,pseudo,pseudo,pseudo,pseudo,pseudo,pseudo,pseudo,pseudo,pseudo,pseudo,pseudo,pseudo,pseudo,pseudo,pseudo,pseudo,pseudo,pseudo,pseudo,pseudo,pseudo,non_existent,
CP,AK,105,High,medium,7,b,,,,non_existent,non_existent,non_existent,non_existent,non_existent,non_existent,non_existent,non_existent,non_existent,non_existent,non_existent,non_existent,non_existent,non_existent,non_existent,non_existent,non_existent,non_existent,non_existent,non_existent,non_existent,non_existent,
CP,AK,105,High,medium,7,c,,,,non_existent,non_existent,non_existent,non_existent,non_existent,non_existent,non_existent,non_existent,non_existent,non_existent,non_existent,non_existent,non_existent,non_existent,non_existent,non_existent,non_existent,non_existent,non_existent,non_existent,non_existent,non_existent,
CP,AK,105,High,medium,8,a,,,,pseudo,pseudo,pseudo,pseudo,pseudo,pseudo,pseudo,pseudo,pseudo,pseudo,pseudo,pseudo,pseudo,pseudo,pseudo,pseudo,pseudo,pseudo,pseudo,pseudo,pseudo,non_existent,
CP,AK,105,High,medium,8,b,,,,non_existent,non_existent,non_existent,non_existent,non_existent,non_existent,non_existent,non_existent,non_existent,non_existent,non_existent,non_existent,non_existent,non_existent,non_existent,non_existent,non_existent,non_existent,non_existent,non_existent,non_existent,non_existent,
CP,AK,105,High,large,9,a,,,,empty,empty,empty,empty,empty,empty,empty,empty,empty,empty,empty,empty,empty,empty,empty,empty,empty,empty,empty,empty,empty,non_existent,
CP,AK,105,High,large,9,b,,,,non_existent,non_existent,non_existent,non_existent,non_existent,non_existent,non_existent,non_existent,non_existent,non_existent,non_existent,non_existent,non_existent,non_existent,non_existent,non_existent,non_existent,non_existent,non_existent,non_existent,non_existent,non_existent,
CP,AK,105,High,large,9,c,,,,non_existent,non_existent,non_existent,non_existent,non_existent,non_existent,non_existent,non_existent,non_existent,non_existent,non_existent,non_existent,non_existent,non_existent,non_existent,non_existent,non_existent,non_existent,non_existent,non_existent,non_existent,non_existent,
CP,AK,105,High,large,10,a,,,,pseudo,pseudo,pseudo,pseudo,pseudo,pseudo,pseudo,pseudo,pseudo,pseudo,pseudo,pseudo,pseudo,pseudo,pseudo,pseudo,pseudo,pseudo,pseudo,pseudo,pseudo,non_existent,
CP,AK,105,High,large,10,b,,,,non_existent,non_existent,non_existent,non_existent,non_existent,non_existent,non_existent,non_existent,non_existent,non_existent,non_existent,non_existent,non_existent,non_existent,non_existent,non_existent,non_existent,non_existent,non_existent,non_existent,non_existent,non_existent,
CP,AK,105,High,large,10,c,,,,non_existent,non_existent,non_existent,non_existent,non_existent,non_existent,non_existent,non_existent,non_existent,non_existent,non_existent,non_existent,non_existent,non_existent,non_existent,non_existent,non_existent,non_existent,non_existent,non_existent,non_existent,non_existent,
CP,AK,105,High,medium,11,a,,,,pseudo,pseudo,pseudo,pseudo,pseudo,pseudo,pseudo,pseudo,pseudo,pseudo,pseudo,pseudo,pseudo,pseudo,pseudo,pseudo,pseudo,pseudo,pseudo,pseudo,pseudo,non_existent,
CP,AK,105,High,medium,11,b,,,,non_existent,non_existent,non_existent,non_existent,non_existent,non_existent,non_existent,non_existent,non_existent,non_existent,non_existent,non_existent,non_existent,non_existent,non_existent,non_existent,non_existent,non_existent,non_existent,non_existent,non_existent,non_existent,
CP,AK,105,High,medium,11,c,,,,non_existent,non_existent,non_existent,non_existent,non_existent,non_existent,non_existent,non_existent,non_existent,non_existent,non_existent,non_existent,non_existent,non_existent,non_existent,non_existent,non_existent,non_existent,non_existent,non_existent,non_existent,non_existent,
CP,AK,105,High,medium,12,a,,,,empty,empty,empty,empty,empty,empty,empty,empty,empty,empty,empty,empty,empty,empty,empty,empty,empty,empty,empty,empty,empty,non_existent,
CP,AK,105,High,medium,12,b,,,,non_existent,non_existent,non_existent,non_existent,non_existent,non_existent,non_existent,non_existent,non_existent,non_existent,non_existent,non_existent,non_existent,non_existent,non_existent,non_existent,non_existent,non_existent,non_existent,non_existent,non_existent,non_existent,
CP,AK,105,High,medium,12,c,,,,non_existent,non_existent,non_existent,non_existent,non_existent,non_existent,non_existent,non_existent,non_existent,non_existent,non_existent,non_existent,non_existent,non_existent,non_existent,non_existent,non_existent,non_existent,non_existent,non_existent,non_existent,non_existent,
CP,AK,105,High,medium,13,a,,,,pseudo,pseudo,pseudo,pseudo,pseudo,pseudo,pseudo,pseudo,pseudo,pseudo,pseudo,pseudo,pseudo,pseudo,pseudo,pseudo,pseudo,pseudo,pseudo,pseudo,pseudo,non_existent,
CP,AK,105,High,medium,13,b,,,,non_existent,non_existent,non_existent,non_existent,non_existent,non_existent,non_existent,non_existent,non_existent,non_existent,non_existent,non_existent,non_existent,non_existent,non_existent,non_existent,non_existent,non_existent,non_existent,non_existent,non_existent,non_existent,
CP,AK,105,High,medium,13,c,,,,non_existent,non_existent,non_existent,non_existent,non_existent,non_existent,non_existent,non_existent,non_existent,non_existent,non_existent,non_existent,non_existent,non_existent,non_existent,non_existent,non_existent,non_existent,non_existent,non_existent,non_existent,non_existent,
CP,AK,105,High,small,14,a,,,,pseudo,pseudo,pseudo,pseudo,pseudo,pseudo,pseudo,pseudo,pseudo,pseudo,pseudo,pseudo,pseudo,pseudo,pseudo,pseudo,pseudo,pseudo,pseudo,pseudo,pseudo,non_existent,
CP,AK,105,High,small,14,b,,,,non_existent,non_existent,non_existent,non_existent,non_existent,non_existent,non_existent,non_existent,non_existent,non_existent,non_existent,non_existent,non_existent,non_existent,non_existent,non_existent,non_existent,non_existent,non_existent,non_existent,non_existent,non_existent,
CP,AK,105,High,small,14,c,,,,non_existent,non_existent,non_existent,non_existent,non_existent,non_existent,non_existent,non_existent,non_existent,non_existent,non_existent,non_existent,non_existent,non_existent,non_existent,non_existent,non_existent,non_existent,non_existent,non_existent,non_existent,non_existent,
CP,AK,105,High,medium,15,a,,,,pseudo,pseudo,pseudo,pseudo,pseudo,pseudo,pseudo,pseudo,pseudo,pseudo,pseudo,pseudo,pseudo,pseudo,pseudo,pseudo,pseudo,pseudo,pseudo,pseudo,pseudo,non_existent,
CP,AK,105,High,medium,15,b,,,,non_existent,non_existent,non_existent,non_existent,non_existent,non_existent,non_existent,non_existent,non_existent,non_existent,non_existent,non_existent,non_existent,non_existent,non_existent,non_existent,non_existent,non_existent,non_existent,non_existent,non_existent,non_existent,
CP,AK,105,High,medium,15,c,,,,non_existent,non_existent,non_existent,non_existent,non_existent,non_existent,non_existent,non_existent,non_existent,non_existent,non_existent,non_existent,non_existent,non_existent,non_existent,non_existent,non_existent,non_existent,non_existent,non_existent,non_existent,non_existent,
CP,AK,105,High,large,16,a,,,,pseudo,pseudo,pseudo,pseudo,pseudo,pseudo,pseudo,pseudo,pseudo,pseudo,pseudo,pseudo,pseudo,pseudo,pseudo,pseudo,pseudo,pseudo,pseudo,pseudo,pseudo,non_existent,
CP,AK,105,High,large,16,b,,,,non_existent,non_existent,non_existent,non_existent,non_existent,non_existent,non_existent,non_existent,non_existent,non_existent,non_existent,non_existent,non_existent,non_existent,non_existent,non_existent,non_existent,non_existent,non_existent,non_existent,non_existent,non_existent,
CP,AK,105,High,large,16,c,,,,non_existent,non_existent,non_existent,non_existent,non_existent,non_existent,non_existent,non_existent,non_existent,non_existent,non_existent,non_existent,non_existent,non_existent,non_existent,non_existent,non_existent,non_existent,non_existent,non_existent,non_existent,non_existent,
CP,AK,105,High,medium,17,a,,,,pseudo,pseudo,pseudo,pseudo,pseudo,pseudo,pseudo,pseudo,pseudo,pseudo,pseudo,pseudo,pseudo,pseudo,pseudo,pseudo,pseudo,pseudo,pseudo,pseudo,pseudo,non_existent,
CP,AK,105,High,medium,17,b,,,,non_existent,non_existent,non_existent,non_existent,non_existent,non_existent,non_existent,non_existent,non_existent,non_existent,non_existent,non_existent,non_existent,non_existent,non_existent,non_existent,non_existent,non_existent,non_existent,non_existent,non_existent,non_existent,
CP,AK,105,High,medium,17,c,,,,non_existent,non_existent,non_existent,non_existent,non_existent,non_existent,non_existent,non_existent,non_existent,non_existent,non_existent,non_existent,non_existent,non_existent,non_existent,non_existent,non_existent,non_existent,non_existent,non_existent,non_existent,non_existent,
CP,AK,105,High,large,18,a,,,,empty,empty,empty,empty,empty,empty,empty,empty,empty,empty,empty,empty,empty,empty,empty,empty,empty,empty,empty,empty,empty,non_existent,
CP,AK,105,High,large,18,b,,,,non_existent,non_existent,non_existent,non_existent,non_existent,non_existent,non_existent,non_existent,non_existent,non_existent,non_existent,non_existent,non_existent,non_existent,non_existent,non_existent,non_existent,non_existent,non_existent,non_existent,non_existent,non_existent,
CP,AK,105,High,large,18,c,,,,non_existent,non_existent,non_existent,non_existent,non_existent,non_existent,non_existent,non_existent,non_existent,non_existent,non_existent,non_existent,non_existent,non_existent,non_existent,non_existent,non_existent,non_existent,non_existent,non_existent,non_existent,non_existent,
CP,AL,106,Low,large,1,a,,,,empty,empty,empty,empty,empty,empty,empty,empty,empty,empty,empty,empty,empty,empty,empty,empty,empty,empty,empty,empty,empty,non_existent,
CP,AL,106,Low,large,1,b,,,,non_existent,non_existent,non_existent,non_existent,non_existent,non_existent,non_existent,non_existent,non_existent,non_existent,non_existent,non_existent,non_existent,non_existent,non_existent,non_existent,non_existent,non_existent,non_existent,non_existent,non_existent,non_existent,
CP,AL,106,Low,large,1,c,,,,non_existent,non_existent,non_existent,non_existent,non_existent,non_existent,non_existent,non_existent,non_existent,non_existent,non_existent,non_existent,non_existent,non_existent,non_existent,non_existent,non_existent,non_existent,non_existent,non_existent,non_existent,non_existent,
CP,AL,106,Low,medium,2,a,,,,empty,empty,empty,empty,empty,empty,empty,empty,empty,empty,empty,empty,empty,empty,empty,empty,empty,empty,empty,empty,empty,non_existent,
CP,AL,106,Low,medium,2,b,,,,non_existent,non_existent,non_existent,non_existent,non_existent,non_existent,non_existent,non_existent,non_existent,non_existent,non_existent,non_existent,non_existent,non_existent,non_existent,non_existent,non_existent,non_existent,non_existent,non_existent,non_existent,non_existent,
CP,AL,106,Low,medium,2,c,,,,non_existent,non_existent,non_existent,non_existent,non_existent,non_existent,non_existent,non_existent,non_existent,non_existent,non_existent,non_existent,non_existent,non_existent,non_existent,non_existent,non_existent,non_existent,non_existent,non_existent,non_existent,non_existent,
CP,AL,106,Low,medium,3,a,,,,empty,empty,empty,empty,empty,empty,empty,empty,empty,empty,empty,empty,empty,empty,empty,empty,empty,empty,empty,empty,empty,non_existent,
CP,AL,106,Low,medium,3,b,,,,non_existent,non_existent,non_existent,non_existent,non_existent,non_existent,non_existent,non_existent,non_existent,non_existent,non_existent,non_existent,non_existent,non_existent,non_existent,non_existent,non_existent,non_existent,non_existent,non_existent,non_existent,non_existent,
CP,AL,106,Low,medium,3,c,,,,non_existent,non_existent,non_existent,non_existent,non_existent,non_existent,non_existent,non_existent,non_existent,non_existent,non_existent,non_existent,non_existent,non_existent,non_existent,non_existent,non_existent,non_existent,non_existent,non_existent,non_existent,non_existent,
CP,AL,106,Low,medium,4,a,,,,empty,empty,empty,empty,empty,empty,empty,empty,empty,empty,empty,empty,empty,empty,empty,empty,empty,empty,empty,empty,empty,non_existent,
CP,AL,106,Low,medium,4,b,,,,non_existent,non_existent,non_existent,non_existent,non_existent,non_existent,non_existent,non_existent,non_existent,non_existent,non_existent,non_existent,non_existent,non_existent,non_existent,non_existent,non_existent,non_existent,non_existent,non_existent,non_existent,non_existent,
CP,AL,106,Low,medium,4,c,,,,non_existent,non_existent,non_existent,non_existent,non_existent,non_existent,non_existent,non_existent,non_existent,non_existent,non_existent,non_existent,non_existent,non_existent,non_existent,non_existent,non_existent,non_existent,non_existent,non_existent,non_existent,non_existent,
CP,AL,106,Low,small,5,a,145,32,resin bee,empty,empty,empty,empty,empty,empty,empty,empty,empty,empty,inner wall started,no change,3 cells,1 cell,end cap,no change,non_existent,non_existent,non_existent,non_existent,non_existent,non_existent,
CP,AL,106,Low,small,5,b,,,resin bee,non_existent,non_existent,non_existent,non_existent,non_existent,non_existent,non_existent,non_existent,non_existent,non_existent,non_existent,non_existent,non_existent,non_existent,non_existent,non_existent,end cap,non_existent,non_existent,non_existent,non_existent,non_existent,"no cells, just end cap"
CP,AL,106,Low,small,5,c,,,resin bee,non_existent,non_existent,non_existent,non_existent,non_existent,non_existent,non_existent,non_existent,non_existent,non_existent,non_existent,non_existent,non_existent,non_existent,non_existent,non_existent,non_existent,empty,inner wall + 1 cell,no change,no change,non_existent,1 cell is just some pollen
CP,AL,106,Low,medium,6,a,,,,empty,empty,empty,empty,empty,empty,empty,empty,empty,empty,empty,empty,empty,empty,empty,empty,empty,empty,empty,empty,empty,non_existent,
CP,AL,106,Low,medium,6,b,,,,non_existent,non_existent,non_existent,non_existent,non_existent,non_existent,non_existent,non_existent,non_existent,non_existent,non_existent,non_existent,non_existent,non_existent,non_existent,non_existent,non_existent,non_existent,non_existent,non_existent,non_existent,non_existent,
CP,AL,106,Low,medium,6,c,,,,non_existent,non_existent,non_existent,non_existent,non_existent,non_existent,non_existent,non_existent,non_existent,non_existent,non_existent,non_existent,non_existent,non_existent,non_existent,non_existent,non_existent,non_existent,non_existent,non_existent,non_existent,non_existent,
CP,AL,106,Low,large,7,a,,,,empty,empty,empty,empty,empty,empty,empty,empty,empty,empty,empty,empty,empty,empty,empty,empty,empty,empty,empty,empty,empty,non_existent,
CP,AL,106,Low,large,7,b,,,,non_existent,non_existent,non_existent,non_existent,non_existent,non_existent,non_existent,non_existent,non_existent,non_existent,non_existent,non_existent,non_existent,non_existent,non_existent,non_existent,non_existent,non_existent,non_existent,non_existent,non_existent,non_existent,
CP,AL,106,Low,large,7,c,,,,non_existent,non_existent,non_existent,non_existent,non_existent,non_existent,non_existent,non_existent,non_existent,non_existent,non_existent,non_existent,non_existent,non_existent,non_existent,non_existent,non_existent,non_existent,non_existent,non_existent,non_existent,non_existent,
CP,AL,106,Low,medium,8,a,,,,empty,empty,empty,empty,empty,empty,empty,empty,empty,empty,empty,empty,empty,empty,empty,empty,empty,empty,empty,empty,empty,non_existent,
CP,AL,106,Low,medium,8,b,,,,non_existent,non_existent,non_existent,non_existent,non_existent,non_existent,non_existent,non_existent,non_existent,non_existent,non_existent,non_existent,non_existent,non_existent,non_existent,non_existent,non_existent,non_existent,non_existent,non_existent,non_existent,non_existent,
CP,AL,106,Low,large,9,a,,,,empty,empty,empty,empty,empty,empty,empty,empty,empty,empty,empty,empty,empty,empty,empty,empty,empty,empty,empty,empty,empty,non_existent,
CP,AL,106,Low,large,9,b,,,,non_existent,non_existent,non_existent,non_existent,non_existent,non_existent,non_existent,non_existent,non_existent,non_existent,non_existent,non_existent,non_existent,non_existent,non_existent,non_existent,non_existent,non_existent,non_existent,non_existent,non_existent,non_existent,
CP,AL,106,Low,large,9,c,,,,non_existent,non_existent,non_existent,non_existent,non_existent,non_existent,non_existent,non_existent,non_existent,non_existent,non_existent,non_existent,non_existent,non_existent,non_existent,non_existent,non_existent,non_existent,non_existent,non_existent,non_existent,non_existent,
CP,AL,106,Low,medium,10,a,138,92,megachile,empty,empty,empty,empty,3 cells,end cap,no change,no change,non_existent,non_existent,non_existent,non_existent,non_existent,non_existent,non_existent,non_existent,non_existent,non_existent,non_existent,non_existent,non_existent,non_existent,
CP,AL,106,Low,medium,10,b,,,,non_existent,non_existent,non_existent,non_existent,non_existent,non_existent,non_existent,non_existent,empty,empty,empty,empty,empty,empty,empty,empty,empty,empty,empty,empty,empty,non_existent,
CP,AL,106,Low,medium,10,c,,,,non_existent,non_existent,non_existent,non_existent,non_existent,non_existent,non_existent,non_existent,non_existent,non_existent,non_existent,non_existent,non_existent,non_existent,non_existent,non_existent,non_existent,non_existent,non_existent,non_existent,non_existent,non_existent,
CP,AL,106,Low,medium,11,a,,,,empty,empty,empty,empty,empty,empty,empty,empty,empty,empty,empty,empty,empty,empty,empty,empty,empty,empty,empty,empty,empty,non_existent,
CP,AL,106,Low,medium,11,b,,,,non_existent,non_existent,non_existent,non_existent,non_existent,non_existent,non_existent,non_existent,non_existent,non_existent,non_existent,non_existent,non_existent,non_existent,non_existent,non_existent,non_existent,non_existent,non_existent,non_existent,non_existent,non_existent,
CP,AL,106,Low,medium,11,c,,,,non_existent,non_existent,non_existent,non_existent,non_existent,non_existent,non_existent,non_existent,non_existent,non_existent,non_existent,non_existent,non_existent,non_existent,non_existent,non_existent,non_existent,non_existent,non_existent,non_existent,non_existent,non_existent,
CP,AL,106,Low,small,12,a,144,17,heriades,empty,empty,empty,empty,empty,empty,empty,empty,empty,empty,empty,empty,empty,empty,empty,empty,inner wall,1 cell,1 cell + end cap,non_existent,non_existent,non_existent,
CP,AL,106,Low,small,12,b,,,,non_existent,non_existent,non_existent,non_existent,non_existent,non_existent,non_existent,non_existent,non_existent,non_existent,non_existent,non_existent,non_existent,non_existent,non_existent,non_existent,non_existent,non_existent,non_existent,empty,empty,non_existent,
CP,AL,106,Low,small,12,c,,,,non_existent,non_existent,non_existent,non_existent,non_existent,non_existent,non_existent,non_existent,non_existent,non_existent,non_existent,non_existent,non_existent,non_existent,non_existent,non_existent,non_existent,non_existent,non_existent,non_existent,non_existent,non_existent,
CP,AL,106,Low,large,13,a,,,,empty,empty,empty,empty,empty,empty,empty,empty,empty,empty,empty,empty,empty,empty,empty,empty,empty,empty,empty,empty,empty,non_existent,
CP,AL,106,Low,large,13,b,,,,non_existent,non_existent,non_existent,non_existent,non_existent,non_existent,non_existent,non_existent,non_existent,non_existent,non_existent,non_existent,non_existent,non_existent,non_existent,non_existent,non_existent,non_existent,non_existent,non_existent,non_existent,non_existent,
CP,AL,106,Low,large,13,c,,,,non_existent,non_existent,non_existent,non_existent,non_existent,non_existent,non_existent,non_existent,non_existent,non_existent,non_existent,non_existent,non_existent,non_existent,non_existent,non_existent,non_existent,non_existent,non_existent,non_existent,non_existent,non_existent,
CP,AL,106,Low,large,14,a,,,,empty,empty,empty,empty,empty,empty,empty,empty,empty,empty,empty,empty,empty,empty,empty,empty,empty,empty,empty,empty,empty,non_existent,
CP,AL,106,Low,large,14,b,,,,non_existent,non_existent,non_existent,non_existent,non_existent,non_existent,non_existent,non_existent,non_existent,non_existent,non_existent,non_existent,non_existent,non_existent,non_existent,non_existent,non_existent,non_existent,non_existent,non_existent,non_existent,non_existent,
CP,AL,106,Low,large,14,c,,,,non_existent,non_existent,non_existent,non_existent,non_existent,non_existent,non_existent,non_existent,non_existent,non_existent,non_existent,non_existent,non_existent,non_existent,non_existent,non_existent,non_existent,non_existent,non_existent,non_existent,non_existent,non_existent,
CP,AL,106,Low,medium,15,a,,,,empty,empty,empty,empty,empty,empty,empty,empty,empty,empty,empty,empty,empty,empty,empty,empty,empty,empty,empty,empty,empty,non_existent,
CP,AL,106,Low,medium,15,b,,,,non_existent,non_existent,non_existent,non_existent,non_existent,non_existent,non_existent,non_existent,non_existent,non_existent,non_existent,non_existent,non_existent,non_existent,non_existent,non_existent,non_existent,non_existent,non_existent,non_existent,non_existent,non_existent,
CP,AL,106,Low,medium,15,c,,,,non_existent,non_existent,non_existent,non_existent,non_existent,non_existent,non_existent,non_existent,non_existent,non_existent,non_existent,non_existent,non_existent,non_existent,non_existent,non_existent,non_existent,non_existent,non_existent,non_existent,non_existent,non_existent,
CP,AL,106,Low,medium,16,a,,,,empty,empty,empty,empty,empty,empty,empty,empty,empty,empty,empty,empty,empty,empty,empty,empty,empty,empty,empty,empty,empty,non_existent,
CP,AL,106,Low,medium,16,b,,,,non_existent,non_existent,non_existent,non_existent,non_existent,non_existent,non_existent,non_existent,non_existent,non_existent,non_existent,non_existent,non_existent,non_existent,non_existent,non_existent,non_existent,non_existent,non_existent,non_existent,non_existent,non_existent,
CP,AL,106,Low,medium,16,c,,,,non_existent,non_existent,non_existent,non_existent,non_existent,non_existent,non_existent,non_existent,non_existent,non_existent,non_existent,non_existent,non_existent,non_existent,non_existent,non_existent,non_existent,non_existent,non_existent,non_existent,non_existent,non_existent,
CP,AL,106,Low,large,17,a,,,,empty,empty,empty,empty,empty,empty,empty,empty,empty,empty,empty,empty,empty,empty,empty,empty,empty,empty,empty,empty,empty,non_existent,
CP,AL,106,Low,large,17,b,,,,non_existent,non_existent,non_existent,non_existent,non_existent,non_existent,non_existent,non_existent,non_existent,non_existent,non_existent,non_existent,non_existent,non_existent,non_existent,non_existent,non_existent,non_existent,non_existent,non_existent,non_existent,non_existent,
CP,AL,106,Low,large,17,c,,,,non_existent,non_existent,non_existent,non_existent,non_existent,non_existent,non_existent,non_existent,non_existent,non_existent,non_existent,non_existent,non_existent,non_existent,non_existent,non_existent,non_existent,non_existent,non_existent,non_existent,non_existent,non_existent,
CP,AL,106,Low,medium,18,a,,,,empty,empty,empty,empty,empty,empty,empty,empty,empty,empty,empty,empty,empty,empty,empty,empty,empty,empty,empty,empty,empty,non_existent,
CP,AL,106,Low,medium,18,b,,,,non_existent,non_existent,non_existent,non_existent,non_existent,non_existent,non_existent,non_existent,non_existent,non_existent,non_existent,non_existent,non_existent,non_existent,non_existent,non_existent,non_existent,non_existent,non_existent,non_existent,non_existent,non_existent,
CP,AL,106,Low,medium,18,c,,,,non_existent,non_existent,non_existent,non_existent,non_existent,non_existent,non_existent,non_existent,non_existent,non_existent,non_existent,non_existent,non_existent,non_existent,non_existent,non_existent,non_existent,non_existent,non_existent,non_existent,non_existent,non_existent,
CP,AL,107,Mid,medium,1,a,,,,empty,empty,empty,empty,empty,empty,empty,empty,empty,empty,empty,empty,empty,empty,empty,empty,empty,empty,empty,empty,empty,non_existent,
CP,AL,107,Mid,medium,1,b,,,,non_existent,non_existent,non_existent,non_existent,non_existent,non_existent,non_existent,non_existent,non_existent,non_existent,non_existent,non_existent,non_existent,non_existent,non_existent,non_existent,non_existent,non_existent,non_existent,non_existent,non_existent,non_existent,
CP,AL,107,Mid,medium,1,c,,,,non_existent,non_existent,non_existent,non_existent,non_existent,non_existent,non_existent,non_existent,non_existent,non_existent,non_existent,non_existent,non_existent,non_existent,non_existent,non_existent,non_existent,non_existent,non_existent,non_existent,non_existent,non_existent,
CP,AL,107,Mid,medium,2,a,,,,pseudo,pseudo,pseudo,pseudo,pseudo,pseudo,pseudo,pseudo,pseudo,pseudo,pseudo,pseudo,pseudo,pseudo,pseudo,pseudo,pseudo,pseudo,pseudo,pseudo,pseudo,non_existent,
CP,AL,107,Mid,medium,2,b,,,,non_existent,non_existent,non_existent,non_existent,non_existent,non_existent,non_existent,non_existent,non_existent,non_existent,non_existent,non_existent,non_existent,non_existent,non_existent,non_existent,non_existent,non_existent,non_existent,non_existent,non_existent,non_existent,
CP,AL,107,Mid,medium,2,c,,,,non_existent,non_existent,non_existent,non_existent,non_existent,non_existent,non_existent,non_existent,non_existent,non_existent,non_existent,non_existent,non_existent,non_existent,non_existent,non_existent,non_existent,non_existent,non_existent,non_existent,non_existent,non_existent,
CP,AL,107,Mid,medium,3,a,,,,pseudo,pseudo,pseudo,pseudo,pseudo,non_existent,non_existent,non_existent,non_existent,non_existent,non_existent,non_existent,non_existent,non_existent,non_existent,non_existent,non_existent,non_existent,non_existent,non_existent,non_existent,non_existent,
CP,AL,107,Mid,medium,3,b,,,,non_existent,non_existent,non_existent,non_existent,non_existent,empty,empty,empty,empty,empty,empty,empty,empty,empty,empty,empty,empty,empty,empty,empty,empty,non_existent,
CP,AL,107,Mid,medium,3,c,,,,non_existent,non_existent,non_existent,non_existent,non_existent,non_existent,non_existent,non_existent,non_existent,non_existent,non_existent,non_existent,non_existent,non_existent,non_existent,non_existent,non_existent,non_existent,non_existent,non_existent,non_existent,non_existent,
CP,AL,107,Mid,large,4,a,,,,pseudo,non_existent,non_existent,non_existent,non_existent,non_existent,non_existent,non_existent,non_existent,non_existent,non_existent,non_existent,non_existent,non_existent,non_existent,non_existent,non_existent,non_existent,non_existent,non_existent,non_existent,non_existent,
CP,AL,107,Mid,large,4,b,,,,non_existent,empty,empty,empty,empty,empty,empty,empty,empty,empty,empty,empty,empty,empty,empty,empty,empty,empty,empty,empty,empty,non_existent,
CP,AL,107,Mid,large,4,c,,,,non_existent,non_existent,non_existent,non_existent,non_existent,non_existent,non_existent,non_existent,non_existent,non_existent,non_existent,non_existent,non_existent,non_existent,non_existent,non_existent,non_existent,non_existent,non_existent,non_existent,non_existent,non_existent,
CP,AL,107,Mid,large,5,a,,,,empty,empty,empty,empty,empty,empty,empty,empty,empty,empty,empty,empty,empty,empty,empty,empty,empty,empty,empty,empty,empty,non_existent,
CP,AL,107,Mid,large,5,b,,,,non_existent,non_existent,non_existent,non_existent,non_existent,non_existent,non_existent,non_existent,non_existent,non_existent,non_existent,non_existent,non_existent,non_existent,non_existent,non_existent,non_existent,non_existent,non_existent,non_existent,non_existent,non_existent,
CP,AL,107,Mid,large,5,c,,,,non_existent,non_existent,non_existent,non_existent,non_existent,non_existent,non_existent,non_existent,non_existent,non_existent,non_existent,non_existent,non_existent,non_existent,non_existent,non_existent,non_existent,non_existent,non_existent,non_existent,non_existent,non_existent,
CP,AL,107,Mid,small,6,a,,,,pseudo,pseudo,pseudo,pseudo,pseudo,pseudo,pseudo,pseudo,pseudo,pseudo,pseudo,pseudo,pseudo,pseudo,pseudo,pseudo,pseudo,pseudo,pseudo,pseudo,pseudo,non_existent,
CP,AL,107,Mid,small,6,b,,,,non_existent,non_existent,non_existent,non_existent,non_existent,non_existent,non_existent,non_existent,non_existent,non_existent,non_existent,non_existent,non_existent,non_existent,non_existent,non_existent,non_existent,non_existent,non_existent,non_existent,non_existent,non_existent,
CP,AL,107,Mid,small,6,c,,,,non_existent,non_existent,non_existent,non_existent,non_existent,non_existent,non_existent,non_existent,non_existent,non_existent,non_existent,non_existent,non_existent,non_existent,non_existent,non_existent,non_existent,non_existent,non_existent,non_existent,non_existent,non_existent,
CP,AL,107,Mid,large,7,a,,,,empty,empty,empty,empty,empty,empty,empty,empty,empty,empty,empty,empty,empty,empty,empty,empty,empty,empty,empty,empty,empty,non_existent,
CP,AL,107,Mid,large,7,b,,,,non_existent,non_existent,non_existent,non_existent,non_existent,non_existent,non_existent,non_existent,non_existent,non_existent,non_existent,non_existent,non_existent,non_existent,non_existent,non_existent,non_existent,non_existent,non_existent,non_existent,non_existent,non_existent,
CP,AL,107,Mid,large,7,c,,,,non_existent,non_existent,non_existent,non_existent,non_existent,non_existent,non_existent,non_existent,non_existent,non_existent,non_existent,non_existent,non_existent,non_existent,non_existent,non_existent,non_existent,non_existent,non_existent,non_existent,non_existent,non_existent,
CP,AL,107,Mid,medium,8,a,,,,empty,empty,empty,empty,empty,empty,empty,empty,empty,empty,empty,empty,empty,empty,empty,empty,empty,empty,empty,empty,empty,non_existent,
CP,AL,107,Mid,medium,8,b,,,,non_existent,non_existent,non_existent,non_existent,non_existent,non_existent,non_existent,non_existent,non_existent,non_existent,non_existent,non_existent,non_existent,non_existent,non_existent,non_existent,non_existent,non_existent,non_existent,non_existent,non_existent,non_existent,
CP,AL,107,Mid,medium,9,a,138,43,megachile,empty,empty,empty,6 cells,end cap,no change,no change,no change,no change,no change,no change,no change,no change,no change,no change,non_existent,non_existent,non_existent,non_existent,non_existent,non_existent,non_existent,
CP,AL,107,Mid,medium,9,b,,,,non_existent,non_existent,non_existent,non_existent,non_existent,non_existent,non_existent,non_existent,non_existent,non_existent,non_existent,non_existent,non_existent,non_existent,non_existent,pseudo,pseudo,pseudo,pseudo,pseudo,pseudo,non_existent,
CP,AL,107,Mid,medium,9,c,,,,non_existent,non_existent,non_existent,non_existent,non_existent,non_existent,non_existent,non_existent,non_existent,non_existent,non_existent,non_existent,non_existent,non_existent,non_existent,non_existent,non_existent,non_existent,non_existent,non_existent,non_existent,non_existent,
CP,AL,107,Mid,medium,10,a,,,,empty,empty,empty,empty,empty,empty,empty,empty,empty,empty,empty,empty,empty,empty,empty,empty,empty,empty,empty,empty,empty,non_existent,
CP,AL,107,Mid,medium,10,b,,,,non_existent,non_existent,non_existent,non_existent,non_existent,non_existent,non_existent,non_existent,non_existent,non_existent,non_existent,non_existent,non_existent,non_existent,non_existent,non_existent,non_existent,non_existent,non_existent,non_existent,non_existent,non_existent,
CP,AL,107,Mid,medium,10,c,,,,non_existent,non_existent,non_existent,non_existent,non_existent,non_existent,non_existent,non_existent,non_existent,non_existent,non_existent,non_existent,non_existent,non_existent,non_existent,non_existent,non_existent,non_existent,non_existent,non_existent,non_existent,non_existent,
CP,AL,107,Mid,medium,11,a,,,,empty,empty,empty,empty,empty,empty,empty,empty,empty,empty,empty,empty,empty,empty,empty,empty,empty,empty,empty,empty,empty,non_existent,
CP,AL,107,Mid,medium,11,b,,,,non_existent,non_existent,non_existent,non_existent,non_existent,non_existent,non_existent,non_existent,non_existent,non_existent,non_existent,non_existent,non_existent,non_existent,non_existent,non_existent,non_existent,non_existent,non_existent,non_existent,non_existent,non_existent,
CP,AL,107,Mid,medium,11,c,,,,non_existent,non_existent,non_existent,non_existent,non_existent,non_existent,non_existent,non_existent,non_existent,non_existent,non_existent,non_existent,non_existent,non_existent,non_existent,non_existent,non_existent,non_existent,non_existent,non_existent,non_existent,non_existent,
CP,AL,107,Mid,medium,12,a,,,,pseudo,pseudo,pseudo,pseudo,pseudo,pseudo,pseudo,pseudo,pseudo,pseudo,pseudo,pseudo,pseudo,pseudo,pseudo,pseudo,pseudo,pseudo,pseudo,pseudo,pseudo,non_existent,
CP,AL,107,Mid,medium,12,b,,,,non_existent,non_existent,non_existent,non_existent,non_existent,non_existent,non_existent,non_existent,non_existent,non_existent,non_existent,non_existent,non_existent,non_existent,non_existent,non_existent,non_existent,non_existent,non_existent,non_existent,non_existent,non_existent,
CP,AL,107,Mid,medium,12,c,,,,non_existent,non_existent,non_existent,non_existent,non_existent,non_existent,non_existent,non_existent,non_existent,non_existent,non_existent,non_existent,non_existent,non_existent,non_existent,non_existent,non_existent,non_existent,non_existent,non_existent,non_existent,non_existent,
CP,AL,107,Mid,large,13,a,,,megachile,3 cells,no change,2 cells,1 cell,end cap,no change,no change,no change,no change,no change,no change,2 cells eaten,no change,no change,no change,non_existent,non_existent,non_existent,non_existent,non_existent,non_existent,non_existent,2 cells eaten may have been emerged (july 16)
CP,AL,107,Mid,large,13,b,,,,non_existent,non_existent,non_existent,non_existent,non_existent,non_existent,non_existent,non_existent,non_existent,non_existent,non_existent,non_existent,non_existent,non_existent,non_existent,pseudo,pseudo,pseudo,pseudo,pseudo,pseudo,non_existent,
CP,AL,107,Mid,large,13,c,,,,non_existent,non_existent,non_existent,non_existent,non_existent,non_existent,non_existent,non_existent,non_existent,non_existent,non_existent,non_existent,non_existent,non_existent,non_existent,non_existent,non_existent,non_existent,non_existent,non_existent,non_existent,non_existent,
CP,AL,107,Mid,large,14,a,,,,pseudo,pseudo,pseudo,pseudo,pseudo,pseudo,pseudo,pseudo,pseudo,pseudo,pseudo,pseudo,pseudo,pseudo,pseudo,pseudo,pseudo,pseudo,pseudo,pseudo,pseudo,non_existent,
CP,AL,107,Mid,large,14,b,,,,non_existent,non_existent,non_existent,non_existent,non_existent,non_existent,non_existent,non_existent,non_existent,non_existent,non_existent,non_existent,non_existent,non_existent,non_existent,non_existent,non_existent,non_existent,non_existent,non_existent,non_existent,non_existent,
CP,AL,107,Mid,large,14,c,,,,non_existent,non_existent,non_existent,non_existent,non_existent,non_existent,non_existent,non_existent,non_existent,non_existent,non_existent,non_existent,non_existent,non_existent,non_existent,non_existent,non_existent,non_existent,non_existent,non_existent,non_existent,non_existent,
CP,AL,107,Mid,medium,15,a,,,,empty,empty,empty,empty,empty,empty,empty,empty,empty,empty,empty,empty,empty,empty,empty,empty,empty,empty,empty,empty,empty,non_existent,
CP,AL,107,Mid,medium,15,b,,,,non_existent,non_existent,non_existent,non_existent,non_existent,non_existent,non_existent,non_existent,non_existent,non_existent,non_existent,non_existent,non_existent,non_existent,non_existent,non_existent,non_existent,non_existent,non_existent,non_existent,non_existent,non_existent,
CP,AL,107,Mid,medium,15,c,,,,non_existent,non_existent,non_existent,non_existent,non_existent,non_existent,non_existent,non_existent,non_existent,non_existent,non_existent,non_existent,non_existent,non_existent,non_existent,non_existent,non_existent,non_existent,non_existent,non_existent,non_existent,non_existent,
CP,AL,107,Mid,small,16,a,,,,empty,empty,empty,empty,empty,empty,empty,empty,empty,empty,empty,empty,empty,empty,empty,empty,empty,empty,empty,empty,empty,non_existent,
CP,AL,107,Mid,small,16,b,,,,non_existent,non_existent,non_existent,non_existent,non_existent,non_existent,non_existent,non_existent,non_existent,non_existent,non_existent,non_existent,non_existent,non_existent,non_existent,non_existent,non_existent,non_existent,non_existent,non_existent,non_existent,non_existent,
CP,AL,107,Mid,small,16,c,,,,non_existent,non_existent,non_existent,non_existent,non_existent,non_existent,non_existent,non_existent,non_existent,non_existent,non_existent,non_existent,non_existent,non_existent,non_existent,non_existent,non_existent,non_existent,non_existent,non_existent,non_existent,non_existent,
CP,AL,107,Mid,medium,17,a,,,,empty,empty,empty,empty,empty,empty,empty,empty,empty,empty,empty,empty,empty,empty,empty,empty,empty,empty,empty,empty,empty,non_existent,
CP,AL,107,Mid,medium,17,b,,,,non_existent,non_existent,non_existent,non_existent,non_existent,non_existent,non_existent,non_existent,non_existent,non_existent,non_existent,non_existent,non_existent,non_existent,non_existent,non_existent,non_existent,non_existent,non_existent,non_existent,non_existent,non_existent,
CP,AL,107,Mid,medium,17,c,,,,non_existent,non_existent,non_existent,non_existent,non_existent,non_existent,non_existent,non_existent,non_existent,non_existent,non_existent,non_existent,non_existent,non_existent,non_existent,non_existent,non_existent,non_existent,non_existent,non_existent,non_existent,non_existent,
CP,AL,107,Mid,large,18,a,,,,empty,empty,empty,empty,empty,empty,empty,empty,empty,empty,empty,empty,empty,empty,empty,empty,empty,empty,empty,empty,empty,non_existent,
CP,AL,107,Mid,large,18,b,,,,non_existent,non_existent,non_existent,non_existent,non_existent,non_existent,non_existent,non_existent,non_existent,non_existent,non_existent,non_existent,non_existent,non_existent,non_existent,non_existent,non_existent,non_existent,non_existent,non_existent,non_existent,non_existent,
CP,AL,107,Mid,large,18,c,,,,non_existent,non_existent,non_existent,non_existent,non_existent,non_existent,non_existent,non_existent,non_existent,non_existent,non_existent,non_existent,non_existent,non_existent,non_existent,non_existent,non_existent,non_existent,non_existent,non_existent,non_existent,non_existent,
CP,AL,108,High,medium,1,a,,,,empty,empty,empty,empty,empty,empty,empty,empty,empty,empty,empty,empty,empty,empty,empty,empty,empty,empty,empty,empty,empty,non_existent,
CP,AL,108,High,medium,1,b,,,,non_existent,non_existent,non_existent,non_existent,non_existent,non_existent,non_existent,non_existent,non_existent,non_existent,non_existent,non_existent,non_existent,non_existent,non_existent,non_existent,non_existent,non_existent,non_existent,non_existent,non_existent,non_existent,
CP,AL,108,High,medium,1,c,,,,non_existent,non_existent,non_existent,non_existent,non_existent,non_existent,non_existent,non_existent,non_existent,non_existent,non_existent,non_existent,non_existent,non_existent,non_existent,non_existent,non_existent,non_existent,non_existent,non_existent,non_existent,non_existent,
CP,AL,108,High,small,2,a,,,,pseudo,pseudo,pseudo,pseudo,pseudo,pseudo,pseudo,pseudo,pseudo,pseudo,non_existent,non_existent,non_existent,non_existent,non_existent,non_existent,non_existent,non_existent,non_existent,non_existent,non_existent,non_existent,NTC in other small
CP,AL,108,High,small,2,b,140,25,heriades,non_existent,non_existent,non_existent,non_existent,non_existent,non_existent,non_existent,non_existent,non_existent,non_existent,empty,2 cells,end cap,no change,non_existent,non_existent,non_existent,non_existent,non_existent,non_existent,non_existent,non_existent,
CP,AL,108,High,small,2,c,137,46,heriades,non_existent,non_existent,non_existent,non_existent,non_existent,non_existent,non_existent,non_existent,non_existent,non_existent,non_existent,non_existent,non_existent,non_existent,empty,empty,1 cell,1 cell,2 cells,no change,no change,non_existent,
CP,AL,108,High,large,3,a,,,,pseudo,pseudo,pseudo,pseudo,pseudo,pseudo,pseudo,pseudo,pseudo,pseudo,pseudo,pseudo,pseudo,pseudo,pseudo,pseudo,pseudo,pseudo,pseudo,pseudo,pseudo,non_existent,
CP,AL,108,High,large,3,b,,,,non_existent,non_existent,non_existent,non_existent,non_existent,non_existent,non_existent,non_existent,non_existent,non_existent,non_existent,non_existent,non_existent,non_existent,non_existent,non_existent,non_existent,non_existent,non_existent,non_existent,non_existent,non_existent,
CP,AL,108,High,large,3,c,,,,non_existent,non_existent,non_existent,non_existent,non_existent,non_existent,non_existent,non_existent,non_existent,non_existent,non_existent,non_existent,non_existent,non_existent,non_existent,non_existent,non_existent,non_existent,non_existent,non_existent,non_existent,non_existent,
CP,AL,108,High,medium,4,a,,,,pseudo,pseudo,pseudo,pseudo,pseudo,pseudo,pseudo,pseudo,pseudo,pseudo,pseudo,pseudo,pseudo,pseudo,pseudo,pseudo,pseudo,pseudo,pseudo,pseudo,pseudo,non_existent,
CP,AL,108,High,medium,4,b,,,,non_existent,non_existent,non_existent,non_existent,non_existent,non_existent,non_existent,non_existent,non_existent,non_existent,non_existent,non_existent,non_existent,non_existent,non_existent,non_existent,non_existent,non_existent,non_existent,non_existent,non_existent,non_existent,
CP,AL,108,High,medium,4,c,,,,non_existent,non_existent,non_existent,non_existent,non_existent,non_existent,non_existent,non_existent,non_existent,non_existent,non_existent,non_existent,non_existent,non_existent,non_existent,non_existent,non_existent,non_existent,non_existent,non_existent,non_existent,non_existent,
CP,AL,108,High,medium,5,a,,,,pseudo,pseudo,pseudo,pseudo,pseudo,pseudo,pseudo,pseudo,pseudo,pseudo,pseudo,pseudo,pseudo,pseudo,pseudo,pseudo,pseudo,pseudo,pseudo,pseudo,pseudo,non_existent,
CP,AL,108,High,medium,5,b,,,,non_existent,non_existent,non_existent,non_existent,non_existent,non_existent,non_existent,non_existent,non_existent,non_existent,non_existent,non_existent,non_existent,non_existent,non_existent,non_existent,non_existent,non_existent,non_existent,non_existent,non_existent,non_existent,
CP,AL,108,High,medium,5,c,,,,non_existent,non_existent,non_existent,non_existent,non_existent,non_existent,non_existent,non_existent,non_existent,non_existent,non_existent,non_existent,non_existent,non_existent,non_existent,non_existent,non_existent,non_existent,non_existent,non_existent,non_existent,non_existent,
CP,AL,108,High,large,6,a,,,,pseudo,pseudo,pseudo,pseudo,pseudo,pseudo,pseudo,pseudo,pseudo,pseudo,pseudo,pseudo,pseudo,pseudo,pseudo,pseudo,pseudo,pseudo,pseudo,pseudo,pseudo,non_existent,
CP,AL,108,High,large,6,b,,,,non_existent,non_existent,non_existent,non_existent,non_existent,non_existent,non_existent,non_existent,non_existent,non_existent,non_existent,non_existent,non_existent,non_existent,non_existent,non_existent,non_existent,non_existent,non_existent,non_existent,non_existent,non_existent,
CP,AL,108,High,large,6,c,,,,non_existent,non_existent,non_existent,non_existent,non_existent,non_existent,non_existent,non_existent,non_existent,non_existent,non_existent,non_existent,non_existent,non_existent,non_existent,non_existent,non_existent,non_existent,non_existent,non_existent,non_existent,non_existent,
CP,AL,108,High,medium,7,a,,,,empty,empty,empty,empty,empty,empty,empty,empty,empty,empty,empty,empty,empty,empty,empty,empty,empty,empty,empty,empty,empty,non_existent,
CP,AL,108,High,medium,7,b,,,,non_existent,non_existent,non_existent,non_existent,non_existent,non_existent,non_existent,non_existent,non_existent,non_existent,non_existent,non_existent,non_existent,non_existent,non_existent,non_existent,non_existent,non_existent,non_existent,non_existent,non_existent,non_existent,
CP,AL,108,High,medium,7,c,,,,non_existent,non_existent,non_existent,non_existent,non_existent,non_existent,non_existent,non_existent,non_existent,non_existent,non_existent,non_existent,non_existent,non_existent,non_existent,non_existent,non_existent,non_existent,non_existent,non_existent,non_existent,non_existent,
CP,AL,108,High,medium,8,a,,,,pseudo,pseudo,pseudo,pseudo,pseudo,pseudo,pseudo,pseudo,pseudo,pseudo,pseudo,pseudo,pseudo,pseudo,pseudo,pseudo,pseudo,pseudo,pseudo,pseudo,pseudo,non_existent,
CP,AL,108,High,medium,8,b,,,,non_existent,non_existent,non_existent,non_existent,non_existent,non_existent,non_existent,non_existent,non_existent,non_existent,non_existent,non_existent,non_existent,non_existent,non_existent,non_existent,non_existent,non_existent,non_existent,non_existent,non_existent,non_existent,
CP,AL,108,High,large,9,a,,,,empty,empty,empty,empty,empty,empty,empty,empty,empty,empty,empty,empty,empty,empty,empty,empty,empty,empty,empty,empty,empty,non_existent,
CP,AL,108,High,large,9,b,,,,non_existent,non_existent,non_existent,non_existent,non_existent,non_existent,non_existent,non_existent,non_existent,non_existent,non_existent,non_existent,non_existent,non_existent,non_existent,non_existent,non_existent,non_existent,non_existent,non_existent,non_existent,non_existent,
CP,AL,108,High,large,9,c,,,,non_existent,non_existent,non_existent,non_existent,non_existent,non_existent,non_existent,non_existent,non_existent,non_existent,non_existent,non_existent,non_existent,non_existent,non_existent,non_existent,non_existent,non_existent,non_existent,non_existent,non_existent,non_existent,
CP,AL,108,High,large,10,a,,,,pseudo,pseudo,pseudo,pseudo,pseudo,pseudo,pseudo,pseudo,pseudo,pseudo,pseudo,pseudo,pseudo,pseudo,pseudo,pseudo,pseudo,pseudo,pseudo,pseudo,pseudo,non_existent,
CP,AL,108,High,large,10,b,,,,non_existent,non_existent,non_existent,non_existent,non_existent,non_existent,non_existent,non_existent,non_existent,non_existent,non_existent,non_existent,non_existent,non_existent,non_existent,non_existent,non_existent,non_existent,non_existent,non_existent,non_existent,non_existent,
CP,AL,108,High,large,10,c,,,,non_existent,non_existent,non_existent,non_existent,non_existent,non_existent,non_existent,non_existent,non_existent,non_existent,non_existent,non_existent,non_existent,non_existent,non_existent,non_existent,non_existent,non_existent,non_existent,non_existent,non_existent,non_existent,
CP,AL,108,High,medium,11,a,,,,empty,empty,empty,empty,empty,empty,empty,empty,empty,empty,empty,empty,empty,empty,empty,empty,empty,empty,empty,empty,empty,non_existent,
CP,AL,108,High,medium,11,b,,,,non_existent,non_existent,non_existent,non_existent,non_existent,non_existent,non_existent,non_existent,non_existent,non_existent,non_existent,non_existent,non_existent,non_existent,non_existent,non_existent,non_existent,non_existent,non_existent,non_existent,non_existent,non_existent,
CP,AL,108,High,medium,11,c,,,,non_existent,non_existent,non_existent,non_existent,non_existent,non_existent,non_existent,non_existent,non_existent,non_existent,non_existent,non_existent,non_existent,non_existent,non_existent,non_existent,non_existent,non_existent,non_existent,non_existent,non_existent,non_existent,
CP,AL,108,High,medium,12,a,,,,pseudo,pseudo,pseudo,pseudo,pseudo,pseudo,pseudo,pseudo,pseudo,pseudo,pseudo,pseudo,pseudo,pseudo,pseudo,pseudo,pseudo,pseudo,pseudo,pseudo,pseudo,non_existent,
CP,AL,108,High,medium,12,b,,,,non_existent,non_existent,non_existent,non_existent,non_existent,non_existent,non_existent,non_existent,non_existent,non_existent,non_existent,non_existent,non_existent,non_existent,non_existent,non_existent,non_existent,non_existent,non_existent,non_existent,non_existent,non_existent,
CP,AL,108,High,medium,12,c,,,,non_existent,non_existent,non_existent,non_existent,non_existent,non_existent,non_existent,non_existent,non_existent,non_existent,non_existent,non_existent,non_existent,non_existent,non_existent,non_existent,non_existent,non_existent,non_existent,non_existent,non_existent,non_existent,
CP,AL,108,High,large,13,a,,,,pseudo,pseudo,pseudo,pseudo,pseudo,pseudo,pseudo,pseudo,pseudo,pseudo,pseudo,pseudo,pseudo,pseudo,pseudo,pseudo,pseudo,pseudo,pseudo,pseudo,pseudo,non_existent,
CP,AL,108,High,large,13,b,,,,non_existent,non_existent,non_existent,non_existent,non_existent,non_existent,non_existent,non_existent,non_existent,non_existent,non_existent,non_existent,non_existent,non_existent,non_existent,non_existent,non_existent,non_existent,non_existent,non_existent,non_existent,non_existent,
CP,AL,108,High,large,13,c,,,,non_existent,non_existent,non_existent,non_existent,non_existent,non_existent,non_existent,non_existent,non_existent,non_existent,non_existent,non_existent,non_existent,non_existent,non_existent,non_existent,non_existent,non_existent,non_existent,non_existent,non_existent,non_existent,
CP,AL,108,High,medium,14,a,,,,pseudo,pseudo,pseudo,pseudo,pseudo,pseudo,pseudo,pseudo,pseudo,pseudo,pseudo,pseudo,pseudo,pseudo,pseudo,pseudo,pseudo,pseudo,pseudo,pseudo,pseudo,non_existent,
CP,AL,108,High,medium,14,b,,,,non_existent,non_existent,non_existent,non_existent,non_existent,non_existent,non_existent,non_existent,non_existent,non_existent,non_existent,non_existent,non_existent,non_existent,non_existent,non_existent,non_existent,non_existent,non_existent,non_existent,non_existent,non_existent,
CP,AL,108,High,medium,14,c,,,,non_existent,non_existent,non_existent,non_existent,non_existent,non_existent,non_existent,non_existent,non_existent,non_existent,non_existent,non_existent,non_existent,non_existent,non_existent,non_existent,non_existent,non_existent,non_existent,non_existent,non_existent,non_existent,
CP,AL,108,High,medium,15,a,,,,pseudo,pseudo,pseudo,pseudo,pseudo,pseudo,pseudo,pseudo,pseudo,pseudo,pseudo,pseudo,pseudo,pseudo,pseudo,pseudo,pseudo,pseudo,pseudo,pseudo,pseudo,non_existent,
CP,AL,108,High,medium,15,b,,,,non_existent,non_existent,non_existent,non_existent,non_existent,non_existent,non_existent,non_existent,non_existent,non_existent,non_existent,non_existent,non_existent,non_existent,non_existent,non_existent,non_existent,non_existent,non_existent,non_existent,non_existent,non_existent,
CP,AL,108,High,medium,15,c,,,,non_existent,non_existent,non_existent,non_existent,non_existent,non_existent,non_existent,non_existent,non_existent,non_existent,non_existent,non_existent,non_existent,non_existent,non_existent,non_existent,non_existent,non_existent,non_existent,non_existent,non_existent,non_existent,
CP,AL,108,High,small,16,a,,,wasp,empty,empty,empty,empty,non-target cells + non-target end cap,non_existent,non_existent,non_existent,non_existent,non_existent,non_existent,non_existent,non_existent,non_existent,non_existent,non_existent,non_existent,non_existent,non_existent,non_existent,non_existent,non_existent,
CP,AL,108,High,small,16,b,,,wasp,non_existent,non_existent,non_existent,non_existent,non_existent,non-target cells + non-target end cap,non_existent,non_existent,non_existent,non_existent,non_existent,non_existent,non_existent,non_existent,non_existent,non_existent,non_existent,non_existent,non_existent,non_existent,non_existent,non_existent,
CP,AL,108,High,small,16,c,,,wasp,non_existent,non_existent,non_existent,non_existent,non_existent,non_existent,non-target cells,non_existent,non_existent,non_existent,non_existent,non_existent,non_existent,non_existent,non_existent,non_existent,non_existent,non_existent,non_existent,non_existent,non_existent,non_existent,
CP,AL,108,High,small,16,d,,,wasp,non_existent,non_existent,non_existent,non_existent,non_existent,non_existent,non_existent,non-target cells,non_existent,non_existent,non_existent,non_existent,non_existent,non_existent,non_existent,non_existent,non_existent,non_existent,non_existent,non_existent,non_existent,non_existent,
CP,AL,108,High,small,16,e,,,wasp,non_existent,non_existent,non_existent,non_existent,non_existent,non_existent,non_existent,non_existent,non-target end cap,non_existent,non_existent,non_existent,non_existent,non_existent,non_existent,non_existent,non_existent,non_existent,non_existent,non_existent,non_existent,non_existent,
CP,AL,108,High,small,16,f,133,36,heriades,non_existent,non_existent,non_existent,non_existent,non_existent,non_existent,non_existent,non_existent,non_existent,1 cell,2 cells,end cap,non_existent,non_existent,non_existent,non_existent,non_existent,non_existent,non_existent,non_existent,non_existent,non_existent,
CP,AL,108,High,small,16,g,134,34,heriades,non_existent,non_existent,non_existent,non_existent,non_existent,non_existent,non_existent,non_existent,non_existent,non_existent,non_existent,non_existent,empty,inner wall,2 cells,1 cell,end cap,non_existent,non_existent,non_existent,non_existent,non_existent,
CP,AL,108,High,small,16,h,,,,non_existent,non_existent,non_existent,non_existent,non_existent,non_existent,non_existent,non_existent,non_existent,non_existent,non_existent,non_existent,non_existent,non_existent,non_existent,non_existent,non_existent,empty,empty,empty,empty,non_existent,
CP,AL,108,High,medium,17,a,,,wasp,empty,empty,empty,empty,non-target cells + non-target end cap,non_existent,non_existent,non_existent,non_existent,non_existent,non_existent,non_existent,non_existent,non_existent,non_existent,non_existent,non_existent,non_existent,non_existent,non_existent,non_existent,non_existent,
CP,AL,108,High,medium,17,b,,,wasp,non_existent,non_existent,non_existent,non_existent,non_existent,non-target cells,non_existent,non_existent,non_existent,non_existent,non_existent,non_existent,non_existent,non_existent,non_existent,non_existent,non_existent,non_existent,non_existent,non_existent,non_existent,non_existent,
CP,AL,108,High,medium,17,c,,,,non_existent,non_existent,non_existent,non_existent,non_existent,non_existent,empty,empty,empty,empty,empty,empty,empty,empty,empty,empty,empty,empty,empty,empty,empty,non_existent,
CP,AL,108,High,large,18,a,,,wasp,empty,empty,non-target cell,cells,end cap,non_existent,non_existent,non_existent,non_existent,non_existent,non_existent,non_existent,non_existent,non_existent,non_existent,non_existent,non_existent,non_existent,non_existent,non_existent,non_existent,non_existent,
CP,AL,108,High,large,18,b,,,,non_existent,non_existent,non_existent,non_existent,non_existent,empty,empty,empty,empty,empty,empty,empty,empty,empty,empty,empty,empty,empty,empty,empty,empty,non_existent,
CP,AL,108,High,large,18,c,,,,non_existent,non_existent,non_existent,non_existent,non_existent,non_existent,non_existent,non_existent,non_existent,non_existent,non_existent,non_existent,non_existent,non_existent,non_existent,non_existent,non_existent,non_existent,non_existent,non_existent,non_existent,non_existent,