Site,Subsite,Trapnest,Treatment,Cavity_size,Cavity_number,Straw_ID,Moldy,Straw_length_mm,Filled_length_mm,Occupant,06-May,07-May,11-May,12-May,15-May,16-May,17-May,18-May,19-May,21-May,22-May,23-May,25-May,26-May,28-May,29-May,31-May,01-Jun,02-Jun,04-Jun,05-Jun,08-Jun,09-Jun,10-Jun,11-Jun,12-Jun,14-Jun,15-Jun,16-Jun,19-Jun,20-Jun,22-Jun,23-Jun,29-Jun,30-Jun,03-Jul,04-Jul,05-Jul,06-Jul,07-Jul,10-Jul,12-Jul,14-Jul,17-Jul,20-Jul,24-Jul,26-Jul,28-Jul,29-Jul,01-Aug,04-Aug,09-Aug,Notes
BP,A,1,Low,small,1,a,,,,NA,non_existent,non_existent,empty,empty,empty,empty,empty,no_visit,empty,empty,empty,empty,no_visit,empty,empty,empty,empty,no_visit,empty,no_visit,empty,empty,no_visit,empty,no_visit,empty,empty,no_visit,empty,no_visit,empty,no_visit,empty,empty,non_existent,non_existent,non_existent,non_existent,non_existent,non_existent,non_existent,non_existent,non_existent,non_existent,non_existent,non_existent,non_existent,non_existent,non_existent,non_existent,non_existent,non_existent,
BP,A,1,Low,medium,2,a,,,,NA,non_existent,non_existent,empty,empty,empty,empty,empty,no_visit,empty,empty,empty,empty,no_visit,empty,empty,empty,empty,no_visit,empty,no_visit,empty,empty,no_visit,empty,no_visit,empty,empty,no_visit,empty,no_visit,empty,no_visit,empty,empty,non_existent,non_existent,non_existent,non_existent,non_existent,non_existent,non_existent,non_existent,non_existent,non_existent,non_existent,non_existent,non_existent,non_existent,non_existent,non_existent,non_existent,non_existent,
BP,A,1,Low,small,3,a,,,,NA,non_existent,non_existent,empty,empty,empty,empty,empty,no_visit,empty,empty,empty,empty,no_visit,empty,empty,empty,empty,no_visit,empty,no_visit,empty,empty,no_visit,empty,no_visit,empty,empty,no_visit,empty,no_visit,empty,no_visit,empty,empty,non_existent,non_existent,non_existent,non_existent,non_existent,non_existent,non_existent,non_existent,non_existent,non_existent,non_existent,non_existent,non_existent,non_existent,non_existent,non_existent,non_existent,non_existent,
BP,A,1,Low,small,4,a,,,,NA,non_existent,non_existent,empty,empty,empty,empty,empty,no_visit,empty,empty,empty,empty,no_visit,empty,empty,empty,empty,no_visit,empty,no_visit,empty,empty,no_visit,empty,no_visit,empty,empty,no_visit,empty,no_visit,empty,no_visit,empty,empty,non_existent,non_existent,non_existent,non_existent,non_existent,non_existent,non_existent,non_existent,non_existent,non_existent,non_existent,non_existent,non_existent,non_existent,non_existent,non_existent,non_existent,non_existent,
BP,A,1,Low,large,5,a,,,,NA,non_existent,non_existent,empty,empty,empty,empty,empty,no_visit,empty,empty,empty,empty,no_visit,empty,empty,empty,empty,no_visit,empty,no_visit,empty,empty,no_visit,empty,no_visit,empty,empty,no_visit,empty,no_visit,empty,no_visit,empty,empty,non_existent,non_existent,non_existent,non_existent,non_existent,non_existent,non_existent,non_existent,non_existent,non_existent,non_existent,non_existent,non_existent,non_existent,non_existent,non_existent,non_existent,non_existent,
BP,A,1,Low,small,6,a,,,,NA,non_existent,non_existent,empty,empty,empty,empty,empty,no_visit,empty,empty,empty,empty,no_visit,empty,empty,empty,empty,no_visit,empty,no_visit,empty,empty,no_visit,empty,no_visit,empty,empty,no_visit,empty,no_visit,empty,no_visit,empty,empty,non_existent,non_existent,non_existent,non_existent,non_existent,non_existent,non_existent,non_existent,non_existent,non_existent,non_existent,non_existent,non_existent,non_existent,non_existent,non_existent,non_existent,non_existent,
BP,A,1,Low,medium,7,a,,,,NA,non_existent,non_existent,empty,empty,empty,empty,empty,no_visit,empty,empty,empty,empty,no_visit,empty,empty,empty,empty,no_visit,empty,no_visit,empty,empty,no_visit,empty,no_visit,empty,empty,no_visit,empty,no_visit,empty,no_visit,empty,empty,non_existent,non_existent,non_existent,non_existent,non_existent,non_existent,non_existent,non_existent,non_existent,non_existent,non_existent,non_existent,non_existent,non_existent,non_existent,non_existent,non_existent,non_existent,
BP,A,1,Low,medium,8,a,,,,NA,non_existent,non_existent,empty,empty,empty,empty,empty,no_visit,empty,empty,empty,empty,no_visit,empty,empty,empty,empty,no_visit,empty,no_visit,empty,empty,no_visit,empty,no_visit,empty,empty,no_visit,empty,no_visit,empty,no_visit,empty,empty,non_existent,non_existent,non_existent,non_existent,non_existent,non_existent,non_existent,non_existent,non_existent,non_existent,non_existent,non_existent,non_existent,non_existent,non_existent,non_existent,non_existent,non_existent,
BP,A,1,Low,small,9,a,,,,NA,non_existent,non_existent,empty,empty,empty,empty,empty,no_visit,empty,empty,empty,empty,no_visit,empty,empty,empty,empty,no_visit,empty,no_visit,empty,empty,no_visit,empty,no_visit,empty,empty,no_visit,empty,no_visit,empty,no_visit,empty,empty,non_existent,non_existent,non_existent,non_existent,non_existent,non_existent,non_existent,non_existent,non_existent,non_existent,non_existent,non_existent,non_existent,non_existent,non_existent,non_existent,non_existent,non_existent,
BP,A,1,Low,medium,10,a,,,,NA,non_existent,non_existent,empty,empty,empty,empty,empty,no_visit,empty,empty,empty,empty,no_visit,empty,empty,empty,empty,no_visit,empty,no_visit,empty,empty,no_visit,empty,no_visit,empty,empty,no_visit,empty,no_visit,empty,no_visit,empty,empty,non_existent,non_existent,non_existent,non_existent,non_existent,non_existent,non_existent,non_existent,non_existent,non_existent,non_existent,non_existent,non_existent,non_existent,non_existent,non_existent,non_existent,non_existent,
BP,A,1,Low,small,11,a,,,,NA,non_existent,non_existent,empty,empty,empty,empty,empty,no_visit,empty,empty,empty,empty,no_visit,empty,empty,empty,empty,no_visit,empty,no_visit,empty,empty,no_visit,empty,no_visit,empty,empty,no_visit,empty,no_visit,empty,no_visit,empty,empty,non_existent,non_existent,non_existent,non_existent,non_existent,non_existent,non_existent,non_existent,non_existent,non_existent,non_existent,non_existent,non_existent,non_existent,non_existent,non_existent,non_existent,non_existent,
BP,A,1,Low,medium,12,a,,,,NA,non_existent,non_existent,empty,empty,empty,empty,empty,no_visit,empty,empty,empty,empty,no_visit,empty,empty,empty,empty,no_visit,empty,no_visit,empty,empty,no_visit,empty,no_visit,empty,empty,no_visit,empty,no_visit,empty,no_visit,empty,empty,non_existent,non_existent,non_existent,non_existent,non_existent,non_existent,non_existent,non_existent,non_existent,non_existent,non_existent,non_existent,non_existent,non_existent,non_existent,non_existent,non_existent,non_existent,
BP,A,1,Low,small,13,a,,,,NA,non_existent,non_existent,empty,empty,empty,empty,empty,no_visit,empty,empty,empty,empty,no_visit,empty,empty,empty,empty,no_visit,empty,no_visit,empty,empty,no_visit,empty,no_visit,empty,empty,no_visit,empty,no_visit,empty,no_visit,empty,empty,non_existent,non_existent,non_existent,non_existent,non_existent,non_existent,non_existent,non_existent,non_existent,non_existent,non_existent,non_existent,non_existent,non_existent,non_existent,non_existent,non_existent,non_existent,
BP,A,1,Low,small,14,a,,,,NA,non_existent,non_existent,empty,empty,empty,empty,empty,no_visit,empty,empty,empty,empty,no_visit,empty,empty,empty,empty,no_visit,empty,no_visit,empty,empty,no_visit,empty,no_visit,empty,empty,no_visit,empty,no_visit,empty,no_visit,empty,empty,non_existent,non_existent,non_existent,non_existent,non_existent,non_existent,non_existent,non_existent,non_existent,non_existent,non_existent,non_existent,non_existent,non_existent,non_existent,non_existent,non_existent,non_existent,
BP,A,1,Low,large,15,a,,,,NA,non_existent,non_existent,empty,empty,empty,empty,empty,no_visit,empty,empty,empty,empty,no_visit,empty,empty,empty,empty,no_visit,empty,no_visit,empty,empty,no_visit,empty,no_visit,empty,empty,no_visit,empty,no_visit,empty,no_visit,empty,empty,non_existent,non_existent,non_existent,non_existent,non_existent,non_existent,non_existent,non_existent,non_existent,non_existent,non_existent,non_existent,non_existent,non_existent,non_existent,non_existent,non_existent,non_existent,
BP,A,1,Low,small,16,a,,,,NA,non_existent,non_existent,empty,empty,empty,empty,empty,no_visit,empty,empty,empty,empty,no_visit,empty,empty,empty,empty,no_visit,empty,no_visit,empty,empty,no_visit,empty,no_visit,empty,empty,no_visit,empty,no_visit,empty,no_visit,empty,empty,non_existent,non_existent,non_existent,non_existent,non_existent,non_existent,non_existent,non_existent,non_existent,non_existent,non_existent,non_existent,non_existent,non_existent,non_existent,non_existent,non_existent,non_existent,
BP,A,1,Low,small,17,a,,,,NA,non_existent,non_existent,empty,empty,empty,empty,empty,no_visit,empty,empty,empty,empty,no_visit,empty,empty,empty,empty,no_visit,empty,no_visit,empty,empty,no_visit,empty,no_visit,empty,empty,no_visit,empty,no_visit,empty,no_visit,empty,empty,non_existent,non_existent,non_existent,non_existent,non_existent,non_existent,non_existent,non_existent,non_existent,non_existent,non_existent,non_existent,non_existent,non_existent,non_existent,non_existent,non_existent,non_existent,
BP,A,1,Low,medium,18,a,,,,NA,non_existent,non_existent,empty,empty,empty,empty,empty,no_visit,empty,empty,empty,empty,no_visit,empty,empty,empty,empty,no_visit,empty,no_visit,empty,empty,no_visit,empty,no_visit,empty,empty,no_visit,empty,no_visit,empty,no_visit,empty,empty,non_existent,non_existent,non_existent,non_existent,non_existent,non_existent,non_existent,non_existent,non_existent,non_existent,non_existent,non_existent,non_existent,non_existent,non_existent,non_existent,non_existent,non_existent,
BP,A,2,Mid,small,1,a,,,,NA,non_existent,non_existent,empty,empty,empty,empty,empty,no_visit,empty,empty,empty,empty,no_visit,empty,empty,empty,empty,no_visit,empty,no_visit,empty,empty,no_visit,empty,no_visit,empty,empty,no_visit,empty,no_visit,empty,no_visit,empty,empty,non_existent,non_existent,non_existent,non_existent,non_existent,non_existent,non_existent,non_existent,non_existent,non_existent,non_existent,non_existent,non_existent,non_existent,non_existent,non_existent,non_existent,non_existent,
BP,A,2,Mid,medium,2,a,,,,NA,non_existent,non_existent,empty,empty,empty,empty,empty,no_visit,empty,empty,empty,empty,no_visit,empty,empty,empty,empty,no_visit,empty,no_visit,empty,empty,no_visit,empty,no_visit,empty,empty,no_visit,empty,no_visit,empty,no_visit,empty,empty,non_existent,non_existent,non_existent,non_existent,non_existent,non_existent,non_existent,non_existent,non_existent,non_existent,non_existent,non_existent,non_existent,non_existent,non_existent,non_existent,non_existent,non_existent,
BP,A,2,Mid,small,3,a,,,,NA,non_existent,non_existent,empty,empty,empty,empty,empty,no_visit,empty,empty,empty,empty,no_visit,empty,empty,empty,empty,no_visit,empty,no_visit,empty,empty,no_visit,empty,no_visit,empty,empty,no_visit,empty,no_visit,empty,no_visit,empty,empty,non_existent,non_existent,non_existent,non_existent,non_existent,non_existent,non_existent,non_existent,non_existent,non_existent,non_existent,non_existent,non_existent,non_existent,non_existent,non_existent,non_existent,non_existent,
BP,A,2,Mid,medium,4,a,,,,NA,non_existent,non_existent,empty,empty,empty,empty,empty,no_visit,empty,empty,empty,empty,no_visit,empty,empty,empty,empty,no_visit,empty,no_visit,empty,empty,no_visit,empty,no_visit,empty,empty,no_visit,empty,no_visit,empty,no_visit,empty,empty,non_existent,non_existent,non_existent,non_existent,non_existent,non_existent,non_existent,non_existent,non_existent,non_existent,non_existent,non_existent,non_existent,non_existent,non_existent,non_existent,non_existent,non_existent,
BP,A,2,Mid,small,5,a,,,,NA,non_existent,non_existent,empty,empty,empty,empty,empty,no_visit,empty,empty,empty,empty,no_visit,empty,empty,empty,empty,no_visit,empty,no_visit,empty,empty,no_visit,empty,no_visit,empty,empty,no_visit,empty,no_visit,empty,no_visit,empty,empty,non_existent,non_existent,non_existent,non_existent,non_existent,non_existent,non_existent,non_existent,non_existent,non_existent,non_existent,non_existent,non_existent,non_existent,non_existent,non_existent,non_existent,non_existent,
BP,A,2,Mid,large,6,a,,,,NA,non_existent,non_existent,empty,empty,empty,empty,empty,no_visit,empty,empty,empty,empty,no_visit,empty,empty,empty,empty,no_visit,empty,no_visit,empty,empty,no_visit,empty,no_visit,empty,empty,no_visit,empty,no_visit,empty,no_visit,empty,empty,non_existent,non_existent,non_existent,non_existent,non_existent,non_existent,non_existent,non_existent,non_existent,non_existent,non_existent,non_existent,non_existent,non_existent,non_existent,non_existent,non_existent,non_existent,
BP,A,2,Mid,small,7,a,,,,NA,non_existent,non_existent,empty,empty,empty,empty,empty,no_visit,empty,empty,empty,empty,no_visit,empty,empty,empty,empty,no_visit,empty,no_visit,empty,empty,no_visit,empty,no_visit,empty,empty,no_visit,empty,no_visit,empty,no_visit,empty,empty,non_existent,non_existent,non_existent,non_existent,non_existent,non_existent,non_existent,non_existent,non_existent,non_existent,non_existent,non_existent,non_existent,non_existent,non_existent,non_existent,non_existent,non_existent,
BP,A,2,Mid,medium,8,a,,,,NA,non_existent,non_existent,empty,empty,empty,empty,empty,no_visit,empty,empty,empty,empty,no_visit,empty,empty,empty,empty,no_visit,empty,no_visit,empty,empty,no_visit,empty,no_visit,empty,empty,no_visit,empty,no_visit,empty,no_visit,empty,empty,non_existent,non_existent,non_existent,non_existent,non_existent,non_existent,non_existent,non_existent,non_existent,non_existent,non_existent,non_existent,non_existent,non_existent,non_existent,non_existent,non_existent,non_existent,
BP,A,2,Mid,small,9,a,,,,NA,non_existent,non_existent,empty,empty,empty,empty,empty,no_visit,empty,empty,empty,empty,no_visit,empty,empty,empty,empty,no_visit,empty,no_visit,empty,empty,no_visit,empty,no_visit,empty,empty,no_visit,empty,no_visit,empty,no_visit,empty,empty,non_existent,non_existent,non_existent,non_existent,non_existent,non_existent,non_existent,non_existent,non_existent,non_existent,non_existent,non_existent,non_existent,non_existent,non_existent,non_existent,non_existent,non_existent,
BP,A,2,Mid,medium,10,a,,,,NA,non_existent,non_existent,empty,empty,empty,empty,empty,no_visit,empty,empty,empty,empty,no_visit,empty,empty,empty,empty,no_visit,empty,no_visit,empty,empty,no_visit,empty,no_visit,empty,empty,no_visit,empty,no_visit,empty,no_visit,empty,empty,non_existent,non_existent,non_existent,non_existent,non_existent,non_existent,non_existent,non_existent,non_existent,non_existent,non_existent,non_existent,non_existent,non_existent,non_existent,non_existent,non_existent,non_existent,
BP,A,2,Mid,medium,11,a,,,,NA,non_existent,non_existent,empty,empty,empty,empty,empty,no_visit,empty,empty,empty,empty,no_visit,empty,empty,empty,empty,no_visit,empty,no_visit,empty,empty,no_visit,empty,no_visit,empty,empty,no_visit,empty,no_visit,empty,no_visit,empty,empty,non_existent,non_existent,non_existent,non_existent,non_existent,non_existent,non_existent,non_existent,non_existent,non_existent,non_existent,non_existent,non_existent,non_existent,non_existent,non_existent,non_existent,non_existent,
BP,A,2,Mid,small,12,a,,,,NA,non_existent,non_existent,empty,empty,empty,empty,empty,no_visit,empty,empty,empty,empty,no_visit,empty,empty,empty,empty,no_visit,empty,no_visit,empty,empty,no_visit,empty,no_visit,empty,empty,no_visit,empty,no_visit,empty,no_visit,empty,empty,non_existent,non_existent,non_existent,non_existent,non_existent,non_existent,non_existent,non_existent,non_existent,non_existent,non_existent,non_existent,non_existent,non_existent,non_existent,non_existent,non_existent,non_existent,
BP,A,2,Mid,large,13,a,,,,NA,non_existent,non_existent,empty,empty,empty,empty,empty,no_visit,empty,empty,empty,empty,no_visit,empty,empty,empty,empty,no_visit,empty,no_visit,empty,empty,no_visit,empty,no_visit,empty,empty,no_visit,empty,no_visit,empty,no_visit,empty,empty,non_existent,non_existent,non_existent,non_existent,non_existent,non_existent,non_existent,non_existent,non_existent,non_existent,non_existent,non_existent,non_existent,non_existent,non_existent,non_existent,non_existent,non_existent,
BP,A,2,Mid,small,14,a,,,,NA,non_existent,non_existent,empty,empty,empty,empty,empty,no_visit,empty,empty,empty,empty,no_visit,empty,empty,empty,empty,no_visit,empty,no_visit,empty,empty,no_visit,empty,no_visit,empty,empty,no_visit,empty,no_visit,empty,no_visit,empty,empty,non_existent,non_existent,non_existent,non_existent,non_existent,non_existent,non_existent,non_existent,non_existent,non_existent,non_existent,non_existent,non_existent,non_existent,non_existent,non_existent,non_existent,non_existent,
BP,A,2,Mid,small,15,a,,,,NA,non_existent,non_existent,empty,empty,empty,empty,empty,no_visit,empty,empty,empty,empty,no_visit,empty,empty,empty,empty,no_visit,empty,no_visit,empty,empty,no_visit,empty,no_visit,empty,empty,no_visit,empty,no_visit,empty,no_visit,empty,empty,non_existent,non_existent,non_existent,non_existent,non_existent,non_existent,non_existent,non_existent,non_existent,non_existent,non_existent,non_existent,non_existent,non_existent,non_existent,non_existent,non_existent,non_existent,
BP,A,2,Mid,small,16,a,,,,NA,non_existent,non_existent,empty,empty,empty,empty,empty,no_visit,empty,empty,empty,empty,no_visit,empty,empty,empty,empty,no_visit,empty,no_visit,empty,empty,no_visit,empty,no_visit,empty,empty,no_visit,empty,no_visit,empty,no_visit,empty,empty,non_existent,non_existent,non_existent,non_existent,non_existent,non_existent,non_existent,non_existent,non_existent,non_existent,non_existent,non_existent,non_existent,non_existent,non_existent,non_existent,non_existent,non_existent,
BP,A,2,Mid,medium,17,a,,,,NA,non_existent,non_existent,empty,empty,empty,empty,empty,no_visit,empty,empty,empty,empty,no_visit,empty,empty,empty,empty,no_visit,empty,no_visit,empty,empty,no_visit,empty,no_visit,empty,empty,no_visit,empty,no_visit,empty,no_visit,empty,empty,non_existent,non_existent,non_existent,non_existent,non_existent,non_existent,non_existent,non_existent,non_existent,non_existent,non_existent,non_existent,non_existent,non_existent,non_existent,non_existent,non_existent,non_existent,
BP,A,2,Mid,small,18,a,,,,NA,non_existent,non_existent,empty,empty,empty,empty,empty,no_visit,empty,empty,empty,empty,no_visit,empty,empty,empty,empty,no_visit,empty,no_visit,empty,empty,no_visit,empty,no_visit,empty,empty,no_visit,empty,no_visit,empty,no_visit,empty,empty,non_existent,non_existent,non_existent,non_existent,non_existent,non_existent,non_existent,non_existent,non_existent,non_existent,non_existent,non_existent,non_existent,non_existent,non_existent,non_existent,non_existent,non_existent,
BP,A,3,High,medium,1,a,,,,NA,non_existent,non_existent,empty,empty,empty,empty,empty,no_visit,empty,empty,empty,empty,no_visit,empty,empty,empty,empty,no_visit,empty,no_visit,empty,empty,no_visit,empty,no_visit,empty,empty,no_visit,empty,no_visit,empty,no_visit,empty,empty,non_existent,non_existent,non_existent,non_existent,non_existent,non_existent,non_existent,non_existent,non_existent,non_existent,non_existent,non_existent,non_existent,non_existent,non_existent,non_existent,non_existent,non_existent,
BP,A,3,High,small,2,a,,,,NA,non_existent,non_existent,empty,empty,empty,empty,empty,no_visit,empty,empty,empty,empty,no_visit,empty,empty,empty,empty,no_visit,empty,no_visit,empty,empty,no_visit,empty,no_visit,empty,empty,no_visit,empty,no_visit,empty,no_visit,empty,empty,non_existent,non_existent,non_existent,non_existent,non_existent,non_existent,non_existent,non_existent,non_existent,non_existent,non_existent,non_existent,non_existent,non_existent,non_existent,non_existent,non_existent,non_existent,
BP,A,3,High,small,3,a,,,,NA,non_existent,non_existent,empty,empty,empty,empty,empty,no_visit,empty,empty,empty,empty,no_visit,empty,empty,empty,empty,no_visit,empty,no_visit,empty,empty,no_visit,empty,no_visit,empty,empty,no_visit,empty,no_visit,empty,no_visit,empty,empty,non_existent,non_existent,non_existent,non_existent,non_existent,non_existent,non_existent,non_existent,non_existent,non_existent,non_existent,non_existent,non_existent,non_existent,non_existent,non_existent,non_existent,non_existent,
BP,A,3,High,small,4,a,,,,NA,non_existent,non_existent,empty,empty,empty,empty,empty,no_visit,empty,empty,empty,empty,no_visit,empty,empty,empty,empty,no_visit,empty,no_visit,empty,empty,no_visit,empty,no_visit,empty,empty,no_visit,empty,no_visit,empty,no_visit,empty,empty,non_existent,non_existent,non_existent,non_existent,non_existent,non_existent,non_existent,non_existent,non_existent,non_existent,non_existent,non_existent,non_existent,non_existent,non_existent,non_existent,non_existent,non_existent,
BP,A,3,High,large,5,a,,,,NA,non_existent,non_existent,empty,empty,empty,empty,empty,no_visit,empty,empty,empty,empty,no_visit,empty,empty,empty,empty,no_visit,empty,no_visit,empty,empty,no_visit,empty,no_visit,empty,empty,no_visit,empty,no_visit,empty,no_visit,empty,empty,non_existent,non_existent,non_existent,non_existent,non_existent,non_existent,non_existent,non_existent,non_existent,non_existent,non_existent,non_existent,non_existent,non_existent,non_existent,non_existent,non_existent,non_existent,
BP,A,3,High,medium,6,a,,,,NA,non_existent,non_existent,empty,empty,empty,empty,empty,no_visit,empty,empty,empty,empty,no_visit,empty,empty,empty,empty,no_visit,empty,no_visit,empty,empty,no_visit,empty,no_visit,empty,empty,no_visit,empty,no_visit,empty,no_visit,empty,empty,non_existent,non_existent,non_existent,non_existent,non_existent,non_existent,non_existent,non_existent,non_existent,non_existent,non_existent,non_existent,non_existent,non_existent,non_existent,non_existent,non_existent,non_existent,
BP,A,3,High,small,7,a,,,,NA,non_existent,non_existent,empty,empty,empty,empty,empty,no_visit,empty,empty,empty,empty,no_visit,empty,empty,empty,empty,no_visit,empty,no_visit,empty,empty,no_visit,empty,no_visit,empty,empty,no_visit,empty,no_visit,empty,no_visit,empty,empty,non_existent,non_existent,non_existent,non_existent,non_existent,non_existent,non_existent,non_existent,non_existent,non_existent,non_existent,non_existent,non_existent,non_existent,non_existent,non_existent,non_existent,non_existent,
BP,A,3,High,medium,8,a,,,,NA,non_existent,non_existent,empty,empty,empty,empty,empty,no_visit,empty,empty,empty,empty,no_visit,empty,empty,empty,empty,no_visit,empty,no_visit,empty,empty,no_visit,empty,no_visit,empty,empty,no_visit,empty,no_visit,empty,no_visit,empty,empty,non_existent,non_existent,non_existent,non_existent,non_existent,non_existent,non_existent,non_existent,non_existent,non_existent,non_existent,non_existent,non_existent,non_existent,non_existent,non_existent,non_existent,non_existent,
BP,A,3,High,small,9,a,,,,NA,non_existent,non_existent,empty,empty,empty,empty,empty,no_visit,empty,empty,empty,empty,no_visit,empty,empty,empty,empty,no_visit,empty,no_visit,empty,empty,no_visit,empty,no_visit,empty,empty,no_visit,empty,no_visit,empty,no_visit,empty,empty,non_existent,non_existent,non_existent,non_existent,non_existent,non_existent,non_existent,non_existent,non_existent,non_existent,non_existent,non_existent,non_existent,non_existent,non_existent,non_existent,non_existent,non_existent,
BP,A,3,High,medium,10,a,,,,NA,non_existent,non_existent,empty,empty,empty,empty,empty,no_visit,empty,empty,empty,empty,no_visit,empty,empty,empty,empty,no_visit,empty,no_visit,empty,empty,no_visit,empty,no_visit,empty,empty,no_visit,empty,no_visit,empty,no_visit,empty,empty,non_existent,non_existent,non_existent,non_existent,non_existent,non_existent,non_existent,non_existent,non_existent,non_existent,non_existent,non_existent,non_existent,non_existent,non_existent,non_existent,non_existent,non_existent,
BP,A,3,High,small,11,a,,,,NA,non_existent,non_existent,empty,empty,empty,empty,empty,no_visit,empty,empty,empty,empty,no_visit,empty,empty,empty,empty,no_visit,empty,no_visit,empty,empty,no_visit,empty,no_visit,empty,empty,no_visit,empty,no_visit,empty,no_visit,empty,empty,non_existent,non_existent,non_existent,non_existent,non_existent,non_existent,non_existent,non_existent,non_existent,non_existent,non_existent,non_existent,non_existent,non_existent,non_existent,non_existent,non_existent,non_existent,
BP,A,3,High,medium,12,a,,,,NA,non_existent,non_existent,empty,empty,empty,empty,empty,no_visit,empty,empty,empty,empty,no_visit,empty,empty,empty,empty,no_visit,empty,no_visit,empty,empty,no_visit,empty,no_visit,empty,empty,no_visit,empty,no_visit,empty,no_visit,empty,empty,non_existent,non_existent,non_existent,non_existent,non_existent,non_existent,non_existent,non_existent,non_existent,non_existent,non_existent,non_existent,non_existent,non_existent,non_existent,non_existent,non_existent,non_existent,
BP,A,3,High,small,13,a,,,,NA,non_existent,non_existent,empty,empty,empty,empty,empty,no_visit,empty,empty,empty,empty,no_visit,empty,empty,empty,empty,no_visit,empty,no_visit,empty,empty,no_visit,empty,no_visit,empty,empty,no_visit,empty,no_visit,empty,no_visit,empty,empty,non_existent,non_existent,non_existent,non_existent,non_existent,non_existent,non_existent,non_existent,non_existent,non_existent,non_existent,non_existent,non_existent,non_existent,non_existent,non_existent,non_existent,non_existent,
BP,A,3,High,small,14,a,,,,NA,non_existent,non_existent,empty,empty,empty,empty,empty,no_visit,empty,empty,empty,empty,no_visit,empty,empty,empty,empty,no_visit,empty,no_visit,empty,empty,no_visit,empty,no_visit,empty,empty,no_visit,empty,no_visit,empty,no_visit,empty,empty,non_existent,non_existent,non_existent,non_existent,non_existent,non_existent,non_existent,non_existent,non_existent,non_existent,non_existent,non_existent,non_existent,non_existent,non_existent,non_existent,non_existent,non_existent,
BP,A,3,High,large,15,a,,,,NA,non_existent,non_existent,empty,empty,empty,empty,empty,no_visit,empty,empty,empty,empty,no_visit,empty,empty,empty,empty,no_visit,empty,no_visit,empty,empty,no_visit,empty,no_visit,empty,empty,no_visit,empty,no_visit,empty,no_visit,empty,empty,non_existent,non_existent,non_existent,non_existent,non_existent,non_existent,non_existent,non_existent,non_existent,non_existent,non_existent,non_existent,non_existent,non_existent,non_existent,non_existent,non_existent,non_existent,
BP,A,3,High,small,16,a,,,,NA,non_existent,non_existent,empty,empty,empty,empty,empty,no_visit,empty,empty,empty,empty,no_visit,empty,empty,empty,empty,no_visit,empty,no_visit,empty,empty,no_visit,empty,no_visit,empty,empty,no_visit,empty,no_visit,empty,no_visit,empty,empty,non_existent,non_existent,non_existent,non_existent,non_existent,non_existent,non_existent,non_existent,non_existent,non_existent,non_existent,non_existent,non_existent,non_existent,non_existent,non_existent,non_existent,non_existent,
BP,A,3,High,medium,17,a,,,,NA,non_existent,non_existent,empty,empty,empty,empty,empty,no_visit,empty,empty,empty,empty,no_visit,empty,empty,empty,empty,no_visit,empty,no_visit,empty,empty,no_visit,empty,no_visit,empty,empty,no_visit,empty,no_visit,empty,no_visit,empty,empty,non_existent,non_existent,non_existent,non_existent,non_existent,non_existent,non_existent,non_existent,non_existent,non_existent,non_existent,non_existent,non_existent,non_existent,non_existent,non_existent,non_existent,non_existent,
BP,A,3,High,small,18,a,,,,NA,non_existent,non_existent,empty,empty,empty,empty,empty,no_visit,empty,empty,empty,empty,no_visit,empty,empty,empty,empty,no_visit,empty,no_visit,empty,empty,no_visit,empty,no_visit,empty,empty,no_visit,empty,no_visit,empty,no_visit,empty,empty,non_existent,non_existent,non_existent,non_existent,non_existent,non_existent,non_existent,non_existent,non_existent,non_existent,non_existent,non_existent,non_existent,non_existent,non_existent,non_existent,non_existent,non_existent,
BP,B,4,Low,small,1,a,,,,NA,non_existent,non_existent,empty,empty,empty,empty,empty,no_visit,empty,empty,empty,empty,no_visit,empty,empty,empty,empty,no_visit,empty,no_visit,empty,empty,no_visit,empty,no_visit,empty,empty,no_visit,empty,no_visit,empty,no_visit,empty,empty,non_existent,non_existent,non_existent,non_existent,non_existent,non_existent,non_existent,non_existent,non_existent,non_existent,non_existent,non_existent,non_existent,non_existent,non_existent,non_existent,non_existent,non_existent,
BP,B,4,Low,medium,2,a,,,,NA,non_existent,non_existent,empty,empty,empty,empty,empty,no_visit,empty,empty,empty,empty,no_visit,empty,empty,empty,empty,no_visit,empty,no_visit,empty,empty,no_visit,empty,no_visit,empty,empty,no_visit,empty,no_visit,empty,no_visit,empty,empty,non_existent,non_existent,non_existent,non_existent,non_existent,non_existent,non_existent,non_existent,non_existent,non_existent,non_existent,non_existent,non_existent,non_existent,non_existent,non_existent,non_existent,non_existent,
BP,B,4,Low,small,3,a,,,,NA,non_existent,non_existent,empty,empty,empty,empty,empty,no_visit,empty,empty,empty,empty,no_visit,empty,empty,empty,empty,no_visit,empty,no_visit,empty,empty,no_visit,empty,no_visit,empty,empty,no_visit,empty,no_visit,empty,no_visit,empty,empty,non_existent,non_existent,non_existent,non_existent,non_existent,non_existent,non_existent,non_existent,non_existent,non_existent,non_existent,non_existent,non_existent,non_existent,non_existent,non_existent,non_existent,non_existent,
BP,B,4,Low,large,4,a,,,,NA,non_existent,non_existent,empty,empty,empty,empty,empty,no_visit,empty,empty,empty,empty,no_visit,empty,empty,empty,empty,no_visit,empty,no_visit,empty,empty,no_visit,empty,no_visit,empty,empty,no_visit,empty,no_visit,empty,no_visit,empty,empty,non_existent,non_existent,non_existent,non_existent,non_existent,non_existent,non_existent,non_existent,non_existent,non_existent,non_existent,non_existent,non_existent,non_existent,non_existent,non_existent,non_existent,non_existent,
BP,B,4,Low,small,5,a,,,,NA,non_existent,non_existent,empty,empty,empty,empty,empty,no_visit,empty,empty,empty,empty,no_visit,empty,empty,empty,empty,no_visit,empty,no_visit,empty,empty,no_visit,empty,no_visit,empty,empty,no_visit,empty,no_visit,empty,no_visit,empty,empty,non_existent,non_existent,non_existent,non_existent,non_existent,non_existent,non_existent,non_existent,non_existent,non_existent,non_existent,non_existent,non_existent,non_existent,non_existent,non_existent,non_existent,non_existent,
BP,B,4,Low,medium,6,a,,,,NA,non_existent,non_existent,empty,empty,empty,empty,empty,no_visit,empty,empty,empty,empty,no_visit,empty,empty,empty,empty,no_visit,empty,no_visit,empty,empty,no_visit,empty,no_visit,empty,empty,no_visit,empty,no_visit,empty,no_visit,empty,empty,non_existent,non_existent,non_existent,non_existent,non_existent,non_existent,non_existent,non_existent,non_existent,non_existent,non_existent,non_existent,non_existent,non_existent,non_existent,non_existent,non_existent,non_existent,
BP,B,4,Low,small,7,a,,,,NA,non_existent,non_existent,empty,empty,empty,empty,empty,no_visit,empty,empty,empty,empty,no_visit,empty,empty,empty,empty,no_visit,empty,no_visit,empty,empty,no_visit,empty,no_visit,empty,empty,no_visit,empty,no_visit,empty,no_visit,empty,empty,non_existent,non_existent,non_existent,non_existent,non_existent,non_existent,non_existent,non_existent,non_existent,non_existent,non_existent,non_existent,non_existent,non_existent,non_existent,non_existent,non_existent,non_existent,
BP,B,4,Low,small,8,a,,,,NA,non_existent,non_existent,empty,empty,empty,empty,empty,no_visit,empty,empty,empty,empty,no_visit,empty,empty,empty,empty,no_visit,empty,no_visit,empty,empty,no_visit,empty,no_visit,empty,empty,no_visit,empty,no_visit,empty,no_visit,empty,empty,non_existent,non_existent,non_existent,non_existent,non_existent,non_existent,non_existent,non_existent,non_existent,non_existent,non_existent,non_existent,non_existent,non_existent,non_existent,non_existent,non_existent,non_existent,
BP,B,4,Low,medium,9,a,,,,NA,non_existent,non_existent,empty,empty,empty,empty,empty,no_visit,empty,empty,empty,empty,no_visit,empty,empty,empty,empty,no_visit,empty,no_visit,empty,empty,no_visit,empty,no_visit,empty,empty,no_visit,empty,no_visit,empty,no_visit,empty,empty,non_existent,non_existent,non_existent,non_existent,non_existent,non_existent,non_existent,non_existent,non_existent,non_existent,non_existent,non_existent,non_existent,non_existent,non_existent,non_existent,non_existent,non_existent,
BP,B,4,Low,medium,10,a,,,,NA,non_existent,non_existent,empty,empty,empty,empty,empty,no_visit,empty,empty,empty,empty,no_visit,empty,empty,empty,empty,no_visit,empty,no_visit,empty,empty,no_visit,empty,no_visit,empty,empty,no_visit,empty,no_visit,empty,no_visit,empty,empty,non_existent,non_existent,non_existent,non_existent,non_existent,non_existent,non_existent,non_existent,non_existent,non_existent,non_existent,non_existent,non_existent,non_existent,non_existent,non_existent,non_existent,non_existent,
BP,B,4,Low,small,11,a,,,,NA,non_existent,non_existent,empty,empty,empty,empty,empty,no_visit,empty,empty,empty,empty,no_visit,empty,empty,empty,empty,no_visit,empty,no_visit,empty,empty,no_visit,empty,no_visit,empty,empty,no_visit,empty,no_visit,empty,no_visit,empty,empty,non_existent,non_existent,non_existent,non_existent,non_existent,non_existent,non_existent,non_existent,non_existent,non_existent,non_existent,non_existent,non_existent,non_existent,non_existent,non_existent,non_existent,non_existent,
BP,B,4,Low,small,12,a,,,,NA,non_existent,non_existent,empty,empty,empty,empty,empty,no_visit,empty,empty,empty,empty,no_visit,empty,empty,empty,empty,no_visit,empty,no_visit,empty,empty,no_visit,empty,no_visit,empty,empty,no_visit,empty,no_visit,empty,no_visit,empty,empty,non_existent,non_existent,non_existent,non_existent,non_existent,non_existent,non_existent,non_existent,non_existent,non_existent,non_existent,non_existent,non_existent,non_existent,non_existent,non_existent,non_existent,non_existent,
BP,B,4,Low,medium,13,a,,,,NA,non_existent,non_existent,empty,empty,empty,empty,empty,no_visit,empty,empty,empty,empty,no_visit,empty,empty,empty,empty,no_visit,empty,no_visit,empty,empty,no_visit,empty,no_visit,empty,empty,no_visit,empty,no_visit,empty,no_visit,empty,empty,non_existent,non_existent,non_existent,non_existent,non_existent,non_existent,non_existent,non_existent,non_existent,non_existent,non_existent,non_existent,non_existent,non_existent,non_existent,non_existent,non_existent,non_existent,
BP,B,4,Low,small,14,a,,,,NA,non_existent,non_existent,empty,empty,empty,empty,empty,no_visit,empty,empty,empty,empty,no_visit,empty,empty,empty,empty,no_visit,empty,no_visit,empty,empty,no_visit,empty,no_visit,empty,empty,no_visit,empty,no_visit,empty,no_visit,empty,empty,non_existent,non_existent,non_existent,non_existent,non_existent,non_existent,non_existent,non_existent,non_existent,non_existent,non_existent,non_existent,non_existent,non_existent,non_existent,non_existent,non_existent,non_existent,
BP,B,4,Low,large,15,a,,,,NA,non_existent,non_existent,empty,empty,empty,empty,empty,no_visit,empty,empty,empty,empty,no_visit,empty,empty,empty,empty,no_visit,empty,no_visit,empty,empty,no_visit,empty,no_visit,empty,empty,no_visit,empty,no_visit,empty,no_visit,empty,empty,non_existent,non_existent,non_existent,non_existent,non_existent,non_existent,non_existent,non_existent,non_existent,non_existent,non_existent,non_existent,non_existent,non_existent,non_existent,non_existent,non_existent,non_existent,
BP,B,4,Low,small,16,a,,,,NA,non_existent,non_existent,empty,empty,empty,empty,empty,no_visit,empty,empty,empty,empty,no_visit,empty,empty,empty,empty,no_visit,empty,no_visit,empty,empty,no_visit,empty,no_visit,empty,empty,no_visit,empty,no_visit,empty,no_visit,empty,empty,non_existent,non_existent,non_existent,non_existent,non_existent,non_existent,non_existent,non_existent,non_existent,non_existent,non_existent,non_existent,non_existent,non_existent,non_existent,non_existent,non_existent,non_existent,
BP,B,4,Low,medium,17,a,,,,NA,non_existent,non_existent,empty,empty,empty,empty,empty,no_visit,empty,empty,empty,empty,no_visit,empty,empty,empty,empty,no_visit,empty,no_visit,empty,empty,no_visit,empty,no_visit,empty,empty,no_visit,empty,no_visit,empty,no_visit,empty,empty,non_existent,non_existent,non_existent,non_existent,non_existent,non_existent,non_existent,non_existent,non_existent,non_existent,non_existent,non_existent,non_existent,non_existent,non_existent,non_existent,non_existent,non_existent,
BP,B,4,Low,small,18,a,,,,NA,non_existent,non_existent,empty,empty,empty,empty,empty,no_visit,empty,empty,empty,empty,no_visit,empty,empty,empty,empty,no_visit,empty,no_visit,empty,empty,no_visit,empty,no_visit,empty,empty,no_visit,empty,no_visit,empty,no_visit,empty,empty,non_existent,non_existent,non_existent,non_existent,non_existent,non_existent,non_existent,non_existent,non_existent,non_existent,non_existent,non_existent,non_existent,non_existent,non_existent,non_existent,non_existent,non_existent,
BP,B,5,Mid,small,1,a,,,,NA,non_existent,non_existent,empty,empty,empty,empty,empty,no_visit,empty,empty,empty,empty,no_visit,empty,empty,empty,empty,no_visit,empty,no_visit,empty,empty,no_visit,empty,no_visit,empty,empty,no_visit,empty,no_visit,empty,no_visit,empty,empty,non_existent,non_existent,non_existent,non_existent,non_existent,non_existent,non_existent,non_existent,non_existent,non_existent,non_existent,non_existent,non_existent,non_existent,non_existent,non_existent,non_existent,non_existent,
BP,B,5,Mid,medium,2,a,,,,NA,non_existent,non_existent,empty,empty,empty,empty,empty,no_visit,empty,empty,empty,empty,no_visit,empty,empty,empty,empty,no_visit,empty,no_visit,empty,empty,no_visit,empty,no_visit,empty,empty,no_visit,empty,no_visit,empty,no_visit,empty,empty,non_existent,non_existent,non_existent,non_existent,non_existent,non_existent,non_existent,non_existent,non_existent,non_existent,non_existent,non_existent,non_existent,non_existent,non_existent,non_existent,non_existent,non_existent,
BP,B,5,Mid,small,3,a,,,,NA,non_existent,non_existent,empty,empty,empty,empty,empty,no_visit,empty,empty,empty,empty,no_visit,empty,empty,empty,empty,no_visit,empty,no_visit,empty,empty,no_visit,empty,no_visit,empty,empty,no_visit,empty,no_visit,empty,no_visit,empty,empty,non_existent,non_existent,non_existent,non_existent,non_existent,non_existent,non_existent,non_existent,non_existent,non_existent,non_existent,non_existent,non_existent,non_existent,non_existent,non_existent,non_existent,non_existent,
BP,B,5,Mid,medium,4,a,,,,NA,non_existent,non_existent,empty,empty,empty,empty,empty,no_visit,empty,empty,empty,empty,no_visit,empty,empty,empty,empty,no_visit,empty,no_visit,empty,empty,no_visit,empty,no_visit,empty,empty,no_visit,empty,no_visit,empty,no_visit,empty,empty,non_existent,non_existent,non_existent,non_existent,non_existent,non_existent,non_existent,non_existent,non_existent,non_existent,non_existent,non_existent,non_existent,non_existent,non_existent,non_existent,non_existent,non_existent,
BP,B,5,Mid,large,5,a,,,,NA,non_existent,non_existent,empty,empty,empty,empty,empty,no_visit,empty,empty,empty,empty,no_visit,empty,empty,empty,empty,no_visit,empty,no_visit,empty,empty,no_visit,empty,no_visit,empty,empty,no_visit,empty,no_visit,empty,no_visit,empty,empty,non_existent,non_existent,non_existent,non_existent,non_existent,non_existent,non_existent,non_existent,non_existent,non_existent,non_existent,non_existent,non_existent,non_existent,non_existent,non_existent,non_existent,non_existent,
BP,B,5,Mid,small,6,a,,,,NA,non_existent,non_existent,empty,empty,empty,empty,empty,no_visit,empty,empty,empty,empty,no_visit,empty,empty,empty,empty,no_visit,empty,no_visit,empty,empty,no_visit,empty,no_visit,empty,empty,no_visit,empty,no_visit,empty,no_visit,empty,empty,non_existent,non_existent,non_existent,non_existent,non_existent,non_existent,non_existent,non_existent,non_existent,non_existent,non_existent,non_existent,non_existent,non_existent,non_existent,non_existent,non_existent,non_existent,
BP,B,5,Mid,small,7,a,,,,NA,non_existent,non_existent,empty,empty,empty,empty,empty,no_visit,empty,empty,empty,empty,no_visit,empty,empty,empty,empty,no_visit,empty,no_visit,empty,empty,no_visit,empty,no_visit,empty,empty,no_visit,empty,no_visit,empty,no_visit,empty,empty,non_existent,non_existent,non_existent,non_existent,non_existent,non_existent,non_existent,non_existent,non_existent,non_existent,non_existent,non_existent,non_existent,non_existent,non_existent,non_existent,non_existent,non_existent,
BP,B,5,Mid,medium,8,a,,,,NA,non_existent,non_existent,empty,empty,empty,empty,empty,no_visit,empty,empty,empty,empty,no_visit,empty,empty,empty,empty,no_visit,empty,no_visit,empty,empty,no_visit,empty,no_visit,empty,empty,no_visit,empty,no_visit,empty,no_visit,empty,empty,non_existent,non_existent,non_existent,non_existent,non_existent,non_existent,non_existent,non_existent,non_existent,non_existent,non_existent,non_existent,non_existent,non_existent,non_existent,non_existent,non_existent,non_existent,
BP,B,5,Mid,small,9,a,,,,NA,non_existent,non_existent,empty,empty,empty,empty,empty,no_visit,empty,empty,empty,empty,no_visit,empty,empty,empty,empty,no_visit,empty,no_visit,empty,empty,no_visit,empty,no_visit,empty,empty,no_visit,empty,no_visit,empty,no_visit,empty,empty,non_existent,non_existent,non_existent,non_existent,non_existent,non_existent,non_existent,non_existent,non_existent,non_existent,non_existent,non_existent,non_existent,non_existent,non_existent,non_existent,non_existent,non_existent,
BP,B,5,Mid,small,10,a,,,,NA,non_existent,non_existent,empty,empty,empty,empty,empty,no_visit,empty,empty,empty,empty,no_visit,empty,empty,empty,empty,no_visit,empty,no_visit,empty,empty,no_visit,empty,no_visit,empty,empty,no_visit,empty,no_visit,empty,no_visit,empty,empty,non_existent,non_existent,non_existent,non_existent,non_existent,non_existent,non_existent,non_existent,non_existent,non_existent,non_existent,non_existent,non_existent,non_existent,non_existent,non_existent,non_existent,non_existent,
BP,B,5,Mid,medium,11,a,,,,NA,non_existent,non_existent,empty,empty,empty,empty,empty,no_visit,empty,empty,empty,empty,no_visit,empty,empty,empty,empty,no_visit,empty,no_visit,empty,empty,no_visit,empty,no_visit,empty,empty,no_visit,empty,no_visit,empty,no_visit,empty,empty,non_existent,non_existent,non_existent,non_existent,non_existent,non_existent,non_existent,non_existent,non_existent,non_existent,non_existent,non_existent,non_existent,non_existent,non_existent,non_existent,non_existent,non_existent,
BP,B,5,Mid,medium,12,a,,,,NA,non_existent,non_existent,empty,empty,empty,empty,empty,no_visit,empty,empty,empty,empty,no_visit,empty,empty,empty,empty,no_visit,empty,no_visit,empty,empty,no_visit,empty,no_visit,empty,empty,no_visit,empty,no_visit,empty,no_visit,empty,empty,non_existent,non_existent,non_existent,non_existent,non_existent,non_existent,non_existent,non_existent,non_existent,non_existent,non_existent,non_existent,non_existent,non_existent,non_existent,non_existent,non_existent,non_existent,
BP,B,5,Mid,small,13,a,,,,NA,non_existent,non_existent,empty,empty,empty,empty,empty,no_visit,empty,empty,empty,empty,no_visit,empty,empty,empty,empty,no_visit,empty,no_visit,empty,empty,no_visit,empty,no_visit,empty,empty,no_visit,empty,no_visit,empty,no_visit,empty,empty,non_existent,non_existent,non_existent,non_existent,non_existent,non_existent,non_existent,non_existent,non_existent,non_existent,non_existent,non_existent,non_existent,non_existent,non_existent,non_existent,non_existent,non_existent,
BP,B,5,Mid,small,14,a,,,,NA,non_existent,non_existent,empty,empty,empty,empty,empty,no_visit,empty,empty,empty,empty,no_visit,empty,empty,empty,empty,no_visit,empty,no_visit,empty,empty,no_visit,empty,no_visit,empty,empty,no_visit,empty,no_visit,empty,no_visit,empty,empty,non_existent,non_existent,non_existent,non_existent,non_existent,non_existent,non_existent,non_existent,non_existent,non_existent,non_existent,non_existent,non_existent,non_existent,non_existent,non_existent,non_existent,non_existent,
BP,B,5,Mid,large,15,a,,,,NA,non_existent,non_existent,empty,empty,empty,empty,empty,no_visit,empty,empty,empty,empty,no_visit,empty,empty,empty,empty,no_visit,empty,no_visit,empty,empty,no_visit,empty,no_visit,empty,empty,no_visit,empty,no_visit,empty,no_visit,empty,empty,non_existent,non_existent,non_existent,non_existent,non_existent,non_existent,non_existent,non_existent,non_existent,non_existent,non_existent,non_existent,non_existent,non_existent,non_existent,non_existent,non_existent,non_existent,
BP,B,5,Mid,medium,16,a,,,,NA,non_existent,non_existent,empty,empty,empty,empty,empty,no_visit,empty,empty,empty,empty,no_visit,empty,empty,empty,empty,no_visit,empty,no_visit,empty,empty,no_visit,empty,no_visit,empty,empty,no_visit,empty,no_visit,empty,no_visit,empty,empty,non_existent,non_existent,non_existent,non_existent,non_existent,non_existent,non_existent,non_existent,non_existent,non_existent,non_existent,non_existent,non_existent,non_existent,non_existent,non_existent,non_existent,non_existent,
BP,B,5,Mid,small,17,a,,,,NA,non_existent,non_existent,empty,empty,empty,empty,empty,no_visit,empty,empty,empty,empty,no_visit,empty,empty,empty,empty,no_visit,empty,no_visit,empty,empty,no_visit,empty,no_visit,empty,empty,no_visit,empty,no_visit,empty,no_visit,empty,empty,non_existent,non_existent,non_existent,non_existent,non_existent,non_existent,non_existent,non_existent,non_existent,non_existent,non_existent,non_existent,non_existent,non_existent,non_existent,non_existent,non_existent,non_existent,
BP,B,5,Mid,small,18,a,,,,NA,non_existent,non_existent,empty,empty,empty,empty,empty,no_visit,empty,empty,empty,empty,no_visit,empty,empty,empty,empty,no_visit,empty,no_visit,empty,empty,no_visit,empty,no_visit,empty,empty,no_visit,empty,no_visit,empty,no_visit,empty,empty,non_existent,non_existent,non_existent,non_existent,non_existent,non_existent,non_existent,non_existent,non_existent,non_existent,non_existent,non_existent,non_existent,non_existent,non_existent,non_existent,non_existent,non_existent,
BP,B,6,High,small,1,a,,,,NA,non_existent,non_existent,empty,empty,empty,empty,empty,no_visit,empty,empty,empty,empty,no_visit,empty,empty,empty,empty,no_visit,empty,no_visit,empty,empty,no_visit,empty,no_visit,empty,empty,no_visit,empty,no_visit,empty,no_visit,empty,empty,non_existent,non_existent,non_existent,non_existent,non_existent,non_existent,non_existent,non_existent,non_existent,non_existent,non_existent,non_existent,non_existent,non_existent,non_existent,non_existent,non_existent,non_existent,
BP,B,6,High,medium,2,a,,,,NA,non_existent,non_existent,empty,empty,empty,empty,empty,no_visit,empty,empty,empty,empty,no_visit,empty,empty,empty,empty,no_visit,empty,no_visit,empty,empty,no_visit,empty,no_visit,empty,empty,no_visit,empty,no_visit,empty,no_visit,empty,empty,non_existent,non_existent,non_existent,non_existent,non_existent,non_existent,non_existent,non_existent,non_existent,non_existent,non_existent,non_existent,non_existent,non_existent,non_existent,non_existent,non_existent,non_existent,
BP,B,6,High,small,3,a,,,,NA,non_existent,non_existent,empty,empty,empty,empty,empty,no_visit,empty,empty,empty,empty,no_visit,empty,empty,empty,empty,no_visit,empty,no_visit,empty,empty,no_visit,empty,no_visit,empty,empty,no_visit,empty,no_visit,empty,no_visit,empty,empty,non_existent,non_existent,non_existent,non_existent,non_existent,non_existent,non_existent,non_existent,non_existent,non_existent,non_existent,non_existent,non_existent,non_existent,non_existent,non_existent,non_existent,non_existent,
BP,B,6,High,large,4,a,,,,NA,non_existent,non_existent,empty,empty,empty,empty,empty,no_visit,empty,empty,empty,empty,no_visit,empty,empty,empty,empty,no_visit,empty,no_visit,empty,empty,no_visit,empty,no_visit,empty,empty,no_visit,empty,no_visit,empty,no_visit,empty,empty,non_existent,non_existent,non_existent,non_existent,non_existent,non_existent,non_existent,non_existent,non_existent,non_existent,non_existent,non_existent,non_existent,non_existent,non_existent,non_existent,non_existent,non_existent,
BP,B,6,High,small,5,a,,,,NA,non_existent,non_existent,empty,empty,empty,empty,empty,no_visit,empty,empty,empty,empty,no_visit,empty,empty,empty,empty,no_visit,empty,no_visit,empty,empty,no_visit,empty,no_visit,empty,empty,no_visit,empty,no_visit,empty,no_visit,empty,empty,non_existent,non_existent,non_existent,non_existent,non_existent,non_existent,non_existent,non_existent,non_existent,non_existent,non_existent,non_existent,non_existent,non_existent,non_existent,non_existent,non_existent,non_existent,
BP,B,6,High,small,6,a,,,,NA,non_existent,non_existent,empty,empty,empty,empty,empty,no_visit,empty,empty,empty,empty,no_visit,empty,empty,empty,empty,no_visit,empty,no_visit,empty,empty,no_visit,empty,no_visit,empty,empty,no_visit,empty,no_visit,empty,no_visit,empty,empty,non_existent,non_existent,non_existent,non_existent,non_existent,non_existent,non_existent,non_existent,non_existent,non_existent,non_existent,non_existent,non_existent,non_existent,non_existent,non_existent,non_existent,non_existent,
BP,B,6,High,medium,7,a,,,,NA,non_existent,non_existent,empty,empty,empty,empty,empty,no_visit,empty,empty,empty,empty,no_visit,empty,empty,empty,empty,no_visit,empty,no_visit,empty,empty,no_visit,empty,no_visit,empty,empty,no_visit,empty,no_visit,empty,no_visit,empty,empty,non_existent,non_existent,non_existent,non_existent,non_existent,non_existent,non_existent,non_existent,non_existent,non_existent,non_existent,non_existent,non_existent,non_existent,non_existent,non_existent,non_existent,non_existent,
BP,B,6,High,medium,8,a,,,,NA,non_existent,non_existent,empty,empty,empty,empty,empty,no_visit,empty,empty,empty,empty,no_visit,empty,empty,empty,empty,no_visit,empty,no_visit,empty,empty,no_visit,empty,no_visit,empty,empty,no_visit,empty,no_visit,empty,no_visit,empty,empty,non_existent,non_existent,non_existent,non_existent,non_existent,non_existent,non_existent,non_existent,non_existent,non_existent,non_existent,non_existent,non_existent,non_existent,non_existent,non_existent,non_existent,non_existent,
BP,B,6,High,small,9,a,,,,NA,non_existent,non_existent,empty,empty,empty,empty,empty,no_visit,empty,empty,empty,empty,no_visit,empty,empty,empty,empty,no_visit,empty,no_visit,empty,empty,no_visit,empty,no_visit,empty,empty,no_visit,empty,no_visit,empty,no_visit,empty,empty,non_existent,non_existent,non_existent,non_existent,non_existent,non_existent,non_existent,non_existent,non_existent,non_existent,non_existent,non_existent,non_existent,non_existent,non_existent,non_existent,non_existent,non_existent,
BP,B,6,High,small,10,a,,,,NA,non_existent,non_existent,empty,empty,empty,empty,empty,no_visit,empty,empty,empty,empty,no_visit,empty,empty,empty,empty,no_visit,empty,no_visit,empty,empty,no_visit,empty,no_visit,empty,empty,no_visit,empty,no_visit,empty,no_visit,empty,empty,non_existent,non_existent,non_existent,non_existent,non_existent,non_existent,non_existent,non_existent,non_existent,non_existent,non_existent,non_existent,non_existent,non_existent,non_existent,non_existent,non_existent,non_existent,
BP,B,6,High,medium,11,a,,,,NA,non_existent,non_existent,empty,empty,empty,empty,empty,no_visit,empty,empty,empty,empty,no_visit,empty,empty,empty,empty,no_visit,empty,no_visit,empty,empty,no_visit,empty,no_visit,empty,empty,no_visit,empty,no_visit,empty,no_visit,empty,empty,non_existent,non_existent,non_existent,non_existent,non_existent,non_existent,non_existent,non_existent,non_existent,non_existent,non_existent,non_existent,non_existent,non_existent,non_existent,non_existent,non_existent,non_existent,
BP,B,6,High,medium,12,a,,,,NA,non_existent,non_existent,empty,empty,empty,empty,empty,no_visit,empty,empty,empty,empty,no_visit,empty,empty,empty,empty,no_visit,empty,no_visit,empty,empty,no_visit,empty,no_visit,empty,empty,no_visit,empty,no_visit,empty,no_visit,empty,empty,non_existent,non_existent,non_existent,non_existent,non_existent,non_existent,non_existent,non_existent,non_existent,non_existent,non_existent,non_existent,non_existent,non_existent,non_existent,non_existent,non_existent,non_existent,
BP,B,6,High,small,13,a,,,,NA,non_existent,non_existent,empty,empty,empty,empty,empty,no_visit,empty,empty,empty,empty,no_visit,empty,empty,empty,empty,no_visit,empty,no_visit,empty,empty,no_visit,empty,no_visit,empty,empty,no_visit,empty,no_visit,empty,no_visit,empty,empty,non_existent,non_existent,non_existent,non_existent,non_existent,non_existent,non_existent,non_existent,non_existent,non_existent,non_existent,non_existent,non_existent,non_existent,non_existent,non_existent,non_existent,non_existent,
BP,B,6,High,small,14,a,,,,NA,non_existent,non_existent,empty,empty,empty,empty,empty,no_visit,empty,empty,empty,empty,no_visit,empty,empty,empty,empty,no_visit,empty,no_visit,empty,empty,no_visit,empty,no_visit,empty,empty,no_visit,empty,no_visit,empty,no_visit,empty,empty,non_existent,non_existent,non_existent,non_existent,non_existent,non_existent,non_existent,non_existent,non_existent,non_existent,non_existent,non_existent,non_existent,non_existent,non_existent,non_existent,non_existent,non_existent,
BP,B,6,High,small,15,a,,,,NA,non_existent,non_existent,empty,empty,empty,empty,empty,no_visit,empty,empty,empty,empty,no_visit,empty,empty,empty,empty,no_visit,empty,no_visit,empty,empty,no_visit,empty,no_visit,empty,empty,no_visit,empty,no_visit,empty,no_visit,empty,empty,non_existent,non_existent,non_existent,non_existent,non_existent,non_existent,non_existent,non_existent,non_existent,non_existent,non_existent,non_existent,non_existent,non_existent,non_existent,non_existent,non_existent,non_existent,
BP,B,6,High,large,16,a,,,,NA,non_existent,non_existent,empty,empty,empty,empty,empty,no_visit,empty,empty,empty,empty,no_visit,empty,empty,empty,empty,no_visit,empty,no_visit,empty,empty,no_visit,empty,no_visit,empty,empty,no_visit,empty,no_visit,empty,no_visit,empty,empty,non_existent,non_existent,non_existent,non_existent,non_existent,non_existent,non_existent,non_existent,non_existent,non_existent,non_existent,non_existent,non_existent,non_existent,non_existent,non_existent,non_existent,non_existent,
BP,B,6,High,small,17,a,,,,NA,non_existent,non_existent,empty,empty,empty,empty,empty,no_visit,empty,empty,empty,empty,no_visit,empty,empty,empty,empty,no_visit,empty,no_visit,empty,empty,no_visit,empty,no_visit,empty,empty,no_visit,empty,no_visit,empty,no_visit,empty,empty,non_existent,non_existent,non_existent,non_existent,non_existent,non_existent,non_existent,non_existent,non_existent,non_existent,non_existent,non_existent,non_existent,non_existent,non_existent,non_existent,non_existent,non_existent,
BP,B,6,High,medium,18,a,,,,NA,non_existent,non_existent,empty,empty,empty,empty,empty,no_visit,empty,empty,empty,empty,no_visit,empty,empty,empty,empty,no_visit,empty,no_visit,empty,empty,no_visit,empty,no_visit,empty,empty,no_visit,empty,no_visit,empty,no_visit,empty,empty,non_existent,non_existent,non_existent,non_existent,non_existent,non_existent,non_existent,non_existent,non_existent,non_existent,non_existent,non_existent,non_existent,non_existent,non_existent,non_existent,non_existent,non_existent,
BP,C,7,Low,medium,1,a,,,,NA,non_existent,non_existent,empty,empty,empty,empty,empty,no_visit,empty,empty,empty,empty,no_visit,empty,empty,empty,empty,no_visit,empty,no_visit,empty,empty,no_visit,empty,no_visit,empty,empty,no_visit,empty,no_visit,empty,no_visit,empty,empty,non_existent,non_existent,non_existent,non_existent,non_existent,non_existent,non_existent,non_existent,non_existent,non_existent,non_existent,non_existent,non_existent,non_existent,non_existent,non_existent,non_existent,non_existent,
BP,C,7,Low,small,2,a,,,,NA,non_existent,non_existent,empty,empty,empty,empty,empty,no_visit,empty,empty,empty,empty,no_visit,empty,empty,empty,empty,no_visit,empty,no_visit,empty,empty,no_visit,empty,no_visit,empty,empty,no_visit,empty,no_visit,empty,no_visit,empty,empty,non_existent,non_existent,non_existent,non_existent,non_existent,non_existent,non_existent,non_existent,non_existent,non_existent,non_existent,non_existent,non_existent,non_existent,non_existent,non_existent,non_existent,non_existent,
BP,C,7,Low,small,3,a,,,,NA,non_existent,non_existent,empty,empty,empty,empty,empty,no_visit,empty,empty,empty,empty,no_visit,empty,empty,empty,empty,no_visit,empty,no_visit,empty,empty,no_visit,empty,no_visit,empty,empty,no_visit,empty,no_visit,empty,no_visit,empty,empty,non_existent,non_existent,non_existent,non_existent,non_existent,non_existent,non_existent,non_existent,non_existent,non_existent,non_existent,non_existent,non_existent,non_existent,non_existent,non_existent,non_existent,non_existent,
BP,C,7,Low,medium,4,a,,,,NA,non_existent,non_existent,empty,empty,empty,empty,empty,no_visit,empty,empty,empty,empty,no_visit,empty,empty,empty,empty,no_visit,empty,no_visit,empty,empty,no_visit,empty,no_visit,empty,empty,no_visit,empty,no_visit,empty,no_visit,empty,empty,non_existent,non_existent,non_existent,non_existent,non_existent,non_existent,non_existent,non_existent,non_existent,non_existent,non_existent,non_existent,non_existent,non_existent,non_existent,non_existent,non_existent,non_existent,
BP,C,7,Low,large,5,a,,,,NA,non_existent,non_existent,empty,empty,empty,empty,empty,no_visit,empty,empty,empty,empty,no_visit,empty,empty,empty,empty,no_visit,empty,no_visit,empty,empty,no_visit,empty,no_visit,empty,empty,no_visit,empty,no_visit,empty,no_visit,empty,empty,non_existent,non_existent,non_existent,non_existent,non_existent,non_existent,non_existent,non_existent,non_existent,non_existent,non_existent,non_existent,non_existent,non_existent,non_existent,non_existent,non_existent,non_existent,
BP,C,7,Low,small,6,a,,,,NA,non_existent,non_existent,empty,empty,empty,empty,empty,no_visit,empty,empty,empty,empty,no_visit,empty,empty,empty,empty,no_visit,empty,no_visit,empty,empty,no_visit,empty,no_visit,empty,empty,no_visit,empty,no_visit,empty,no_visit,empty,empty,non_existent,non_existent,non_existent,non_existent,non_existent,non_existent,non_existent,non_existent,non_existent,non_existent,non_existent,non_existent,non_existent,non_existent,non_existent,non_existent,non_existent,non_existent,
BP,C,7,Low,small,7,a,,,,NA,non_existent,non_existent,empty,empty,empty,empty,empty,no_visit,empty,empty,empty,empty,no_visit,empty,empty,empty,empty,no_visit,empty,no_visit,empty,empty,no_visit,empty,no_visit,empty,empty,no_visit,empty,no_visit,empty,no_visit,empty,empty,non_existent,non_existent,non_existent,non_existent,non_existent,non_existent,non_existent,non_existent,non_existent,non_existent,non_existent,non_existent,non_existent,non_existent,non_existent,non_existent,non_existent,non_existent,
BP,C,7,Low,medium,8,a,,,,NA,non_existent,non_existent,empty,empty,empty,empty,empty,no_visit,empty,empty,empty,empty,no_visit,empty,empty,empty,empty,no_visit,empty,no_visit,empty,empty,no_visit,empty,no_visit,empty,empty,no_visit,empty,no_visit,empty,no_visit,empty,empty,non_existent,non_existent,non_existent,non_existent,non_existent,non_existent,non_existent,non_existent,non_existent,non_existent,non_existent,non_existent,non_existent,non_existent,non_existent,non_existent,non_existent,non_existent,
BP,C,7,Low,small,9,a,,,,NA,non_existent,non_existent,empty,empty,empty,empty,empty,no_visit,empty,empty,empty,empty,no_visit,empty,empty,empty,empty,no_visit,empty,no_visit,empty,empty,no_visit,empty,no_visit,empty,empty,no_visit,empty,no_visit,empty,no_visit,empty,empty,non_existent,non_existent,non_existent,non_existent,non_existent,non_existent,non_existent,non_existent,non_existent,non_existent,non_existent,non_existent,non_existent,non_existent,non_existent,non_existent,non_existent,non_existent,
BP,C,7,Low,small,10,a,,,,NA,non_existent,non_existent,empty,empty,empty,empty,empty,no_visit,empty,empty,empty,empty,no_visit,empty,empty,empty,empty,no_visit,empty,no_visit,empty,empty,no_visit,empty,no_visit,empty,empty,no_visit,empty,no_visit,empty,no_visit,empty,empty,non_existent,non_existent,non_existent,non_existent,non_existent,non_existent,non_existent,non_existent,non_existent,non_existent,non_existent,non_existent,non_existent,non_existent,non_existent,non_existent,non_existent,non_existent,
BP,C,7,Low,medium,11,a,,,,NA,non_existent,non_existent,empty,empty,empty,empty,empty,no_visit,empty,empty,empty,empty,no_visit,empty,empty,empty,empty,no_visit,empty,no_visit,empty,empty,no_visit,empty,no_visit,empty,empty,no_visit,empty,no_visit,empty,no_visit,empty,empty,non_existent,non_existent,non_existent,non_existent,non_existent,non_existent,non_existent,non_existent,non_existent,non_existent,non_existent,non_existent,non_existent,non_existent,non_existent,non_existent,non_existent,non_existent,
BP,C,7,Low,small,12,a,,,,NA,non_existent,non_existent,empty,empty,empty,empty,empty,no_visit,empty,empty,empty,empty,no_visit,empty,empty,empty,empty,no_visit,empty,no_visit,empty,empty,no_visit,empty,no_visit,empty,empty,no_visit,empty,no_visit,empty,no_visit,empty,empty,non_existent,non_existent,non_existent,non_existent,non_existent,non_existent,non_existent,non_existent,non_existent,non_existent,non_existent,non_existent,non_existent,non_existent,non_existent,non_existent,non_existent,non_existent,
BP,C,7,Low,large,13,a,,,,NA,non_existent,non_existent,empty,empty,empty,empty,empty,no_visit,empty,empty,empty,empty,no_visit,empty,empty,empty,empty,no_visit,empty,no_visit,empty,empty,no_visit,empty,no_visit,empty,empty,no_visit,empty,no_visit,empty,no_visit,empty,empty,non_existent,non_existent,non_existent,non_existent,non_existent,non_existent,non_existent,non_existent,non_existent,non_existent,non_existent,non_existent,non_existent,non_existent,non_existent,non_existent,non_existent,non_existent,
BP,C,7,Low,small,14,a,,,,NA,non_existent,non_existent,empty,empty,empty,empty,empty,no_visit,empty,empty,empty,empty,no_visit,empty,empty,empty,empty,no_visit,empty,no_visit,empty,empty,no_visit,empty,no_visit,empty,empty,no_visit,empty,no_visit,empty,no_visit,empty,empty,non_existent,non_existent,non_existent,non_existent,non_existent,non_existent,non_existent,non_existent,non_existent,non_existent,non_existent,non_existent,non_existent,non_existent,non_existent,non_existent,non_existent,non_existent,
BP,C,7,Low,small,15,a,,,,NA,non_existent,non_existent,empty,empty,empty,empty,empty,no_visit,empty,empty,empty,empty,no_visit,empty,empty,empty,empty,no_visit,empty,no_visit,empty,empty,no_visit,empty,no_visit,empty,empty,no_visit,empty,no_visit,empty,no_visit,empty,empty,non_existent,non_existent,non_existent,non_existent,non_existent,non_existent,non_existent,non_existent,non_existent,non_existent,non_existent,non_existent,non_existent,non_existent,non_existent,non_existent,non_existent,non_existent,
BP,C,7,Low,medium,16,a,,,,NA,non_existent,non_existent,empty,empty,empty,empty,empty,no_visit,empty,empty,empty,empty,no_visit,empty,empty,empty,empty,no_visit,empty,no_visit,empty,empty,no_visit,empty,no_visit,empty,empty,no_visit,empty,no_visit,empty,no_visit,empty,empty,non_existent,non_existent,non_existent,non_existent,non_existent,non_existent,non_existent,non_existent,non_existent,non_existent,non_existent,non_existent,non_existent,non_existent,non_existent,non_existent,non_existent,non_existent,
BP,C,7,Low,small,17,a,,,,NA,non_existent,non_existent,empty,empty,empty,empty,empty,no_visit,empty,empty,empty,empty,no_visit,empty,empty,empty,empty,no_visit,empty,no_visit,empty,empty,no_visit,empty,no_visit,empty,empty,no_visit,empty,no_visit,empty,no_visit,empty,empty,non_existent,non_existent,non_existent,non_existent,non_existent,non_existent,non_existent,non_existent,non_existent,non_existent,non_existent,non_existent,non_existent,non_existent,non_existent,non_existent,non_existent,non_existent,
BP,C,7,Low,medium,18,a,,,,NA,non_existent,non_existent,empty,empty,empty,empty,empty,no_visit,empty,empty,empty,empty,no_visit,empty,empty,empty,empty,no_visit,empty,no_visit,empty,empty,no_visit,empty,no_visit,empty,empty,no_visit,empty,no_visit,empty,no_visit,empty,empty,non_existent,non_existent,non_existent,non_existent,non_existent,non_existent,non_existent,non_existent,non_existent,non_existent,non_existent,non_existent,non_existent,non_existent,non_existent,non_existent,non_existent,non_existent,
BP,C,8,Mid,medium,1,a,,,,NA,non_existent,non_existent,empty,empty,empty,empty,empty,no_visit,empty,empty,empty,empty,no_visit,empty,empty,empty,empty,no_visit,empty,no_visit,empty,empty,no_visit,empty,no_visit,empty,empty,no_visit,empty,no_visit,empty,no_visit,empty,empty,non_existent,non_existent,non_existent,non_existent,non_existent,non_existent,non_existent,non_existent,non_existent,non_existent,non_existent,non_existent,non_existent,non_existent,non_existent,non_existent,non_existent,non_existent,
BP,C,8,Mid,small,2,a,,,,NA,non_existent,non_existent,empty,empty,empty,empty,empty,no_visit,empty,empty,empty,empty,no_visit,empty,empty,empty,empty,no_visit,empty,no_visit,empty,empty,no_visit,empty,no_visit,empty,empty,no_visit,empty,no_visit,empty,no_visit,empty,empty,non_existent,non_existent,non_existent,non_existent,non_existent,non_existent,non_existent,non_existent,non_existent,non_existent,non_existent,non_existent,non_existent,non_existent,non_existent,non_existent,non_existent,non_existent,
BP,C,8,Mid,small,3,a,,,,NA,non_existent,non_existent,empty,empty,empty,empty,empty,no_visit,empty,empty,empty,empty,no_visit,empty,empty,empty,empty,no_visit,empty,no_visit,empty,empty,no_visit,empty,no_visit,empty,empty,no_visit,empty,no_visit,empty,no_visit,empty,empty,non_existent,non_existent,non_existent,non_existent,non_existent,non_existent,non_existent,non_existent,non_existent,non_existent,non_existent,non_existent,non_existent,non_existent,non_existent,non_existent,non_existent,non_existent,
BP,C,8,Mid,small,4,a,,,,NA,non_existent,non_existent,empty,empty,empty,empty,empty,no_visit,empty,empty,empty,empty,no_visit,empty,empty,empty,empty,no_visit,empty,no_visit,empty,empty,no_visit,empty,no_visit,empty,empty,no_visit,empty,no_visit,empty,no_visit,empty,empty,non_existent,non_existent,non_existent,non_existent,non_existent,non_existent,non_existent,non_existent,non_existent,non_existent,non_existent,non_existent,non_existent,non_existent,non_existent,non_existent,non_existent,non_existent,
BP,C,8,Mid,small,5,a,,,,NA,non_existent,non_existent,empty,empty,empty,empty,empty,no_visit,empty,empty,empty,empty,no_visit,empty,empty,empty,empty,no_visit,empty,no_visit,empty,empty,no_visit,empty,no_visit,empty,empty,no_visit,empty,no_visit,empty,no_visit,empty,empty,non_existent,non_existent,non_existent,non_existent,non_existent,non_existent,non_existent,non_existent,non_existent,non_existent,non_existent,non_existent,non_existent,non_existent,non_existent,non_existent,non_existent,non_existent,
BP,C,8,Mid,small,6,a,,,,NA,non_existent,non_existent,empty,empty,empty,empty,empty,no_visit,empty,empty,empty,empty,no_visit,empty,empty,empty,empty,no_visit,empty,no_visit,empty,empty,no_visit,empty,no_visit,empty,empty,no_visit,empty,no_visit,empty,no_visit,empty,empty,non_existent,non_existent,non_existent,non_existent,non_existent,non_existent,non_existent,non_existent,non_existent,non_existent,non_existent,non_existent,non_existent,non_existent,non_existent,non_existent,non_existent,non_existent,
BP,C,8,Mid,medium,7,a,,,,NA,non_existent,non_existent,empty,empty,empty,empty,empty,no_visit,empty,empty,empty,empty,no_visit,empty,empty,empty,empty,no_visit,empty,no_visit,empty,empty,no_visit,empty,no_visit,empty,empty,no_visit,empty,no_visit,empty,no_visit,empty,empty,non_existent,non_existent,non_existent,non_existent,non_existent,non_existent,non_existent,non_existent,non_existent,non_existent,non_existent,non_existent,non_existent,non_existent,non_existent,non_existent,non_existent,non_existent,
BP,C,8,Mid,large,8,a,,,,NA,non_existent,non_existent,empty,empty,empty,empty,empty,no_visit,empty,empty,empty,empty,no_visit,empty,empty,empty,empty,no_visit,empty,no_visit,empty,empty,no_visit,empty,no_visit,empty,empty,no_visit,empty,no_visit,empty,no_visit,empty,empty,non_existent,non_existent,non_existent,non_existent,non_existent,non_existent,non_existent,non_existent,non_existent,non_existent,non_existent,non_existent,non_existent,non_existent,non_existent,non_existent,non_existent,non_existent,
BP,C,8,Mid,medium,9,a,,,,NA,non_existent,non_existent,empty,empty,empty,empty,empty,no_visit,empty,empty,empty,empty,no_visit,empty,empty,empty,empty,no_visit,empty,no_visit,empty,empty,no_visit,empty,no_visit,empty,empty,no_visit,empty,no_visit,empty,no_visit,empty,empty,non_existent,non_existent,non_existent,non_existent,non_existent,non_existent,non_existent,non_existent,non_existent,non_existent,non_existent,non_existent,non_existent,non_existent,non_existent,non_existent,non_existent,non_existent,
BP,C,8,Mid,large,10,a,,,,NA,non_existent,non_existent,empty,empty,empty,empty,empty,no_visit,empty,empty,empty,empty,no_visit,empty,empty,empty,empty,no_visit,empty,no_visit,empty,empty,no_visit,empty,no_visit,empty,empty,no_visit,empty,no_visit,empty,no_visit,empty,empty,non_existent,non_existent,non_existent,non_existent,non_existent,non_existent,non_existent,non_existent,non_existent,non_existent,non_existent,non_existent,non_existent,non_existent,non_existent,non_existent,non_existent,non_existent,
BP,C,8,Mid,medium,11,a,,,,NA,non_existent,non_existent,empty,empty,empty,empty,empty,no_visit,empty,empty,empty,empty,no_visit,empty,empty,empty,empty,no_visit,empty,no_visit,empty,empty,no_visit,empty,no_visit,empty,empty,no_visit,empty,no_visit,empty,no_visit,empty,empty,non_existent,non_existent,non_existent,non_existent,non_existent,non_existent,non_existent,non_existent,non_existent,non_existent,non_existent,non_existent,non_existent,non_existent,non_existent,non_existent,non_existent,non_existent,
BP,C,8,Mid,small,12,a,,,,NA,non_existent,non_existent,empty,empty,empty,empty,empty,no_visit,empty,empty,empty,empty,no_visit,empty,empty,empty,empty,no_visit,empty,no_visit,empty,empty,no_visit,empty,no_visit,empty,empty,no_visit,empty,no_visit,empty,no_visit,empty,empty,non_existent,non_existent,non_existent,non_existent,non_existent,non_existent,non_existent,non_existent,non_existent,non_existent,non_existent,non_existent,non_existent,non_existent,non_existent,non_existent,non_existent,non_existent,
BP,C,8,Mid,small,13,a,,,,NA,non_existent,non_existent,empty,empty,empty,empty,empty,no_visit,empty,empty,empty,empty,no_visit,empty,empty,empty,empty,no_visit,empty,no_visit,empty,empty,no_visit,empty,no_visit,empty,empty,no_visit,empty,no_visit,empty,no_visit,empty,empty,non_existent,non_existent,non_existent,non_existent,non_existent,non_existent,non_existent,non_existent,non_existent,non_existent,non_existent,non_existent,non_existent,non_existent,non_existent,non_existent,non_existent,non_existent,
BP,C,8,Mid,medium,14,a,,,,NA,non_existent,non_existent,empty,empty,empty,empty,empty,no_visit,empty,empty,empty,empty,no_visit,empty,empty,empty,empty,no_visit,empty,no_visit,empty,empty,no_visit,empty,no_visit,empty,empty,no_visit,empty,no_visit,empty,no_visit,empty,empty,non_existent,non_existent,non_existent,non_existent,non_existent,non_existent,non_existent,non_existent,non_existent,non_existent,non_existent,non_existent,non_existent,non_existent,non_existent,non_existent,non_existent,non_existent,
BP,C,8,Mid,small,15,a,,,,NA,non_existent,non_existent,empty,empty,empty,empty,empty,no_visit,empty,empty,empty,empty,no_visit,empty,empty,empty,empty,no_visit,empty,no_visit,empty,empty,no_visit,empty,no_visit,empty,empty,no_visit,empty,no_visit,empty,no_visit,empty,empty,non_existent,non_existent,non_existent,non_existent,non_existent,non_existent,non_existent,non_existent,non_existent,non_existent,non_existent,non_existent,non_existent,non_existent,non_existent,non_existent,non_existent,non_existent,
BP,C,8,Mid,small,16,a,,,,NA,non_existent,non_existent,empty,empty,empty,empty,empty,no_visit,empty,empty,empty,empty,no_visit,empty,empty,empty,empty,no_visit,empty,no_visit,empty,empty,no_visit,empty,no_visit,empty,empty,no_visit,empty,no_visit,empty,no_visit,empty,empty,non_existent,non_existent,non_existent,non_existent,non_existent,non_existent,non_existent,non_existent,non_existent,non_existent,non_existent,non_existent,non_existent,non_existent,non_existent,non_existent,non_existent,non_existent,
BP,C,8,Mid,medium,17,a,,,,NA,non_existent,non_existent,empty,empty,empty,empty,empty,no_visit,empty,empty,empty,empty,no_visit,empty,empty,empty,empty,no_visit,empty,no_visit,empty,empty,no_visit,empty,no_visit,empty,empty,no_visit,empty,no_visit,empty,no_visit,empty,empty,non_existent,non_existent,non_existent,non_existent,non_existent,non_existent,non_existent,non_existent,non_existent,non_existent,non_existent,non_existent,non_existent,non_existent,non_existent,non_existent,non_existent,non_existent,
BP,C,8,Mid,small,18,a,,,,NA,non_existent,non_existent,empty,empty,empty,empty,empty,no_visit,empty,empty,empty,empty,no_visit,empty,empty,empty,empty,no_visit,empty,no_visit,empty,empty,no_visit,empty,no_visit,empty,empty,no_visit,empty,no_visit,empty,no_visit,empty,empty,non_existent,non_existent,non_existent,non_existent,non_existent,non_existent,non_existent,non_existent,non_existent,non_existent,non_existent,non_existent,non_existent,non_existent,non_existent,non_existent,non_existent,non_existent,
BP,C,9,High,small,1,a,,,,NA,non_existent,non_existent,empty,empty,empty,empty,empty,no_visit,empty,empty,empty,empty,no_visit,empty,empty,empty,empty,no_visit,empty,no_visit,empty,empty,no_visit,empty,no_visit,empty,empty,no_visit,empty,no_visit,empty,no_visit,empty,empty,non_existent,non_existent,non_existent,non_existent,non_existent,non_existent,non_existent,non_existent,non_existent,non_existent,non_existent,non_existent,non_existent,non_existent,non_existent,non_existent,non_existent,non_existent,
BP,C,9,High,medium,2,a,,,,NA,non_existent,non_existent,empty,empty,empty,empty,empty,no_visit,empty,empty,empty,empty,no_visit,empty,empty,empty,empty,no_visit,empty,no_visit,empty,empty,no_visit,empty,no_visit,empty,empty,no_visit,empty,no_visit,empty,no_visit,empty,empty,non_existent,non_existent,non_existent,non_existent,non_existent,non_existent,non_existent,non_existent,non_existent,non_existent,non_existent,non_existent,non_existent,non_existent,non_existent,non_existent,non_existent,non_existent,
BP,C,9,High,medium,3,a,,,,NA,non_existent,non_existent,empty,empty,empty,empty,empty,no_visit,empty,empty,empty,empty,no_visit,empty,empty,empty,empty,no_visit,empty,no_visit,empty,empty,no_visit,empty,no_visit,empty,empty,no_visit,empty,no_visit,empty,no_visit,empty,empty,non_existent,non_existent,non_existent,non_existent,non_existent,non_existent,non_existent,non_existent,non_existent,non_existent,non_existent,non_existent,non_existent,non_existent,non_existent,non_existent,non_existent,non_existent,
BP,C,9,High,small,4,a,,,,NA,non_existent,non_existent,empty,empty,empty,empty,empty,no_visit,empty,empty,empty,empty,no_visit,empty,empty,empty,empty,no_visit,empty,no_visit,empty,empty,no_visit,empty,no_visit,empty,empty,no_visit,empty,no_visit,empty,no_visit,empty,empty,non_existent,non_existent,non_existent,non_existent,non_existent,non_existent,non_existent,non_existent,non_existent,non_existent,non_existent,non_existent,non_existent,non_existent,non_existent,non_existent,non_existent,non_existent,
BP,C,9,High,small,5,a,,,,NA,non_existent,non_existent,empty,empty,empty,empty,empty,no_visit,empty,empty,empty,empty,no_visit,empty,empty,empty,empty,no_visit,empty,no_visit,empty,empty,no_visit,empty,no_visit,empty,empty,no_visit,empty,no_visit,empty,no_visit,empty,empty,non_existent,non_existent,non_existent,non_existent,non_existent,non_existent,non_existent,non_existent,non_existent,non_existent,non_existent,non_existent,non_existent,non_existent,non_existent,non_existent,non_existent,non_existent,
BP,C,9,High,large,6,a,,,,NA,non_existent,non_existent,empty,empty,empty,empty,empty,no_visit,empty,empty,empty,empty,no_visit,empty,empty,empty,empty,no_visit,empty,no_visit,empty,empty,no_visit,empty,no_visit,empty,empty,no_visit,empty,no_visit,empty,no_visit,empty,empty,non_existent,non_existent,non_existent,non_existent,non_existent,non_existent,non_existent,non_existent,non_existent,non_existent,non_existent,non_existent,non_existent,non_existent,non_existent,non_existent,non_existent,non_existent,
BP,C,9,High,medium,7,a,,,,NA,non_existent,non_existent,empty,empty,empty,empty,empty,no_visit,empty,empty,empty,empty,no_visit,empty,empty,empty,empty,no_visit,empty,no_visit,empty,empty,no_visit,empty,no_visit,empty,empty,no_visit,empty,no_visit,empty,no_visit,empty,empty,non_existent,non_existent,non_existent,non_existent,non_existent,non_existent,non_existent,non_existent,non_existent,non_existent,non_existent,non_existent,non_existent,non_existent,non_existent,non_existent,non_existent,non_existent,
BP,C,9,High,small,8,a,,,,NA,non_existent,non_existent,empty,empty,empty,empty,empty,no_visit,empty,empty,empty,empty,no_visit,empty,empty,empty,empty,no_visit,empty,no_visit,empty,empty,no_visit,empty,no_visit,empty,empty,no_visit,empty,no_visit,empty,no_visit,empty,empty,non_existent,non_existent,non_existent,non_existent,non_existent,non_existent,non_existent,non_existent,non_existent,non_existent,non_existent,non_existent,non_existent,non_existent,non_existent,non_existent,non_existent,non_existent,
BP,C,9,High,small,9,a,,,,NA,non_existent,non_existent,empty,empty,empty,empty,empty,no_visit,empty,empty,empty,empty,no_visit,empty,empty,empty,empty,no_visit,empty,no_visit,empty,empty,no_visit,empty,no_visit,empty,empty,no_visit,empty,no_visit,empty,no_visit,empty,empty,non_existent,non_existent,non_existent,non_existent,non_existent,non_existent,non_existent,non_existent,non_existent,non_existent,non_existent,non_existent,non_existent,non_existent,non_existent,non_existent,non_existent,non_existent,
BP,C,9,High,medium,10,a,,,,NA,non_existent,non_existent,empty,empty,empty,empty,empty,no_visit,empty,empty,empty,empty,no_visit,empty,empty,empty,empty,no_visit,empty,no_visit,empty,empty,no_visit,empty,no_visit,empty,empty,no_visit,empty,no_visit,empty,no_visit,empty,empty,non_existent,non_existent,non_existent,non_existent,non_existent,non_existent,non_existent,non_existent,non_existent,non_existent,non_existent,non_existent,non_existent,non_existent,non_existent,non_existent,non_existent,non_existent,
BP,C,9,High,small,11,a,,,,NA,non_existent,non_existent,empty,empty,empty,empty,empty,no_visit,empty,empty,empty,empty,no_visit,empty,empty,empty,empty,no_visit,empty,no_visit,empty,empty,no_visit,empty,no_visit,empty,empty,no_visit,empty,no_visit,empty,no_visit,empty,empty,non_existent,non_existent,non_existent,non_existent,non_existent,non_existent,non_existent,non_existent,non_existent,non_existent,non_existent,non_existent,non_existent,non_existent,non_existent,non_existent,non_existent,non_existent,
BP,C,9,High,small,12,a,,,,NA,non_existent,non_existent,empty,empty,empty,empty,empty,no_visit,empty,empty,empty,empty,no_visit,empty,empty,empty,empty,no_visit,empty,no_visit,empty,empty,no_visit,empty,no_visit,empty,empty,no_visit,empty,no_visit,empty,no_visit,empty,empty,non_existent,non_existent,non_existent,non_existent,non_existent,non_existent,non_existent,non_existent,non_existent,non_existent,non_existent,non_existent,non_existent,non_existent,non_existent,non_existent,non_existent,non_existent,
BP,C,9,High,small,13,a,,,,NA,non_existent,non_existent,empty,empty,empty,empty,empty,no_visit,empty,empty,empty,empty,no_visit,empty,empty,empty,empty,no_visit,empty,no_visit,empty,empty,no_visit,empty,no_visit,empty,empty,no_visit,empty,no_visit,empty,no_visit,empty,empty,non_existent,non_existent,non_existent,non_existent,non_existent,non_existent,non_existent,non_existent,non_existent,non_existent,non_existent,non_existent,non_existent,non_existent,non_existent,non_existent,non_existent,non_existent,
BP,C,9,High,large,14,a,,,,NA,non_existent,non_existent,empty,empty,empty,empty,empty,no_visit,empty,empty,empty,empty,no_visit,empty,empty,empty,empty,no_visit,empty,no_visit,empty,empty,no_visit,empty,no_visit,empty,empty,no_visit,empty,no_visit,empty,no_visit,empty,empty,non_existent,non_existent,non_existent,non_existent,non_existent,non_existent,non_existent,non_existent,non_existent,non_existent,non_existent,non_existent,non_existent,non_existent,non_existent,non_existent,non_existent,non_existent,
BP,C,9,High,medium,15,a,,,,NA,non_existent,non_existent,empty,empty,empty,empty,empty,no_visit,empty,empty,empty,empty,no_visit,empty,empty,empty,empty,no_visit,empty,no_visit,empty,empty,no_visit,empty,no_visit,empty,empty,no_visit,empty,no_visit,empty,no_visit,empty,empty,non_existent,non_existent,non_existent,non_existent,non_existent,non_existent,non_existent,non_existent,non_existent,non_existent,non_existent,non_existent,non_existent,non_existent,non_existent,non_existent,non_existent,non_existent,
BP,C,9,High,small,16,a,,,,NA,non_existent,non_existent,empty,empty,empty,empty,empty,no_visit,empty,empty,empty,empty,no_visit,empty,empty,empty,empty,no_visit,empty,no_visit,empty,empty,no_visit,empty,no_visit,empty,empty,no_visit,empty,no_visit,empty,no_visit,empty,empty,non_existent,non_existent,non_existent,non_existent,non_existent,non_existent,non_existent,non_existent,non_existent,non_existent,non_existent,non_existent,non_existent,non_existent,non_existent,non_existent,non_existent,non_existent,
BP,C,9,High,medium,17,a,,,,NA,non_existent,non_existent,empty,empty,empty,empty,empty,no_visit,empty,empty,empty,empty,no_visit,empty,empty,empty,empty,no_visit,empty,no_visit,empty,empty,no_visit,empty,no_visit,empty,empty,no_visit,empty,no_visit,empty,no_visit,empty,empty,non_existent,non_existent,non_existent,non_existent,non_existent,non_existent,non_existent,non_existent,non_existent,non_existent,non_existent,non_existent,non_existent,non_existent,non_existent,non_existent,non_existent,non_existent,
BP,C,9,High,small,18,a,,,,NA,non_existent,non_existent,empty,empty,empty,empty,empty,no_visit,empty,empty,empty,empty,no_visit,empty,empty,empty,empty,no_visit,empty,no_visit,empty,empty,no_visit,empty,no_visit,empty,empty,no_visit,empty,no_visit,empty,no_visit,empty,empty,non_existent,non_existent,non_existent,non_existent,non_existent,non_existent,non_existent,non_existent,non_existent,non_existent,non_existent,non_existent,non_existent,non_existent,non_existent,non_existent,non_existent,non_existent,
BP,D,10,Low,medium,1,a,,,,NA,non_existent,non_existent,empty,empty,empty,empty,empty,no_visit,empty,empty,empty,empty,no_visit,empty,empty,empty,empty,no_visit,empty,no_visit,empty,empty,no_visit,empty,no_visit,empty,empty,no_visit,empty,no_visit,empty,no_visit,empty,empty,non_existent,non_existent,non_existent,non_existent,non_existent,non_existent,non_existent,non_existent,non_existent,non_existent,non_existent,non_existent,non_existent,non_existent,non_existent,non_existent,non_existent,non_existent,
BP,D,10,Low,large,2,a,,,,NA,non_existent,non_existent,empty,empty,empty,empty,empty,no_visit,empty,empty,empty,empty,no_visit,empty,empty,empty,empty,no_visit,empty,no_visit,empty,empty,no_visit,empty,no_visit,empty,empty,no_visit,empty,no_visit,empty,no_visit,empty,empty,non_existent,non_existent,non_existent,non_existent,non_existent,non_existent,non_existent,non_existent,non_existent,non_existent,non_existent,non_existent,non_existent,non_existent,non_existent,non_existent,non_existent,non_existent,
BP,D,10,Low,small,3,a,,,,NA,non_existent,non_existent,empty,empty,empty,empty,empty,no_visit,empty,empty,empty,empty,no_visit,empty,empty,empty,empty,no_visit,empty,no_visit,empty,empty,no_visit,empty,no_visit,empty,empty,no_visit,empty,no_visit,empty,no_visit,empty,empty,non_existent,non_existent,non_existent,non_existent,non_existent,non_existent,non_existent,non_existent,non_existent,non_existent,non_existent,non_existent,non_existent,non_existent,non_existent,non_existent,non_existent,non_existent,
BP,D,10,Low,medium,4,a,,,,NA,non_existent,non_existent,empty,empty,empty,empty,empty,no_visit,empty,empty,empty,empty,no_visit,empty,empty,empty,empty,no_visit,empty,no_visit,empty,empty,no_visit,empty,no_visit,empty,empty,no_visit,empty,no_visit,empty,no_visit,empty,empty,non_existent,non_existent,non_existent,non_existent,non_existent,non_existent,non_existent,non_existent,non_existent,non_existent,non_existent,non_existent,non_existent,non_existent,non_existent,non_existent,non_existent,non_existent,
BP,D,10,Low,small,5,a,,,,NA,non_existent,non_existent,empty,empty,empty,empty,empty,no_visit,empty,empty,empty,empty,no_visit,empty,empty,empty,empty,no_visit,empty,no_visit,empty,empty,no_visit,empty,no_visit,empty,empty,no_visit,empty,no_visit,empty,no_visit,empty,empty,non_existent,non_existent,non_existent,non_existent,non_existent,non_existent,non_existent,non_existent,non_existent,non_existent,non_existent,non_existent,non_existent,non_existent,non_existent,non_existent,non_existent,non_existent,
BP,D,10,Low,small,6,a,,,,NA,non_existent,non_existent,empty,empty,empty,empty,empty,no_visit,empty,empty,empty,empty,no_visit,empty,empty,empty,empty,no_visit,empty,no_visit,empty,empty,no_visit,empty,no_visit,empty,empty,no_visit,empty,no_visit,empty,no_visit,empty,empty,non_existent,non_existent,non_existent,non_existent,non_existent,non_existent,non_existent,non_existent,non_existent,non_existent,non_existent,non_existent,non_existent,non_existent,non_existent,non_existent,non_existent,non_existent,
BP,D,10,Low,medium,7,a,,,,NA,non_existent,non_existent,empty,empty,empty,empty,empty,no_visit,empty,empty,empty,empty,no_visit,empty,empty,empty,empty,no_visit,empty,no_visit,empty,empty,no_visit,empty,no_visit,empty,empty,no_visit,empty,no_visit,empty,no_visit,empty,empty,non_existent,non_existent,non_existent,non_existent,non_existent,non_existent,non_existent,non_existent,non_existent,non_existent,non_existent,non_existent,non_existent,non_existent,non_existent,non_existent,non_existent,non_existent,
BP,D,10,Low,small,8,a,,,,NA,non_existent,non_existent,empty,empty,empty,empty,empty,no_visit,empty,empty,empty,empty,no_visit,empty,empty,empty,empty,no_visit,empty,no_visit,empty,empty,no_visit,empty,no_visit,empty,empty,no_visit,empty,no_visit,empty,no_visit,empty,empty,non_existent,non_existent,non_existent,non_existent,non_existent,non_existent,non_existent,non_existent,non_existent,non_existent,non_existent,non_existent,non_existent,non_existent,non_existent,non_existent,non_existent,non_existent,
BP,D,10,Low,small,9,a,,,,NA,non_existent,non_existent,empty,empty,empty,empty,empty,no_visit,empty,empty,empty,empty,no_visit,empty,empty,empty,empty,no_visit,empty,no_visit,empty,empty,no_visit,empty,no_visit,empty,empty,no_visit,empty,no_visit,empty,no_visit,empty,empty,non_existent,non_existent,non_existent,non_existent,non_existent,non_existent,non_existent,non_existent,non_existent,non_existent,non_existent,non_existent,non_existent,non_existent,non_existent,non_existent,non_existent,non_existent,
BP,D,10,Low,medium,10,a,,,,NA,non_existent,non_existent,empty,empty,empty,empty,empty,no_visit,empty,empty,empty,empty,no_visit,empty,empty,empty,empty,no_visit,empty,no_visit,empty,empty,no_visit,empty,no_visit,empty,empty,no_visit,empty,no_visit,empty,no_visit,empty,empty,non_existent,non_existent,non_existent,non_existent,non_existent,non_existent,non_existent,non_existent,non_existent,non_existent,non_existent,non_existent,non_existent,non_existent,non_existent,non_existent,non_existent,non_existent,
BP,D,10,Low,small,11,a,,,,NA,non_existent,non_existent,empty,empty,empty,empty,empty,no_visit,empty,empty,empty,empty,no_visit,empty,empty,empty,empty,no_visit,empty,no_visit,empty,empty,no_visit,empty,no_visit,empty,empty,no_visit,empty,no_visit,empty,no_visit,empty,empty,non_existent,non_existent,non_existent,non_existent,non_existent,non_existent,non_existent,non_existent,non_existent,non_existent,non_existent,non_existent,non_existent,non_existent,non_existent,non_existent,non_existent,non_existent,
BP,D,10,Low,small,12,a,,,,NA,non_existent,non_existent,empty,empty,empty,empty,empty,no_visit,empty,empty,empty,empty,no_visit,empty,empty,empty,empty,no_visit,empty,no_visit,empty,empty,no_visit,empty,no_visit,empty,empty,no_visit,empty,no_visit,empty,no_visit,empty,empty,non_existent,non_existent,non_existent,non_existent,non_existent,non_existent,non_existent,non_existent,non_existent,non_existent,non_existent,non_existent,non_existent,non_existent,non_existent,non_existent,non_existent,non_existent,
BP,D,10,Low,medium,13,a,,,,NA,non_existent,non_existent,empty,empty,empty,empty,empty,no_visit,empty,empty,empty,empty,no_visit,empty,empty,empty,empty,no_visit,empty,no_visit,empty,empty,no_visit,empty,no_visit,empty,empty,no_visit,empty,no_visit,empty,no_visit,empty,empty,non_existent,non_existent,non_existent,non_existent,non_existent,non_existent,non_existent,non_existent,non_existent,non_existent,non_existent,non_existent,non_existent,non_existent,non_existent,non_existent,non_existent,non_existent,
BP,D,10,Low,small,14,a,,,,NA,non_existent,non_existent,empty,empty,empty,empty,empty,no_visit,empty,empty,empty,empty,no_visit,empty,empty,empty,empty,no_visit,empty,no_visit,empty,empty,no_visit,empty,no_visit,empty,empty,no_visit,empty,no_visit,empty,no_visit,empty,empty,non_existent,non_existent,non_existent,non_existent,non_existent,non_existent,non_existent,non_existent,non_existent,non_existent,non_existent,non_existent,non_existent,non_existent,non_existent,non_existent,non_existent,non_existent,
BP,D,10,Low,large,15,a,,,,NA,non_existent,non_existent,empty,empty,empty,empty,empty,no_visit,empty,empty,empty,empty,no_visit,empty,empty,empty,empty,no_visit,empty,no_visit,empty,empty,no_visit,empty,no_visit,empty,empty,no_visit,empty,no_visit,empty,no_visit,empty,empty,non_existent,non_existent,non_existent,non_existent,non_existent,non_existent,non_existent,non_existent,non_existent,non_existent,non_existent,non_existent,non_existent,non_existent,non_existent,non_existent,non_existent,non_existent,
BP,D,10,Low,small,16,a,,,,NA,non_existent,non_existent,empty,empty,empty,empty,empty,no_visit,empty,empty,empty,empty,no_visit,empty,empty,empty,empty,no_visit,empty,no_visit,empty,empty,no_visit,empty,no_visit,empty,empty,no_visit,empty,no_visit,empty,no_visit,empty,empty,non_existent,non_existent,non_existent,non_existent,non_existent,non_existent,non_existent,non_existent,non_existent,non_existent,non_existent,non_existent,non_existent,non_existent,non_existent,non_existent,non_existent,non_existent,
BP,D,10,Low,medium,17,a,,,,NA,non_existent,non_existent,empty,empty,empty,empty,empty,no_visit,empty,empty,empty,empty,no_visit,empty,empty,empty,empty,no_visit,empty,no_visit,empty,empty,no_visit,empty,no_visit,empty,empty,no_visit,empty,no_visit,empty,no_visit,empty,empty,non_existent,non_existent,non_existent,non_existent,non_existent,non_existent,non_existent,non_existent,non_existent,non_existent,non_existent,non_existent,non_existent,non_existent,non_existent,non_existent,non_existent,non_existent,
BP,D,10,Low,small,18,a,,,,NA,non_existent,non_existent,empty,empty,empty,empty,empty,no_visit,empty,empty,empty,empty,no_visit,empty,empty,empty,empty,no_visit,empty,no_visit,empty,empty,no_visit,empty,no_visit,empty,empty,no_visit,empty,no_visit,empty,no_visit,empty,empty,non_existent,non_existent,non_existent,non_existent,non_existent,non_existent,non_existent,non_existent,non_existent,non_existent,non_existent,non_existent,non_existent,non_existent,non_existent,non_existent,non_existent,non_existent,
BP,D,11,Mid,small,1,a,,,,NA,non_existent,non_existent,empty,empty,empty,empty,empty,no_visit,empty,empty,empty,empty,no_visit,empty,empty,empty,empty,no_visit,empty,no_visit,empty,empty,no_visit,empty,no_visit,empty,empty,no_visit,empty,no_visit,empty,no_visit,empty,empty,non_existent,non_existent,non_existent,non_existent,non_existent,non_existent,non_existent,non_existent,non_existent,non_existent,non_existent,non_existent,non_existent,non_existent,non_existent,non_existent,non_existent,non_existent,
BP,D,11,Mid,medium,2,a,,,,NA,non_existent,non_existent,empty,empty,empty,empty,empty,no_visit,empty,empty,empty,empty,no_visit,empty,empty,empty,empty,no_visit,empty,no_visit,empty,empty,no_visit,empty,no_visit,empty,empty,no_visit,empty,no_visit,empty,no_visit,empty,empty,non_existent,non_existent,non_existent,non_existent,non_existent,non_existent,non_existent,non_existent,non_existent,non_existent,non_existent,non_existent,non_existent,non_existent,non_existent,non_existent,non_existent,non_existent,
BP,D,11,Mid,small,3,a,,,,NA,non_existent,non_existent,empty,empty,empty,empty,empty,no_visit,empty,empty,empty,empty,no_visit,empty,empty,empty,empty,no_visit,empty,no_visit,empty,empty,no_visit,empty,no_visit,empty,empty,no_visit,empty,no_visit,empty,no_visit,empty,empty,non_existent,non_existent,non_existent,non_existent,non_existent,non_existent,non_existent,non_existent,non_existent,non_existent,non_existent,non_existent,non_existent,non_existent,non_existent,non_existent,non_existent,non_existent,
BP,D,11,Mid,large,4,a,,,,NA,non_existent,non_existent,empty,empty,empty,empty,empty,no_visit,empty,empty,empty,empty,no_visit,empty,empty,empty,empty,no_visit,empty,no_visit,empty,empty,no_visit,empty,no_visit,empty,empty,no_visit,empty,no_visit,empty,no_visit,empty,empty,non_existent,non_existent,non_existent,non_existent,non_existent,non_existent,non_existent,non_existent,non_existent,non_existent,non_existent,non_existent,non_existent,non_existent,non_existent,non_existent,non_existent,non_existent,
BP,D,11,Mid,small,5,a,,,,NA,non_existent,non_existent,empty,empty,empty,empty,empty,no_visit,empty,empty,empty,empty,no_visit,empty,empty,empty,empty,no_visit,empty,no_visit,empty,empty,no_visit,empty,no_visit,empty,empty,no_visit,empty,no_visit,empty,no_visit,empty,empty,non_existent,non_existent,non_existent,non_existent,non_existent,non_existent,non_existent,non_existent,non_existent,non_existent,non_existent,non_existent,non_existent,non_existent,non_existent,non_existent,non_existent,non_existent,
BP,D,11,Mid,small,6,a,,,,NA,non_existent,non_existent,empty,empty,empty,empty,empty,no_visit,empty,empty,empty,empty,no_visit,empty,empty,empty,empty,no_visit,empty,no_visit,empty,empty,no_visit,empty,no_visit,empty,empty,no_visit,empty,no_visit,empty,no_visit,empty,empty,non_existent,non_existent,non_existent,non_existent,non_existent,non_existent,non_existent,non_existent,non_existent,non_existent,non_existent,non_existent,non_existent,non_existent,non_existent,non_existent,non_existent,non_existent,
BP,D,11,Mid,medium,7,a,,,,NA,non_existent,non_existent,empty,empty,empty,empty,empty,no_visit,empty,empty,empty,empty,no_visit,empty,empty,empty,empty,no_visit,empty,no_visit,empty,empty,no_visit,empty,no_visit,empty,empty,no_visit,empty,no_visit,empty,no_visit,empty,empty,non_existent,non_existent,non_existent,non_existent,non_existent,non_existent,non_existent,non_existent,non_existent,non_existent,non_existent,non_existent,non_existent,non_existent,non_existent,non_existent,non_existent,non_existent,
BP,D,11,Mid,small,8,a,,,,NA,non_existent,non_existent,empty,empty,empty,empty,empty,no_visit,empty,empty,empty,empty,no_visit,empty,empty,empty,empty,no_visit,empty,no_visit,empty,empty,no_visit,empty,no_visit,empty,empty,no_visit,empty,no_visit,empty,no_visit,empty,empty,non_existent,non_existent,non_existent,non_existent,non_existent,non_existent,non_existent,non_existent,non_existent,non_existent,non_existent,non_existent,non_existent,non_existent,non_existent,non_existent,non_existent,non_existent,
BP,D,11,Mid,medium,9,a,,,,NA,non_existent,non_existent,empty,empty,empty,empty,empty,no_visit,empty,empty,empty,empty,no_visit,empty,empty,empty,empty,no_visit,empty,no_visit,empty,empty,no_visit,empty,no_visit,empty,empty,no_visit,empty,no_visit,empty,no_visit,empty,empty,non_existent,non_existent,non_existent,non_existent,non_existent,non_existent,non_existent,non_existent,non_existent,non_existent,non_existent,non_existent,non_existent,non_existent,non_existent,non_existent,non_existent,non_existent,
BP,D,11,Mid,small,10,a,,,,NA,non_existent,non_existent,empty,empty,empty,empty,empty,no_visit,empty,empty,empty,empty,no_visit,empty,empty,empty,empty,no_visit,empty,no_visit,empty,empty,no_visit,empty,no_visit,empty,empty,no_visit,empty,no_visit,empty,no_visit,empty,empty,non_existent,non_existent,non_existent,non_existent,non_existent,non_existent,non_existent,non_existent,non_existent,non_existent,non_existent,non_existent,non_existent,non_existent,non_existent,non_existent,non_existent,non_existent,
BP,D,11,Mid,medium,11,a,,,,NA,non_existent,non_existent,empty,empty,empty,empty,empty,no_visit,empty,empty,empty,empty,no_visit,empty,empty,empty,empty,no_visit,empty,no_visit,empty,empty,no_visit,empty,no_visit,empty,empty,no_visit,empty,no_visit,empty,no_visit,empty,empty,non_existent,non_existent,non_existent,non_existent,non_existent,non_existent,non_existent,non_existent,non_existent,non_existent,non_existent,non_existent,non_existent,non_existent,non_existent,non_existent,non_existent,non_existent,
BP,D,11,Mid,small,12,a,,,,NA,non_existent,non_existent,empty,empty,empty,empty,empty,no_visit,empty,empty,empty,empty,no_visit,empty,empty,empty,empty,no_visit,empty,no_visit,empty,empty,no_visit,empty,no_visit,empty,empty,no_visit,empty,no_visit,empty,no_visit,empty,empty,non_existent,non_existent,non_existent,non_existent,non_existent,non_existent,non_existent,non_existent,non_existent,non_existent,non_existent,non_existent,non_existent,non_existent,non_existent,non_existent,non_existent,non_existent,
BP,D,11,Mid,medium,13,a,,,,NA,non_existent,non_existent,empty,empty,empty,empty,empty,no_visit,empty,empty,empty,empty,no_visit,empty,empty,empty,empty,no_visit,empty,no_visit,empty,empty,no_visit,empty,no_visit,empty,empty,no_visit,empty,no_visit,empty,no_visit,empty,empty,non_existent,non_existent,non_existent,non_existent,non_existent,non_existent,non_existent,non_existent,non_existent,non_existent,non_existent,non_existent,non_existent,non_existent,non_existent,non_existent,non_existent,non_existent,
BP,D,11,Mid,small,14,a,,,,NA,non_existent,non_existent,empty,empty,empty,empty,empty,no_visit,empty,empty,empty,empty,no_visit,empty,empty,empty,empty,no_visit,empty,no_visit,empty,empty,no_visit,empty,no_visit,empty,empty,no_visit,empty,no_visit,empty,no_visit,empty,empty,non_existent,non_existent,non_existent,non_existent,non_existent,non_existent,non_existent,non_existent,non_existent,non_existent,non_existent,non_existent,non_existent,non_existent,non_existent,non_existent,non_existent,non_existent,
BP,D,11,Mid,small,15,a,,,,NA,non_existent,non_existent,empty,empty,empty,empty,empty,no_visit,empty,empty,empty,empty,no_visit,empty,empty,empty,empty,no_visit,empty,no_visit,empty,empty,no_visit,empty,no_visit,empty,empty,no_visit,empty,no_visit,empty,no_visit,empty,empty,non_existent,non_existent,non_existent,non_existent,non_existent,non_existent,non_existent,non_existent,non_existent,non_existent,non_existent,non_existent,non_existent,non_existent,non_existent,non_existent,non_existent,non_existent,
BP,D,11,Mid,large,16,a,,,,NA,non_existent,non_existent,empty,empty,empty,empty,empty,no_visit,empty,empty,empty,empty,no_visit,empty,empty,empty,empty,no_visit,empty,no_visit,empty,empty,no_visit,empty,no_visit,empty,empty,no_visit,empty,no_visit,empty,no_visit,empty,empty,non_existent,non_existent,non_existent,non_existent,non_existent,non_existent,non_existent,non_existent,non_existent,non_existent,non_existent,non_existent,non_existent,non_existent,non_existent,non_existent,non_existent,non_existent,
BP,D,11,Mid,small,17,a,,,,NA,non_existent,non_existent,empty,empty,empty,empty,empty,no_visit,empty,empty,empty,empty,no_visit,empty,empty,empty,empty,no_visit,empty,no_visit,empty,empty,no_visit,empty,no_visit,empty,empty,no_visit,empty,no_visit,empty,no_visit,empty,empty,non_existent,non_existent,non_existent,non_existent,non_existent,non_existent,non_existent,non_existent,non_existent,non_existent,non_existent,non_existent,non_existent,non_existent,non_existent,non_existent,non_existent,non_existent,
BP,D,11,Mid,medium,18,a,,,,NA,non_existent,non_existent,empty,empty,empty,empty,empty,no_visit,empty,empty,empty,empty,no_visit,empty,empty,empty,empty,no_visit,empty,no_visit,empty,empty,no_visit,empty,no_visit,empty,empty,no_visit,empty,no_visit,empty,no_visit,empty,empty,non_existent,non_existent,non_existent,non_existent,non_existent,non_existent,non_existent,non_existent,non_existent,non_existent,non_existent,non_existent,non_existent,non_existent,non_existent,non_existent,non_existent,non_existent,
BP,D,12,High,small,1,a,,,,NA,non_existent,non_existent,empty,empty,empty,empty,empty,no_visit,empty,empty,empty,empty,no_visit,empty,empty,empty,empty,no_visit,empty,no_visit,empty,empty,no_visit,empty,no_visit,empty,empty,no_visit,empty,no_visit,empty,no_visit,empty,empty,non_existent,non_existent,non_existent,non_existent,non_existent,non_existent,non_existent,non_existent,non_existent,non_existent,non_existent,non_existent,non_existent,non_existent,non_existent,non_existent,non_existent,non_existent,
BP,D,12,High,medium,2,a,,,,NA,non_existent,non_existent,empty,empty,empty,empty,empty,no_visit,empty,empty,empty,empty,no_visit,empty,empty,empty,empty,no_visit,empty,no_visit,empty,empty,no_visit,empty,no_visit,empty,empty,no_visit,empty,no_visit,empty,no_visit,empty,empty,non_existent,non_existent,non_existent,non_existent,non_existent,non_existent,non_existent,non_existent,non_existent,non_existent,non_existent,non_existent,non_existent,non_existent,non_existent,non_existent,non_existent,non_existent,
BP,D,12,High,small,3,a,,,,NA,non_existent,non_existent,empty,empty,empty,empty,empty,no_visit,empty,empty,empty,empty,no_visit,empty,empty,empty,empty,no_visit,empty,no_visit,empty,empty,no_visit,empty,no_visit,empty,empty,no_visit,empty,no_visit,empty,no_visit,empty,empty,non_existent,non_existent,non_existent,non_existent,non_existent,non_existent,non_existent,non_existent,non_existent,non_existent,non_existent,non_existent,non_existent,non_existent,non_existent,non_existent,non_existent,non_existent,
BP,D,12,High,large,4,a,,,,NA,non_existent,non_existent,empty,empty,empty,empty,empty,no_visit,empty,empty,empty,empty,no_visit,empty,empty,empty,empty,no_visit,empty,no_visit,empty,empty,no_visit,empty,no_visit,empty,empty,no_visit,empty,no_visit,empty,no_visit,empty,empty,non_existent,non_existent,non_existent,non_existent,non_existent,non_existent,non_existent,non_existent,non_existent,non_existent,non_existent,non_existent,non_existent,non_existent,non_existent,non_existent,non_existent,non_existent,
BP,D,12,High,small,5,a,,,,NA,non_existent,non_existent,empty,empty,empty,empty,empty,no_visit,empty,empty,empty,empty,no_visit,empty,empty,empty,empty,no_visit,empty,no_visit,empty,empty,no_visit,empty,no_visit,empty,empty,no_visit,empty,no_visit,empty,no_visit,empty,empty,non_existent,non_existent,non_existent,non_existent,non_existent,non_existent,non_existent,non_existent,non_existent,non_existent,non_existent,non_existent,non_existent,non_existent,non_existent,non_existent,non_existent,non_existent,
BP,D,12,High,small,6,a,,,,NA,non_existent,non_existent,empty,empty,empty,empty,empty,no_visit,empty,empty,empty,empty,no_visit,empty,empty,empty,empty,no_visit,empty,no_visit,empty,empty,no_visit,empty,no_visit,empty,empty,no_visit,empty,no_visit,empty,no_visit,empty,empty,non_existent,non_existent,non_existent,non_existent,non_existent,non_existent,non_existent,non_existent,non_existent,non_existent,non_existent,non_existent,non_existent,non_existent,non_existent,non_existent,non_existent,non_existent,
BP,D,12,High,medium,7,a,,,,NA,non_existent,non_existent,empty,empty,empty,empty,empty,no_visit,empty,empty,empty,empty,no_visit,empty,empty,empty,empty,no_visit,empty,no_visit,empty,empty,no_visit,empty,no_visit,empty,empty,no_visit,empty,no_visit,empty,no_visit,empty,empty,non_existent,non_existent,non_existent,non_existent,non_existent,non_existent,non_existent,non_existent,non_existent,non_existent,non_existent,non_existent,non_existent,non_existent,non_existent,non_existent,non_existent,non_existent,
BP,D,12,High,medium,8,a,,,,NA,non_existent,non_existent,empty,empty,empty,empty,empty,no_visit,empty,empty,empty,empty,no_visit,empty,empty,empty,empty,no_visit,empty,no_visit,empty,empty,no_visit,empty,no_visit,empty,empty,no_visit,empty,no_visit,empty,no_visit,empty,empty,non_existent,non_existent,non_existent,non_existent,non_existent,non_existent,non_existent,non_existent,non_existent,non_existent,non_existent,non_existent,non_existent,non_existent,non_existent,non_existent,non_existent,non_existent,
BP,D,12,High,small,9,a,,,,NA,non_existent,non_existent,empty,empty,empty,empty,empty,no_visit,empty,empty,empty,empty,no_visit,empty,empty,empty,empty,no_visit,empty,no_visit,empty,empty,no_visit,empty,no_visit,empty,empty,no_visit,empty,no_visit,empty,no_visit,empty,empty,non_existent,non_existent,non_existent,non_existent,non_existent,non_existent,non_existent,non_existent,non_existent,non_existent,non_existent,non_existent,non_existent,non_existent,non_existent,non_existent,non_existent,non_existent,
BP,D,12,High,medium,10,a,,,,NA,non_existent,non_existent,empty,empty,empty,empty,empty,no_visit,empty,empty,empty,empty,no_visit,empty,empty,empty,empty,no_visit,empty,no_visit,empty,empty,no_visit,empty,no_visit,empty,empty,no_visit,empty,no_visit,empty,no_visit,empty,empty,non_existent,non_existent,non_existent,non_existent,non_existent,non_existent,non_existent,non_existent,non_existent,non_existent,non_existent,non_existent,non_existent,non_existent,non_existent,non_existent,non_existent,non_existent,
BP,D,12,High,small,11,a,,,,NA,non_existent,non_existent,empty,empty,empty,empty,empty,no_visit,empty,empty,empty,empty,no_visit,empty,empty,empty,empty,no_visit,empty,no_visit,empty,empty,no_visit,empty,no_visit,empty,empty,no_visit,empty,no_visit,empty,no_visit,empty,empty,non_existent,non_existent,non_existent,non_existent,non_existent,non_existent,non_existent,non_existent,non_existent,non_existent,non_existent,non_existent,non_existent,non_existent,non_existent,non_existent,non_existent,non_existent,
BP,D,12,High,small,12,a,,,,NA,non_existent,non_existent,empty,empty,empty,empty,empty,no_visit,empty,empty,empty,empty,no_visit,empty,empty,empty,empty,no_visit,empty,no_visit,empty,empty,no_visit,empty,no_visit,empty,empty,no_visit,empty,no_visit,empty,no_visit,empty,empty,non_existent,non_existent,non_existent,non_existent,non_existent,non_existent,non_existent,non_existent,non_existent,non_existent,non_existent,non_existent,non_existent,non_existent,non_existent,non_existent,non_existent,non_existent,
BP,D,12,High,medium,13,a,,,,NA,non_existent,non_existent,empty,empty,empty,empty,empty,no_visit,empty,empty,empty,empty,no_visit,empty,empty,empty,empty,no_visit,empty,no_visit,empty,empty,no_visit,empty,no_visit,empty,empty,no_visit,empty,no_visit,empty,no_visit,empty,empty,non_existent,non_existent,non_existent,non_existent,non_existent,non_existent,non_existent,non_existent,non_existent,non_existent,non_existent,non_existent,non_existent,non_existent,non_existent,non_existent,non_existent,non_existent,
BP,D,12,High,large,14,a,,,,NA,non_existent,non_existent,empty,empty,empty,empty,empty,no_visit,empty,empty,empty,empty,no_visit,empty,empty,empty,empty,no_visit,empty,no_visit,empty,empty,no_visit,empty,no_visit,empty,empty,no_visit,empty,no_visit,empty,no_visit,empty,empty,non_existent,non_existent,non_existent,non_existent,non_existent,non_existent,non_existent,non_existent,non_existent,non_existent,non_existent,non_existent,non_existent,non_existent,non_existent,non_existent,non_existent,non_existent,
BP,D,12,High,small,15,a,,,,NA,non_existent,non_existent,empty,empty,empty,empty,empty,no_visit,empty,empty,empty,empty,no_visit,empty,empty,empty,empty,no_visit,empty,no_visit,empty,empty,no_visit,empty,no_visit,empty,empty,no_visit,empty,no_visit,empty,no_visit,empty,empty,non_existent,non_existent,non_existent,non_existent,non_existent,non_existent,non_existent,non_existent,non_existent,non_existent,non_existent,non_existent,non_existent,non_existent,non_existent,non_existent,non_existent,non_existent,
BP,D,12,High,small,16,a,,,,NA,non_existent,non_existent,empty,empty,empty,empty,empty,no_visit,empty,empty,empty,empty,no_visit,empty,empty,empty,empty,no_visit,empty,no_visit,empty,empty,no_visit,empty,no_visit,empty,empty,no_visit,empty,no_visit,empty,no_visit,empty,empty,non_existent,non_existent,non_existent,non_existent,non_existent,non_existent,non_existent,non_existent,non_existent,non_existent,non_existent,non_existent,non_existent,non_existent,non_existent,non_existent,non_existent,non_existent,
BP,D,12,High,medium,17,a,,,,NA,non_existent,non_existent,empty,empty,empty,empty,empty,no_visit,empty,empty,empty,empty,no_visit,empty,empty,empty,empty,no_visit,empty,no_visit,empty,empty,no_visit,empty,no_visit,empty,empty,no_visit,empty,no_visit,empty,no_visit,empty,empty,non_existent,non_existent,non_existent,non_existent,non_existent,non_existent,non_existent,non_existent,non_existent,non_existent,non_existent,non_existent,non_existent,non_existent,non_existent,non_existent,non_existent,non_existent,
BP,D,12,High,small,18,a,,,,NA,non_existent,non_existent,empty,empty,empty,empty,empty,no_visit,empty,empty,empty,empty,no_visit,empty,empty,empty,empty,no_visit,empty,no_visit,empty,empty,no_visit,empty,no_visit,empty,empty,no_visit,empty,no_visit,empty,no_visit,empty,empty,non_existent,non_existent,non_existent,non_existent,non_existent,non_existent,non_existent,non_existent,non_existent,non_existent,non_existent,non_existent,non_existent,non_existent,non_existent,non_existent,non_existent,non_existent,
BP,E,13,Low,medium,1,a,,,,NA,non_existent,non_existent,empty,empty,empty,empty,empty,no_visit,empty,empty,empty,empty,no_visit,empty,empty,empty,empty,no_visit,empty,no_visit,empty,no_visit,empty,empty,no_visit,empty,empty,no_visit,empty,no_visit,empty,no_visit,empty,empty,non_existent,non_existent,non_existent,non_existent,non_existent,non_existent,non_existent,non_existent,non_existent,non_existent,non_existent,non_existent,non_existent,non_existent,non_existent,non_existent,non_existent,non_existent,
BP,E,13,Low,small,2,a,,,,NA,non_existent,non_existent,empty,empty,empty,empty,empty,no_visit,empty,empty,empty,empty,no_visit,empty,empty,empty,empty,no_visit,empty,no_visit,empty,no_visit,empty,empty,no_visit,empty,empty,no_visit,empty,no_visit,empty,no_visit,empty,empty,non_existent,non_existent,non_existent,non_existent,non_existent,non_existent,non_existent,non_existent,non_existent,non_existent,non_existent,non_existent,non_existent,non_existent,non_existent,non_existent,non_existent,non_existent,
BP,E,13,Low,large,3,a,,,,NA,non_existent,non_existent,empty,empty,empty,empty,empty,no_visit,empty,empty,empty,empty,no_visit,empty,empty,empty,empty,no_visit,empty,no_visit,empty,no_visit,empty,empty,no_visit,empty,empty,no_visit,empty,no_visit,empty,no_visit,empty,empty,non_existent,non_existent,non_existent,non_existent,non_existent,non_existent,non_existent,non_existent,non_existent,non_existent,non_existent,non_existent,non_existent,non_existent,non_existent,non_existent,non_existent,non_existent,
BP,E,13,Low,small,4,a,,,,NA,non_existent,non_existent,empty,empty,empty,empty,empty,no_visit,empty,empty,empty,empty,no_visit,empty,empty,empty,empty,no_visit,empty,no_visit,empty,no_visit,empty,empty,no_visit,empty,empty,no_visit,empty,no_visit,empty,no_visit,empty,empty,non_existent,non_existent,non_existent,non_existent,non_existent,non_existent,non_existent,non_existent,non_existent,non_existent,non_existent,non_existent,non_existent,non_existent,non_existent,non_existent,non_existent,non_existent,
BP,E,13,Low,small,5,a,,,,NA,non_existent,non_existent,empty,empty,empty,empty,empty,no_visit,empty,empty,empty,empty,no_visit,empty,empty,empty,empty,no_visit,empty,no_visit,empty,no_visit,empty,empty,no_visit,empty,empty,no_visit,empty,no_visit,empty,no_visit,empty,empty,non_existent,non_existent,non_existent,non_existent,non_existent,non_existent,non_existent,non_existent,non_existent,non_existent,non_existent,non_existent,non_existent,non_existent,non_existent,non_existent,non_existent,non_existent,
BP,E,13,Low,medium,6,a,,,,NA,non_existent,non_existent,empty,empty,empty,empty,empty,no_visit,empty,empty,empty,empty,no_visit,empty,empty,empty,empty,no_visit,empty,no_visit,empty,no_visit,empty,empty,no_visit,empty,empty,no_visit,empty,no_visit,empty,no_visit,empty,empty,non_existent,non_existent,non_existent,non_existent,non_existent,non_existent,non_existent,non_existent,non_existent,non_existent,non_existent,non_existent,non_existent,non_existent,non_existent,non_existent,non_existent,non_existent,
BP,E,13,Low,small,7,a,,,,NA,non_existent,non_existent,empty,empty,empty,empty,empty,no_visit,empty,empty,empty,empty,no_visit,empty,empty,empty,empty,no_visit,empty,no_visit,empty,no_visit,empty,empty,no_visit,empty,empty,no_visit,empty,no_visit,empty,no_visit,empty,empty,non_existent,non_existent,non_existent,non_existent,non_existent,non_existent,non_existent,non_existent,non_existent,non_existent,non_existent,non_existent,non_existent,non_existent,non_existent,non_existent,non_existent,non_existent,
BP,E,13,Low,small,8,a,,,,NA,non_existent,non_existent,empty,empty,empty,empty,empty,no_visit,empty,empty,empty,empty,no_visit,empty,empty,empty,empty,no_visit,empty,no_visit,empty,no_visit,empty,empty,no_visit,empty,empty,no_visit,empty,no_visit,empty,no_visit,empty,empty,non_existent,non_existent,non_existent,non_existent,non_existent,non_existent,non_existent,non_existent,non_existent,non_existent,non_existent,non_existent,non_existent,non_existent,non_existent,non_existent,non_existent,non_existent,
BP,E,13,Low,medium,9,a,,,,NA,non_existent,non_existent,empty,empty,empty,empty,empty,no_visit,empty,empty,empty,empty,no_visit,empty,empty,empty,empty,no_visit,empty,no_visit,empty,no_visit,empty,empty,no_visit,empty,empty,no_visit,empty,no_visit,empty,no_visit,empty,empty,non_existent,non_existent,non_existent,non_existent,non_existent,non_existent,non_existent,non_existent,non_existent,non_existent,non_existent,non_existent,non_existent,non_existent,non_existent,non_existent,non_existent,non_existent,
BP,E,13,Low,medium,10,a,,,,NA,non_existent,non_existent,empty,empty,empty,empty,empty,no_visit,empty,empty,empty,empty,no_visit,empty,empty,empty,empty,no_visit,empty,no_visit,empty,no_visit,empty,empty,no_visit,empty,empty,no_visit,empty,no_visit,empty,no_visit,empty,empty,non_existent,non_existent,non_existent,non_existent,non_existent,non_existent,non_existent,non_existent,non_existent,non_existent,non_existent,non_existent,non_existent,non_existent,non_existent,non_existent,non_existent,non_existent,
BP,E,13,Low,small,11,a,,,,NA,non_existent,non_existent,empty,empty,empty,empty,empty,no_visit,empty,empty,empty,empty,no_visit,empty,empty,empty,empty,no_visit,empty,no_visit,empty,no_visit,empty,empty,no_visit,empty,empty,no_visit,empty,no_visit,empty,no_visit,empty,empty,non_existent,non_existent,non_existent,non_existent,non_existent,non_existent,non_existent,non_existent,non_existent,non_existent,non_existent,non_existent,non_existent,non_existent,non_existent,non_existent,non_existent,non_existent,
BP,E,13,Low,small,12,a,,,,NA,non_existent,non_existent,empty,empty,empty,empty,empty,no_visit,empty,empty,empty,empty,no_visit,empty,empty,empty,empty,no_visit,empty,no_visit,empty,no_visit,empty,empty,no_visit,empty,empty,no_visit,empty,no_visit,empty,no_visit,empty,empty,non_existent,non_existent,non_existent,non_existent,non_existent,non_existent,non_existent,non_existent,non_existent,non_existent,non_existent,non_existent,non_existent,non_existent,non_existent,non_existent,non_existent,non_existent,
BP,E,13,Low,medium,13,a,,,,NA,non_existent,non_existent,empty,empty,empty,empty,empty,no_visit,empty,empty,empty,empty,no_visit,empty,empty,empty,empty,no_visit,empty,no_visit,empty,no_visit,empty,empty,no_visit,empty,empty,no_visit,empty,no_visit,empty,no_visit,empty,empty,non_existent,non_existent,non_existent,non_existent,non_existent,non_existent,non_existent,non_existent,non_existent,non_existent,non_existent,non_existent,non_existent,non_existent,non_existent,non_existent,non_existent,non_existent,
BP,E,13,Low,small,14,a,,,,NA,non_existent,non_existent,empty,empty,empty,empty,empty,no_visit,empty,empty,empty,empty,no_visit,empty,empty,empty,empty,no_visit,empty,no_visit,empty,no_visit,empty,empty,no_visit,empty,empty,no_visit,empty,no_visit,empty,no_visit,empty,empty,non_existent,non_existent,non_existent,non_existent,non_existent,non_existent,non_existent,non_existent,non_existent,non_existent,non_existent,non_existent,non_existent,non_existent,non_existent,non_existent,non_existent,non_existent,
BP,E,13,Low,large,15,a,,,,NA,non_existent,non_existent,empty,empty,empty,empty,empty,no_visit,empty,empty,empty,empty,no_visit,empty,empty,empty,empty,no_visit,empty,no_visit,empty,no_visit,empty,empty,no_visit,empty,empty,no_visit,empty,no_visit,empty,no_visit,empty,empty,non_existent,non_existent,non_existent,non_existent,non_existent,non_existent,non_existent,non_existent,non_existent,non_existent,non_existent,non_existent,non_existent,non_existent,non_existent,non_existent,non_existent,non_existent,
BP,E,13,Low,small,16,a,,,,NA,non_existent,non_existent,empty,empty,empty,empty,empty,no_visit,empty,empty,empty,empty,no_visit,empty,empty,empty,empty,no_visit,empty,no_visit,empty,no_visit,empty,empty,no_visit,empty,empty,no_visit,empty,no_visit,empty,no_visit,empty,empty,non_existent,non_existent,non_existent,non_existent,non_existent,non_existent,non_existent,non_existent,non_existent,non_existent,non_existent,non_existent,non_existent,non_existent,non_existent,non_existent,non_existent,non_existent,
BP,E,13,Low,medium,17,a,,,,NA,non_existent,non_existent,empty,empty,empty,empty,empty,no_visit,empty,empty,empty,empty,no_visit,empty,empty,empty,empty,no_visit,empty,no_visit,empty,no_visit,empty,empty,no_visit,empty,empty,no_visit,empty,no_visit,empty,no_visit,empty,empty,non_existent,non_existent,non_existent,non_existent,non_existent,non_existent,non_existent,non_existent,non_existent,non_existent,non_existent,non_existent,non_existent,non_existent,non_existent,non_existent,non_existent,non_existent,
BP,E,13,Low,small,18,a,,,,NA,non_existent,non_existent,empty,empty,empty,empty,empty,no_visit,empty,empty,empty,empty,no_visit,empty,empty,empty,empty,no_visit,empty,no_visit,empty,no_visit,empty,empty,no_visit,empty,empty,no_visit,empty,no_visit,empty,no_visit,empty,empty,non_existent,non_existent,non_existent,non_existent,non_existent,non_existent,non_existent,non_existent,non_existent,non_existent,non_existent,non_existent,non_existent,non_existent,non_existent,non_existent,non_existent,non_existent,
BP,E,14,Mid,medium,1,a,,,,NA,non_existent,non_existent,empty,empty,empty,empty,empty,no_visit,empty,empty,empty,empty,no_visit,empty,empty,empty,empty,no_visit,empty,no_visit,empty,no_visit,empty,empty,no_visit,empty,empty,no_visit,empty,no_visit,empty,no_visit,empty,empty,non_existent,non_existent,non_existent,non_existent,non_existent,non_existent,non_existent,non_existent,non_existent,non_existent,non_existent,non_existent,non_existent,non_existent,non_existent,non_existent,non_existent,non_existent,
BP,E,14,Mid,small,2,a,,,,NA,non_existent,non_existent,empty,empty,empty,empty,empty,no_visit,empty,empty,empty,empty,no_visit,empty,empty,empty,empty,no_visit,empty,no_visit,empty,no_visit,empty,empty,no_visit,empty,empty,no_visit,empty,no_visit,empty,no_visit,empty,empty,non_existent,non_existent,non_existent,non_existent,non_existent,non_existent,non_existent,non_existent,non_existent,non_existent,non_existent,non_existent,non_existent,non_existent,non_existent,non_existent,non_existent,non_existent,
BP,E,14,Mid,small,3,a,,,,NA,non_existent,non_existent,empty,empty,empty,empty,empty,no_visit,empty,empty,empty,empty,no_visit,empty,empty,empty,empty,no_visit,empty,no_visit,empty,no_visit,empty,empty,no_visit,empty,empty,no_visit,empty,no_visit,empty,no_visit,empty,empty,non_existent,non_existent,non_existent,non_existent,non_existent,non_existent,non_existent,non_existent,non_existent,non_existent,non_existent,non_existent,non_existent,non_existent,non_existent,non_existent,non_existent,non_existent,
BP,E,14,Mid,large,4,a,,,,NA,non_existent,non_existent,empty,empty,empty,empty,empty,no_visit,empty,empty,empty,empty,no_visit,empty,empty,empty,empty,no_visit,empty,no_visit,empty,no_visit,empty,empty,no_visit,empty,empty,no_visit,empty,no_visit,empty,no_visit,empty,empty,non_existent,non_existent,non_existent,non_existent,non_existent,non_existent,non_existent,non_existent,non_existent,non_existent,non_existent,non_existent,non_existent,non_existent,non_existent,non_existent,non_existent,non_existent,
BP,E,14,Mid,small,5,a,,,,NA,non_existent,non_existent,empty,empty,empty,empty,empty,no_visit,empty,empty,empty,empty,no_visit,empty,empty,empty,empty,no_visit,empty,no_visit,empty,no_visit,empty,empty,no_visit,empty,empty,no_visit,empty,no_visit,empty,no_visit,empty,empty,non_existent,non_existent,non_existent,non_existent,non_existent,non_existent,non_existent,non_existent,non_existent,non_existent,non_existent,non_existent,non_existent,non_existent,non_existent,non_existent,non_existent,non_existent,
BP,E,14,Mid,small,6,a,,,,NA,non_existent,non_existent,empty,empty,empty,empty,empty,no_visit,empty,empty,empty,empty,no_visit,empty,empty,empty,empty,no_visit,empty,no_visit,empty,no_visit,empty,empty,no_visit,empty,empty,no_visit,empty,no_visit,empty,no_visit,empty,empty,non_existent,non_existent,non_existent,non_existent,non_existent,non_existent,non_existent,non_existent,non_existent,non_existent,non_existent,non_existent,non_existent,non_existent,non_existent,non_existent,non_existent,non_existent,
BP,E,14,Mid,medium,7,a,,,,NA,non_existent,non_existent,empty,empty,empty,empty,empty,no_visit,empty,empty,empty,empty,no_visit,empty,empty,empty,empty,no_visit,empty,no_visit,empty,no_visit,empty,empty,no_visit,empty,empty,no_visit,empty,no_visit,empty,no_visit,empty,empty,non_existent,non_existent,non_existent,non_existent,non_existent,non_existent,non_existent,non_existent,non_existent,non_existent,non_existent,non_existent,non_existent,non_existent,non_existent,non_existent,non_existent,non_existent,
BP,E,14,Mid,small,8,a,,,,NA,non_existent,non_existent,empty,empty,empty,empty,empty,no_visit,empty,empty,empty,empty,no_visit,empty,empty,empty,empty,no_visit,empty,no_visit,empty,no_visit,empty,empty,no_visit,empty,empty,no_visit,empty,no_visit,empty,no_visit,empty,empty,non_existent,non_existent,non_existent,non_existent,non_existent,non_existent,non_existent,non_existent,non_existent,non_existent,non_existent,non_existent,non_existent,non_existent,non_existent,non_existent,non_existent,non_existent,
BP,E,14,Mid,medium,9,a,,,,NA,non_existent,non_existent,empty,empty,empty,empty,empty,no_visit,empty,empty,empty,empty,no_visit,empty,empty,empty,empty,no_visit,empty,no_visit,empty,no_visit,empty,empty,no_visit,empty,empty,no_visit,empty,no_visit,empty,no_visit,empty,empty,non_existent,non_existent,non_existent,non_existent,non_existent,non_existent,non_existent,non_existent,non_existent,non_existent,non_existent,non_existent,non_existent,non_existent,non_existent,non_existent,non_existent,non_existent,
BP,E,14,Mid,small,10,a,,,,NA,non_existent,non_existent,empty,empty,empty,empty,empty,no_visit,empty,empty,empty,empty,no_visit,empty,empty,empty,empty,no_visit,empty,no_visit,empty,no_visit,empty,empty,no_visit,empty,empty,no_visit,empty,no_visit,empty,no_visit,empty,empty,non_existent,non_existent,non_existent,non_existent,non_existent,non_existent,non_existent,non_existent,non_existent,non_existent,non_existent,non_existent,non_existent,non_existent,non_existent,non_existent,non_existent,non_existent,
BP,E,14,Mid,medium,11,a,,,,NA,non_existent,non_existent,empty,empty,empty,empty,empty,no_visit,empty,empty,empty,empty,no_visit,empty,empty,empty,empty,no_visit,empty,no_visit,empty,no_visit,empty,empty,no_visit,empty,empty,no_visit,empty,no_visit,empty,no_visit,empty,empty,non_existent,non_existent,non_existent,non_existent,non_existent,non_existent,non_existent,non_existent,non_existent,non_existent,non_existent,non_existent,non_existent,non_existent,non_existent,non_existent,non_existent,non_existent,
BP,E,14,Mid,small,12,a,,,,NA,non_existent,non_existent,empty,empty,empty,empty,empty,no_visit,empty,empty,empty,empty,no_visit,empty,empty,empty,empty,no_visit,empty,no_visit,empty,no_visit,empty,empty,no_visit,empty,empty,no_visit,empty,no_visit,empty,no_visit,empty,empty,non_existent,non_existent,non_existent,non_existent,non_existent,non_existent,non_existent,non_existent,non_existent,non_existent,non_existent,non_existent,non_existent,non_existent,non_existent,non_existent,non_existent,non_existent,
BP,E,14,Mid,large,13,a,,,,NA,non_existent,non_existent,empty,empty,empty,empty,empty,no_visit,empty,empty,empty,empty,no_visit,empty,empty,empty,empty,no_visit,empty,no_visit,empty,no_visit,empty,empty,no_visit,empty,empty,no_visit,empty,no_visit,empty,no_visit,empty,empty,non_existent,non_existent,non_existent,non_existent,non_existent,non_existent,non_existent,non_existent,non_existent,non_existent,non_existent,non_existent,non_existent,non_existent,non_existent,non_existent,non_existent,non_existent,
BP,E,14,Mid,small,14,a,,,,NA,non_existent,non_existent,empty,empty,empty,empty,empty,no_visit,empty,empty,empty,empty,no_visit,empty,empty,empty,empty,no_visit,empty,no_visit,empty,no_visit,empty,empty,no_visit,empty,empty,no_visit,empty,no_visit,empty,no_visit,empty,empty,non_existent,non_existent,non_existent,non_existent,non_existent,non_existent,non_existent,non_existent,non_existent,non_existent,non_existent,non_existent,non_existent,non_existent,non_existent,non_existent,non_existent,non_existent,
BP,E,14,Mid,medium,15,a,,,,NA,non_existent,non_existent,empty,empty,empty,empty,empty,no_visit,empty,empty,empty,empty,no_visit,empty,empty,empty,empty,no_visit,empty,no_visit,empty,no_visit,empty,empty,no_visit,empty,empty,no_visit,empty,no_visit,empty,no_visit,empty,empty,non_existent,non_existent,non_existent,non_existent,non_existent,non_existent,non_existent,non_existent,non_existent,non_existent,non_existent,non_existent,non_existent,non_existent,non_existent,non_existent,non_existent,non_existent,
BP,E,14,Mid,small,16,a,,,,NA,non_existent,non_existent,empty,empty,empty,empty,empty,no_visit,empty,empty,empty,empty,no_visit,empty,empty,empty,empty,no_visit,empty,no_visit,empty,no_visit,empty,empty,no_visit,empty,empty,no_visit,empty,no_visit,empty,no_visit,empty,empty,non_existent,non_existent,non_existent,non_existent,non_existent,non_existent,non_existent,non_existent,non_existent,non_existent,non_existent,non_existent,non_existent,non_existent,non_existent,non_existent,non_existent,non_existent,
BP,E,14,Mid,small,17,a,,,,NA,non_existent,non_existent,empty,empty,empty,empty,empty,no_visit,empty,empty,empty,empty,no_visit,empty,empty,empty,empty,no_visit,empty,no_visit,empty,no_visit,empty,empty,no_visit,empty,empty,no_visit,empty,no_visit,empty,no_visit,empty,empty,non_existent,non_existent,non_existent,non_existent,non_existent,non_existent,non_existent,non_existent,non_existent,non_existent,non_existent,non_existent,non_existent,non_existent,non_existent,non_existent,non_existent,non_existent,
BP,E,14,Mid,medium,18,a,,,,NA,non_existent,non_existent,empty,empty,empty,empty,empty,no_visit,empty,empty,empty,empty,no_visit,empty,empty,empty,empty,no_visit,empty,no_visit,empty,no_visit,empty,empty,no_visit,empty,empty,no_visit,empty,no_visit,empty,no_visit,empty,empty,non_existent,non_existent,non_existent,non_existent,non_existent,non_existent,non_existent,non_existent,non_existent,non_existent,non_existent,non_existent,non_existent,non_existent,non_existent,non_existent,non_existent,non_existent,
BP,E,15,High,small,1,a,,,,NA,non_existent,non_existent,empty,empty,empty,empty,empty,no_visit,empty,empty,empty,empty,no_visit,empty,empty,empty,empty,no_visit,empty,no_visit,empty,no_visit,empty,empty,no_visit,empty,empty,no_visit,empty,no_visit,empty,no_visit,empty,empty,non_existent,non_existent,non_existent,non_existent,non_existent,non_existent,non_existent,non_existent,non_existent,non_existent,non_existent,non_existent,non_existent,non_existent,non_existent,non_existent,non_existent,non_existent,
BP,E,15,High,small,2,a,,,,NA,non_existent,non_existent,empty,empty,empty,empty,empty,no_visit,empty,empty,empty,empty,no_visit,empty,empty,empty,empty,no_visit,empty,no_visit,empty,no_visit,empty,empty,no_visit,empty,empty,no_visit,empty,no_visit,empty,no_visit,empty,empty,non_existent,non_existent,non_existent,non_existent,non_existent,non_existent,non_existent,non_existent,non_existent,non_existent,non_existent,non_existent,non_existent,non_existent,non_existent,non_existent,non_existent,non_existent,
BP,E,15,High,medium,3,a,,,,NA,non_existent,non_existent,empty,empty,empty,empty,empty,no_visit,empty,empty,empty,empty,no_visit,empty,empty,empty,empty,no_visit,empty,no_visit,empty,no_visit,empty,empty,no_visit,empty,empty,no_visit,empty,no_visit,empty,no_visit,empty,empty,non_existent,non_existent,non_existent,non_existent,non_existent,non_existent,non_existent,non_existent,non_existent,non_existent,non_existent,non_existent,non_existent,non_existent,non_existent,non_existent,non_existent,non_existent,
BP,E,15,High,small,4,a,,,,NA,non_existent,non_existent,empty,empty,empty,empty,empty,no_visit,empty,empty,empty,empty,no_visit,empty,empty,empty,empty,no_visit,empty,no_visit,empty,no_visit,empty,empty,no_visit,empty,empty,no_visit,empty,no_visit,empty,no_visit,empty,empty,non_existent,non_existent,non_existent,non_existent,non_existent,non_existent,non_existent,non_existent,non_existent,non_existent,non_existent,non_existent,non_existent,non_existent,non_existent,non_existent,non_existent,non_existent,
BP,E,15,High,large,5,a,,,,NA,non_existent,non_existent,empty,empty,empty,empty,empty,no_visit,empty,empty,empty,empty,no_visit,empty,empty,empty,empty,no_visit,empty,no_visit,empty,no_visit,empty,empty,no_visit,empty,empty,no_visit,empty,no_visit,empty,no_visit,empty,empty,non_existent,non_existent,non_existent,non_existent,non_existent,non_existent,non_existent,non_existent,non_existent,non_existent,non_existent,non_existent,non_existent,non_existent,non_existent,non_existent,non_existent,non_existent,
BP,E,15,High,small,6,a,,,,NA,non_existent,non_existent,empty,empty,empty,empty,empty,no_visit,empty,empty,empty,empty,no_visit,empty,empty,empty,empty,no_visit,empty,no_visit,empty,no_visit,empty,empty,no_visit,empty,empty,no_visit,empty,no_visit,empty,no_visit,empty,empty,non_existent,non_existent,non_existent,non_existent,non_existent,non_existent,non_existent,non_existent,non_existent,non_existent,non_existent,non_existent,non_existent,non_existent,non_existent,non_existent,non_existent,non_existent,
BP,E,15,High,medium,7,a,,,,NA,non_existent,non_existent,empty,empty,empty,empty,empty,no_visit,empty,empty,empty,empty,no_visit,empty,empty,empty,empty,no_visit,empty,no_visit,empty,no_visit,empty,empty,no_visit,empty,empty,no_visit,empty,no_visit,empty,no_visit,empty,empty,non_existent,non_existent,non_existent,non_existent,non_existent,non_existent,non_existent,non_existent,non_existent,non_existent,non_existent,non_existent,non_existent,non_existent,non_existent,non_existent,non_existent,non_existent,
BP,E,15,High,small,8,a,,,,NA,non_existent,non_existent,empty,empty,empty,empty,empty,no_visit,empty,empty,empty,empty,no_visit,empty,empty,empty,empty,no_visit,empty,no_visit,empty,no_visit,empty,empty,no_visit,empty,empty,no_visit,empty,no_visit,empty,no_visit,empty,empty,non_existent,non_existent,non_existent,non_existent,non_existent,non_existent,non_existent,non_existent,non_existent,non_existent,non_existent,non_existent,non_existent,non_existent,non_existent,non_existent,non_existent,non_existent,
BP,E,15,High,medium,9,a,,,,NA,non_existent,non_existent,empty,empty,empty,empty,empty,no_visit,empty,empty,empty,empty,no_visit,empty,empty,empty,empty,no_visit,empty,no_visit,empty,no_visit,empty,empty,no_visit,empty,empty,no_visit,empty,no_visit,empty,no_visit,empty,empty,non_existent,non_existent,non_existent,non_existent,non_existent,non_existent,non_existent,non_existent,non_existent,non_existent,non_existent,non_existent,non_existent,non_existent,non_existent,non_existent,non_existent,non_existent,
BP,E,15,High,medium,10,a,,,,NA,non_existent,non_existent,empty,empty,empty,empty,empty,no_visit,empty,empty,empty,empty,no_visit,empty,empty,empty,empty,no_visit,empty,no_visit,empty,no_visit,empty,empty,no_visit,empty,empty,no_visit,empty,no_visit,empty,no_visit,empty,empty,non_existent,non_existent,non_existent,non_existent,non_existent,non_existent,non_existent,non_existent,non_existent,non_existent,non_existent,non_existent,non_existent,non_existent,non_existent,non_existent,non_existent,non_existent,
BP,E,15,High,small,11,a,,,,NA,non_existent,non_existent,empty,empty,empty,empty,empty,no_visit,empty,empty,empty,empty,no_visit,empty,empty,empty,empty,no_visit,empty,no_visit,empty,no_visit,empty,empty,no_visit,empty,empty,no_visit,empty,no_visit,empty,no_visit,empty,empty,non_existent,non_existent,non_existent,non_existent,non_existent,non_existent,non_existent,non_existent,non_existent,non_existent,non_existent,non_existent,non_existent,non_existent,non_existent,non_existent,non_existent,non_existent,
BP,E,15,High,small,12,a,,,,NA,non_existent,non_existent,empty,empty,empty,empty,empty,no_visit,empty,empty,empty,empty,no_visit,empty,empty,empty,empty,no_visit,empty,no_visit,empty,no_visit,empty,empty,no_visit,empty,empty,no_visit,empty,no_visit,empty,no_visit,empty,empty,non_existent,non_existent,non_existent,non_existent,non_existent,non_existent,non_existent,non_existent,non_existent,non_existent,non_existent,non_existent,non_existent,non_existent,non_existent,non_existent,non_existent,non_existent,
BP,E,15,High,medium,13,a,,,,NA,non_existent,non_existent,empty,empty,empty,empty,empty,no_visit,empty,empty,empty,empty,no_visit,empty,empty,empty,empty,no_visit,empty,no_visit,empty,no_visit,empty,empty,no_visit,empty,empty,no_visit,empty,no_visit,empty,no_visit,empty,empty,non_existent,non_existent,non_existent,non_existent,non_existent,non_existent,non_existent,non_existent,non_existent,non_existent,non_existent,non_existent,non_existent,non_existent,non_existent,non_existent,non_existent,non_existent,
BP,E,15,High,small,14,a,,,,NA,non_existent,non_existent,empty,empty,empty,empty,empty,no_visit,empty,empty,empty,empty,no_visit,empty,empty,empty,empty,no_visit,empty,no_visit,empty,no_visit,empty,empty,no_visit,empty,empty,no_visit,empty,no_visit,empty,no_visit,empty,empty,non_existent,non_existent,non_existent,non_existent,non_existent,non_existent,non_existent,non_existent,non_existent,non_existent,non_existent,non_existent,non_existent,non_existent,non_existent,non_existent,non_existent,non_existent,
BP,E,15,High,large,15,a,,,,NA,non_existent,non_existent,empty,empty,empty,empty,empty,no_visit,empty,empty,empty,empty,no_visit,empty,empty,empty,empty,no_visit,empty,no_visit,empty,no_visit,empty,empty,no_visit,empty,empty,no_visit,empty,no_visit,empty,no_visit,empty,empty,non_existent,non_existent,non_existent,non_existent,non_existent,non_existent,non_existent,non_existent,non_existent,non_existent,non_existent,non_existent,non_existent,non_existent,non_existent,non_existent,non_existent,non_existent,
BP,E,15,High,small,16,a,,,,NA,non_existent,non_existent,empty,empty,empty,empty,empty,no_visit,empty,empty,empty,empty,no_visit,empty,empty,empty,empty,no_visit,empty,no_visit,empty,no_visit,empty,empty,no_visit,empty,empty,no_visit,empty,no_visit,empty,no_visit,empty,empty,non_existent,non_existent,non_existent,non_existent,non_existent,non_existent,non_existent,non_existent,non_existent,non_existent,non_existent,non_existent,non_existent,non_existent,non_existent,non_existent,non_existent,non_existent,
BP,E,15,High,medium,17,a,,,,NA,non_existent,non_existent,empty,empty,empty,empty,empty,no_visit,empty,empty,empty,empty,no_visit,empty,empty,empty,empty,no_visit,empty,no_visit,empty,no_visit,empty,empty,no_visit,empty,empty,no_visit,empty,no_visit,empty,no_visit,empty,empty,non_existent,non_existent,non_existent,non_existent,non_existent,non_existent,non_existent,non_existent,non_existent,non_existent,non_existent,non_existent,non_existent,non_existent,non_existent,non_existent,non_existent,non_existent,
BP,E,15,High,small,18,a,,,,NA,non_existent,non_existent,empty,empty,empty,empty,empty,no_visit,empty,empty,empty,empty,no_visit,empty,empty,empty,empty,no_visit,empty,no_visit,empty,no_visit,empty,empty,no_visit,empty,empty,no_visit,empty,no_visit,empty,no_visit,empty,empty,non_existent,non_existent,non_existent,non_existent,non_existent,non_existent,non_existent,non_existent,non_existent,non_existent,non_existent,non_existent,non_existent,non_existent,non_existent,non_existent,non_existent,non_existent,
BP,F,16,Low,small,1,a,,,,NA,non_existent,non_existent,empty,empty,empty,empty,empty,no_visit,empty,empty,empty,empty,no_visit,empty,empty,empty,empty,no_visit,empty,no_visit,empty,no_visit,empty,empty,no_visit,empty,empty,no_visit,empty,no_visit,empty,no_visit,empty,empty,non_existent,non_existent,non_existent,non_existent,non_existent,non_existent,non_existent,non_existent,non_existent,non_existent,non_existent,non_existent,non_existent,non_existent,non_existent,non_existent,non_existent,non_existent,
BP,F,16,Low,medium,2,a,,,,NA,non_existent,non_existent,empty,empty,empty,empty,empty,no_visit,empty,empty,empty,empty,no_visit,empty,empty,empty,empty,no_visit,empty,no_visit,empty,no_visit,empty,empty,no_visit,empty,empty,no_visit,empty,no_visit,empty,no_visit,empty,empty,non_existent,non_existent,non_existent,non_existent,non_existent,non_existent,non_existent,non_existent,non_existent,non_existent,non_existent,non_existent,non_existent,non_existent,non_existent,non_existent,non_existent,non_existent,
BP,F,16,Low,small,3,a,,,,NA,non_existent,non_existent,empty,empty,empty,empty,empty,no_visit,empty,empty,empty,empty,no_visit,empty,empty,empty,empty,no_visit,empty,no_visit,empty,no_visit,empty,empty,no_visit,empty,empty,no_visit,empty,no_visit,empty,no_visit,empty,empty,non_existent,non_existent,non_existent,non_existent,non_existent,non_existent,non_existent,non_existent,non_existent,non_existent,non_existent,non_existent,non_existent,non_existent,non_existent,non_existent,non_existent,non_existent,
BP,F,16,Low,large,4,a,,,,NA,non_existent,non_existent,empty,empty,empty,empty,empty,no_visit,empty,empty,empty,empty,no_visit,empty,empty,empty,empty,no_visit,empty,no_visit,empty,no_visit,empty,empty,no_visit,empty,empty,no_visit,empty,no_visit,empty,no_visit,empty,empty,non_existent,non_existent,non_existent,non_existent,non_existent,non_existent,non_existent,non_existent,non_existent,non_existent,non_existent,non_existent,non_existent,non_existent,non_existent,non_existent,non_existent,non_existent,
BP,F,16,Low,small,5,a,,,,NA,non_existent,non_existent,empty,empty,empty,empty,empty,no_visit,empty,empty,empty,empty,no_visit,empty,empty,empty,empty,no_visit,empty,no_visit,empty,no_visit,empty,empty,no_visit,empty,empty,no_visit,empty,no_visit,empty,no_visit,empty,empty,non_existent,non_existent,non_existent,non_existent,non_existent,non_existent,non_existent,non_existent,non_existent,non_existent,non_existent,non_existent,non_existent,non_existent,non_existent,non_existent,non_existent,non_existent,
BP,F,16,Low,small,6,a,,,,NA,non_existent,non_existent,empty,empty,empty,empty,empty,no_visit,empty,empty,empty,empty,no_visit,empty,empty,empty,empty,no_visit,empty,no_visit,empty,no_visit,empty,empty,no_visit,empty,empty,no_visit,empty,no_visit,empty,no_visit,empty,empty,non_existent,non_existent,non_existent,non_existent,non_existent,non_existent,non_existent,non_existent,non_existent,non_existent,non_existent,non_existent,non_existent,non_existent,non_existent,non_existent,non_existent,non_existent,
BP,F,16,Low,medium,7,a,,,,NA,non_existent,non_existent,empty,empty,empty,empty,empty,no_visit,empty,empty,empty,empty,no_visit,empty,empty,empty,empty,no_visit,empty,no_visit,empty,no_visit,empty,empty,no_visit,empty,empty,no_visit,empty,no_visit,empty,no_visit,empty,empty,non_existent,non_existent,non_existent,non_existent,non_existent,non_existent,non_existent,non_existent,non_existent,non_existent,non_existent,non_existent,non_existent,non_existent,non_existent,non_existent,non_existent,non_existent,
BP,F,16,Low,small,8,a,,,,NA,non_existent,non_existent,empty,empty,empty,empty,empty,no_visit,empty,empty,empty,empty,no_visit,empty,empty,empty,empty,no_visit,empty,no_visit,empty,no_visit,empty,empty,no_visit,empty,empty,no_visit,empty,no_visit,empty,no_visit,empty,empty,non_existent,non_existent,non_existent,non_existent,non_existent,non_existent,non_existent,non_existent,non_existent,non_existent,non_existent,non_existent,non_existent,non_existent,non_existent,non_existent,non_existent,non_existent,
BP,F,16,Low,medium,9,a,,,,NA,non_existent,non_existent,empty,empty,empty,empty,empty,no_visit,empty,empty,empty,empty,no_visit,empty,empty,empty,empty,no_visit,empty,no_visit,empty,no_visit,empty,empty,no_visit,empty,empty,no_visit,empty,no_visit,empty,no_visit,empty,empty,non_existent,non_existent,non_existent,non_existent,non_existent,non_existent,non_existent,non_existent,non_existent,non_existent,non_existent,non_existent,non_existent,non_existent,non_existent,non_existent,non_existent,non_existent,
BP,F,16,Low,medium,10,a,,,,NA,non_existent,non_existent,empty,empty,empty,empty,empty,no_visit,empty,empty,empty,empty,no_visit,empty,empty,empty,empty,no_visit,empty,no_visit,empty,no_visit,empty,empty,no_visit,empty,empty,no_visit,empty,no_visit,empty,no_visit,empty,empty,non_existent,non_existent,non_existent,non_existent,non_existent,non_existent,non_existent,non_existent,non_existent,non_existent,non_existent,non_existent,non_existent,non_existent,non_existent,non_existent,non_existent,non_existent,
BP,F,16,Low,small,11,a,,,,NA,non_existent,non_existent,empty,empty,empty,empty,empty,no_visit,empty,empty,empty,empty,no_visit,empty,empty,empty,empty,no_visit,empty,no_visit,empty,no_visit,empty,empty,no_visit,empty,empty,no_visit,empty,no_visit,empty,no_visit,empty,empty,non_existent,non_existent,non_existent,non_existent,non_existent,non_existent,non_existent,non_existent,non_existent,non_existent,non_existent,non_existent,non_existent,non_existent,non_existent,non_existent,non_existent,non_existent,
BP,F,16,Low,medium,12,a,,,,NA,non_existent,non_existent,empty,empty,empty,empty,empty,no_visit,empty,empty,empty,empty,no_visit,empty,empty,empty,empty,no_visit,empty,no_visit,empty,no_visit,empty,empty,no_visit,empty,empty,no_visit,empty,no_visit,empty,no_visit,empty,empty,non_existent,non_existent,non_existent,non_existent,non_existent,non_existent,non_existent,non_existent,non_existent,non_existent,non_existent,non_existent,non_existent,non_existent,non_existent,non_existent,non_existent,non_existent,
BP,F,16,Low,small,13,a,,,,NA,non_existent,non_existent,empty,empty,empty,empty,empty,no_visit,empty,empty,empty,empty,no_visit,empty,empty,empty,empty,no_visit,empty,no_visit,empty,no_visit,empty,empty,no_visit,empty,empty,no_visit,empty,no_visit,empty,no_visit,empty,empty,non_existent,non_existent,non_existent,non_existent,non_existent,non_existent,non_existent,non_existent,non_existent,non_existent,non_existent,non_existent,non_existent,non_existent,non_existent,non_existent,non_existent,non_existent,
BP,F,16,Low,small,14,a,,,,NA,non_existent,non_existent,empty,empty,empty,empty,empty,no_visit,empty,empty,empty,empty,no_visit,empty,empty,empty,empty,no_visit,empty,no_visit,empty,no_visit,empty,empty,no_visit,empty,empty,no_visit,empty,no_visit,empty,no_visit,empty,empty,non_existent,non_existent,non_existent,non_existent,non_existent,non_existent,non_existent,non_existent,non_existent,non_existent,non_existent,non_existent,non_existent,non_existent,non_existent,non_existent,non_existent,non_existent,
BP,F,16,Low,large,15,a,,,,NA,non_existent,non_existent,empty,empty,empty,empty,empty,no_visit,empty,empty,empty,empty,no_visit,empty,empty,empty,empty,no_visit,empty,no_visit,empty,no_visit,empty,empty,no_visit,empty,empty,no_visit,empty,no_visit,empty,no_visit,empty,empty,non_existent,non_existent,non_existent,non_existent,non_existent,non_existent,non_existent,non_existent,non_existent,non_existent,non_existent,non_existent,non_existent,non_existent,non_existent,non_existent,non_existent,non_existent,
BP,F,16,Low,small,16,a,,,,NA,non_existent,non_existent,empty,empty,empty,empty,empty,no_visit,empty,empty,empty,empty,no_visit,empty,empty,empty,empty,no_visit,empty,no_visit,empty,no_visit,empty,empty,no_visit,empty,empty,no_visit,empty,no_visit,empty,no_visit,empty,empty,non_existent,non_existent,non_existent,non_existent,non_existent,non_existent,non_existent,non_existent,non_existent,non_existent,non_existent,non_existent,non_existent,non_existent,non_existent,non_existent,non_existent,non_existent,
BP,F,16,Low,medium,17,a,,,,NA,non_existent,non_existent,empty,empty,empty,empty,empty,no_visit,empty,empty,empty,empty,no_visit,empty,empty,empty,empty,no_visit,empty,no_visit,empty,no_visit,empty,empty,no_visit,empty,empty,no_visit,empty,no_visit,empty,no_visit,empty,empty,non_existent,non_existent,non_existent,non_existent,non_existent,non_existent,non_existent,non_existent,non_existent,non_existent,non_existent,non_existent,non_existent,non_existent,non_existent,non_existent,non_existent,non_existent,
BP,F,16,Low,small,18,a,,,,NA,non_existent,non_existent,empty,empty,empty,empty,empty,no_visit,empty,empty,empty,empty,no_visit,empty,empty,empty,empty,no_visit,empty,no_visit,empty,no_visit,empty,empty,no_visit,empty,empty,no_visit,empty,no_visit,empty,no_visit,empty,empty,non_existent,non_existent,non_existent,non_existent,non_existent,non_existent,non_existent,non_existent,non_existent,non_existent,non_existent,non_existent,non_existent,non_existent,non_existent,non_existent,non_existent,non_existent,
BP,F,17,Mid,medium,1,a,,,,NA,non_existent,non_existent,empty,empty,empty,empty,empty,no_visit,empty,empty,empty,empty,no_visit,empty,empty,empty,empty,no_visit,empty,no_visit,empty,no_visit,empty,empty,no_visit,empty,empty,no_visit,empty,no_visit,empty,no_visit,empty,empty,non_existent,non_existent,non_existent,non_existent,non_existent,non_existent,non_existent,non_existent,non_existent,non_existent,non_existent,non_existent,non_existent,non_existent,non_existent,non_existent,non_existent,non_existent,
BP,F,17,Mid,small,2,a,,,,NA,non_existent,non_existent,empty,empty,empty,empty,empty,no_visit,empty,empty,empty,empty,no_visit,empty,empty,empty,empty,no_visit,empty,no_visit,empty,no_visit,empty,empty,no_visit,empty,empty,no_visit,empty,no_visit,empty,no_visit,empty,empty,non_existent,non_existent,non_existent,non_existent,non_existent,non_existent,non_existent,non_existent,non_existent,non_existent,non_existent,non_existent,non_existent,non_existent,non_existent,non_existent,non_existent,non_existent,
BP,F,17,Mid,medium,3,a,,,,NA,non_existent,non_existent,empty,empty,empty,empty,empty,no_visit,empty,empty,empty,empty,no_visit,empty,empty,empty,empty,no_visit,empty,no_visit,empty,no_visit,empty,empty,no_visit,empty,empty,no_visit,empty,no_visit,empty,no_visit,empty,empty,non_existent,non_existent,non_existent,non_existent,non_existent,non_existent,non_existent,non_existent,non_existent,non_existent,non_existent,non_existent,non_existent,non_existent,non_existent,non_existent,non_existent,non_existent,
BP,F,17,Mid,small,4,a,,,,NA,non_existent,non_existent,empty,empty,empty,empty,empty,no_visit,empty,empty,empty,empty,no_visit,empty,empty,empty,empty,no_visit,empty,no_visit,empty,no_visit,empty,empty,no_visit,empty,empty,no_visit,empty,no_visit,empty,no_visit,empty,empty,non_existent,non_existent,non_existent,non_existent,non_existent,non_existent,non_existent,non_existent,non_existent,non_existent,non_existent,non_existent,non_existent,non_existent,non_existent,non_existent,non_existent,non_existent,
BP,F,17,Mid,small,5,a,,,,NA,non_existent,non_existent,empty,empty,empty,empty,empty,no_visit,empty,empty,empty,empty,no_visit,empty,empty,empty,empty,no_visit,empty,no_visit,empty,no_visit,empty,empty,no_visit,empty,empty,no_visit,empty,no_visit,empty,no_visit,empty,empty,non_existent,non_existent,non_existent,non_existent,non_existent,non_existent,non_existent,non_existent,non_existent,non_existent,non_existent,non_existent,non_existent,non_existent,non_existent,non_existent,non_existent,non_existent,
BP,F,17,Mid,large,6,a,,,,NA,non_existent,non_existent,empty,empty,empty,empty,empty,no_visit,empty,empty,empty,empty,no_visit,empty,empty,empty,empty,no_visit,empty,no_visit,empty,no_visit,empty,empty,no_visit,empty,empty,no_visit,empty,no_visit,empty,no_visit,empty,empty,non_existent,non_existent,non_existent,non_existent,non_existent,non_existent,non_existent,non_existent,non_existent,non_existent,non_existent,non_existent,non_existent,non_existent,non_existent,non_existent,non_existent,non_existent,
BP,F,17,Mid,small,7,a,,,,NA,non_existent,non_existent,empty,empty,empty,empty,empty,no_visit,empty,empty,empty,empty,no_visit,empty,empty,empty,empty,no_visit,empty,no_visit,empty,no_visit,empty,empty,no_visit,empty,empty,no_visit,empty,no_visit,empty,no_visit,empty,empty,non_existent,non_existent,non_existent,non_existent,non_existent,non_existent,non_existent,non_existent,non_existent,non_existent,non_existent,non_existent,non_existent,non_existent,non_existent,non_existent,non_existent,non_existent,
BP,F,17,Mid,medium,8,a,,,,NA,non_existent,non_existent,empty,empty,empty,empty,empty,no_visit,empty,empty,empty,empty,no_visit,empty,empty,empty,empty,no_visit,empty,no_visit,empty,no_visit,empty,empty,no_visit,empty,empty,no_visit,empty,no_visit,empty,no_visit,empty,empty,non_existent,non_existent,non_existent,non_existent,non_existent,non_existent,non_existent,non_existent,non_existent,non_existent,non_existent,non_existent,non_existent,non_existent,non_existent,non_existent,non_existent,non_existent,
BP,F,17,Mid,small,9,a,,,,NA,non_existent,non_existent,empty,empty,empty,empty,empty,no_visit,empty,empty,empty,empty,no_visit,empty,empty,empty,empty,no_visit,empty,no_visit,empty,no_visit,empty,empty,no_visit,empty,empty,no_visit,empty,no_visit,empty,no_visit,empty,empty,non_existent,non_existent,non_existent,non_existent,non_existent,non_existent,non_existent,non_existent,non_existent,non_existent,non_existent,non_existent,non_existent,non_existent,non_existent,non_existent,non_existent,non_existent,
BP,F,17,Mid,small,10,a,,,,NA,non_existent,non_existent,empty,empty,empty,empty,empty,no_visit,empty,empty,empty,empty,no_visit,empty,empty,empty,empty,no_visit,empty,no_visit,empty,no_visit,empty,empty,no_visit,empty,empty,no_visit,empty,no_visit,empty,no_visit,empty,empty,non_existent,non_existent,non_existent,non_existent,non_existent,non_existent,non_existent,non_existent,non_existent,non_existent,non_existent,non_existent,non_existent,non_existent,non_existent,non_existent,non_existent,non_existent,
BP,F,17,Mid,medium,11,a,,,,NA,non_existent,non_existent,empty,empty,empty,empty,empty,no_visit,empty,empty,empty,empty,no_visit,empty,empty,empty,empty,no_visit,empty,no_visit,empty,no_visit,empty,empty,no_visit,empty,empty,no_visit,empty,no_visit,empty,no_visit,empty,empty,non_existent,non_existent,non_existent,non_existent,non_existent,non_existent,non_existent,non_existent,non_existent,non_existent,non_existent,non_existent,non_existent,non_existent,non_existent,non_existent,non_existent,non_existent,
BP,F,17,Mid,large,12,a,,,,NA,non_existent,non_existent,empty,empty,empty,empty,empty,no_visit,empty,empty,empty,empty,no_visit,empty,empty,empty,empty,no_visit,empty,no_visit,empty,no_visit,empty,empty,no_visit,empty,empty,no_visit,empty,no_visit,empty,no_visit,empty,empty,non_existent,non_existent,non_existent,non_existent,non_existent,non_existent,non_existent,non_existent,non_existent,non_existent,non_existent,non_existent,non_existent,non_existent,non_existent,non_existent,non_existent,non_existent,
BP,F,17,Mid,small,13,a,,,,NA,non_existent,non_existent,empty,empty,empty,empty,empty,no_visit,empty,empty,empty,empty,no_visit,empty,empty,empty,empty,no_visit,empty,no_visit,empty,no_visit,empty,empty,no_visit,empty,empty,no_visit,empty,no_visit,empty,no_visit,empty,empty,non_existent,non_existent,non_existent,non_existent,non_existent,non_existent,non_existent,non_existent,non_existent,non_existent,non_existent,non_existent,non_existent,non_existent,non_existent,non_existent,non_existent,non_existent,
BP,F,17,Mid,small,14,a,,,,NA,non_existent,non_existent,empty,empty,empty,empty,empty,no_visit,empty,empty,empty,empty,no_visit,empty,empty,empty,empty,no_visit,empty,no_visit,empty,no_visit,empty,empty,no_visit,empty,empty,no_visit,empty,no_visit,empty,no_visit,empty,empty,non_existent,non_existent,non_existent,non_existent,non_existent,non_existent,non_existent,non_existent,non_existent,non_existent,non_existent,non_existent,non_existent,non_existent,non_existent,non_existent,non_existent,non_existent,
BP,F,17,Mid,medium,15,a,,,,NA,non_existent,non_existent,empty,empty,empty,empty,empty,no_visit,empty,empty,empty,empty,no_visit,empty,empty,empty,empty,no_visit,empty,no_visit,empty,no_visit,empty,empty,no_visit,empty,empty,no_visit,empty,no_visit,empty,no_visit,empty,empty,non_existent,non_existent,non_existent,non_existent,non_existent,non_existent,non_existent,non_existent,non_existent,non_existent,non_existent,non_existent,non_existent,non_existent,non_existent,non_existent,non_existent,non_existent,
BP,F,17,Mid,small,16,a,,,,NA,non_existent,non_existent,empty,empty,empty,empty,empty,no_visit,empty,empty,empty,empty,no_visit,empty,empty,empty,empty,no_visit,empty,no_visit,empty,no_visit,empty,empty,no_visit,empty,empty,no_visit,empty,no_visit,empty,no_visit,empty,empty,non_existent,non_existent,non_existent,non_existent,non_existent,non_existent,non_existent,non_existent,non_existent,non_existent,non_existent,non_existent,non_existent,non_existent,non_existent,non_existent,non_existent,non_existent,
BP,F,17,Mid,small,17,a,,,,NA,non_existent,non_existent,empty,empty,empty,empty,empty,no_visit,empty,empty,empty,empty,no_visit,empty,empty,empty,empty,no_visit,empty,no_visit,empty,no_visit,empty,empty,no_visit,empty,empty,no_visit,empty,no_visit,empty,no_visit,empty,empty,non_existent,non_existent,non_existent,non_existent,non_existent,non_existent,non_existent,non_existent,non_existent,non_existent,non_existent,non_existent,non_existent,non_existent,non_existent,non_existent,non_existent,non_existent,
BP,F,17,Mid,medium,18,a,,,,NA,non_existent,non_existent,empty,empty,empty,empty,empty,no_visit,empty,empty,empty,empty,no_visit,empty,empty,empty,empty,no_visit,empty,no_visit,empty,no_visit,empty,empty,no_visit,empty,empty,no_visit,empty,no_visit,empty,no_visit,empty,empty,non_existent,non_existent,non_existent,non_existent,non_existent,non_existent,non_existent,non_existent,non_existent,non_existent,non_existent,non_existent,non_existent,non_existent,non_existent,non_existent,non_existent,non_existent,
BP,F,18,High,small,1,a,,,,NA,non_existent,non_existent,empty,empty,empty,empty,empty,no_visit,empty,empty,empty,empty,no_visit,empty,empty,empty,empty,no_visit,empty,no_visit,empty,no_visit,empty,empty,no_visit,empty,empty,no_visit,empty,no_visit,empty,no_visit,empty,empty,non_existent,non_existent,non_existent,non_existent,non_existent,non_existent,non_existent,non_existent,non_existent,non_existent,non_existent,non_existent,non_existent,non_existent,non_existent,non_existent,non_existent,non_existent,
BP,F,18,High,small,2,a,,,,NA,non_existent,non_existent,empty,empty,empty,empty,empty,no_visit,empty,empty,empty,empty,no_visit,empty,empty,empty,empty,no_visit,empty,no_visit,empty,no_visit,empty,empty,no_visit,empty,empty,no_visit,empty,no_visit,empty,no_visit,empty,empty,non_existent,non_existent,non_existent,non_existent,non_existent,non_existent,non_existent,non_existent,non_existent,non_existent,non_existent,non_existent,non_existent,non_existent,non_existent,non_existent,non_existent,non_existent,
BP,F,18,High,medium,3,a,,,,NA,non_existent,non_existent,empty,empty,empty,empty,empty,no_visit,empty,empty,empty,empty,no_visit,empty,empty,empty,empty,no_visit,empty,no_visit,empty,no_visit,empty,empty,no_visit,empty,empty,no_visit,empty,no_visit,empty,no_visit,empty,empty,non_existent,non_existent,non_existent,non_existent,non_existent,non_existent,non_existent,non_existent,non_existent,non_existent,non_existent,non_existent,non_existent,non_existent,non_existent,non_existent,non_existent,non_existent,
BP,F,18,High,small,4,a,,,,NA,non_existent,non_existent,empty,empty,empty,empty,empty,no_visit,empty,empty,empty,empty,no_visit,empty,empty,empty,empty,no_visit,empty,no_visit,empty,no_visit,empty,empty,no_visit,empty,empty,no_visit,empty,no_visit,empty,no_visit,empty,empty,non_existent,non_existent,non_existent,non_existent,non_existent,non_existent,non_existent,non_existent,non_existent,non_existent,non_existent,non_existent,non_existent,non_existent,non_existent,non_existent,non_existent,non_existent,
BP,F,18,High,small,5,a,,,,NA,non_existent,non_existent,empty,empty,empty,empty,empty,no_visit,empty,empty,empty,empty,no_visit,empty,empty,empty,empty,no_visit,empty,no_visit,empty,no_visit,empty,empty,no_visit,empty,empty,no_visit,empty,no_visit,empty,no_visit,empty,empty,non_existent,non_existent,non_existent,non_existent,non_existent,non_existent,non_existent,non_existent,non_existent,non_existent,non_existent,non_existent,non_existent,non_existent,non_existent,non_existent,non_existent,non_existent,
BP,F,18,High,large,6,a,,,,NA,non_existent,non_existent,empty,empty,empty,empty,empty,no_visit,empty,empty,empty,empty,no_visit,empty,empty,empty,empty,no_visit,empty,no_visit,empty,no_visit,empty,empty,no_visit,empty,empty,no_visit,empty,no_visit,empty,no_visit,empty,empty,non_existent,non_existent,non_existent,non_existent,non_existent,non_existent,non_existent,non_existent,non_existent,non_existent,non_existent,non_existent,non_existent,non_existent,non_existent,non_existent,non_existent,non_existent,
BP,F,18,High,medium,7,a,,,,NA,non_existent,non_existent,empty,empty,empty,empty,empty,no_visit,empty,empty,empty,empty,no_visit,empty,empty,empty,empty,no_visit,empty,no_visit,empty,no_visit,empty,empty,no_visit,empty,empty,no_visit,empty,no_visit,empty,no_visit,empty,empty,non_existent,non_existent,non_existent,non_existent,non_existent,non_existent,non_existent,non_existent,non_existent,non_existent,non_existent,non_existent,non_existent,non_existent,non_existent,non_existent,non_existent,non_existent,
BP,F,18,High,small,8,a,,,,NA,non_existent,non_existent,empty,empty,empty,empty,empty,no_visit,empty,empty,empty,empty,no_visit,empty,empty,empty,empty,no_visit,empty,no_visit,empty,no_visit,empty,empty,no_visit,empty,empty,no_visit,empty,no_visit,empty,no_visit,empty,empty,non_existent,non_existent,non_existent,non_existent,non_existent,non_existent,non_existent,non_existent,non_existent,non_existent,non_existent,non_existent,non_existent,non_existent,non_existent,non_existent,non_existent,non_existent,
BP,F,18,High,medium,9,a,,,,NA,non_existent,non_existent,empty,empty,empty,empty,empty,no_visit,empty,empty,empty,empty,no_visit,empty,empty,empty,empty,no_visit,empty,no_visit,empty,no_visit,empty,empty,no_visit,empty,empty,no_visit,empty,no_visit,empty,no_visit,empty,empty,non_existent,non_existent,non_existent,non_existent,non_existent,non_existent,non_existent,non_existent,non_existent,non_existent,non_existent,non_existent,non_existent,non_existent,non_existent,non_existent,non_existent,non_existent,
BP,F,18,High,small,10,a,,,,NA,non_existent,non_existent,empty,empty,empty,empty,empty,no_visit,empty,empty,empty,empty,no_visit,empty,empty,empty,empty,no_visit,empty,no_visit,empty,no_visit,empty,empty,no_visit,empty,empty,no_visit,empty,no_visit,empty,no_visit,empty,empty,non_existent,non_existent,non_existent,non_existent,non_existent,non_existent,non_existent,non_existent,non_existent,non_existent,non_existent,non_existent,non_existent,non_existent,non_existent,non_existent,non_existent,non_existent,
BP,F,18,High,medium,11,a,,,,NA,non_existent,non_existent,empty,empty,empty,empty,empty,no_visit,empty,empty,empty,empty,no_visit,empty,empty,empty,empty,no_visit,empty,no_visit,empty,no_visit,empty,empty,no_visit,empty,empty,no_visit,empty,no_visit,empty,no_visit,empty,empty,non_existent,non_existent,non_existent,non_existent,non_existent,non_existent,non_existent,non_existent,non_existent,non_existent,non_existent,non_existent,non_existent,non_existent,non_existent,non_existent,non_existent,non_existent,
BP,F,18,High,small,12,a,,,,NA,non_existent,non_existent,empty,empty,empty,empty,empty,no_visit,empty,empty,empty,empty,no_visit,empty,empty,empty,empty,no_visit,empty,no_visit,empty,no_visit,empty,empty,no_visit,empty,empty,no_visit,empty,no_visit,empty,no_visit,empty,empty,non_existent,non_existent,non_existent,non_existent,non_existent,non_existent,non_existent,non_existent,non_existent,non_existent,non_existent,non_existent,non_existent,non_existent,non_existent,non_existent,non_existent,non_existent,
BP,F,18,High,small,13,a,,,,NA,non_existent,non_existent,empty,empty,empty,empty,empty,no_visit,empty,empty,empty,empty,no_visit,empty,empty,empty,empty,no_visit,empty,no_visit,empty,no_visit,empty,empty,no_visit,empty,empty,no_visit,empty,no_visit,empty,no_visit,empty,empty,non_existent,non_existent,non_existent,non_existent,non_existent,non_existent,non_existent,non_existent,non_existent,non_existent,non_existent,non_existent,non_existent,non_existent,non_existent,non_existent,non_existent,non_existent,
BP,F,18,High,large,14,a,,,,NA,non_existent,non_existent,empty,empty,empty,empty,empty,no_visit,empty,empty,empty,empty,no_visit,empty,empty,empty,empty,no_visit,empty,no_visit,empty,no_visit,empty,empty,no_visit,empty,empty,no_visit,empty,no_visit,empty,no_visit,empty,empty,non_existent,non_existent,non_existent,non_existent,non_existent,non_existent,non_existent,non_existent,non_existent,non_existent,non_existent,non_existent,non_existent,non_existent,non_existent,non_existent,non_existent,non_existent,
BP,F,18,High,small,15,a,,,,NA,non_existent,non_existent,empty,empty,empty,empty,empty,no_visit,empty,empty,empty,empty,no_visit,empty,empty,empty,empty,no_visit,empty,no_visit,empty,no_visit,empty,empty,no_visit,empty,empty,no_visit,empty,no_visit,empty,no_visit,empty,empty,non_existent,non_existent,non_existent,non_existent,non_existent,non_existent,non_existent,non_existent,non_existent,non_existent,non_existent,non_existent,non_existent,non_existent,non_existent,non_existent,non_existent,non_existent,
BP,F,18,High,medium,16,a,,,,NA,non_existent,non_existent,empty,empty,empty,empty,empty,no_visit,empty,empty,empty,empty,no_visit,empty,empty,empty,empty,no_visit,empty,no_visit,empty,no_visit,empty,empty,no_visit,empty,empty,no_visit,empty,no_visit,empty,no_visit,empty,empty,non_existent,non_existent,non_existent,non_existent,non_existent,non_existent,non_existent,non_existent,non_existent,non_existent,non_existent,non_existent,non_existent,non_existent,non_existent,non_existent,non_existent,non_existent,
BP,F,18,High,medium,17,a,,,,NA,non_existent,non_existent,empty,empty,empty,empty,empty,no_visit,empty,empty,empty,empty,no_visit,empty,empty,empty,empty,no_visit,empty,no_visit,empty,no_visit,empty,empty,no_visit,empty,empty,no_visit,empty,no_visit,empty,no_visit,empty,empty,non_existent,non_existent,non_existent,non_existent,non_existent,non_existent,non_existent,non_existent,non_existent,non_existent,non_existent,non_existent,non_existent,non_existent,non_existent,non_existent,non_existent,non_existent,
BP,F,18,High,small,18,a,,,,NA,non_existent,non_existent,empty,empty,empty,empty,empty,no_visit,empty,empty,empty,empty,no_visit,empty,empty,empty,empty,no_visit,empty,no_visit,empty,no_visit,empty,empty,no_visit,empty,empty,no_visit,empty,no_visit,empty,no_visit,empty,empty,non_existent,non_existent,non_existent,non_existent,non_existent,non_existent,non_existent,non_existent,non_existent,non_existent,non_existent,non_existent,non_existent,non_existent,non_existent,non_existent,non_existent,non_existent,
NN,G,19,Low,medium,1,a,,,,NA,non_existent,empty,empty,empty,empty,empty,no_visit,empty,empty,empty,empty,no_visit,empty,empty,empty,empty,empty,empty,no_visit,empty,empty,empty,no_visit,empty,empty,empty,no_visit,empty,no_visit,empty,no_visit,empty,empty,no_visit,empty,empty,empty,no_visit,empty,non_existent,non_existent,non_existent,non_existent,non_existent,non_existent,non_existent,non_existent,non_existent,non_existent,non_existent,non_existent,non_existent,
NN,G,19,Low,medium,2,a,,,,NA,non_existent,empty,empty,empty,empty,empty,no_visit,empty,empty,empty,empty,no_visit,empty,empty,empty,empty,empty,empty,no_visit,empty,empty,empty,no_visit,empty,empty,empty,no_visit,empty,no_visit,empty,no_visit,empty,empty,no_visit,empty,empty,empty,no_visit,empty,non_existent,non_existent,non_existent,non_existent,non_existent,non_existent,non_existent,non_existent,non_existent,non_existent,non_existent,non_existent,non_existent,
NN,G,19,Low,small,3,a,,,,NA,non_existent,empty,empty,empty,empty,empty,no_visit,empty,empty,empty,empty,no_visit,empty,empty,empty,empty,empty,empty,no_visit,empty,empty,empty,no_visit,empty,empty,empty,no_visit,empty,no_visit,empty,no_visit,empty,empty,no_visit,empty,empty,empty,no_visit,empty,non_existent,non_existent,non_existent,non_existent,non_existent,non_existent,non_existent,non_existent,non_existent,non_existent,non_existent,non_existent,non_existent,
NN,G,19,Low,large,4,a,,,,NA,non_existent,empty,empty,empty,empty,empty,no_visit,empty,empty,empty,empty,no_visit,empty,empty,empty,empty,empty,empty,no_visit,empty,empty,empty,no_visit,empty,empty,empty,no_visit,empty,no_visit,empty,no_visit,empty,empty,no_visit,empty,empty,empty,no_visit,empty,non_existent,non_existent,non_existent,non_existent,non_existent,non_existent,non_existent,non_existent,non_existent,non_existent,non_existent,non_existent,non_existent,
NN,G,19,Low,small,5,a,,,,NA,non_existent,empty,empty,empty,empty,empty,no_visit,empty,empty,empty,empty,no_visit,empty,empty,empty,empty,empty,empty,no_visit,empty,empty,empty,no_visit,empty,empty,empty,no_visit,empty,no_visit,empty,no_visit,empty,empty,no_visit,empty,empty,empty,no_visit,empty,non_existent,non_existent,non_existent,non_existent,non_existent,non_existent,non_existent,non_existent,non_existent,non_existent,non_existent,non_existent,non_existent,
NN,G,19,Low,medium,6,a,,,,NA,non_existent,empty,empty,empty,empty,empty,no_visit,empty,empty,empty,empty,no_visit,empty,empty,empty,empty,empty,empty,no_visit,empty,empty,empty,no_visit,empty,empty,empty,no_visit,empty,no_visit,empty,no_visit,empty,empty,no_visit,empty,empty,empty,no_visit,empty,non_existent,non_existent,non_existent,non_existent,non_existent,non_existent,non_existent,non_existent,non_existent,non_existent,non_existent,non_existent,non_existent,
NN,G,19,Low,small,7,a,,,,NA,non_existent,empty,empty,empty,empty,empty,no_visit,empty,empty,empty,empty,no_visit,empty,empty,empty,empty,empty,empty,no_visit,empty,empty,empty,no_visit,empty,empty,empty,no_visit,empty,no_visit,empty,no_visit,empty,empty,no_visit,empty,empty,empty,no_visit,empty,non_existent,non_existent,non_existent,non_existent,non_existent,non_existent,non_existent,non_existent,non_existent,non_existent,non_existent,non_existent,non_existent,
NN,G,19,Low,small,8,a,,,,NA,non_existent,empty,empty,empty,empty,empty,no_visit,empty,empty,empty,empty,no_visit,empty,empty,empty,empty,empty,empty,no_visit,empty,empty,empty,no_visit,empty,empty,empty,no_visit,empty,no_visit,empty,no_visit,empty,empty,no_visit,empty,empty,empty,no_visit,empty,non_existent,non_existent,non_existent,non_existent,non_existent,non_existent,non_existent,non_existent,non_existent,non_existent,non_existent,non_existent,non_existent,
NN,G,19,Low,small,9,a,,,,NA,non_existent,empty,empty,empty,empty,empty,no_visit,empty,empty,empty,empty,no_visit,empty,empty,empty,empty,empty,empty,no_visit,empty,empty,empty,no_visit,empty,empty,empty,no_visit,empty,no_visit,empty,no_visit,empty,empty,no_visit,empty,empty,empty,no_visit,empty,non_existent,non_existent,non_existent,non_existent,non_existent,non_existent,non_existent,non_existent,non_existent,non_existent,non_existent,non_existent,non_existent,
NN,G,19,Low,medium,10,a,,,,NA,non_existent,empty,empty,empty,empty,empty,no_visit,empty,empty,empty,empty,no_visit,empty,empty,empty,empty,empty,empty,no_visit,empty,empty,empty,no_visit,empty,empty,empty,no_visit,empty,no_visit,empty,no_visit,empty,empty,no_visit,empty,empty,empty,no_visit,empty,non_existent,non_existent,non_existent,non_existent,non_existent,non_existent,non_existent,non_existent,non_existent,non_existent,non_existent,non_existent,non_existent,
NN,G,19,Low,small,11,a,,,,NA,non_existent,empty,empty,empty,empty,empty,no_visit,empty,empty,empty,empty,no_visit,empty,empty,empty,empty,empty,empty,no_visit,empty,empty,empty,no_visit,empty,empty,empty,no_visit,empty,no_visit,empty,no_visit,empty,empty,no_visit,empty,empty,empty,no_visit,empty,non_existent,non_existent,non_existent,non_existent,non_existent,non_existent,non_existent,non_existent,non_existent,non_existent,non_existent,non_existent,non_existent,
NN,G,19,Low,small,12,a,,,,NA,non_existent,empty,empty,empty,empty,empty,no_visit,empty,empty,empty,empty,no_visit,empty,empty,empty,empty,empty,empty,no_visit,empty,empty,empty,no_visit,empty,empty,empty,no_visit,empty,no_visit,empty,no_visit,empty,empty,no_visit,empty,empty,empty,no_visit,empty,non_existent,non_existent,non_existent,non_existent,non_existent,non_existent,non_existent,non_existent,non_existent,non_existent,non_existent,non_existent,non_existent,
NN,G,19,Low,medium,13,a,,,,NA,non_existent,empty,empty,empty,empty,empty,no_visit,empty,empty,empty,empty,no_visit,empty,empty,empty,empty,empty,empty,no_visit,empty,empty,empty,no_visit,empty,empty,empty,no_visit,empty,no_visit,empty,no_visit,empty,empty,no_visit,empty,empty,empty,no_visit,empty,non_existent,non_existent,non_existent,non_existent,non_existent,non_existent,non_existent,non_existent,non_existent,non_existent,non_existent,non_existent,non_existent,
NN,G,19,Low,small,14,a,,,,NA,non_existent,empty,empty,empty,empty,empty,no_visit,empty,empty,empty,empty,no_visit,empty,empty,empty,empty,empty,empty,no_visit,empty,empty,empty,no_visit,empty,empty,empty,no_visit,empty,no_visit,empty,no_visit,empty,empty,no_visit,empty,empty,empty,no_visit,empty,non_existent,non_existent,non_existent,non_existent,non_existent,non_existent,non_existent,non_existent,non_existent,non_existent,non_existent,non_existent,non_existent,
NN,G,19,Low,large,15,a,,,,NA,non_existent,empty,empty,empty,empty,empty,no_visit,empty,empty,empty,empty,no_visit,empty,empty,empty,empty,empty,empty,no_visit,empty,empty,empty,no_visit,empty,empty,empty,no_visit,empty,no_visit,empty,no_visit,empty,empty,no_visit,empty,empty,empty,no_visit,empty,non_existent,non_existent,non_existent,non_existent,non_existent,non_existent,non_existent,non_existent,non_existent,non_existent,non_existent,non_existent,non_existent,
NN,G,19,Low,small,16,a,,,,NA,non_existent,empty,empty,empty,empty,empty,no_visit,empty,empty,empty,empty,no_visit,empty,empty,empty,empty,empty,empty,no_visit,empty,empty,empty,no_visit,empty,empty,empty,no_visit,empty,no_visit,empty,no_visit,empty,empty,no_visit,empty,empty,empty,no_visit,empty,non_existent,non_existent,non_existent,non_existent,non_existent,non_existent,non_existent,non_existent,non_existent,non_existent,non_existent,non_existent,non_existent,
NN,G,19,Low,medium,17,a,,,,NA,non_existent,empty,empty,empty,empty,empty,no_visit,empty,empty,empty,empty,no_visit,empty,empty,empty,empty,empty,empty,no_visit,empty,empty,empty,no_visit,empty,empty,empty,no_visit,empty,no_visit,empty,no_visit,empty,empty,no_visit,empty,empty,empty,no_visit,empty,non_existent,non_existent,non_existent,non_existent,non_existent,non_existent,non_existent,non_existent,non_existent,non_existent,non_existent,non_existent,non_existent,
NN,G,19,Low,small,18,a,,,,NA,non_existent,empty,empty,empty,empty,empty,no_visit,empty,empty,empty,empty,no_visit,empty,empty,empty,empty,empty,empty,no_visit,empty,empty,empty,no_visit,empty,empty,empty,no_visit,empty,no_visit,empty,no_visit,empty,empty,no_visit,empty,empty,empty,no_visit,empty,non_existent,non_existent,non_existent,non_existent,non_existent,non_existent,non_existent,non_existent,non_existent,non_existent,non_existent,non_existent,non_existent,
NN,G,20,Mid,medium,1,a,,,,NA,non_existent,empty,empty,empty,empty,empty,no_visit,empty,empty,empty,empty,no_visit,empty,empty,empty,empty,empty,empty,no_visit,empty,empty,empty,no_visit,empty,empty,empty,no_visit,empty,no_visit,empty,no_visit,empty,empty,no_visit,empty,empty,empty,no_visit,empty,non_existent,non_existent,non_existent,non_existent,non_existent,non_existent,non_existent,non_existent,non_existent,non_existent,non_existent,non_existent,non_existent,
NN,G,20,Mid,small,2,a,,,,NA,non_existent,empty,empty,empty,empty,empty,no_visit,empty,empty,empty,empty,no_visit,empty,empty,empty,empty,empty,empty,no_visit,empty,empty,empty,no_visit,empty,empty,empty,no_visit,empty,no_visit,empty,no_visit,empty,empty,no_visit,empty,empty,empty,no_visit,empty,non_existent,non_existent,non_existent,non_existent,non_existent,non_existent,non_existent,non_existent,non_existent,non_existent,non_existent,non_existent,non_existent,
NN,G,20,Mid,small,3,a,,,,NA,non_existent,empty,empty,empty,empty,empty,no_visit,empty,empty,empty,empty,no_visit,empty,empty,empty,empty,empty,empty,no_visit,empty,empty,empty,no_visit,empty,empty,empty,no_visit,empty,no_visit,empty,no_visit,empty,empty,no_visit,empty,empty,empty,no_visit,empty,non_existent,non_existent,non_existent,non_existent,non_existent,non_existent,non_existent,non_existent,non_existent,non_existent,non_existent,non_existent,non_existent,
NN,G,20,Mid,large,4,a,,,,NA,non_existent,empty,empty,empty,empty,empty,no_visit,empty,empty,empty,empty,no_visit,empty,empty,empty,empty,empty,empty,no_visit,empty,empty,empty,no_visit,empty,empty,empty,no_visit,empty,no_visit,empty,no_visit,empty,empty,no_visit,empty,empty,empty,no_visit,empty,non_existent,non_existent,non_existent,non_existent,non_existent,non_existent,non_existent,non_existent,non_existent,non_existent,non_existent,non_existent,non_existent,
NN,G,20,Mid,small,5,a,,,,NA,non_existent,empty,empty,empty,empty,empty,no_visit,empty,empty,empty,empty,no_visit,empty,empty,empty,empty,empty,empty,no_visit,empty,empty,empty,no_visit,empty,empty,empty,no_visit,empty,no_visit,empty,no_visit,empty,empty,no_visit,empty,empty,empty,no_visit,empty,non_existent,non_existent,non_existent,non_existent,non_existent,non_existent,non_existent,non_existent,non_existent,non_existent,non_existent,non_existent,non_existent,
NN,G,20,Mid,small,6,a,,,,NA,non_existent,empty,empty,empty,empty,empty,no_visit,empty,empty,empty,empty,no_visit,empty,empty,empty,empty,empty,empty,no_visit,empty,empty,empty,no_visit,empty,empty,empty,no_visit,empty,no_visit,empty,no_visit,empty,empty,no_visit,empty,empty,empty,no_visit,empty,non_existent,non_existent,non_existent,non_existent,non_existent,non_existent,non_existent,non_existent,non_existent,non_existent,non_existent,non_existent,non_existent,
NN,G,20,Mid,medium,7,a,,,,NA,non_existent,empty,empty,empty,empty,empty,no_visit,empty,empty,empty,empty,no_visit,empty,empty,empty,empty,empty,empty,no_visit,empty,empty,empty,no_visit,empty,empty,empty,no_visit,empty,no_visit,empty,no_visit,empty,empty,no_visit,empty,empty,empty,no_visit,empty,non_existent,non_existent,non_existent,non_existent,non_existent,non_existent,non_existent,non_existent,non_existent,non_existent,non_existent,non_existent,non_existent,
NN,G,20,Mid,small,8,a,,,,NA,non_existent,empty,empty,empty,empty,empty,no_visit,empty,empty,empty,empty,no_visit,empty,empty,empty,empty,empty,empty,no_visit,empty,empty,empty,no_visit,empty,empty,empty,no_visit,empty,no_visit,empty,no_visit,empty,empty,no_visit,empty,empty,empty,no_visit,empty,non_existent,non_existent,non_existent,non_existent,non_existent,non_existent,non_existent,non_existent,non_existent,non_existent,non_existent,non_existent,non_existent,
NN,G,20,Mid,medium,9,a,,,,NA,non_existent,empty,empty,empty,empty,empty,no_visit,empty,empty,empty,empty,no_visit,empty,empty,empty,empty,empty,empty,no_visit,empty,empty,empty,no_visit,empty,empty,empty,no_visit,empty,no_visit,empty,no_visit,empty,empty,no_visit,empty,empty,empty,no_visit,empty,non_existent,non_existent,non_existent,non_existent,non_existent,non_existent,non_existent,non_existent,non_existent,non_existent,non_existent,non_existent,non_existent,
NN,G,20,Mid,small,10,a,,,,NA,non_existent,empty,empty,empty,empty,empty,no_visit,empty,empty,empty,empty,no_visit,empty,empty,empty,empty,empty,empty,no_visit,empty,empty,empty,no_visit,empty,empty,empty,no_visit,empty,no_visit,empty,no_visit,empty,empty,no_visit,empty,empty,empty,no_visit,empty,non_existent,non_existent,non_existent,non_existent,non_existent,non_existent,non_existent,non_existent,non_existent,non_existent,non_existent,non_existent,non_existent,
NN,G,20,Mid,medium,11,a,,,,NA,non_existent,empty,empty,empty,empty,empty,no_visit,empty,empty,empty,empty,no_visit,empty,empty,empty,empty,empty,empty,no_visit,empty,empty,empty,no_visit,empty,empty,empty,no_visit,empty,no_visit,empty,no_visit,empty,empty,no_visit,empty,empty,empty,no_visit,empty,non_existent,non_existent,non_existent,non_existent,non_existent,non_existent,non_existent,non_existent,non_existent,non_existent,non_existent,non_existent,non_existent,
NN,G,20,Mid,small,12,a,,,,NA,non_existent,empty,empty,empty,empty,empty,no_visit,empty,empty,empty,empty,no_visit,empty,empty,empty,empty,empty,empty,no_visit,empty,empty,empty,no_visit,empty,empty,empty,no_visit,empty,no_visit,empty,no_visit,empty,empty,no_visit,empty,empty,empty,no_visit,empty,non_existent,non_existent,non_existent,non_existent,non_existent,non_existent,non_existent,non_existent,non_existent,non_existent,non_existent,non_existent,non_existent,
NN,G,20,Mid,small,13,a,,,,NA,non_existent,empty,empty,empty,empty,empty,no_visit,empty,empty,empty,empty,no_visit,empty,empty,empty,empty,empty,empty,no_visit,empty,empty,empty,no_visit,empty,empty,empty,no_visit,empty,no_visit,empty,no_visit,empty,empty,no_visit,empty,empty,empty,no_visit,empty,non_existent,non_existent,non_existent,non_existent,non_existent,non_existent,non_existent,non_existent,non_existent,non_existent,non_existent,non_existent,non_existent,
NN,G,20,Mid,large,14,a,,,,NA,non_existent,empty,empty,empty,empty,empty,no_visit,empty,empty,empty,empty,no_visit,empty,empty,empty,empty,empty,empty,no_visit,empty,empty,empty,no_visit,empty,empty,empty,no_visit,empty,no_visit,empty,no_visit,empty,empty,no_visit,empty,empty,empty,no_visit,empty,non_existent,non_existent,non_existent,non_existent,non_existent,non_existent,non_existent,non_existent,non_existent,non_existent,non_existent,non_existent,non_existent,
NN,G,20,Mid,small,15,a,,,,NA,non_existent,empty,empty,empty,empty,empty,no_visit,empty,empty,empty,empty,no_visit,empty,empty,empty,empty,empty,empty,no_visit,empty,empty,empty,no_visit,empty,empty,empty,no_visit,empty,no_visit,empty,no_visit,empty,empty,no_visit,empty,empty,empty,no_visit,empty,non_existent,non_existent,non_existent,non_existent,non_existent,non_existent,non_existent,non_existent,non_existent,non_existent,non_existent,non_existent,non_existent,
NN,G,20,Mid,medium,16,a,,,,NA,non_existent,empty,empty,empty,empty,empty,no_visit,empty,empty,empty,empty,no_visit,empty,empty,empty,empty,empty,empty,no_visit,empty,empty,empty,no_visit,empty,empty,empty,no_visit,empty,no_visit,empty,no_visit,empty,empty,no_visit,empty,empty,empty,no_visit,empty,non_existent,non_existent,non_existent,non_existent,non_existent,non_existent,non_existent,non_existent,non_existent,non_existent,non_existent,non_existent,non_existent,
NN,G,20,Mid,small,17,a,,,,NA,non_existent,empty,empty,empty,empty,empty,no_visit,empty,empty,empty,empty,no_visit,empty,empty,empty,empty,empty,empty,no_visit,empty,empty,empty,no_visit,empty,empty,empty,no_visit,empty,no_visit,empty,no_visit,empty,empty,no_visit,empty,empty,empty,no_visit,empty,non_existent,non_existent,non_existent,non_existent,non_existent,non_existent,non_existent,non_existent,non_existent,non_existent,non_existent,non_existent,non_existent,
NN,G,20,Mid,medium,18,a,,,,NA,non_existent,empty,empty,empty,empty,empty,no_visit,empty,empty,empty,empty,no_visit,empty,empty,empty,empty,empty,empty,no_visit,empty,empty,empty,no_visit,empty,empty,empty,no_visit,empty,no_visit,empty,no_visit,empty,empty,no_visit,empty,empty,empty,no_visit,empty,non_existent,non_existent,non_existent,non_existent,non_existent,non_existent,non_existent,non_existent,non_existent,non_existent,non_existent,non_existent,non_existent,
NN,G,21,High,small,1,a,,,,NA,non_existent,empty,empty,empty,empty,empty,no_visit,empty,empty,empty,empty,no_visit,empty,empty,empty,empty,empty,empty,no_visit,empty,empty,empty,no_visit,empty,empty,empty,no_visit,empty,no_visit,empty,no_visit,empty,empty,no_visit,empty,empty,empty,no_visit,empty,non_existent,non_existent,non_existent,non_existent,non_existent,non_existent,non_existent,non_existent,non_existent,non_existent,non_existent,non_existent,non_existent,
NN,G,21,High,medium,2,a,,,,NA,non_existent,empty,empty,empty,empty,empty,no_visit,empty,empty,empty,empty,no_visit,empty,empty,empty,empty,empty,empty,no_visit,empty,empty,empty,no_visit,empty,empty,empty,no_visit,empty,no_visit,empty,no_visit,empty,empty,no_visit,empty,empty,empty,no_visit,empty,non_existent,non_existent,non_existent,non_existent,non_existent,non_existent,non_existent,non_existent,non_existent,non_existent,non_existent,non_existent,non_existent,
NN,G,21,High,small,3,a,,,,NA,non_existent,empty,empty,empty,empty,empty,no_visit,empty,empty,empty,empty,no_visit,empty,empty,empty,empty,empty,empty,no_visit,empty,empty,empty,no_visit,empty,empty,empty,no_visit,empty,no_visit,empty,no_visit,empty,empty,no_visit,empty,empty,empty,no_visit,empty,non_existent,non_existent,non_existent,non_existent,non_existent,non_existent,non_existent,non_existent,non_existent,non_existent,non_existent,non_existent,non_existent,
NN,G,21,High,large,4,a,,,,NA,non_existent,empty,empty,empty,empty,empty,no_visit,empty,empty,empty,empty,no_visit,empty,empty,empty,empty,empty,empty,no_visit,empty,empty,empty,no_visit,empty,empty,empty,no_visit,empty,no_visit,empty,no_visit,empty,empty,no_visit,empty,empty,empty,no_visit,empty,non_existent,non_existent,non_existent,non_existent,non_existent,non_existent,non_existent,non_existent,non_existent,non_existent,non_existent,non_existent,non_existent,
NN,G,21,High,small,5,a,,,,NA,non_existent,empty,empty,empty,empty,empty,no_visit,empty,empty,empty,empty,no_visit,empty,empty,empty,empty,empty,empty,no_visit,empty,empty,empty,no_visit,empty,empty,empty,no_visit,empty,no_visit,empty,no_visit,empty,empty,no_visit,empty,empty,empty,no_visit,empty,non_existent,non_existent,non_existent,non_existent,non_existent,non_existent,non_existent,non_existent,non_existent,non_existent,non_existent,non_existent,non_existent,
NN,G,21,High,medium,6,a,,,,NA,non_existent,empty,empty,empty,empty,empty,no_visit,empty,empty,empty,empty,no_visit,empty,empty,empty,empty,empty,empty,no_visit,empty,empty,empty,no_visit,empty,empty,empty,no_visit,empty,no_visit,empty,no_visit,empty,empty,no_visit,empty,empty,empty,no_visit,empty,non_existent,non_existent,non_existent,non_existent,non_existent,non_existent,non_existent,non_existent,non_existent,non_existent,non_existent,non_existent,non_existent,
NN,G,21,High,small,7,a,,,,NA,non_existent,empty,empty,empty,empty,empty,no_visit,empty,empty,empty,empty,no_visit,empty,empty,empty,empty,empty,empty,no_visit,empty,empty,empty,no_visit,empty,empty,empty,no_visit,empty,no_visit,empty,no_visit,empty,empty,no_visit,empty,empty,empty,no_visit,empty,non_existent,non_existent,non_existent,non_existent,non_existent,non_existent,non_existent,non_existent,non_existent,non_existent,non_existent,non_existent,non_existent,
NN,G,21,High,small,8,a,,,,NA,non_existent,empty,empty,empty,empty,empty,no_visit,empty,empty,empty,empty,no_visit,empty,empty,empty,empty,empty,empty,no_visit,empty,empty,empty,no_visit,empty,empty,empty,no_visit,empty,no_visit,empty,no_visit,empty,empty,no_visit,empty,empty,empty,no_visit,empty,non_existent,non_existent,non_existent,non_existent,non_existent,non_existent,non_existent,non_existent,non_existent,non_existent,non_existent,non_existent,non_existent,
NN,G,21,High,medium,9,a,,,,NA,non_existent,empty,empty,empty,empty,empty,no_visit,empty,empty,empty,empty,no_visit,empty,empty,empty,empty,empty,empty,no_visit,empty,empty,empty,no_visit,empty,empty,empty,no_visit,empty,no_visit,empty,no_visit,empty,empty,no_visit,empty,empty,empty,no_visit,empty,non_existent,non_existent,non_existent,non_existent,non_existent,non_existent,non_existent,non_existent,non_existent,non_existent,non_existent,non_existent,non_existent,
NN,G,21,High,medium,10,a,,,,NA,non_existent,empty,empty,empty,empty,empty,no_visit,empty,empty,empty,empty,no_visit,empty,empty,empty,empty,empty,empty,no_visit,empty,empty,empty,no_visit,empty,empty,empty,no_visit,empty,no_visit,empty,no_visit,empty,empty,no_visit,empty,empty,empty,no_visit,empty,non_existent,non_existent,non_existent,non_existent,non_existent,non_existent,non_existent,non_existent,non_existent,non_existent,non_existent,non_existent,non_existent,
NN,G,21,High,small,11,a,,,,NA,non_existent,empty,empty,empty,empty,empty,no_visit,empty,empty,empty,empty,no_visit,empty,empty,empty,empty,empty,empty,no_visit,empty,empty,empty,no_visit,empty,empty,empty,no_visit,empty,no_visit,empty,no_visit,empty,empty,no_visit,empty,empty,empty,no_visit,empty,non_existent,non_existent,non_existent,non_existent,non_existent,non_existent,non_existent,non_existent,non_existent,non_existent,non_existent,non_existent,non_existent,
NN,G,21,High,medium,12,a,,,,NA,non_existent,empty,empty,empty,empty,empty,no_visit,empty,empty,empty,empty,no_visit,empty,empty,empty,empty,empty,empty,no_visit,empty,empty,empty,no_visit,empty,empty,empty,no_visit,empty,no_visit,empty,no_visit,empty,empty,no_visit,empty,empty,empty,no_visit,empty,non_existent,non_existent,non_existent,non_existent,non_existent,non_existent,non_existent,non_existent,non_existent,non_existent,non_existent,non_existent,non_existent,
NN,G,21,High,small,13,a,,,,NA,non_existent,empty,empty,empty,empty,empty,no_visit,empty,empty,empty,empty,no_visit,empty,empty,empty,empty,empty,empty,no_visit,empty,empty,empty,no_visit,empty,empty,empty,no_visit,empty,no_visit,empty,no_visit,empty,empty,no_visit,empty,empty,empty,no_visit,empty,non_existent,non_existent,non_existent,non_existent,non_existent,non_existent,non_existent,non_existent,non_existent,non_existent,non_existent,non_existent,non_existent,
NN,G,21,High,small,14,a,,,,NA,non_existent,empty,empty,empty,empty,empty,no_visit,empty,empty,empty,empty,no_visit,empty,empty,empty,empty,empty,empty,no_visit,empty,empty,empty,no_visit,empty,empty,empty,no_visit,empty,no_visit,empty,no_visit,empty,empty,no_visit,empty,empty,empty,no_visit,empty,non_existent,non_existent,non_existent,non_existent,non_existent,non_existent,non_existent,non_existent,non_existent,non_existent,non_existent,non_existent,non_existent,
NN,G,21,High,large,15,a,,,,NA,non_existent,empty,empty,empty,empty,empty,no_visit,empty,empty,empty,empty,no_visit,empty,empty,empty,empty,empty,empty,no_visit,empty,empty,empty,no_visit,empty,empty,empty,no_visit,empty,no_visit,empty,no_visit,empty,empty,no_visit,empty,empty,empty,no_visit,empty,non_existent,non_existent,non_existent,non_existent,non_existent,non_existent,non_existent,non_existent,non_existent,non_existent,non_existent,non_existent,non_existent,
NN,G,21,High,small,16,a,,,,NA,non_existent,empty,empty,empty,empty,empty,no_visit,empty,empty,empty,empty,no_visit,empty,empty,empty,empty,empty,empty,no_visit,empty,empty,empty,no_visit,empty,empty,empty,no_visit,empty,no_visit,empty,no_visit,empty,empty,no_visit,empty,empty,empty,no_visit,empty,non_existent,non_existent,non_existent,non_existent,non_existent,non_existent,non_existent,non_existent,non_existent,non_existent,non_existent,non_existent,non_existent,
NN,G,21,High,medium,17,a,,,,NA,non_existent,empty,empty,empty,empty,empty,no_visit,empty,empty,empty,empty,no_visit,empty,empty,empty,empty,empty,empty,no_visit,empty,empty,empty,no_visit,empty,empty,empty,no_visit,empty,no_visit,empty,no_visit,empty,empty,no_visit,empty,empty,empty,no_visit,empty,non_existent,non_existent,non_existent,non_existent,non_existent,non_existent,non_existent,non_existent,non_existent,non_existent,non_existent,non_existent,non_existent,
NN,G,21,High,small,18,a,,,,NA,non_existent,empty,empty,empty,empty,empty,no_visit,empty,empty,empty,empty,no_visit,empty,empty,empty,empty,empty,empty,no_visit,empty,empty,empty,no_visit,empty,empty,empty,no_visit,empty,no_visit,empty,no_visit,empty,empty,no_visit,empty,empty,empty,no_visit,empty,non_existent,non_existent,non_existent,non_existent,non_existent,non_existent,non_existent,non_existent,non_existent,non_existent,non_existent,non_existent,non_existent,
NN,H,22,Low,medium,1,a,,,,NA,non_existent,empty,empty,empty,empty,empty,no_visit,empty,empty,empty,empty,no_visit,empty,empty,empty,empty,empty,empty,no_visit,empty,empty,empty,no_visit,empty,empty,empty,no_visit,empty,no_visit,empty,no_visit,empty,empty,no_visit,empty,empty,empty,no_visit,empty,non_existent,non_existent,non_existent,non_existent,non_existent,non_existent,non_existent,non_existent,non_existent,non_existent,non_existent,non_existent,non_existent,
NN,H,22,Low,medium,2,a,,,,NA,non_existent,empty,empty,empty,empty,empty,no_visit,empty,empty,empty,empty,no_visit,empty,empty,empty,empty,empty,empty,no_visit,empty,empty,empty,no_visit,empty,empty,empty,no_visit,empty,no_visit,empty,no_visit,empty,empty,no_visit,empty,empty,empty,no_visit,empty,non_existent,non_existent,non_existent,non_existent,non_existent,non_existent,non_existent,non_existent,non_existent,non_existent,non_existent,non_existent,non_existent,
NN,H,22,Low,small,3,a,,,,NA,non_existent,empty,empty,empty,empty,empty,no_visit,empty,empty,empty,empty,no_visit,empty,empty,empty,empty,empty,empty,no_visit,empty,empty,empty,no_visit,empty,empty,empty,no_visit,empty,no_visit,empty,no_visit,empty,empty,no_visit,empty,empty,empty,no_visit,empty,non_existent,non_existent,non_existent,non_existent,non_existent,non_existent,non_existent,non_existent,non_existent,non_existent,non_existent,non_existent,non_existent,
NN,H,22,Low,large,4,a,,,,NA,non_existent,empty,empty,empty,empty,empty,no_visit,empty,empty,empty,empty,no_visit,empty,empty,empty,empty,empty,empty,no_visit,empty,empty,empty,no_visit,empty,empty,empty,no_visit,empty,no_visit,empty,no_visit,empty,empty,no_visit,empty,empty,empty,no_visit,empty,non_existent,non_existent,non_existent,non_existent,non_existent,non_existent,non_existent,non_existent,non_existent,non_existent,non_existent,non_existent,non_existent,
NN,H,22,Low,small,5,a,,,,NA,non_existent,empty,empty,empty,empty,empty,no_visit,empty,empty,empty,empty,no_visit,empty,empty,empty,empty,empty,empty,no_visit,empty,empty,empty,no_visit,empty,empty,empty,no_visit,empty,no_visit,empty,no_visit,empty,empty,no_visit,empty,empty,empty,no_visit,empty,non_existent,non_existent,non_existent,non_existent,non_existent,non_existent,non_existent,non_existent,non_existent,non_existent,non_existent,non_existent,non_existent,
NN,H,22,Low,small,6,a,,,,NA,non_existent,empty,empty,empty,empty,empty,no_visit,empty,empty,empty,empty,no_visit,empty,empty,empty,empty,empty,empty,no_visit,empty,empty,empty,no_visit,empty,empty,empty,no_visit,empty,no_visit,empty,no_visit,empty,empty,no_visit,empty,empty,empty,no_visit,empty,non_existent,non_existent,non_existent,non_existent,non_existent,non_existent,non_existent,non_existent,non_existent,non_existent,non_existent,non_existent,non_existent,
NN,H,22,Low,small,7,a,,,,NA,non_existent,empty,empty,empty,empty,empty,no_visit,empty,empty,empty,empty,no_visit,empty,empty,empty,empty,empty,empty,no_visit,empty,empty,empty,no_visit,empty,empty,empty,no_visit,empty,no_visit,empty,no_visit,empty,empty,no_visit,empty,empty,empty,no_visit,empty,non_existent,non_existent,non_existent,non_existent,non_existent,non_existent,non_existent,non_existent,non_existent,non_existent,non_existent,non_existent,non_existent,
NN,H,22,Low,medium,8,a,,,,NA,non_existent,empty,empty,empty,empty,empty,no_visit,empty,empty,empty,empty,no_visit,empty,empty,empty,empty,empty,empty,no_visit,empty,empty,empty,no_visit,empty,empty,empty,no_visit,empty,no_visit,empty,no_visit,empty,empty,no_visit,empty,empty,empty,no_visit,empty,non_existent,non_existent,non_existent,non_existent,non_existent,non_existent,non_existent,non_existent,non_existent,non_existent,non_existent,non_existent,non_existent,
NN,H,22,Low,small,9,a,,,,NA,non_existent,empty,empty,empty,empty,empty,no_visit,empty,empty,empty,empty,no_visit,empty,empty,empty,empty,empty,empty,no_visit,empty,empty,empty,no_visit,empty,empty,empty,no_visit,empty,no_visit,empty,no_visit,empty,empty,no_visit,empty,empty,empty,no_visit,empty,non_existent,non_existent,non_existent,non_existent,non_existent,non_existent,non_existent,non_existent,non_existent,non_existent,non_existent,non_existent,non_existent,
NN,H,22,Low,medium,10,a,,,,NA,non_existent,empty,empty,empty,empty,empty,no_visit,empty,empty,empty,empty,no_visit,empty,empty,empty,empty,empty,empty,no_visit,empty,empty,empty,no_visit,empty,empty,empty,no_visit,empty,no_visit,empty,no_visit,empty,empty,no_visit,empty,empty,empty,no_visit,empty,non_existent,non_existent,non_existent,non_existent,non_existent,non_existent,non_existent,non_existent,non_existent,non_existent,non_existent,non_existent,non_existent,
NN,H,22,Low,small,11,a,,,,NA,non_existent,empty,empty,empty,empty,empty,no_visit,empty,empty,empty,empty,no_visit,empty,empty,empty,empty,empty,empty,no_visit,empty,empty,empty,no_visit,empty,empty,empty,no_visit,empty,no_visit,empty,no_visit,empty,empty,no_visit,empty,empty,empty,no_visit,empty,non_existent,non_existent,non_existent,non_existent,non_existent,non_existent,non_existent,non_existent,non_existent,non_existent,non_existent,non_existent,non_existent,
NN,H,22,Low,small,12,a,,,,NA,non_existent,empty,empty,empty,empty,empty,no_visit,empty,empty,empty,empty,no_visit,empty,empty,empty,empty,empty,empty,no_visit,empty,empty,empty,no_visit,empty,empty,empty,no_visit,empty,no_visit,empty,no_visit,empty,empty,no_visit,empty,empty,empty,no_visit,empty,non_existent,non_existent,non_existent,non_existent,non_existent,non_existent,non_existent,non_existent,non_existent,non_existent,non_existent,non_existent,non_existent,
NN,H,22,Low,medium,13,a,,,,NA,non_existent,empty,empty,empty,empty,empty,no_visit,empty,empty,empty,empty,no_visit,empty,empty,empty,empty,empty,empty,no_visit,empty,empty,empty,no_visit,empty,empty,empty,no_visit,empty,no_visit,empty,no_visit,empty,empty,no_visit,empty,empty,empty,no_visit,empty,non_existent,non_existent,non_existent,non_existent,non_existent,non_existent,non_existent,non_existent,non_existent,non_existent,non_existent,non_existent,non_existent,
NN,H,22,Low,small,14,a,,,,NA,non_existent,empty,empty,empty,empty,empty,no_visit,empty,empty,empty,empty,no_visit,empty,empty,empty,empty,empty,empty,no_visit,empty,empty,empty,no_visit,empty,empty,empty,no_visit,empty,no_visit,empty,no_visit,empty,empty,no_visit,empty,empty,empty,no_visit,empty,non_existent,non_existent,non_existent,non_existent,non_existent,non_existent,non_existent,non_existent,non_existent,non_existent,non_existent,non_existent,non_existent,
NN,H,22,Low,large,15,a,,,,NA,non_existent,empty,empty,empty,empty,empty,no_visit,empty,empty,empty,empty,no_visit,empty,empty,empty,empty,empty,empty,no_visit,empty,empty,empty,no_visit,empty,empty,empty,no_visit,empty,no_visit,empty,no_visit,empty,empty,no_visit,empty,empty,empty,no_visit,empty,non_existent,non_existent,non_existent,non_existent,non_existent,non_existent,non_existent,non_existent,non_existent,non_existent,non_existent,non_existent,non_existent,
NN,H,22,Low,small,16,a,,,,NA,non_existent,empty,empty,empty,empty,empty,no_visit,empty,empty,empty,empty,no_visit,empty,empty,empty,empty,empty,empty,no_visit,empty,empty,empty,no_visit,empty,empty,empty,no_visit,empty,no_visit,empty,no_visit,empty,empty,no_visit,empty,empty,empty,no_visit,empty,non_existent,non_existent,non_existent,non_existent,non_existent,non_existent,non_existent,non_existent,non_existent,non_existent,non_existent,non_existent,non_existent,
NN,H,22,Low,medium,17,a,,,,NA,non_existent,empty,empty,empty,empty,empty,no_visit,empty,empty,empty,empty,no_visit,empty,empty,empty,empty,empty,empty,no_visit,empty,empty,empty,no_visit,empty,empty,empty,no_visit,empty,no_visit,empty,no_visit,empty,empty,no_visit,empty,empty,empty,no_visit,empty,non_existent,non_existent,non_existent,non_existent,non_existent,non_existent,non_existent,non_existent,non_existent,non_existent,non_existent,non_existent,non_existent,
NN,H,22,Low,small,18,a,,,,NA,non_existent,empty,empty,empty,empty,empty,no_visit,empty,empty,empty,empty,no_visit,empty,empty,empty,empty,empty,empty,no_visit,empty,empty,empty,no_visit,empty,empty,empty,no_visit,empty,no_visit,empty,no_visit,empty,empty,no_visit,empty,empty,empty,no_visit,empty,non_existent,non_existent,non_existent,non_existent,non_existent,non_existent,non_existent,non_existent,non_existent,non_existent,non_existent,non_existent,non_existent,
NN,H,23,Mid,medium,1,a,,,,NA,non_existent,empty,empty,empty,empty,empty,no_visit,empty,empty,empty,empty,no_visit,empty,empty,empty,empty,empty,empty,no_visit,empty,empty,empty,no_visit,empty,empty,empty,no_visit,empty,no_visit,empty,no_visit,empty,empty,no_visit,empty,empty,empty,no_visit,empty,non_existent,non_existent,non_existent,non_existent,non_existent,non_existent,non_existent,non_existent,non_existent,non_existent,non_existent,non_existent,non_existent,
NN,H,23,Mid,small,2,a,,,,NA,non_existent,empty,empty,empty,empty,empty,no_visit,empty,empty,empty,empty,no_visit,empty,empty,empty,empty,empty,empty,no_visit,empty,empty,empty,no_visit,empty,empty,empty,no_visit,empty,no_visit,empty,no_visit,empty,empty,no_visit,empty,empty,empty,no_visit,empty,non_existent,non_existent,non_existent,non_existent,non_existent,non_existent,non_existent,non_existent,non_existent,non_existent,non_existent,non_existent,non_existent,
NN,H,23,Mid,small,3,a,,,,NA,non_existent,empty,empty,empty,empty,empty,no_visit,empty,empty,empty,empty,no_visit,empty,empty,empty,empty,empty,empty,no_visit,empty,empty,empty,no_visit,empty,empty,empty,no_visit,empty,no_visit,empty,no_visit,empty,empty,no_visit,empty,empty,empty,no_visit,empty,non_existent,non_existent,non_existent,non_existent,non_existent,non_existent,non_existent,non_existent,non_existent,non_existent,non_existent,non_existent,non_existent,
NN,H,23,Mid,large,4,a,,,,NA,non_existent,empty,empty,empty,empty,empty,no_visit,empty,empty,empty,empty,no_visit,empty,empty,empty,empty,empty,empty,no_visit,empty,empty,empty,no_visit,empty,empty,empty,no_visit,empty,no_visit,empty,no_visit,empty,empty,no_visit,empty,empty,empty,no_visit,empty,non_existent,non_existent,non_existent,non_existent,non_existent,non_existent,non_existent,non_existent,non_existent,non_existent,non_existent,non_existent,non_existent,
NN,H,23,Mid,small,5,a,,,,NA,non_existent,empty,empty,empty,empty,empty,no_visit,empty,empty,empty,empty,no_visit,empty,empty,empty,empty,empty,empty,no_visit,empty,empty,empty,no_visit,empty,empty,empty,no_visit,empty,no_visit,empty,no_visit,empty,empty,no_visit,empty,empty,empty,no_visit,empty,non_existent,non_existent,non_existent,non_existent,non_existent,non_existent,non_existent,non_existent,non_existent,non_existent,non_existent,non_existent,non_existent,
NN,H,23,Mid,medium,6,a,,,,NA,non_existent,empty,empty,empty,empty,empty,no_visit,empty,empty,empty,empty,no_visit,empty,empty,empty,empty,empty,empty,no_visit,empty,empty,empty,no_visit,empty,empty,empty,no_visit,empty,no_visit,empty,no_visit,empty,empty,no_visit,empty,empty,empty,no_visit,empty,non_existent,non_existent,non_existent,non_existent,non_existent,non_existent,non_existent,non_existent,non_existent,non_existent,non_existent,non_existent,non_existent,
NN,H,23,Mid,small,7,a,,,,NA,non_existent,empty,empty,empty,empty,empty,no_visit,empty,empty,empty,empty,no_visit,empty,empty,empty,empty,empty,empty,no_visit,empty,empty,empty,no_visit,empty,empty,empty,no_visit,empty,no_visit,empty,no_visit,empty,empty,no_visit,empty,empty,empty,no_visit,empty,non_existent,non_existent,non_existent,non_existent,non_existent,non_existent,non_existent,non_existent,non_existent,non_existent,non_existent,non_existent,non_existent,
NN,H,23,Mid,medium,8,a,,,,NA,non_existent,empty,empty,empty,empty,empty,no_visit,empty,empty,empty,empty,no_visit,empty,empty,empty,empty,empty,empty,no_visit,empty,empty,empty,no_visit,empty,empty,empty,no_visit,empty,no_visit,empty,no_visit,empty,empty,no_visit,empty,empty,empty,no_visit,empty,non_existent,non_existent,non_existent,non_existent,non_existent,non_existent,non_existent,non_existent,non_existent,non_existent,non_existent,non_existent,non_existent,
NN,H,23,Mid,small,9,a,,,,NA,non_existent,empty,empty,empty,empty,empty,no_visit,empty,empty,empty,empty,no_visit,empty,empty,empty,empty,empty,empty,no_visit,empty,empty,empty,no_visit,empty,empty,empty,no_visit,empty,no_visit,empty,no_visit,empty,empty,no_visit,empty,empty,empty,no_visit,empty,non_existent,non_existent,non_existent,non_existent,non_existent,non_existent,non_existent,non_existent,non_existent,non_existent,non_existent,non_existent,non_existent,
NN,H,23,Mid,medium,10,a,,,,NA,non_existent,empty,empty,empty,empty,empty,no_visit,empty,empty,empty,empty,no_visit,empty,empty,empty,empty,empty,empty,no_visit,empty,empty,empty,no_visit,empty,empty,empty,no_visit,empty,no_visit,empty,no_visit,empty,empty,no_visit,empty,empty,empty,no_visit,empty,non_existent,non_existent,non_existent,non_existent,non_existent,non_existent,non_existent,non_existent,non_existent,non_existent,non_existent,non_existent,non_existent,
NN,H,23,Mid,medium,11,a,,,,NA,non_existent,empty,empty,empty,empty,empty,no_visit,empty,empty,empty,empty,no_visit,empty,empty,empty,empty,empty,empty,no_visit,empty,empty,empty,no_visit,empty,empty,empty,no_visit,empty,no_visit,empty,no_visit,empty,empty,no_visit,empty,empty,empty,no_visit,empty,non_existent,non_existent,non_existent,non_existent,non_existent,non_existent,non_existent,non_existent,non_existent,non_existent,non_existent,non_existent,non_existent,
NN,H,23,Mid,small,12,a,,,,NA,non_existent,empty,empty,empty,empty,empty,no_visit,empty,empty,empty,empty,no_visit,empty,empty,empty,empty,empty,empty,no_visit,empty,empty,empty,no_visit,empty,empty,empty,no_visit,empty,no_visit,empty,no_visit,empty,empty,no_visit,empty,empty,empty,no_visit,empty,non_existent,non_existent,non_existent,non_existent,non_existent,non_existent,non_existent,non_existent,non_existent,non_existent,non_existent,non_existent,non_existent,
NN,H,23,Mid,small,13,a,,,,NA,non_existent,empty,empty,empty,empty,empty,no_visit,empty,empty,empty,empty,no_visit,empty,empty,empty,empty,empty,empty,no_visit,empty,empty,empty,no_visit,empty,empty,empty,no_visit,empty,no_visit,empty,no_visit,empty,empty,no_visit,empty,empty,empty,no_visit,empty,non_existent,non_existent,non_existent,non_existent,non_existent,non_existent,non_existent,non_existent,non_existent,non_existent,non_existent,non_existent,non_existent,
NN,H,23,Mid,small,14,a,,,,NA,non_existent,empty,empty,empty,empty,empty,no_visit,empty,empty,empty,empty,no_visit,empty,empty,empty,empty,empty,empty,no_visit,empty,empty,empty,no_visit,empty,empty,empty,no_visit,empty,no_visit,empty,no_visit,empty,empty,no_visit,empty,empty,empty,no_visit,empty,non_existent,non_existent,non_existent,non_existent,non_existent,non_existent,non_existent,non_existent,non_existent,non_existent,non_existent,non_existent,non_existent,
NN,H,23,Mid,large,15,a,,,,NA,non_existent,empty,empty,empty,empty,empty,no_visit,empty,empty,empty,empty,no_visit,empty,empty,empty,empty,empty,empty,no_visit,empty,empty,empty,no_visit,empty,empty,empty,no_visit,empty,no_visit,empty,no_visit,empty,empty,no_visit,empty,empty,empty,no_visit,empty,non_existent,non_existent,non_existent,non_existent,non_existent,non_existent,non_existent,non_existent,non_existent,non_existent,non_existent,non_existent,non_existent,
NN,H,23,Mid,small,16,a,,,,NA,non_existent,empty,empty,empty,empty,empty,no_visit,empty,empty,empty,empty,no_visit,empty,empty,empty,empty,empty,empty,no_visit,empty,empty,empty,no_visit,empty,empty,empty,no_visit,empty,no_visit,empty,no_visit,empty,empty,no_visit,empty,empty,empty,no_visit,empty,non_existent,non_existent,non_existent,non_existent,non_existent,non_existent,non_existent,non_existent,non_existent,non_existent,non_existent,non_existent,non_existent,
NN,H,23,Mid,small,17,a,,,,NA,non_existent,empty,empty,empty,empty,empty,no_visit,empty,empty,empty,empty,no_visit,empty,empty,empty,empty,empty,empty,no_visit,empty,empty,empty,no_visit,empty,empty,empty,no_visit,empty,no_visit,empty,no_visit,empty,empty,no_visit,empty,empty,empty,no_visit,empty,non_existent,non_existent,non_existent,non_existent,non_existent,non_existent,non_existent,non_existent,non_existent,non_existent,non_existent,non_existent,non_existent,
NN,H,23,Mid,medium,18,a,,,,NA,non_existent,empty,empty,empty,empty,empty,no_visit,empty,empty,empty,empty,no_visit,empty,empty,empty,empty,empty,empty,no_visit,empty,empty,empty,no_visit,empty,empty,empty,no_visit,empty,no_visit,empty,no_visit,empty,empty,no_visit,empty,empty,empty,no_visit,empty,non_existent,non_existent,non_existent,non_existent,non_existent,non_existent,non_existent,non_existent,non_existent,non_existent,non_existent,non_existent,non_existent,
NN,H,24,High,medium,1,a,,,,NA,non_existent,empty,empty,empty,empty,empty,no_visit,empty,empty,empty,empty,no_visit,empty,empty,empty,empty,empty,empty,no_visit,empty,empty,empty,no_visit,empty,empty,empty,no_visit,empty,no_visit,empty,no_visit,empty,empty,no_visit,empty,empty,empty,no_visit,empty,non_existent,non_existent,non_existent,non_existent,non_existent,non_existent,non_existent,non_existent,non_existent,non_existent,non_existent,non_existent,non_existent,
NN,H,24,High,small,2,a,,,,NA,non_existent,empty,empty,empty,empty,empty,no_visit,empty,empty,empty,empty,no_visit,empty,empty,empty,empty,empty,empty,no_visit,empty,empty,empty,no_visit,empty,empty,empty,no_visit,empty,no_visit,empty,no_visit,empty,empty,no_visit,empty,empty,empty,no_visit,empty,non_existent,non_existent,non_existent,non_existent,non_existent,non_existent,non_existent,non_existent,non_existent,non_existent,non_existent,non_existent,non_existent,
NN,H,24,High,small,3,a,,,,NA,non_existent,empty,empty,empty,empty,empty,no_visit,empty,empty,empty,empty,no_visit,empty,empty,empty,empty,empty,empty,no_visit,empty,empty,empty,no_visit,empty,empty,empty,no_visit,empty,no_visit,empty,no_visit,empty,empty,no_visit,empty,empty,empty,no_visit,empty,non_existent,non_existent,non_existent,non_existent,non_existent,non_existent,non_existent,non_existent,non_existent,non_existent,non_existent,non_existent,non_existent,
NN,H,24,High,medium,4,a,,,,NA,non_existent,empty,empty,empty,empty,empty,no_visit,empty,empty,empty,empty,no_visit,empty,empty,empty,empty,empty,empty,no_visit,empty,empty,empty,no_visit,empty,empty,empty,no_visit,empty,no_visit,empty,no_visit,empty,empty,no_visit,empty,empty,empty,no_visit,empty,non_existent,non_existent,non_existent,non_existent,non_existent,non_existent,non_existent,non_existent,non_existent,non_existent,non_existent,non_existent,non_existent,
NN,H,24,High,large,5,a,,,,NA,non_existent,empty,empty,empty,empty,empty,no_visit,empty,empty,empty,empty,no_visit,empty,empty,empty,empty,empty,empty,no_visit,empty,empty,empty,no_visit,empty,empty,empty,no_visit,empty,no_visit,empty,no_visit,empty,empty,no_visit,empty,empty,empty,no_visit,empty,non_existent,non_existent,non_existent,non_existent,non_existent,non_existent,non_existent,non_existent,non_existent,non_existent,non_existent,non_existent,non_existent,
NN,H,24,High,small,6,a,,,,NA,non_existent,empty,empty,empty,empty,empty,no_visit,empty,empty,empty,empty,no_visit,empty,empty,empty,empty,empty,empty,no_visit,empty,empty,empty,no_visit,empty,empty,empty,no_visit,empty,no_visit,empty,no_visit,empty,empty,no_visit,empty,empty,empty,no_visit,empty,non_existent,non_existent,non_existent,non_existent,non_existent,non_existent,non_existent,non_existent,non_existent,non_existent,non_existent,non_existent,non_existent,
NN,H,24,High,small,7,a,,,,NA,non_existent,empty,empty,empty,empty,empty,no_visit,empty,empty,empty,empty,no_visit,empty,empty,empty,empty,empty,empty,no_visit,empty,empty,empty,no_visit,empty,empty,empty,no_visit,empty,no_visit,empty,no_visit,empty,empty,no_visit,empty,empty,empty,no_visit,empty,non_existent,non_existent,non_existent,non_existent,non_existent,non_existent,non_existent,non_existent,non_existent,non_existent,non_existent,non_existent,non_existent,
NN,H,24,High,medium,8,a,,,,NA,non_existent,empty,empty,empty,empty,empty,no_visit,empty,empty,empty,empty,no_visit,empty,empty,empty,empty,empty,empty,no_visit,empty,empty,empty,no_visit,empty,empty,empty,no_visit,empty,no_visit,empty,no_visit,empty,empty,no_visit,empty,empty,empty,no_visit,empty,non_existent,non_existent,non_existent,non_existent,non_existent,non_existent,non_existent,non_existent,non_existent,non_existent,non_existent,non_existent,non_existent,
NN,H,24,High,small,9,a,,,,NA,non_existent,empty,empty,empty,empty,empty,no_visit,empty,empty,empty,empty,no_visit,empty,empty,empty,empty,empty,empty,no_visit,empty,empty,empty,no_visit,empty,empty,empty,no_visit,empty,no_visit,empty,no_visit,empty,empty,no_visit,empty,empty,empty,no_visit,empty,non_existent,non_existent,non_existent,non_existent,non_existent,non_existent,non_existent,non_existent,non_existent,non_existent,non_existent,non_existent,non_existent,
NN,H,24,High,small,10,a,,,,NA,non_existent,empty,empty,empty,empty,empty,no_visit,empty,empty,empty,empty,no_visit,empty,empty,empty,empty,empty,empty,no_visit,empty,empty,empty,no_visit,empty,empty,empty,no_visit,empty,no_visit,empty,no_visit,empty,empty,no_visit,empty,empty,empty,no_visit,empty,non_existent,non_existent,non_existent,non_existent,non_existent,non_existent,non_existent,non_existent,non_existent,non_existent,non_existent,non_existent,non_existent,
NN,H,24,High,medium,11,a,,,,NA,non_existent,empty,empty,empty,empty,empty,no_visit,empty,empty,empty,empty,no_visit,empty,empty,empty,empty,empty,empty,no_visit,empty,empty,empty,no_visit,empty,empty,empty,no_visit,empty,no_visit,empty,no_visit,empty,empty,no_visit,empty,empty,empty,no_visit,empty,non_existent,non_existent,non_existent,non_existent,non_existent,non_existent,non_existent,non_existent,non_existent,non_existent,non_existent,non_existent,non_existent,
NN,H,24,High,small,12,a,,,,NA,non_existent,empty,empty,empty,empty,empty,no_visit,empty,empty,empty,empty,no_visit,empty,empty,empty,empty,empty,empty,no_visit,empty,empty,empty,no_visit,empty,empty,empty,no_visit,empty,no_visit,empty,no_visit,empty,empty,no_visit,empty,empty,empty,no_visit,empty,non_existent,non_existent,non_existent,non_existent,non_existent,non_existent,non_existent,non_existent,non_existent,non_existent,non_existent,non_existent,non_existent,
NN,H,24,High,medium,13,a,,,,NA,non_existent,empty,empty,empty,empty,empty,no_visit,empty,empty,empty,empty,no_visit,empty,empty,empty,empty,empty,empty,no_visit,empty,empty,empty,no_visit,empty,empty,empty,no_visit,empty,no_visit,empty,no_visit,empty,empty,no_visit,empty,empty,empty,no_visit,empty,non_existent,non_existent,non_existent,non_existent,non_existent,non_existent,non_existent,non_existent,non_existent,non_existent,non_existent,non_existent,non_existent,
NN,H,24,High,small,14,a,,,,NA,non_existent,empty,empty,empty,empty,empty,no_visit,empty,empty,empty,empty,no_visit,empty,empty,empty,empty,empty,empty,no_visit,empty,empty,empty,no_visit,empty,empty,empty,no_visit,empty,no_visit,empty,no_visit,empty,empty,no_visit,empty,empty,empty,no_visit,empty,non_existent,non_existent,non_existent,non_existent,non_existent,non_existent,non_existent,non_existent,non_existent,non_existent,non_existent,non_existent,non_existent,
NN,H,24,High,large,15,a,,,,NA,non_existent,empty,empty,empty,empty,empty,no_visit,empty,empty,empty,empty,no_visit,empty,empty,empty,empty,empty,empty,no_visit,empty,empty,empty,no_visit,empty,empty,empty,no_visit,empty,no_visit,empty,no_visit,empty,empty,no_visit,empty,empty,empty,no_visit,empty,non_existent,non_existent,non_existent,non_existent,non_existent,non_existent,non_existent,non_existent,non_existent,non_existent,non_existent,non_existent,non_existent,
NN,H,24,High,small,16,a,,,,NA,non_existent,empty,empty,empty,empty,empty,no_visit,empty,empty,empty,empty,no_visit,empty,empty,empty,empty,empty,empty,no_visit,empty,empty,empty,no_visit,empty,empty,empty,no_visit,empty,no_visit,empty,no_visit,empty,empty,no_visit,empty,empty,empty,no_visit,empty,non_existent,non_existent,non_existent,non_existent,non_existent,non_existent,non_existent,non_existent,non_existent,non_existent,non_existent,non_existent,non_existent,
NN,H,24,High,small,17,a,,,,NA,non_existent,empty,empty,empty,empty,empty,no_visit,empty,empty,empty,empty,no_visit,empty,empty,empty,empty,empty,empty,no_visit,empty,empty,empty,no_visit,empty,empty,empty,no_visit,empty,no_visit,empty,no_visit,empty,empty,no_visit,empty,empty,empty,no_visit,empty,non_existent,non_existent,non_existent,non_existent,non_existent,non_existent,non_existent,non_existent,non_existent,non_existent,non_existent,non_existent,non_existent,
NN,H,24,High,medium,18,a,,,,NA,non_existent,empty,empty,empty,empty,empty,no_visit,empty,empty,empty,empty,no_visit,empty,empty,empty,empty,empty,empty,no_visit,empty,empty,empty,no_visit,empty,empty,empty,no_visit,empty,no_visit,empty,no_visit,empty,empty,no_visit,empty,empty,empty,no_visit,empty,non_existent,non_existent,non_existent,non_existent,non_existent,non_existent,non_existent,non_existent,non_existent,non_existent,non_existent,non_existent,non_existent,
NN,I,25,Low,small,1,a,,,,NA,non_existent,empty,empty,empty,empty,empty,no_visit,empty,empty,empty,empty,no_visit,empty,empty,empty,empty,empty,empty,no_visit,empty,empty,empty,no_visit,empty,empty,empty,no_visit,empty,no_visit,empty,no_visit,empty,empty,no_visit,empty,empty,empty,no_visit,empty,non_existent,non_existent,non_existent,non_existent,non_existent,non_existent,non_existent,non_existent,non_existent,non_existent,non_existent,non_existent,non_existent,
NN,I,25,Low,medium,2,a,,,,NA,non_existent,empty,empty,empty,empty,empty,no_visit,empty,empty,empty,empty,no_visit,empty,empty,empty,empty,empty,empty,no_visit,empty,empty,empty,no_visit,empty,empty,empty,no_visit,empty,no_visit,empty,no_visit,empty,empty,no_visit,empty,empty,empty,no_visit,empty,non_existent,non_existent,non_existent,non_existent,non_existent,non_existent,non_existent,non_existent,non_existent,non_existent,non_existent,non_existent,non_existent,
NN,I,25,Low,small,3,a,,,,NA,non_existent,empty,empty,empty,empty,empty,no_visit,empty,empty,empty,empty,no_visit,empty,empty,empty,empty,empty,empty,no_visit,empty,empty,empty,no_visit,empty,empty,empty,no_visit,empty,no_visit,empty,no_visit,empty,empty,no_visit,empty,empty,empty,no_visit,empty,non_existent,non_existent,non_existent,non_existent,non_existent,non_existent,non_existent,non_existent,non_existent,non_existent,non_existent,non_existent,non_existent,
NN,I,25,Low,small,4,a,,,,NA,non_existent,empty,empty,empty,empty,empty,no_visit,empty,empty,empty,empty,no_visit,empty,empty,empty,empty,empty,empty,no_visit,empty,empty,empty,no_visit,empty,empty,empty,no_visit,empty,no_visit,empty,no_visit,empty,empty,no_visit,empty,empty,empty,no_visit,empty,non_existent,non_existent,non_existent,non_existent,non_existent,non_existent,non_existent,non_existent,non_existent,non_existent,non_existent,non_existent,non_existent,
NN,I,25,Low,large,5,a,,,,NA,non_existent,empty,empty,empty,empty,empty,no_visit,empty,empty,empty,empty,no_visit,empty,empty,empty,empty,empty,empty,no_visit,empty,empty,empty,no_visit,empty,empty,empty,no_visit,empty,no_visit,empty,no_visit,empty,empty,no_visit,empty,empty,empty,no_visit,empty,non_existent,non_existent,non_existent,non_existent,non_existent,non_existent,non_existent,non_existent,non_existent,non_existent,non_existent,non_existent,non_existent,
NN,I,25,Low,small,6,a,,,,NA,non_existent,empty,empty,empty,empty,empty,no_visit,empty,empty,empty,empty,no_visit,empty,empty,empty,empty,empty,empty,no_visit,empty,empty,empty,no_visit,empty,empty,empty,no_visit,empty,no_visit,empty,no_visit,empty,empty,no_visit,empty,empty,empty,no_visit,empty,non_existent,non_existent,non_existent,non_existent,non_existent,non_existent,non_existent,non_existent,non_existent,non_existent,non_existent,non_existent,non_existent,
NN,I,25,Low,medium,7,a,,,,NA,non_existent,empty,empty,empty,empty,empty,no_visit,empty,empty,empty,empty,no_visit,empty,empty,empty,empty,empty,empty,no_visit,empty,empty,empty,no_visit,empty,empty,empty,no_visit,empty,no_visit,empty,no_visit,empty,empty,no_visit,empty,empty,empty,no_visit,empty,non_existent,non_existent,non_existent,non_existent,non_existent,non_existent,non_existent,non_existent,non_existent,non_existent,non_existent,non_existent,non_existent,
NN,I,25,Low,small,8,a,,,,NA,non_existent,empty,empty,empty,empty,empty,no_visit,empty,empty,empty,empty,no_visit,empty,empty,empty,empty,empty,empty,no_visit,empty,empty,empty,no_visit,empty,empty,empty,no_visit,empty,no_visit,empty,no_visit,empty,empty,no_visit,empty,empty,empty,no_visit,empty,non_existent,non_existent,non_existent,non_existent,non_existent,non_existent,non_existent,non_existent,non_existent,non_existent,non_existent,non_existent,non_existent,
NN,I,25,Low,medium,9,a,,,,NA,non_existent,empty,empty,empty,empty,empty,no_visit,empty,empty,empty,empty,no_visit,empty,empty,empty,empty,empty,empty,no_visit,empty,empty,empty,no_visit,empty,empty,empty,no_visit,empty,no_visit,empty,no_visit,empty,empty,no_visit,empty,empty,empty,no_visit,empty,non_existent,non_existent,non_existent,non_existent,non_existent,non_existent,non_existent,non_existent,non_existent,non_existent,non_existent,non_existent,non_existent,
NN,I,25,Low,medium,10,a,,,,NA,non_existent,empty,empty,empty,empty,empty,no_visit,empty,empty,empty,empty,no_visit,empty,empty,empty,empty,empty,empty,no_visit,empty,empty,empty,no_visit,empty,empty,empty,no_visit,empty,no_visit,empty,no_visit,empty,empty,no_visit,empty,empty,empty,no_visit,empty,non_existent,non_existent,non_existent,non_existent,non_existent,non_existent,non_existent,non_existent,non_existent,non_existent,non_existent,non_existent,non_existent,
NN,I,25,Low,small,11,a,,,,NA,non_existent,empty,empty,empty,empty,empty,no_visit,empty,empty,empty,empty,no_visit,empty,empty,empty,empty,empty,empty,no_visit,empty,empty,empty,no_visit,empty,empty,empty,no_visit,empty,no_visit,empty,no_visit,empty,empty,no_visit,empty,empty,empty,no_visit,empty,non_existent,non_existent,non_existent,non_existent,non_existent,non_existent,non_existent,non_existent,non_existent,non_existent,non_existent,non_existent,non_existent,
NN,I,25,Low,medium,12,a,,,,NA,non_existent,empty,empty,empty,empty,empty,no_visit,empty,empty,empty,empty,no_visit,empty,empty,empty,empty,empty,empty,no_visit,empty,empty,empty,no_visit,empty,empty,empty,no_visit,empty,no_visit,empty,no_visit,empty,empty,no_visit,empty,empty,empty,no_visit,empty,non_existent,non_existent,non_existent,non_existent,non_existent,non_existent,non_existent,non_existent,non_existent,non_existent,non_existent,non_existent,non_existent,
NN,I,25,Low,small,13,a,,,,NA,non_existent,empty,empty,empty,empty,empty,no_visit,empty,empty,empty,empty,no_visit,empty,empty,empty,empty,empty,empty,no_visit,empty,empty,empty,no_visit,empty,empty,empty,no_visit,empty,no_visit,empty,no_visit,empty,empty,no_visit,empty,empty,empty,no_visit,empty,non_existent,non_existent,non_existent,non_existent,non_existent,non_existent,non_existent,non_existent,non_existent,non_existent,non_existent,non_existent,non_existent,
NN,I,25,Low,small,14,a,,,,NA,non_existent,empty,empty,empty,empty,empty,no_visit,empty,empty,empty,empty,no_visit,empty,empty,empty,empty,empty,empty,no_visit,empty,empty,empty,no_visit,empty,empty,empty,no_visit,empty,no_visit,empty,no_visit,empty,empty,no_visit,empty,empty,empty,no_visit,empty,non_existent,non_existent,non_existent,non_existent,non_existent,non_existent,non_existent,non_existent,non_existent,non_existent,non_existent,non_existent,non_existent,
NN,I,25,Low,large,15,a,,,,NA,non_existent,empty,empty,empty,empty,empty,no_visit,empty,empty,empty,empty,no_visit,empty,empty,empty,empty,empty,empty,no_visit,empty,empty,empty,no_visit,empty,empty,empty,no_visit,empty,no_visit,empty,no_visit,empty,empty,no_visit,empty,empty,empty,no_visit,empty,non_existent,non_existent,non_existent,non_existent,non_existent,non_existent,non_existent,non_existent,non_existent,non_existent,non_existent,non_existent,non_existent,
NN,I,25,Low,small,16,a,,,,NA,non_existent,empty,empty,empty,empty,empty,no_visit,empty,empty,empty,empty,no_visit,empty,empty,empty,empty,empty,empty,no_visit,empty,empty,empty,no_visit,empty,empty,empty,no_visit,empty,no_visit,empty,no_visit,empty,empty,no_visit,empty,empty,empty,no_visit,empty,non_existent,non_existent,non_existent,non_existent,non_existent,non_existent,non_existent,non_existent,non_existent,non_existent,non_existent,non_existent,non_existent,
NN,I,25,Low,small,17,a,,,,NA,non_existent,empty,empty,empty,empty,empty,no_visit,empty,empty,empty,empty,no_visit,empty,empty,empty,empty,empty,empty,no_visit,empty,empty,empty,no_visit,empty,empty,empty,no_visit,empty,no_visit,empty,no_visit,empty,empty,no_visit,empty,empty,empty,no_visit,empty,non_existent,non_existent,non_existent,non_existent,non_existent,non_existent,non_existent,non_existent,non_existent,non_existent,non_existent,non_existent,non_existent,
NN,I,25,Low,medium,18,a,,,,NA,non_existent,empty,empty,empty,empty,empty,no_visit,empty,empty,empty,empty,no_visit,empty,empty,empty,empty,empty,empty,no_visit,empty,empty,empty,no_visit,empty,empty,empty,no_visit,empty,no_visit,empty,no_visit,empty,empty,no_visit,empty,empty,empty,no_visit,empty,non_existent,non_existent,non_existent,non_existent,non_existent,non_existent,non_existent,non_existent,non_existent,non_existent,non_existent,non_existent,non_existent,
NN,I,26,Mid,medium,1,a,,,,NA,non_existent,empty,empty,empty,empty,empty,no_visit,empty,empty,empty,empty,no_visit,empty,empty,empty,empty,empty,empty,no_visit,empty,empty,empty,no_visit,empty,empty,empty,no_visit,empty,no_visit,empty,no_visit,empty,empty,no_visit,empty,empty,empty,no_visit,empty,non_existent,non_existent,non_existent,non_existent,non_existent,non_existent,non_existent,non_existent,non_existent,non_existent,non_existent,non_existent,non_existent,
NN,I,26,Mid,small,2,a,,,,NA,non_existent,empty,empty,empty,empty,empty,no_visit,empty,empty,empty,empty,no_visit,empty,empty,empty,empty,empty,empty,no_visit,empty,empty,empty,no_visit,empty,empty,empty,no_visit,empty,no_visit,empty,no_visit,empty,empty,no_visit,empty,empty,empty,no_visit,empty,non_existent,non_existent,non_existent,non_existent,non_existent,non_existent,non_existent,non_existent,non_existent,non_existent,non_existent,non_existent,non_existent,
NN,I,26,Mid,small,3,a,,,,NA,non_existent,empty,empty,empty,empty,empty,no_visit,empty,empty,empty,empty,no_visit,empty,empty,empty,empty,empty,empty,no_visit,empty,empty,empty,no_visit,empty,empty,empty,no_visit,empty,no_visit,empty,no_visit,empty,empty,no_visit,empty,empty,empty,no_visit,empty,non_existent,non_existent,non_existent,non_existent,non_existent,non_existent,non_existent,non_existent,non_existent,non_existent,non_existent,non_existent,non_existent,
NN,I,26,Mid,medium,4,a,,,,NA,non_existent,empty,empty,empty,empty,empty,no_visit,empty,empty,empty,empty,no_visit,empty,empty,empty,empty,empty,empty,no_visit,empty,empty,empty,no_visit,empty,empty,empty,no_visit,empty,no_visit,empty,no_visit,empty,empty,no_visit,empty,empty,empty,no_visit,empty,non_existent,non_existent,non_existent,non_existent,non_existent,non_existent,non_existent,non_existent,non_existent,non_existent,non_existent,non_existent,non_existent,
NN,I,26,Mid,small,5,a,,,,NA,non_existent,empty,empty,empty,empty,empty,no_visit,empty,empty,empty,empty,no_visit,empty,empty,empty,empty,empty,empty,no_visit,empty,empty,empty,no_visit,empty,empty,empty,no_visit,empty,no_visit,empty,no_visit,empty,empty,no_visit,empty,empty,empty,no_visit,empty,non_existent,non_existent,non_existent,non_existent,non_existent,non_existent,non_existent,non_existent,non_existent,non_existent,non_existent,non_existent,non_existent,
NN,I,26,Mid,small,6,a,,,,NA,non_existent,empty,empty,empty,empty,empty,no_visit,empty,empty,empty,empty,no_visit,empty,empty,empty,empty,empty,empty,no_visit,empty,empty,empty,no_visit,empty,empty,empty,no_visit,empty,no_visit,empty,no_visit,empty,empty,no_visit,empty,empty,empty,no_visit,empty,non_existent,non_existent,non_existent,non_existent,non_existent,non_existent,non_existent,non_existent,non_existent,non_existent,non_existent,non_existent,non_existent,
NN,I,26,Mid,medium,7,a,,,,NA,non_existent,empty,empty,empty,empty,empty,no_visit,empty,empty,empty,empty,no_visit,empty,empty,empty,empty,empty,empty,no_visit,empty,empty,empty,no_visit,empty,empty,empty,no_visit,empty,no_visit,empty,no_visit,empty,empty,no_visit,empty,empty,empty,no_visit,empty,non_existent,non_existent,non_existent,non_existent,non_existent,non_existent,non_existent,non_existent,non_existent,non_existent,non_existent,non_existent,non_existent,
NN,I,26,Mid,small,8,a,,,,NA,non_existent,empty,empty,empty,empty,empty,no_visit,empty,empty,empty,empty,no_visit,empty,empty,empty,empty,empty,empty,no_visit,empty,empty,empty,no_visit,empty,empty,empty,no_visit,empty,no_visit,empty,no_visit,empty,empty,no_visit,empty,empty,empty,no_visit,empty,non_existent,non_existent,non_existent,non_existent,non_existent,non_existent,non_existent,non_existent,non_existent,non_existent,non_existent,non_existent,non_existent,
NN,I,26,Mid,large,9,a,,,,NA,non_existent,empty,empty,empty,empty,empty,no_visit,empty,empty,empty,empty,no_visit,empty,empty,empty,empty,empty,empty,no_visit,empty,empty,empty,no_visit,empty,empty,empty,no_visit,empty,no_visit,empty,no_visit,empty,empty,no_visit,empty,empty,empty,no_visit,empty,non_existent,non_existent,non_existent,non_existent,non_existent,non_existent,non_existent,non_existent,non_existent,non_existent,non_existent,non_existent,non_existent,
NN,I,26,Mid,medium,10,a,,,,NA,non_existent,empty,empty,empty,empty,empty,no_visit,empty,empty,empty,empty,no_visit,empty,empty,empty,empty,empty,empty,no_visit,empty,empty,empty,no_visit,empty,empty,empty,no_visit,empty,no_visit,empty,no_visit,empty,empty,no_visit,empty,empty,empty,no_visit,empty,non_existent,non_existent,non_existent,non_existent,non_existent,non_existent,non_existent,non_existent,non_existent,non_existent,non_existent,non_existent,non_existent,
NN,I,26,Mid,medium,11,a,,,,NA,non_existent,empty,empty,empty,empty,empty,no_visit,empty,empty,empty,empty,no_visit,empty,empty,empty,empty,empty,empty,no_visit,empty,empty,empty,no_visit,empty,empty,empty,no_visit,empty,no_visit,empty,no_visit,empty,empty,no_visit,empty,empty,empty,no_visit,empty,non_existent,non_existent,non_existent,non_existent,non_existent,non_existent,non_existent,non_existent,non_existent,non_existent,non_existent,non_existent,non_existent,
NN,I,26,Mid,small,12,a,,,,NA,non_existent,empty,empty,empty,empty,empty,no_visit,empty,empty,empty,empty,no_visit,empty,empty,empty,empty,empty,empty,no_visit,empty,empty,empty,no_visit,empty,empty,empty,no_visit,empty,no_visit,empty,no_visit,empty,empty,no_visit,empty,empty,empty,no_visit,empty,non_existent,non_existent,non_existent,non_existent,non_existent,non_existent,non_existent,non_existent,non_existent,non_existent,non_existent,non_existent,non_existent,
NN,I,26,Mid,small,13,a,,,,NA,non_existent,empty,empty,empty,empty,empty,no_visit,empty,empty,empty,empty,no_visit,empty,empty,empty,empty,empty,empty,no_visit,empty,empty,empty,no_visit,empty,empty,empty,no_visit,empty,no_visit,empty,no_visit,empty,empty,no_visit,empty,empty,empty,no_visit,empty,non_existent,non_existent,non_existent,non_existent,non_existent,non_existent,non_existent,non_existent,non_existent,non_existent,non_existent,non_existent,non_existent,
NN,I,26,Mid,large,14,a,,,,NA,non_existent,empty,empty,empty,empty,empty,no_visit,empty,empty,empty,empty,no_visit,empty,empty,empty,empty,empty,empty,no_visit,empty,empty,empty,no_visit,empty,empty,empty,no_visit,empty,no_visit,empty,no_visit,empty,empty,no_visit,empty,empty,empty,no_visit,empty,non_existent,non_existent,non_existent,non_existent,non_existent,non_existent,non_existent,non_existent,non_existent,non_existent,non_existent,non_existent,non_existent,
NN,I,26,Mid,small,15,a,,,,NA,non_existent,empty,empty,empty,empty,empty,no_visit,empty,empty,empty,empty,no_visit,empty,empty,empty,empty,empty,empty,no_visit,empty,empty,empty,no_visit,empty,empty,empty,no_visit,empty,no_visit,empty,no_visit,empty,empty,no_visit,empty,empty,empty,no_visit,empty,non_existent,non_existent,non_existent,non_existent,non_existent,non_existent,non_existent,non_existent,non_existent,non_existent,non_existent,non_existent,non_existent,
NN,I,26,Mid,small,16,a,,,,NA,non_existent,empty,empty,empty,empty,empty,no_visit,empty,empty,empty,empty,no_visit,empty,empty,empty,empty,empty,empty,no_visit,empty,empty,empty,no_visit,empty,empty,empty,no_visit,empty,no_visit,empty,no_visit,empty,empty,no_visit,empty,empty,empty,no_visit,empty,non_existent,non_existent,non_existent,non_existent,non_existent,non_existent,non_existent,non_existent,non_existent,non_existent,non_existent,non_existent,non_existent,
NN,I,26,Mid,medium,17,a,,,,NA,non_existent,empty,empty,empty,empty,empty,no_visit,empty,empty,empty,empty,no_visit,empty,empty,empty,empty,empty,empty,no_visit,empty,empty,empty,no_visit,empty,empty,empty,no_visit,empty,no_visit,empty,no_visit,empty,empty,no_visit,empty,empty,empty,no_visit,empty,non_existent,non_existent,non_existent,non_existent,non_existent,non_existent,non_existent,non_existent,non_existent,non_existent,non_existent,non_existent,non_existent,
NN,I,26,Mid,small,18,a,,,,NA,non_existent,empty,empty,empty,empty,empty,no_visit,empty,empty,empty,empty,no_visit,empty,empty,empty,empty,empty,empty,no_visit,empty,empty,empty,no_visit,empty,empty,empty,no_visit,empty,no_visit,empty,no_visit,empty,empty,no_visit,empty,empty,empty,no_visit,empty,non_existent,non_existent,non_existent,non_existent,non_existent,non_existent,non_existent,non_existent,non_existent,non_existent,non_existent,non_existent,non_existent,
NN,I,27,High,medium,1,a,,,,NA,non_existent,empty,empty,empty,empty,empty,no_visit,empty,empty,empty,empty,no_visit,empty,empty,empty,empty,empty,empty,no_visit,empty,empty,empty,no_visit,empty,empty,empty,no_visit,empty,no_visit,empty,no_visit,empty,empty,no_visit,empty,empty,empty,no_visit,empty,non_existent,non_existent,non_existent,non_existent,non_existent,non_existent,non_existent,non_existent,non_existent,non_existent,non_existent,non_existent,non_existent,
NN,I,27,High,small,2,a,,,,NA,non_existent,empty,empty,empty,empty,empty,no_visit,empty,empty,empty,empty,no_visit,empty,empty,empty,empty,empty,empty,no_visit,empty,empty,empty,no_visit,empty,empty,empty,no_visit,empty,no_visit,empty,no_visit,empty,empty,no_visit,empty,empty,empty,no_visit,empty,non_existent,non_existent,non_existent,non_existent,non_existent,non_existent,non_existent,non_existent,non_existent,non_existent,non_existent,non_existent,non_existent,
NN,I,27,High,small,3,a,,,,NA,non_existent,empty,empty,empty,empty,empty,no_visit,empty,empty,empty,empty,no_visit,empty,empty,empty,empty,empty,empty,no_visit,empty,empty,empty,no_visit,empty,empty,empty,no_visit,empty,no_visit,empty,no_visit,empty,empty,no_visit,empty,empty,empty,no_visit,empty,non_existent,non_existent,non_existent,non_existent,non_existent,non_existent,non_existent,non_existent,non_existent,non_existent,non_existent,non_existent,non_existent,
NN,I,27,High,medium,4,a,,,,NA,non_existent,empty,empty,empty,empty,empty,no_visit,empty,empty,empty,empty,no_visit,empty,empty,empty,empty,empty,empty,no_visit,empty,empty,empty,no_visit,empty,empty,empty,no_visit,empty,no_visit,empty,no_visit,empty,empty,no_visit,empty,empty,empty,no_visit,empty,non_existent,non_existent,non_existent,non_existent,non_existent,non_existent,non_existent,non_existent,non_existent,non_existent,non_existent,non_existent,non_existent,
NN,I,27,High,small,5,a,,,,NA,non_existent,empty,empty,empty,empty,empty,no_visit,empty,empty,empty,empty,no_visit,empty,empty,empty,empty,empty,empty,no_visit,empty,empty,empty,no_visit,empty,empty,empty,no_visit,empty,no_visit,empty,no_visit,empty,empty,no_visit,empty,empty,empty,no_visit,empty,non_existent,non_existent,non_existent,non_existent,non_existent,non_existent,non_existent,non_existent,non_existent,non_existent,non_existent,non_existent,non_existent,
NN,I,27,High,large,6,a,,,,NA,non_existent,empty,empty,empty,empty,empty,no_visit,empty,empty,empty,empty,no_visit,empty,empty,empty,empty,empty,empty,no_visit,empty,empty,empty,no_visit,empty,empty,empty,no_visit,empty,no_visit,empty,no_visit,empty,empty,no_visit,empty,empty,empty,no_visit,empty,non_existent,non_existent,non_existent,non_existent,non_existent,non_existent,non_existent,non_existent,non_existent,non_existent,non_existent,non_existent,non_existent,
NN,I,27,High,small,7,a,,,,NA,non_existent,empty,empty,empty,empty,empty,no_visit,empty,empty,empty,empty,no_visit,empty,empty,empty,empty,empty,empty,no_visit,empty,empty,empty,no_visit,empty,empty,empty,no_visit,empty,no_visit,empty,no_visit,empty,empty,no_visit,empty,empty,empty,no_visit,empty,non_existent,non_existent,non_existent,non_existent,non_existent,non_existent,non_existent,non_existent,non_existent,non_existent,non_existent,non_existent,non_existent,
NN,I,27,High,small,8,a,,,,NA,non_existent,empty,empty,empty,empty,empty,no_visit,empty,empty,empty,empty,no_visit,empty,empty,empty,empty,empty,empty,no_visit,empty,empty,empty,no_visit,empty,empty,empty,no_visit,empty,no_visit,empty,no_visit,empty,empty,no_visit,empty,empty,empty,no_visit,empty,non_existent,non_existent,non_existent,non_existent,non_existent,non_existent,non_existent,non_existent,non_existent,non_existent,non_existent,non_existent,non_existent,
NN,I,27,High,medium,9,a,,,,NA,non_existent,empty,empty,empty,empty,empty,no_visit,empty,empty,empty,empty,no_visit,empty,empty,empty,empty,empty,empty,no_visit,empty,empty,empty,no_visit,empty,empty,empty,no_visit,empty,no_visit,empty,no_visit,empty,empty,no_visit,empty,empty,empty,no_visit,empty,non_existent,non_existent,non_existent,non_existent,non_existent,non_existent,non_existent,non_existent,non_existent,non_existent,non_existent,non_existent,non_existent,
NN,I,27,High,medium,10,a,,,,NA,non_existent,empty,empty,empty,empty,empty,no_visit,empty,empty,empty,empty,no_visit,empty,empty,empty,empty,empty,empty,no_visit,empty,empty,empty,no_visit,empty,empty,empty,no_visit,empty,no_visit,empty,no_visit,empty,empty,no_visit,empty,empty,empty,no_visit,empty,non_existent,non_existent,non_existent,non_existent,non_existent,non_existent,non_existent,non_existent,non_existent,non_existent,non_existent,non_existent,non_existent,
NN,I,27,High,small,11,a,,,,NA,non_existent,empty,empty,empty,empty,empty,no_visit,empty,empty,empty,empty,no_visit,empty,empty,empty,empty,empty,empty,no_visit,empty,empty,empty,no_visit,empty,empty,empty,no_visit,empty,no_visit,empty,no_visit,empty,empty,no_visit,empty,empty,empty,no_visit,empty,non_existent,non_existent,non_existent,non_existent,non_existent,non_existent,non_existent,non_existent,non_existent,non_existent,non_existent,non_existent,non_existent,
NN,I,27,High,small,12,a,,,,NA,non_existent,empty,empty,empty,empty,empty,no_visit,empty,empty,empty,empty,no_visit,empty,empty,empty,empty,empty,empty,no_visit,empty,empty,empty,no_visit,empty,empty,empty,no_visit,empty,no_visit,empty,no_visit,empty,empty,no_visit,empty,empty,empty,no_visit,empty,non_existent,non_existent,non_existent,non_existent,non_existent,non_existent,non_existent,non_existent,non_existent,non_existent,non_existent,non_existent,non_existent,
NN,I,27,High,medium,13,a,,,,NA,non_existent,empty,empty,empty,empty,empty,no_visit,empty,empty,empty,empty,no_visit,empty,empty,empty,empty,empty,empty,no_visit,empty,empty,empty,no_visit,empty,empty,empty,no_visit,empty,no_visit,empty,no_visit,empty,empty,no_visit,empty,empty,empty,no_visit,empty,non_existent,non_existent,non_existent,non_existent,non_existent,non_existent,non_existent,non_existent,non_existent,non_existent,non_existent,non_existent,non_existent,
NN,I,27,High,large,14,a,,,,NA,non_existent,empty,empty,empty,empty,empty,no_visit,empty,empty,empty,empty,no_visit,empty,empty,empty,empty,empty,empty,no_visit,empty,empty,empty,no_visit,empty,empty,empty,no_visit,empty,no_visit,empty,no_visit,empty,empty,no_visit,empty,empty,empty,no_visit,empty,non_existent,non_existent,non_existent,non_existent,non_existent,non_existent,non_existent,non_existent,non_existent,non_existent,non_existent,non_existent,non_existent,
NN,I,27,High,small,15,a,,,,NA,non_existent,empty,empty,empty,empty,empty,no_visit,empty,empty,empty,empty,no_visit,empty,empty,empty,empty,empty,empty,no_visit,empty,empty,empty,no_visit,empty,empty,empty,no_visit,empty,no_visit,empty,no_visit,empty,empty,no_visit,empty,empty,empty,no_visit,empty,non_existent,non_existent,non_existent,non_existent,non_existent,non_existent,non_existent,non_existent,non_existent,non_existent,non_existent,non_existent,non_existent,
NN,I,27,High,small,16,a,,,,NA,non_existent,empty,empty,empty,empty,empty,no_visit,empty,empty,empty,empty,no_visit,empty,empty,empty,empty,empty,empty,no_visit,empty,empty,empty,no_visit,empty,empty,empty,no_visit,empty,no_visit,empty,no_visit,empty,empty,no_visit,empty,empty,empty,no_visit,empty,non_existent,non_existent,non_existent,non_existent,non_existent,non_existent,non_existent,non_existent,non_existent,non_existent,non_existent,non_existent,non_existent,
NN,I,27,High,medium,17,a,,,,NA,non_existent,empty,empty,empty,empty,empty,no_visit,empty,empty,empty,empty,no_visit,empty,empty,empty,empty,empty,empty,no_visit,empty,empty,empty,no_visit,empty,empty,empty,no_visit,empty,no_visit,empty,no_visit,empty,empty,no_visit,empty,empty,empty,no_visit,empty,non_existent,non_existent,non_existent,non_existent,non_existent,non_existent,non_existent,non_existent,non_existent,non_existent,non_existent,non_existent,non_existent,
NN,I,27,High,small,18,a,,,,NA,non_existent,empty,empty,empty,empty,empty,no_visit,empty,empty,empty,empty,no_visit,empty,empty,empty,empty,empty,empty,no_visit,empty,empty,empty,no_visit,empty,empty,empty,no_visit,empty,no_visit,empty,no_visit,empty,empty,no_visit,empty,empty,empty,no_visit,empty,non_existent,non_existent,non_existent,non_existent,non_existent,non_existent,non_existent,non_existent,non_existent,non_existent,non_existent,non_existent,non_existent,
NN,J,28,Low,small,1,a,,,,NA,non_existent,empty,empty,empty,empty,empty,no_visit,empty,empty,empty,empty,no_visit,empty,empty,empty,empty,empty,empty,no_visit,empty,empty,empty,no_visit,empty,empty,empty,no_visit,empty,no_visit,empty,no_visit,empty,empty,no_visit,empty,empty,empty,no_visit,empty,non_existent,non_existent,non_existent,non_existent,non_existent,non_existent,non_existent,non_existent,non_existent,non_existent,non_existent,non_existent,non_existent,
NN,J,28,Low,medium,2,a,,,,NA,non_existent,empty,empty,empty,empty,empty,no_visit,empty,empty,empty,empty,no_visit,empty,empty,empty,empty,empty,empty,no_visit,empty,empty,empty,no_visit,empty,empty,empty,no_visit,empty,no_visit,empty,no_visit,empty,empty,no_visit,empty,empty,empty,no_visit,empty,non_existent,non_existent,non_existent,non_existent,non_existent,non_existent,non_existent,non_existent,non_existent,non_existent,non_existent,non_existent,non_existent,
NN,J,28,Low,small,3,a,,,,NA,non_existent,empty,empty,empty,empty,empty,no_visit,empty,empty,empty,empty,no_visit,empty,empty,empty,empty,empty,empty,no_visit,empty,empty,empty,no_visit,empty,empty,empty,no_visit,empty,no_visit,empty,no_visit,empty,empty,no_visit,empty,empty,empty,no_visit,empty,non_existent,non_existent,non_existent,non_existent,non_existent,non_existent,non_existent,non_existent,non_existent,non_existent,non_existent,non_existent,non_existent,
NN,J,28,Low,small,4,a,,,,NA,non_existent,empty,empty,empty,empty,empty,no_visit,empty,empty,empty,empty,no_visit,empty,empty,empty,empty,empty,empty,no_visit,empty,empty,empty,no_visit,empty,empty,empty,no_visit,empty,no_visit,empty,no_visit,empty,empty,no_visit,empty,empty,empty,no_visit,empty,non_existent,non_existent,non_existent,non_existent,non_existent,non_existent,non_existent,non_existent,non_existent,non_existent,non_existent,non_existent,non_existent,
NN,J,28,Low,medium,5,a,,,,NA,non_existent,empty,empty,empty,empty,empty,no_visit,empty,empty,empty,empty,no_visit,empty,empty,empty,empty,empty,empty,no_visit,empty,empty,empty,no_visit,empty,empty,empty,no_visit,empty,no_visit,empty,no_visit,empty,empty,no_visit,empty,empty,empty,no_visit,empty,non_existent,non_existent,non_existent,non_existent,non_existent,non_existent,non_existent,non_existent,non_existent,non_existent,non_existent,non_existent,non_existent,
NN,J,28,Low,large,6,a,,,,NA,non_existent,empty,empty,empty,empty,empty,no_visit,empty,empty,empty,empty,no_visit,empty,empty,empty,empty,empty,empty,no_visit,empty,empty,empty,no_visit,empty,empty,empty,no_visit,empty,no_visit,empty,no_visit,empty,empty,no_visit,empty,empty,empty,no_visit,empty,non_existent,non_existent,non_existent,non_existent,non_existent,non_existent,non_existent,non_existent,non_existent,non_existent,non_existent,non_existent,non_existent,
NN,J,28,Low,small,7,a,,,,NA,non_existent,empty,empty,empty,empty,empty,no_visit,empty,empty,empty,empty,no_visit,empty,empty,empty,empty,empty,empty,no_visit,empty,empty,empty,no_visit,empty,empty,empty,no_visit,empty,no_visit,empty,no_visit,empty,empty,no_visit,empty,empty,empty,no_visit,empty,non_existent,non_existent,non_existent,non_existent,non_existent,non_existent,non_existent,non_existent,non_existent,non_existent,non_existent,non_existent,non_existent,
NN,J,28,Low,small,8,a,,,,NA,non_existent,empty,empty,empty,empty,empty,no_visit,empty,empty,empty,empty,no_visit,empty,empty,empty,empty,empty,empty,no_visit,empty,empty,empty,no_visit,empty,empty,empty,no_visit,empty,no_visit,empty,no_visit,empty,empty,no_visit,empty,empty,empty,no_visit,empty,non_existent,non_existent,non_existent,non_existent,non_existent,non_existent,non_existent,non_existent,non_existent,non_existent,non_existent,non_existent,non_existent,
NN,J,28,Low,medium,9,a,,,,NA,non_existent,empty,empty,empty,empty,empty,no_visit,empty,empty,empty,empty,no_visit,empty,empty,empty,empty,empty,empty,no_visit,empty,empty,empty,no_visit,empty,empty,empty,no_visit,empty,no_visit,empty,no_visit,empty,empty,no_visit,empty,empty,empty,no_visit,empty,non_existent,non_existent,non_existent,non_existent,non_existent,non_existent,non_existent,non_existent,non_existent,non_existent,non_existent,non_existent,non_existent,
NN,J,28,Low,small,10,a,,,,NA,non_existent,empty,empty,empty,empty,empty,no_visit,empty,empty,empty,empty,no_visit,empty,empty,empty,empty,empty,empty,no_visit,empty,empty,empty,no_visit,empty,empty,empty,no_visit,empty,no_visit,empty,no_visit,empty,empty,no_visit,empty,empty,empty,no_visit,empty,non_existent,non_existent,non_existent,non_existent,non_existent,non_existent,non_existent,non_existent,non_existent,non_existent,non_existent,non_existent,non_existent,
NN,J,28,Low,medium,11,a,,,,NA,non_existent,empty,empty,empty,empty,empty,no_visit,empty,empty,empty,empty,no_visit,empty,empty,empty,empty,empty,empty,no_visit,empty,empty,empty,no_visit,empty,empty,empty,no_visit,empty,no_visit,empty,no_visit,empty,empty,no_visit,empty,empty,empty,no_visit,empty,non_existent,non_existent,non_existent,non_existent,non_existent,non_existent,non_existent,non_existent,non_existent,non_existent,non_existent,non_existent,non_existent,
NN,J,28,Low,small,12,a,,,,NA,non_existent,empty,empty,empty,empty,empty,no_visit,empty,empty,empty,empty,no_visit,empty,empty,empty,empty,empty,empty,no_visit,empty,empty,empty,no_visit,empty,empty,empty,no_visit,empty,no_visit,empty,no_visit,empty,empty,no_visit,empty,empty,empty,no_visit,empty,non_existent,non_existent,non_existent,non_existent,non_existent,non_existent,non_existent,non_existent,non_existent,non_existent,non_existent,non_existent,non_existent,
NN,J,28,Low,large,13,a,,,,NA,non_existent,empty,empty,empty,empty,empty,no_visit,empty,empty,empty,empty,no_visit,empty,empty,empty,empty,empty,empty,no_visit,empty,empty,empty,no_visit,empty,empty,empty,no_visit,empty,no_visit,empty,no_visit,empty,empty,no_visit,empty,empty,empty,no_visit,empty,non_existent,non_existent,non_existent,non_existent,non_existent,non_existent,non_existent,non_existent,non_existent,non_existent,non_existent,non_existent,non_existent,
NN,J,28,Low,small,14,a,,,,NA,non_existent,empty,empty,empty,empty,empty,no_visit,empty,empty,empty,empty,no_visit,empty,empty,empty,empty,empty,empty,no_visit,empty,empty,empty,no_visit,empty,empty,empty,no_visit,empty,no_visit,empty,no_visit,empty,empty,no_visit,empty,empty,empty,no_visit,empty,non_existent,non_existent,non_existent,non_existent,non_existent,non_existent,non_existent,non_existent,non_existent,non_existent,non_existent,non_existent,non_existent,
NN,J,28,Low,medium,15,a,,,,NA,non_existent,empty,empty,empty,empty,empty,no_visit,empty,empty,empty,empty,no_visit,empty,empty,empty,empty,empty,empty,no_visit,empty,empty,empty,no_visit,empty,empty,empty,no_visit,empty,no_visit,empty,no_visit,empty,empty,no_visit,empty,empty,empty,no_visit,empty,non_existent,non_existent,non_existent,non_existent,non_existent,non_existent,non_existent,non_existent,non_existent,non_existent,non_existent,non_existent,non_existent,
NN,J,28,Low,small,16,a,,,,NA,non_existent,empty,empty,empty,empty,empty,no_visit,empty,empty,empty,empty,no_visit,empty,empty,empty,empty,empty,empty,no_visit,empty,empty,empty,no_visit,empty,empty,empty,no_visit,empty,no_visit,empty,no_visit,empty,empty,no_visit,empty,empty,empty,no_visit,empty,non_existent,non_existent,non_existent,non_existent,non_existent,non_existent,non_existent,non_existent,non_existent,non_existent,non_existent,non_existent,non_existent,
NN,J,28,Low,small,17,a,,,,NA,non_existent,empty,empty,empty,empty,empty,no_visit,empty,empty,empty,empty,no_visit,empty,empty,empty,empty,empty,empty,no_visit,empty,empty,empty,no_visit,empty,empty,empty,no_visit,empty,no_visit,empty,no_visit,empty,empty,no_visit,empty,empty,empty,no_visit,empty,non_existent,non_existent,non_existent,non_existent,non_existent,non_existent,non_existent,non_existent,non_existent,non_existent,non_existent,non_existent,non_existent,
NN,J,28,Low,medium,18,a,,,,NA,non_existent,empty,empty,empty,empty,empty,no_visit,empty,empty,empty,empty,no_visit,empty,empty,empty,empty,empty,empty,no_visit,empty,empty,empty,no_visit,empty,empty,empty,no_visit,empty,no_visit,empty,no_visit,empty,empty,no_visit,empty,empty,empty,no_visit,empty,non_existent,non_existent,non_existent,non_existent,non_existent,non_existent,non_existent,non_existent,non_existent,non_existent,non_existent,non_existent,non_existent,
NN,J,29,Mid,medium,1,a,,,,NA,non_existent,empty,empty,empty,empty,empty,no_visit,empty,empty,empty,empty,no_visit,empty,empty,empty,empty,empty,empty,no_visit,empty,empty,empty,no_visit,empty,empty,empty,no_visit,empty,no_visit,empty,no_visit,empty,empty,no_visit,empty,empty,empty,no_visit,empty,non_existent,non_existent,non_existent,non_existent,non_existent,non_existent,non_existent,non_existent,non_existent,non_existent,non_existent,non_existent,non_existent,
NN,J,29,Mid,small,2,a,,,,NA,non_existent,empty,empty,empty,empty,empty,no_visit,empty,empty,empty,empty,no_visit,empty,empty,empty,empty,empty,empty,no_visit,empty,empty,empty,no_visit,empty,empty,empty,no_visit,empty,no_visit,empty,no_visit,empty,empty,no_visit,empty,empty,empty,no_visit,empty,non_existent,non_existent,non_existent,non_existent,non_existent,non_existent,non_existent,non_existent,non_existent,non_existent,non_existent,non_existent,non_existent,
NN,J,29,Mid,small,3,a,,,,NA,non_existent,empty,empty,empty,empty,empty,no_visit,empty,empty,empty,empty,no_visit,empty,empty,empty,empty,empty,empty,no_visit,empty,empty,empty,no_visit,empty,empty,empty,no_visit,empty,no_visit,empty,no_visit,empty,empty,no_visit,empty,empty,empty,no_visit,empty,non_existent,non_existent,non_existent,non_existent,non_existent,non_existent,non_existent,non_existent,non_existent,non_existent,non_existent,non_existent,non_existent,
NN,J,29,Mid,medium,4,a,,,,NA,non_existent,empty,empty,empty,empty,empty,no_visit,empty,empty,empty,empty,no_visit,empty,empty,empty,empty,empty,empty,no_visit,empty,empty,empty,no_visit,empty,empty,empty,no_visit,empty,no_visit,empty,no_visit,empty,empty,no_visit,empty,empty,empty,no_visit,empty,non_existent,non_existent,non_existent,non_existent,non_existent,non_existent,non_existent,non_existent,non_existent,non_existent,non_existent,non_existent,non_existent,
NN,J,29,Mid,small,5,a,,,,NA,non_existent,empty,empty,empty,empty,empty,no_visit,empty,empty,empty,empty,no_visit,empty,empty,empty,empty,empty,empty,no_visit,empty,empty,empty,no_visit,empty,empty,empty,no_visit,empty,no_visit,empty,no_visit,empty,empty,no_visit,empty,empty,empty,no_visit,empty,non_existent,non_existent,non_existent,non_existent,non_existent,non_existent,non_existent,non_existent,non_existent,non_existent,non_existent,non_existent,non_existent,
NN,J,29,Mid,large,6,a,,,,NA,non_existent,empty,empty,empty,empty,empty,no_visit,empty,empty,empty,empty,no_visit,empty,empty,empty,empty,empty,empty,no_visit,empty,empty,empty,no_visit,empty,empty,empty,no_visit,empty,no_visit,empty,no_visit,empty,empty,no_visit,empty,empty,empty,no_visit,empty,non_existent,non_existent,non_existent,non_existent,non_existent,non_existent,non_existent,non_existent,non_existent,non_existent,non_existent,non_existent,non_existent,
NN,J,29,Mid,medium,7,a,,,,NA,non_existent,empty,empty,empty,empty,empty,no_visit,empty,empty,empty,empty,no_visit,empty,empty,empty,empty,empty,empty,no_visit,empty,empty,empty,no_visit,empty,empty,empty,no_visit,empty,no_visit,empty,no_visit,empty,empty,no_visit,empty,empty,empty,no_visit,empty,non_existent,non_existent,non_existent,non_existent,non_existent,non_existent,non_existent,non_existent,non_existent,non_existent,non_existent,non_existent,non_existent,
NN,J,29,Mid,small,8,a,,,,NA,non_existent,empty,empty,empty,empty,empty,no_visit,empty,empty,empty,empty,no_visit,empty,empty,empty,empty,empty,empty,no_visit,empty,empty,empty,no_visit,empty,empty,empty,no_visit,empty,no_visit,empty,no_visit,empty,empty,no_visit,empty,empty,empty,no_visit,empty,non_existent,non_existent,non_existent,non_existent,non_existent,non_existent,non_existent,non_existent,non_existent,non_existent,non_existent,non_existent,non_existent,
NN,J,29,Mid,small,9,a,,,,NA,non_existent,empty,empty,empty,empty,empty,no_visit,empty,empty,empty,empty,no_visit,empty,empty,empty,empty,empty,empty,no_visit,empty,empty,empty,no_visit,empty,empty,empty,no_visit,empty,no_visit,empty,no_visit,empty,empty,no_visit,empty,empty,empty,no_visit,empty,non_existent,non_existent,non_existent,non_existent,non_existent,non_existent,non_existent,non_existent,non_existent,non_existent,non_existent,non_existent,non_existent,
NN,J,29,Mid,small,10,a,,,,NA,non_existent,empty,empty,empty,empty,empty,no_visit,empty,empty,empty,empty,no_visit,empty,empty,empty,empty,empty,empty,no_visit,empty,empty,empty,no_visit,empty,empty,empty,no_visit,empty,no_visit,empty,no_visit,empty,empty,no_visit,empty,empty,empty,no_visit,empty,non_existent,non_existent,non_existent,non_existent,non_existent,non_existent,non_existent,non_existent,non_existent,non_existent,non_existent,non_existent,non_existent,
NN,J,29,Mid,medium,11,a,,,,NA,non_existent,empty,empty,empty,empty,empty,no_visit,empty,empty,empty,empty,no_visit,empty,empty,empty,empty,empty,empty,no_visit,empty,empty,empty,no_visit,empty,empty,empty,no_visit,empty,no_visit,empty,no_visit,empty,empty,no_visit,empty,empty,empty,no_visit,empty,non_existent,non_existent,non_existent,non_existent,non_existent,non_existent,non_existent,non_existent,non_existent,non_existent,non_existent,non_existent,non_existent,
NN,J,29,Mid,small,12,a,,,,NA,non_existent,empty,empty,empty,empty,empty,no_visit,empty,empty,empty,empty,no_visit,empty,empty,empty,empty,empty,empty,no_visit,empty,empty,empty,no_visit,empty,empty,empty,no_visit,empty,no_visit,empty,no_visit,empty,empty,no_visit,empty,empty,empty,no_visit,empty,non_existent,non_existent,non_existent,non_existent,non_existent,non_existent,non_existent,non_existent,non_existent,non_existent,non_existent,non_existent,non_existent,
NN,J,29,Mid,large,13,a,,,,NA,non_existent,empty,empty,empty,empty,empty,no_visit,empty,empty,empty,empty,no_visit,empty,empty,empty,empty,empty,empty,no_visit,empty,empty,empty,no_visit,empty,empty,empty,no_visit,empty,no_visit,empty,no_visit,empty,empty,no_visit,empty,empty,empty,no_visit,empty,non_existent,non_existent,non_existent,non_existent,non_existent,non_existent,non_existent,non_existent,non_existent,non_existent,non_existent,non_existent,non_existent,
NN,J,29,Mid,small,14,a,,,,NA,non_existent,empty,empty,empty,empty,empty,no_visit,empty,empty,empty,empty,no_visit,empty,empty,empty,empty,empty,empty,no_visit,empty,empty,empty,no_visit,empty,empty,empty,no_visit,empty,no_visit,empty,no_visit,empty,empty,no_visit,empty,empty,empty,no_visit,empty,non_existent,non_existent,non_existent,non_existent,non_existent,non_existent,non_existent,non_existent,non_existent,non_existent,non_existent,non_existent,non_existent,
NN,J,29,Mid,small,15,a,,,,NA,non_existent,empty,empty,empty,empty,empty,no_visit,empty,empty,empty,empty,no_visit,empty,empty,empty,empty,empty,empty,no_visit,empty,empty,empty,no_visit,empty,empty,empty,no_visit,empty,no_visit,empty,no_visit,empty,empty,no_visit,empty,empty,empty,no_visit,empty,non_existent,non_existent,non_existent,non_existent,non_existent,non_existent,non_existent,non_existent,non_existent,non_existent,non_existent,non_existent,non_existent,
NN,J,29,Mid,medium,16,a,,,,NA,non_existent,empty,empty,empty,empty,empty,no_visit,empty,empty,empty,empty,no_visit,empty,empty,empty,empty,empty,empty,no_visit,empty,empty,empty,no_visit,empty,empty,empty,no_visit,empty,no_visit,empty,no_visit,empty,empty,no_visit,empty,empty,empty,no_visit,empty,non_existent,non_existent,non_existent,non_existent,non_existent,non_existent,non_existent,non_existent,non_existent,non_existent,non_existent,non_existent,non_existent,
NN,J,29,Mid,small,17,a,,,,NA,non_existent,empty,empty,empty,empty,empty,no_visit,empty,empty,empty,empty,no_visit,empty,empty,empty,empty,empty,empty,no_visit,empty,empty,empty,no_visit,empty,empty,empty,no_visit,empty,no_visit,empty,no_visit,empty,empty,no_visit,empty,empty,empty,no_visit,empty,non_existent,non_existent,non_existent,non_existent,non_existent,non_existent,non_existent,non_existent,non_existent,non_existent,non_existent,non_existent,non_existent,
NN,J,29,Mid,medium,18,a,,,,NA,non_existent,empty,empty,empty,empty,empty,no_visit,empty,empty,empty,empty,no_visit,empty,empty,empty,empty,empty,empty,no_visit,empty,empty,empty,no_visit,empty,empty,empty,no_visit,empty,no_visit,empty,no_visit,empty,empty,no_visit,empty,empty,empty,no_visit,empty,non_existent,non_existent,non_existent,non_existent,non_existent,non_existent,non_existent,non_existent,non_existent,non_existent,non_existent,non_existent,non_existent,
NN,J,30,High,medium,1,a,,,,NA,non_existent,empty,empty,empty,empty,empty,no_visit,empty,empty,empty,empty,no_visit,empty,empty,empty,empty,empty,empty,no_visit,empty,empty,empty,no_visit,empty,empty,empty,no_visit,empty,no_visit,empty,no_visit,empty,empty,no_visit,empty,empty,empty,no_visit,empty,non_existent,non_existent,non_existent,non_existent,non_existent,non_existent,non_existent,non_existent,non_existent,non_existent,non_existent,non_existent,non_existent,
NN,J,30,High,small,2,a,,,,NA,non_existent,empty,empty,empty,empty,empty,no_visit,empty,empty,empty,empty,no_visit,empty,empty,empty,empty,empty,empty,no_visit,empty,empty,empty,no_visit,empty,empty,empty,no_visit,empty,no_visit,empty,no_visit,empty,empty,no_visit,empty,empty,empty,no_visit,empty,non_existent,non_existent,non_existent,non_existent,non_existent,non_existent,non_existent,non_existent,non_existent,non_existent,non_existent,non_existent,non_existent,
NN,J,30,High,small,3,a,,,,NA,non_existent,empty,empty,empty,empty,empty,no_visit,empty,empty,empty,empty,no_visit,empty,empty,empty,empty,empty,empty,no_visit,empty,empty,empty,no_visit,empty,empty,empty,no_visit,empty,no_visit,empty,no_visit,empty,empty,no_visit,empty,empty,empty,no_visit,empty,non_existent,non_existent,non_existent,non_existent,non_existent,non_existent,non_existent,non_existent,non_existent,non_existent,non_existent,non_existent,non_existent,
NN,J,30,High,large,4,a,,,,NA,non_existent,empty,empty,empty,empty,empty,no_visit,empty,empty,empty,empty,no_visit,empty,empty,empty,empty,empty,empty,no_visit,empty,empty,empty,no_visit,empty,empty,empty,no_visit,empty,no_visit,empty,no_visit,empty,empty,no_visit,empty,empty,empty,no_visit,empty,non_existent,non_existent,non_existent,non_existent,non_existent,non_existent,non_existent,non_existent,non_existent,non_existent,non_existent,non_existent,non_existent,
NN,J,30,High,small,5,a,,,,NA,non_existent,empty,empty,empty,empty,empty,no_visit,empty,empty,empty,empty,no_visit,empty,empty,empty,empty,empty,empty,no_visit,empty,empty,empty,no_visit,empty,empty,empty,no_visit,empty,no_visit,empty,no_visit,empty,empty,no_visit,empty,empty,empty,no_visit,empty,non_existent,non_existent,non_existent,non_existent,non_existent,non_existent,non_existent,non_existent,non_existent,non_existent,non_existent,non_existent,non_existent,
NN,J,30,High,small,6,a,,,,NA,non_existent,empty,empty,empty,empty,empty,no_visit,empty,empty,empty,empty,no_visit,empty,empty,empty,empty,empty,empty,no_visit,empty,empty,empty,no_visit,empty,empty,empty,no_visit,empty,no_visit,empty,no_visit,empty,empty,no_visit,empty,empty,empty,no_visit,empty,non_existent,non_existent,non_existent,non_existent,non_existent,non_existent,non_existent,non_existent,non_existent,non_existent,non_existent,non_existent,non_existent,
NN,J,30,High,medium,7,a,,,,NA,non_existent,empty,empty,empty,empty,empty,no_visit,empty,empty,empty,empty,no_visit,empty,empty,empty,empty,empty,empty,no_visit,empty,empty,empty,no_visit,empty,empty,empty,no_visit,empty,no_visit,empty,no_visit,empty,empty,no_visit,empty,empty,empty,no_visit,empty,non_existent,non_existent,non_existent,non_existent,non_existent,non_existent,non_existent,non_existent,non_existent,non_existent,non_existent,non_existent,non_existent,
NN,J,30,High,small,8,a,,,,NA,non_existent,empty,empty,empty,empty,empty,no_visit,empty,empty,empty,empty,no_visit,empty,empty,empty,empty,empty,empty,no_visit,empty,empty,empty,no_visit,empty,empty,empty,no_visit,empty,no_visit,empty,no_visit,empty,empty,no_visit,empty,empty,empty,no_visit,empty,non_existent,non_existent,non_existent,non_existent,non_existent,non_existent,non_existent,non_existent,non_existent,non_existent,non_existent,non_existent,non_existent,
NN,J,30,High,medium,9,a,,,,NA,non_existent,empty,empty,empty,empty,empty,no_visit,empty,empty,empty,empty,no_visit,empty,empty,empty,empty,empty,empty,no_visit,empty,empty,empty,no_visit,empty,empty,empty,no_visit,empty,no_visit,empty,no_visit,empty,empty,no_visit,empty,empty,empty,no_visit,empty,non_existent,non_existent,non_existent,non_existent,non_existent,non_existent,non_existent,non_existent,non_existent,non_existent,non_existent,non_existent,non_existent,
NN,J,30,High,medium,10,a,,,,NA,non_existent,empty,empty,empty,empty,empty,no_visit,empty,empty,empty,empty,no_visit,empty,empty,empty,empty,empty,empty,no_visit,empty,empty,empty,no_visit,empty,empty,empty,no_visit,empty,no_visit,empty,no_visit,empty,empty,no_visit,empty,empty,empty,no_visit,empty,non_existent,non_existent,non_existent,non_existent,non_existent,non_existent,non_existent,non_existent,non_existent,non_existent,non_existent,non_existent,non_existent,
NN,J,30,High,small,11,a,,,,NA,non_existent,empty,empty,empty,empty,empty,no_visit,empty,empty,empty,empty,no_visit,empty,empty,empty,empty,empty,empty,no_visit,empty,empty,empty,no_visit,empty,empty,empty,no_visit,empty,no_visit,empty,no_visit,empty,empty,no_visit,empty,empty,empty,no_visit,empty,non_existent,non_existent,non_existent,non_existent,non_existent,non_existent,non_existent,non_existent,non_existent,non_existent,non_existent,non_existent,non_existent,
NN,J,30,High,small,12,a,,,,NA,non_existent,empty,empty,empty,empty,empty,no_visit,empty,empty,empty,empty,no_visit,empty,empty,empty,empty,empty,empty,no_visit,empty,empty,empty,no_visit,empty,empty,empty,no_visit,empty,no_visit,empty,no_visit,empty,empty,no_visit,empty,empty,empty,no_visit,empty,non_existent,non_existent,non_existent,non_existent,non_existent,non_existent,non_existent,non_existent,non_existent,non_existent,non_existent,non_existent,non_existent,
NN,J,30,High,medium,13,a,,,,NA,non_existent,empty,empty,empty,empty,empty,no_visit,empty,empty,empty,empty,no_visit,empty,empty,empty,empty,empty,empty,no_visit,empty,empty,empty,no_visit,empty,empty,empty,no_visit,empty,no_visit,empty,no_visit,empty,empty,no_visit,empty,empty,empty,no_visit,empty,non_existent,non_existent,non_existent,non_existent,non_existent,non_existent,non_existent,non_existent,non_existent,non_existent,non_existent,non_existent,non_existent,
NN,J,30,High,small,14,a,,,,NA,non_existent,empty,empty,empty,empty,empty,no_visit,empty,empty,empty,empty,no_visit,empty,empty,empty,empty,empty,empty,no_visit,empty,empty,empty,no_visit,empty,empty,empty,no_visit,empty,no_visit,empty,no_visit,empty,empty,no_visit,empty,empty,empty,no_visit,empty,non_existent,non_existent,non_existent,non_existent,non_existent,non_existent,non_existent,non_existent,non_existent,non_existent,non_existent,non_existent,non_existent,
NN,J,30,High,small,15,a,,,,NA,non_existent,empty,empty,empty,empty,empty,no_visit,empty,empty,empty,empty,no_visit,empty,empty,empty,empty,empty,empty,no_visit,empty,empty,empty,no_visit,empty,empty,empty,no_visit,empty,no_visit,empty,no_visit,empty,empty,no_visit,empty,empty,empty,no_visit,empty,non_existent,non_existent,non_existent,non_existent,non_existent,non_existent,non_existent,non_existent,non_existent,non_existent,non_existent,non_existent,non_existent,
NN,J,30,High,large,16,a,,,,NA,non_existent,empty,empty,empty,empty,empty,no_visit,empty,empty,empty,empty,no_visit,empty,empty,empty,empty,empty,empty,no_visit,empty,empty,empty,no_visit,empty,empty,empty,no_visit,empty,no_visit,empty,no_visit,empty,empty,no_visit,empty,empty,empty,no_visit,empty,non_existent,non_existent,non_existent,non_existent,non_existent,non_existent,non_existent,non_existent,non_existent,non_existent,non_existent,non_existent,non_existent,
NN,J,30,High,medium,17,a,,,,NA,non_existent,empty,empty,empty,empty,empty,no_visit,empty,empty,empty,empty,no_visit,empty,empty,empty,empty,empty,empty,no_visit,empty,empty,empty,no_visit,empty,empty,empty,no_visit,empty,no_visit,empty,no_visit,empty,empty,no_visit,empty,empty,empty,no_visit,empty,non_existent,non_existent,non_existent,non_existent,non_existent,non_existent,non_existent,non_existent,non_existent,non_existent,non_existent,non_existent,non_existent,
NN,J,30,High,small,18,a,,,,NA,non_existent,empty,empty,empty,empty,empty,no_visit,empty,empty,empty,empty,no_visit,empty,empty,empty,empty,empty,empty,no_visit,empty,empty,empty,no_visit,empty,empty,empty,no_visit,empty,no_visit,empty,no_visit,empty,empty,no_visit,empty,empty,empty,no_visit,empty,non_existent,non_existent,non_existent,non_existent,non_existent,non_existent,non_existent,non_existent,non_existent,non_existent,non_existent,non_existent,non_existent,
NN,K,31,Low,small,1,a,,,,NA,non_existent,empty,empty,empty,empty,empty,no_visit,empty,empty,empty,empty,no_visit,empty,empty,empty,empty,empty,empty,no_visit,empty,empty,empty,no_visit,empty,empty,empty,no_visit,empty,no_visit,empty,no_visit,empty,empty,no_visit,empty,empty,empty,no_visit,empty,non_existent,non_existent,non_existent,non_existent,non_existent,non_existent,non_existent,non_existent,non_existent,non_existent,non_existent,non_existent,non_existent,
NN,K,31,Low,medium,2,a,,,,NA,non_existent,empty,empty,empty,empty,empty,no_visit,empty,empty,empty,empty,no_visit,empty,empty,empty,empty,empty,empty,no_visit,empty,empty,empty,no_visit,empty,empty,empty,no_visit,empty,no_visit,empty,no_visit,empty,empty,no_visit,empty,empty,empty,no_visit,empty,non_existent,non_existent,non_existent,non_existent,non_existent,non_existent,non_existent,non_existent,non_existent,non_existent,non_existent,non_existent,non_existent,
NN,K,31,Low,small,3,a,,,,NA,non_existent,empty,empty,empty,empty,empty,no_visit,empty,empty,empty,empty,no_visit,empty,empty,empty,empty,empty,empty,no_visit,empty,empty,empty,no_visit,empty,empty,empty,no_visit,empty,no_visit,empty,no_visit,empty,empty,no_visit,empty,empty,empty,no_visit,empty,non_existent,non_existent,non_existent,non_existent,non_existent,non_existent,non_existent,non_existent,non_existent,non_existent,non_existent,non_existent,non_existent,
NN,K,31,Low,small,4,a,,,,NA,non_existent,empty,empty,empty,empty,empty,no_visit,empty,empty,empty,empty,no_visit,empty,empty,empty,empty,empty,empty,no_visit,empty,empty,empty,no_visit,empty,empty,empty,no_visit,empty,no_visit,empty,no_visit,empty,empty,no_visit,empty,empty,empty,no_visit,empty,non_existent,non_existent,non_existent,non_existent,non_existent,non_existent,non_existent,non_existent,non_existent,non_existent,non_existent,non_existent,non_existent,
NN,K,31,Low,large,5,a,,,,NA,non_existent,empty,empty,empty,empty,empty,no_visit,empty,empty,empty,empty,no_visit,empty,empty,empty,empty,empty,empty,no_visit,empty,empty,empty,no_visit,empty,empty,empty,no_visit,empty,no_visit,empty,no_visit,empty,empty,no_visit,empty,empty,empty,no_visit,empty,non_existent,non_existent,non_existent,non_existent,non_existent,non_existent,non_existent,non_existent,non_existent,non_existent,non_existent,non_existent,non_existent,
NN,K,31,Low,small,6,a,,,,NA,non_existent,empty,empty,empty,empty,empty,no_visit,empty,empty,empty,empty,no_visit,empty,empty,empty,empty,empty,empty,no_visit,empty,empty,empty,no_visit,empty,empty,empty,no_visit,empty,no_visit,empty,no_visit,empty,empty,no_visit,empty,empty,empty,no_visit,empty,non_existent,non_existent,non_existent,non_existent,non_existent,non_existent,non_existent,non_existent,non_existent,non_existent,non_existent,non_existent,non_existent,
NN,K,31,Low,medium,7,a,,,,NA,non_existent,empty,empty,empty,empty,empty,no_visit,empty,empty,empty,empty,no_visit,empty,empty,empty,empty,empty,empty,no_visit,empty,empty,empty,no_visit,empty,empty,empty,no_visit,empty,no_visit,empty,no_visit,empty,empty,no_visit,empty,empty,empty,no_visit,empty,non_existent,non_existent,non_existent,non_existent,non_existent,non_existent,non_existent,non_existent,non_existent,non_existent,non_existent,non_existent,non_existent,
NN,K,31,Low,small,8,a,,,,NA,non_existent,empty,empty,empty,empty,empty,no_visit,empty,empty,empty,empty,no_visit,empty,empty,empty,empty,empty,empty,no_visit,empty,empty,empty,no_visit,empty,empty,empty,no_visit,empty,no_visit,empty,no_visit,empty,empty,no_visit,empty,empty,empty,no_visit,empty,non_existent,non_existent,non_existent,non_existent,non_existent,non_existent,non_existent,non_existent,non_existent,non_existent,non_existent,non_existent,non_existent,
NN,K,31,Low,medium,9,a,,,,NA,non_existent,empty,empty,empty,empty,empty,no_visit,empty,empty,empty,empty,no_visit,empty,empty,empty,empty,empty,empty,no_visit,empty,empty,empty,no_visit,empty,empty,empty,no_visit,empty,no_visit,empty,no_visit,empty,empty,no_visit,empty,empty,empty,no_visit,empty,non_existent,non_existent,non_existent,non_existent,non_existent,non_existent,non_existent,non_existent,non_existent,non_existent,non_existent,non_existent,non_existent,
NN,K,31,Low,small,10,a,,,,NA,non_existent,empty,empty,empty,empty,empty,no_visit,empty,empty,empty,empty,no_visit,empty,empty,empty,empty,empty,empty,no_visit,empty,empty,empty,no_visit,empty,empty,empty,no_visit,empty,no_visit,empty,no_visit,empty,empty,no_visit,empty,empty,empty,no_visit,empty,non_existent,non_existent,non_existent,non_existent,non_existent,non_existent,non_existent,non_existent,non_existent,non_existent,non_existent,non_existent,non_existent,
NN,K,31,Low,medium,11,a,,,,NA,non_existent,empty,empty,empty,empty,empty,no_visit,empty,empty,empty,empty,no_visit,empty,empty,empty,empty,empty,empty,no_visit,empty,empty,empty,no_visit,empty,empty,empty,no_visit,empty,no_visit,empty,no_visit,empty,empty,no_visit,empty,empty,empty,no_visit,empty,non_existent,non_existent,non_existent,non_existent,non_existent,non_existent,non_existent,non_existent,non_existent,non_existent,non_existent,non_existent,non_existent,
NN,K,31,Low,small,12,a,,,,NA,non_existent,empty,empty,empty,empty,empty,no_visit,empty,empty,empty,empty,no_visit,empty,empty,empty,empty,empty,empty,no_visit,empty,empty,empty,no_visit,empty,empty,empty,no_visit,empty,no_visit,empty,no_visit,empty,empty,no_visit,empty,empty,empty,no_visit,empty,non_existent,non_existent,non_existent,non_existent,non_existent,non_existent,non_existent,non_existent,non_existent,non_existent,non_existent,non_existent,non_existent,
NN,K,31,Low,large,13,a,,,,NA,non_existent,empty,empty,empty,empty,empty,no_visit,empty,empty,empty,empty,no_visit,empty,empty,empty,empty,empty,empty,no_visit,empty,empty,empty,no_visit,empty,empty,empty,no_visit,empty,no_visit,empty,no_visit,empty,empty,no_visit,empty,empty,empty,no_visit,empty,non_existent,non_existent,non_existent,non_existent,non_existent,non_existent,non_existent,non_existent,non_existent,non_existent,non_existent,non_existent,non_existent,
NN,K,31,Low,small,14,a,,,,NA,non_existent,empty,empty,empty,empty,empty,no_visit,empty,empty,empty,empty,no_visit,empty,empty,empty,empty,empty,empty,no_visit,empty,empty,empty,no_visit,empty,empty,empty,no_visit,empty,no_visit,empty,no_visit,empty,empty,no_visit,empty,empty,empty,no_visit,empty,non_existent,non_existent,non_existent,non_existent,non_existent,non_existent,non_existent,non_existent,non_existent,non_existent,non_existent,non_existent,non_existent,
NN,K,31,Low,small,15,a,,,,NA,non_existent,empty,empty,empty,empty,empty,no_visit,empty,empty,empty,empty,no_visit,empty,empty,empty,empty,empty,empty,no_visit,empty,empty,empty,no_visit,empty,empty,empty,no_visit,empty,no_visit,empty,no_visit,empty,empty,no_visit,empty,empty,empty,no_visit,empty,non_existent,non_existent,non_existent,non_existent,non_existent,non_existent,non_existent,non_existent,non_existent,non_existent,non_existent,non_existent,non_existent,
NN,K,31,Low,medium,16,a,,,,NA,non_existent,empty,empty,empty,empty,empty,no_visit,empty,empty,empty,empty,no_visit,empty,empty,empty,empty,empty,empty,no_visit,empty,empty,empty,no_visit,empty,empty,empty,no_visit,empty,no_visit,empty,no_visit,empty,empty,no_visit,empty,empty,empty,no_visit,empty,non_existent,non_existent,non_existent,non_existent,non_existent,non_existent,non_existent,non_existent,non_existent,non_existent,non_existent,non_existent,non_existent,
NN,K,31,Low,small,17,a,,,,NA,non_existent,empty,empty,empty,empty,empty,no_visit,empty,empty,empty,empty,no_visit,empty,empty,empty,empty,empty,empty,no_visit,empty,empty,empty,no_visit,empty,empty,empty,no_visit,empty,no_visit,empty,no_visit,empty,empty,no_visit,empty,empty,empty,no_visit,empty,non_existent,non_existent,non_existent,non_existent,non_existent,non_existent,non_existent,non_existent,non_existent,non_existent,non_existent,non_existent,non_existent,
NN,K,31,Low,medium,18,a,,,,NA,non_existent,empty,empty,empty,empty,empty,no_visit,empty,empty,empty,empty,no_visit,empty,empty,empty,empty,empty,empty,no_visit,empty,empty,empty,no_visit,empty,empty,empty,no_visit,empty,no_visit,empty,no_visit,empty,empty,no_visit,empty,empty,empty,no_visit,empty,non_existent,non_existent,non_existent,non_existent,non_existent,non_existent,non_existent,non_existent,non_existent,non_existent,non_existent,non_existent,non_existent,
NN,K,32,Mid,medium,1,a,,,,NA,non_existent,empty,empty,empty,empty,empty,no_visit,empty,empty,empty,empty,no_visit,empty,empty,empty,empty,empty,empty,no_visit,empty,empty,empty,no_visit,empty,empty,empty,no_visit,empty,no_visit,empty,no_visit,empty,empty,no_visit,empty,empty,empty,no_visit,empty,non_existent,non_existent,non_existent,non_existent,non_existent,non_existent,non_existent,non_existent,non_existent,non_existent,non_existent,non_existent,non_existent,
NN,K,32,Mid,small,2,a,,,,NA,non_existent,empty,empty,empty,empty,empty,no_visit,empty,empty,empty,empty,no_visit,empty,empty,empty,empty,empty,empty,no_visit,empty,empty,empty,no_visit,empty,empty,empty,no_visit,empty,no_visit,empty,no_visit,empty,empty,no_visit,empty,empty,empty,no_visit,empty,non_existent,non_existent,non_existent,non_existent,non_existent,non_existent,non_existent,non_existent,non_existent,non_existent,non_existent,non_existent,non_existent,
NN,K,32,Mid,medium,3,a,,,,NA,non_existent,empty,empty,empty,empty,empty,no_visit,empty,empty,empty,empty,no_visit,empty,empty,empty,empty,empty,empty,no_visit,empty,empty,empty,no_visit,empty,empty,empty,no_visit,empty,no_visit,empty,no_visit,empty,empty,no_visit,empty,empty,empty,no_visit,empty,non_existent,non_existent,non_existent,non_existent,non_existent,non_existent,non_existent,non_existent,non_existent,non_existent,non_existent,non_existent,non_existent,
NN,K,32,Mid,small,4,a,,,,NA,non_existent,empty,empty,empty,empty,empty,no_visit,empty,empty,empty,empty,no_visit,empty,empty,empty,empty,empty,empty,no_visit,empty,empty,empty,no_visit,empty,empty,empty,no_visit,empty,no_visit,empty,no_visit,empty,empty,no_visit,empty,empty,empty,no_visit,empty,non_existent,non_existent,non_existent,non_existent,non_existent,non_existent,non_existent,non_existent,non_existent,non_existent,non_existent,non_existent,non_existent,
NN,K,32,Mid,large,5,a,,,,NA,non_existent,empty,empty,empty,empty,empty,no_visit,empty,empty,empty,empty,no_visit,empty,empty,empty,empty,empty,empty,no_visit,empty,empty,empty,no_visit,empty,empty,empty,no_visit,empty,no_visit,empty,no_visit,empty,empty,no_visit,empty,empty,empty,no_visit,empty,non_existent,non_existent,non_existent,non_existent,non_existent,non_existent,non_existent,non_existent,non_existent,non_existent,non_existent,non_existent,non_existent,
NN,K,32,Mid,small,6,a,,,,NA,non_existent,empty,empty,empty,empty,empty,no_visit,empty,empty,empty,empty,no_visit,empty,empty,empty,empty,empty,empty,no_visit,empty,empty,empty,no_visit,empty,empty,empty,no_visit,empty,no_visit,empty,no_visit,empty,empty,no_visit,empty,empty,empty,no_visit,empty,non_existent,non_existent,non_existent,non_existent,non_existent,non_existent,non_existent,non_existent,non_existent,non_existent,non_existent,non_existent,non_existent,
NN,K,32,Mid,medium,7,a,,,,NA,non_existent,empty,empty,empty,empty,empty,no_visit,empty,empty,empty,empty,no_visit,empty,empty,empty,empty,empty,empty,no_visit,empty,empty,empty,no_visit,empty,empty,empty,no_visit,empty,no_visit,empty,no_visit,empty,empty,no_visit,empty,empty,empty,no_visit,empty,non_existent,non_existent,non_existent,non_existent,non_existent,non_existent,non_existent,non_existent,non_existent,non_existent,non_existent,non_existent,non_existent,
NN,K,32,Mid,small,8,a,,,,NA,non_existent,empty,empty,empty,empty,empty,no_visit,empty,empty,empty,empty,no_visit,empty,empty,empty,empty,empty,empty,no_visit,empty,empty,empty,no_visit,empty,empty,empty,no_visit,empty,no_visit,empty,no_visit,empty,empty,no_visit,empty,empty,empty,no_visit,empty,non_existent,non_existent,non_existent,non_existent,non_existent,non_existent,non_existent,non_existent,non_existent,non_existent,non_existent,non_existent,non_existent,
NN,K,32,Mid,small,9,a,,,,NA,non_existent,empty,empty,empty,empty,empty,no_visit,empty,empty,empty,empty,no_visit,empty,empty,empty,empty,empty,empty,no_visit,empty,empty,empty,no_visit,empty,empty,empty,no_visit,empty,no_visit,empty,no_visit,empty,empty,no_visit,empty,empty,empty,no_visit,empty,non_existent,non_existent,non_existent,non_existent,non_existent,non_existent,non_existent,non_existent,non_existent,non_existent,non_existent,non_existent,non_existent,
NN,K,32,Mid,small,10,a,,,,NA,non_existent,empty,empty,empty,empty,empty,no_visit,empty,empty,empty,empty,no_visit,empty,empty,empty,empty,empty,empty,no_visit,empty,empty,empty,no_visit,empty,empty,empty,no_visit,empty,no_visit,empty,no_visit,empty,empty,no_visit,empty,empty,empty,no_visit,empty,non_existent,non_existent,non_existent,non_existent,non_existent,non_existent,non_existent,non_existent,non_existent,non_existent,non_existent,non_existent,non_existent,
NN,K,32,Mid,medium,11,a,,,,NA,non_existent,empty,empty,empty,empty,empty,no_visit,empty,empty,empty,empty,no_visit,empty,empty,empty,empty,empty,empty,no_visit,empty,empty,empty,no_visit,empty,empty,empty,no_visit,empty,no_visit,empty,no_visit,empty,empty,no_visit,empty,empty,empty,no_visit,empty,non_existent,non_existent,non_existent,non_existent,non_existent,non_existent,non_existent,non_existent,non_existent,non_existent,non_existent,non_existent,non_existent,
NN,K,32,Mid,small,12,a,,,,NA,non_existent,empty,empty,empty,empty,empty,no_visit,empty,empty,empty,empty,no_visit,empty,empty,empty,empty,empty,empty,no_visit,empty,empty,empty,no_visit,empty,empty,empty,no_visit,empty,no_visit,empty,no_visit,empty,empty,no_visit,empty,empty,empty,no_visit,empty,non_existent,non_existent,non_existent,non_existent,non_existent,non_existent,non_existent,non_existent,non_existent,non_existent,non_existent,non_existent,non_existent,
NN,K,32,Mid,large,13,a,,,,NA,non_existent,empty,empty,empty,empty,empty,no_visit,empty,empty,empty,empty,no_visit,empty,empty,empty,empty,empty,empty,no_visit,empty,empty,empty,no_visit,empty,empty,empty,no_visit,empty,no_visit,empty,no_visit,empty,empty,no_visit,empty,empty,empty,no_visit,empty,non_existent,non_existent,non_existent,non_existent,non_existent,non_existent,non_existent,non_existent,non_existent,non_existent,non_existent,non_existent,non_existent,
NN,K,32,Mid,small,14,a,,,,NA,non_existent,empty,empty,empty,empty,empty,no_visit,empty,empty,empty,empty,no_visit,empty,empty,empty,empty,empty,empty,no_visit,empty,empty,empty,no_visit,empty,empty,empty,no_visit,empty,no_visit,empty,no_visit,empty,empty,no_visit,empty,empty,empty,no_visit,empty,non_existent,non_existent,non_existent,non_existent,non_existent,non_existent,non_existent,non_existent,non_existent,non_existent,non_existent,non_existent,non_existent,
NN,K,32,Mid,small,15,a,,,,NA,non_existent,empty,empty,empty,empty,empty,no_visit,empty,empty,empty,empty,no_visit,empty,empty,empty,empty,empty,empty,no_visit,empty,empty,empty,no_visit,empty,empty,empty,no_visit,empty,no_visit,empty,no_visit,empty,empty,no_visit,empty,empty,empty,no_visit,empty,non_existent,non_existent,non_existent,non_existent,non_existent,non_existent,non_existent,non_existent,non_existent,non_existent,non_existent,non_existent,non_existent,
NN,K,32,Mid,medium,16,a,,,,NA,non_existent,empty,empty,empty,empty,empty,no_visit,empty,empty,empty,empty,no_visit,empty,empty,empty,empty,empty,empty,no_visit,empty,empty,empty,no_visit,empty,empty,empty,no_visit,empty,no_visit,empty,no_visit,empty,empty,no_visit,empty,empty,empty,no_visit,empty,non_existent,non_existent,non_existent,non_existent,non_existent,non_existent,non_existent,non_existent,non_existent,non_existent,non_existent,non_existent,non_existent,
NN,K,32,Mid,small,17,a,,,,NA,non_existent,empty,empty,empty,empty,empty,no_visit,empty,empty,empty,empty,no_visit,empty,empty,empty,empty,empty,empty,no_visit,empty,empty,empty,no_visit,empty,empty,empty,no_visit,empty,no_visit,empty,no_visit,empty,empty,no_visit,empty,empty,empty,no_visit,empty,non_existent,non_existent,non_existent,non_existent,non_existent,non_existent,non_existent,non_existent,non_existent,non_existent,non_existent,non_existent,non_existent,
NN,K,32,Mid,medium,18,a,,,,NA,non_existent,empty,empty,empty,empty,empty,no_visit,empty,empty,empty,empty,no_visit,empty,empty,empty,empty,empty,empty,no_visit,empty,empty,empty,no_visit,empty,empty,empty,no_visit,empty,no_visit,empty,no_visit,empty,empty,no_visit,empty,empty,empty,no_visit,empty,non_existent,non_existent,non_existent,non_existent,non_existent,non_existent,non_existent,non_existent,non_existent,non_existent,non_existent,non_existent,non_existent,
NN,K,33,High,medium,1,a,,,,NA,non_existent,empty,empty,empty,empty,empty,no_visit,empty,empty,empty,empty,no_visit,empty,empty,empty,empty,empty,empty,no_visit,empty,empty,empty,no_visit,empty,empty,empty,no_visit,empty,no_visit,empty,no_visit,empty,empty,no_visit,empty,empty,empty,no_visit,empty,non_existent,non_existent,non_existent,non_existent,non_existent,non_existent,non_existent,non_existent,non_existent,non_existent,non_existent,non_existent,non_existent,
NN,K,33,High,small,2,a,,,,NA,non_existent,empty,empty,empty,empty,empty,no_visit,empty,empty,empty,empty,no_visit,empty,empty,empty,empty,empty,empty,no_visit,empty,empty,empty,no_visit,empty,empty,empty,no_visit,empty,no_visit,empty,no_visit,empty,empty,no_visit,empty,empty,empty,no_visit,empty,non_existent,non_existent,non_existent,non_existent,non_existent,non_existent,non_existent,non_existent,non_existent,non_existent,non_existent,non_existent,non_existent,
NN,K,33,High,small,3,a,,,,NA,non_existent,empty,empty,empty,empty,empty,no_visit,empty,empty,empty,empty,no_visit,empty,empty,empty,empty,empty,empty,no_visit,empty,empty,empty,no_visit,empty,empty,empty,no_visit,empty,no_visit,empty,no_visit,empty,empty,no_visit,empty,empty,empty,no_visit,empty,non_existent,non_existent,non_existent,non_existent,non_existent,non_existent,non_existent,non_existent,non_existent,non_existent,non_existent,non_existent,non_existent,
NN,K,33,High,medium,4,a,,,,NA,non_existent,empty,empty,empty,empty,empty,no_visit,empty,empty,empty,empty,no_visit,empty,empty,empty,empty,empty,empty,no_visit,empty,empty,empty,no_visit,empty,empty,empty,no_visit,empty,no_visit,empty,no_visit,empty,empty,no_visit,empty,empty,empty,no_visit,empty,non_existent,non_existent,non_existent,non_existent,non_existent,non_existent,non_existent,non_existent,non_existent,non_existent,non_existent,non_existent,non_existent,
NN,K,33,High,small,5,a,,,,NA,non_existent,empty,empty,empty,empty,empty,no_visit,empty,empty,empty,empty,no_visit,empty,empty,empty,empty,empty,empty,no_visit,empty,empty,empty,no_visit,empty,empty,empty,no_visit,empty,no_visit,empty,no_visit,empty,empty,no_visit,empty,empty,empty,no_visit,empty,non_existent,non_existent,non_existent,non_existent,non_existent,non_existent,non_existent,non_existent,non_existent,non_existent,non_existent,non_existent,non_existent,
NN,K,33,High,large,6,a,,,,NA,non_existent,empty,empty,empty,empty,empty,no_visit,empty,empty,empty,empty,no_visit,empty,empty,empty,empty,empty,empty,no_visit,empty,empty,empty,no_visit,empty,empty,empty,no_visit,empty,no_visit,empty,no_visit,empty,empty,no_visit,empty,empty,empty,no_visit,empty,non_existent,non_existent,non_existent,non_existent,non_existent,non_existent,non_existent,non_existent,non_existent,non_existent,non_existent,non_existent,non_existent,
NN,K,33,High,small,7,a,,,,NA,non_existent,empty,empty,empty,empty,empty,no_visit,empty,empty,empty,empty,no_visit,empty,empty,empty,empty,empty,empty,no_visit,empty,empty,empty,no_visit,empty,empty,empty,no_visit,empty,no_visit,empty,no_visit,empty,empty,no_visit,empty,empty,empty,no_visit,empty,non_existent,non_existent,non_existent,non_existent,non_existent,non_existent,non_existent,non_existent,non_existent,non_existent,non_existent,non_existent,non_existent,
NN,K,33,High,medium,8,a,,,,NA,non_existent,empty,empty,empty,empty,empty,no_visit,empty,empty,empty,empty,no_visit,empty,empty,empty,empty,empty,empty,no_visit,empty,empty,empty,no_visit,empty,empty,empty,no_visit,empty,no_visit,empty,no_visit,empty,empty,no_visit,empty,empty,empty,no_visit,empty,non_existent,non_existent,non_existent,non_existent,non_existent,non_existent,non_existent,non_existent,non_existent,non_existent,non_existent,non_existent,non_existent,
NN,K,33,High,small,9,a,,,,NA,non_existent,empty,empty,empty,empty,empty,no_visit,empty,empty,empty,empty,no_visit,empty,empty,empty,empty,empty,empty,no_visit,empty,empty,empty,no_visit,empty,empty,empty,no_visit,empty,no_visit,empty,no_visit,empty,empty,no_visit,empty,empty,empty,no_visit,empty,non_existent,non_existent,non_existent,non_existent,non_existent,non_existent,non_existent,non_existent,non_existent,non_existent,non_existent,non_existent,non_existent,
NN,K,33,High,medium,10,a,,,,NA,non_existent,empty,empty,empty,empty,empty,no_visit,empty,empty,empty,empty,no_visit,empty,empty,empty,empty,empty,empty,no_visit,empty,empty,empty,no_visit,empty,empty,empty,no_visit,empty,no_visit,empty,no_visit,empty,empty,no_visit,empty,empty,empty,no_visit,empty,non_existent,non_existent,non_existent,non_existent,non_existent,non_existent,non_existent,non_existent,non_existent,non_existent,non_existent,non_existent,non_existent,
NN,K,33,High,small,11,a,,,,NA,non_existent,empty,empty,empty,empty,empty,no_visit,empty,empty,empty,empty,no_visit,empty,empty,empty,empty,empty,empty,no_visit,empty,empty,empty,no_visit,empty,empty,empty,no_visit,empty,no_visit,empty,no_visit,empty,empty,no_visit,empty,empty,empty,no_visit,empty,non_existent,non_existent,non_existent,non_existent,non_existent,non_existent,non_existent,non_existent,non_existent,non_existent,non_existent,non_existent,non_existent,
NN,K,33,High,small,12,a,,,,NA,non_existent,empty,empty,empty,empty,empty,no_visit,empty,empty,empty,empty,no_visit,empty,empty,empty,empty,empty,empty,no_visit,empty,empty,empty,no_visit,empty,empty,empty,no_visit,empty,no_visit,empty,no_visit,empty,empty,no_visit,empty,empty,empty,no_visit,empty,non_existent,non_existent,non_existent,non_existent,non_existent,non_existent,non_existent,non_existent,non_existent,non_existent,non_existent,non_existent,non_existent,
NN,K,33,High,medium,13,a,,,,NA,non_existent,empty,empty,empty,empty,empty,no_visit,empty,empty,empty,empty,no_visit,empty,empty,empty,empty,empty,empty,no_visit,empty,empty,empty,no_visit,empty,empty,empty,no_visit,empty,no_visit,empty,no_visit,empty,empty,no_visit,empty,empty,empty,no_visit,empty,non_existent,non_existent,non_existent,non_existent,non_existent,non_existent,non_existent,non_existent,non_existent,non_existent,non_existent,non_existent,non_existent,
NN,K,33,High,small,14,a,,,,NA,non_existent,empty,empty,empty,empty,empty,no_visit,empty,empty,empty,empty,no_visit,empty,empty,empty,empty,empty,empty,no_visit,empty,empty,empty,no_visit,empty,empty,empty,no_visit,empty,no_visit,empty,no_visit,empty,empty,no_visit,empty,empty,empty,no_visit,empty,non_existent,non_existent,non_existent,non_existent,non_existent,non_existent,non_existent,non_existent,non_existent,non_existent,non_existent,non_existent,non_existent,
NN,K,33,High,large,15,a,,,,NA,non_existent,empty,empty,empty,empty,empty,no_visit,empty,empty,empty,empty,no_visit,empty,empty,empty,empty,empty,empty,no_visit,empty,empty,empty,no_visit,empty,empty,empty,no_visit,empty,no_visit,empty,no_visit,empty,empty,no_visit,empty,empty,empty,no_visit,empty,non_existent,non_existent,non_existent,non_existent,non_existent,non_existent,non_existent,non_existent,non_existent,non_existent,non_existent,non_existent,non_existent,
NN,K,33,High,small,16,a,,,,NA,non_existent,empty,empty,empty,empty,empty,no_visit,empty,empty,empty,empty,no_visit,empty,empty,empty,empty,empty,empty,no_visit,empty,empty,empty,no_visit,empty,empty,empty,no_visit,empty,no_visit,empty,no_visit,empty,empty,no_visit,empty,empty,empty,no_visit,empty,non_existent,non_existent,non_existent,non_existent,non_existent,non_existent,non_existent,non_existent,non_existent,non_existent,non_existent,non_existent,non_existent,
NN,K,33,High,medium,17,a,,,,NA,non_existent,empty,empty,empty,empty,empty,no_visit,empty,empty,empty,empty,no_visit,empty,empty,empty,empty,empty,empty,no_visit,empty,empty,empty,no_visit,empty,empty,empty,no_visit,empty,no_visit,empty,no_visit,empty,empty,no_visit,empty,empty,empty,no_visit,empty,non_existent,non_existent,non_existent,non_existent,non_existent,non_existent,non_existent,non_existent,non_existent,non_existent,non_existent,non_existent,non_existent,
NN,K,33,High,small,18,a,,,,NA,non_existent,empty,empty,empty,empty,empty,no_visit,empty,empty,empty,empty,no_visit,empty,empty,empty,empty,empty,empty,no_visit,empty,empty,empty,no_visit,empty,empty,empty,no_visit,empty,no_visit,empty,no_visit,empty,empty,no_visit,empty,empty,empty,no_visit,empty,non_existent,non_existent,non_existent,non_existent,non_existent,non_existent,non_existent,non_existent,non_existent,non_existent,non_existent,non_existent,non_existent,
NN,L,34,Low,small,1,a,,,,NA,non_existent,empty,empty,empty,empty,empty,no_visit,empty,empty,empty,empty,no_visit,empty,empty,empty,empty,empty,empty,no_visit,empty,empty,empty,no_visit,empty,empty,empty,no_visit,empty,no_visit,empty,no_visit,empty,empty,no_visit,empty,empty,empty,no_visit,empty,non_existent,non_existent,non_existent,non_existent,non_existent,non_existent,non_existent,non_existent,non_existent,non_existent,non_existent,non_existent,non_existent,
NN,L,34,Low,medium,2,a,,,,NA,non_existent,empty,empty,empty,empty,empty,no_visit,empty,empty,empty,empty,no_visit,empty,empty,empty,empty,empty,empty,no_visit,empty,empty,empty,no_visit,empty,empty,empty,no_visit,empty,no_visit,empty,no_visit,empty,empty,no_visit,empty,empty,empty,no_visit,empty,non_existent,non_existent,non_existent,non_existent,non_existent,non_existent,non_existent,non_existent,non_existent,non_existent,non_existent,non_existent,non_existent,
NN,L,34,Low,small,3,a,,,,NA,non_existent,empty,empty,empty,empty,empty,no_visit,empty,empty,empty,empty,no_visit,empty,empty,empty,empty,empty,empty,no_visit,empty,empty,empty,no_visit,empty,empty,empty,no_visit,empty,no_visit,empty,no_visit,empty,empty,no_visit,empty,empty,empty,no_visit,empty,non_existent,non_existent,non_existent,non_existent,non_existent,non_existent,non_existent,non_existent,non_existent,non_existent,non_existent,non_existent,non_existent,
NN,L,34,Low,large,4,a,,,,NA,non_existent,empty,empty,empty,empty,empty,no_visit,empty,empty,empty,empty,no_visit,empty,empty,empty,empty,empty,empty,no_visit,empty,empty,empty,no_visit,empty,empty,empty,no_visit,empty,no_visit,empty,no_visit,empty,empty,no_visit,empty,empty,empty,no_visit,empty,non_existent,non_existent,non_existent,non_existent,non_existent,non_existent,non_existent,non_existent,non_existent,non_existent,non_existent,non_existent,non_existent,
NN,L,34,Low,small,5,a,,,,NA,non_existent,empty,empty,empty,empty,empty,no_visit,empty,empty,empty,empty,no_visit,empty,empty,empty,empty,empty,empty,no_visit,empty,empty,empty,no_visit,empty,empty,empty,no_visit,empty,no_visit,empty,no_visit,empty,empty,no_visit,empty,empty,empty,no_visit,empty,non_existent,non_existent,non_existent,non_existent,non_existent,non_existent,non_existent,non_existent,non_existent,non_existent,non_existent,non_existent,non_existent,
NN,L,34,Low,small,6,a,,,,NA,non_existent,empty,empty,empty,empty,empty,no_visit,empty,empty,empty,empty,no_visit,empty,empty,empty,empty,empty,empty,no_visit,empty,empty,empty,no_visit,empty,empty,empty,no_visit,empty,no_visit,empty,no_visit,empty,empty,no_visit,empty,empty,empty,no_visit,empty,non_existent,non_existent,non_existent,non_existent,non_existent,non_existent,non_existent,non_existent,non_existent,non_existent,non_existent,non_existent,non_existent,
NN,L,34,Low,medium,7,a,,,,NA,non_existent,empty,empty,empty,empty,empty,no_visit,empty,empty,empty,empty,no_visit,empty,empty,empty,empty,empty,empty,no_visit,empty,empty,empty,no_visit,empty,empty,empty,no_visit,empty,no_visit,empty,no_visit,empty,empty,no_visit,empty,empty,empty,no_visit,empty,non_existent,non_existent,non_existent,non_existent,non_existent,non_existent,non_existent,non_existent,non_existent,non_existent,non_existent,non_existent,non_existent,
NN,L,34,Low,small,8,a,,,,NA,non_existent,empty,empty,empty,empty,empty,no_visit,empty,empty,empty,empty,no_visit,empty,empty,empty,empty,empty,empty,no_visit,empty,empty,empty,no_visit,empty,empty,empty,no_visit,empty,no_visit,empty,no_visit,empty,empty,no_visit,empty,empty,empty,no_visit,empty,non_existent,non_existent,non_existent,non_existent,non_existent,non_existent,non_existent,non_existent,non_existent,non_existent,non_existent,non_existent,non_existent,
NN,L,34,Low,medium,9,a,,,,NA,non_existent,empty,empty,empty,empty,empty,no_visit,empty,empty,empty,empty,no_visit,empty,empty,empty,empty,empty,empty,no_visit,empty,empty,empty,no_visit,empty,empty,empty,no_visit,empty,no_visit,empty,no_visit,empty,empty,no_visit,empty,empty,empty,no_visit,empty,non_existent,non_existent,non_existent,non_existent,non_existent,non_existent,non_existent,non_existent,non_existent,non_existent,non_existent,non_existent,non_existent,
NN,L,34,Low,small,10,a,,,,NA,non_existent,empty,empty,empty,empty,empty,no_visit,empty,empty,empty,empty,no_visit,empty,empty,empty,empty,empty,empty,no_visit,empty,empty,empty,no_visit,empty,empty,empty,no_visit,empty,no_visit,empty,no_visit,empty,empty,no_visit,empty,empty,empty,no_visit,empty,non_existent,non_existent,non_existent,non_existent,non_existent,non_existent,non_existent,non_existent,non_existent,non_existent,non_existent,non_existent,non_existent,
NN,L,34,Low,medium,11,a,,,,NA,non_existent,empty,empty,empty,empty,empty,no_visit,empty,empty,empty,empty,no_visit,empty,empty,empty,empty,empty,empty,no_visit,empty,empty,empty,no_visit,empty,empty,empty,no_visit,empty,no_visit,empty,no_visit,empty,empty,no_visit,empty,empty,empty,no_visit,empty,non_existent,non_existent,non_existent,non_existent,non_existent,non_existent,non_existent,non_existent,non_existent,non_existent,non_existent,non_existent,non_existent,
NN,L,34,Low,small,12,a,,,,NA,non_existent,empty,empty,empty,empty,empty,no_visit,empty,empty,empty,empty,no_visit,empty,empty,empty,empty,empty,empty,no_visit,empty,empty,empty,no_visit,empty,empty,empty,no_visit,empty,no_visit,empty,no_visit,empty,empty,no_visit,empty,empty,empty,no_visit,empty,non_existent,non_existent,non_existent,non_existent,non_existent,non_existent,non_existent,non_existent,non_existent,non_existent,non_existent,non_existent,non_existent,
NN,L,34,Low,small,13,a,,,,NA,non_existent,empty,empty,empty,empty,empty,no_visit,empty,empty,empty,empty,no_visit,empty,empty,empty,empty,empty,empty,no_visit,empty,empty,empty,no_visit,empty,empty,empty,no_visit,empty,no_visit,empty,no_visit,empty,empty,no_visit,empty,empty,empty,no_visit,empty,non_existent,non_existent,non_existent,non_existent,non_existent,non_existent,non_existent,non_existent,non_existent,non_existent,non_existent,non_existent,non_existent,
NN,L,34,Low,large,14,a,,,,NA,non_existent,empty,empty,empty,empty,empty,no_visit,empty,empty,empty,empty,no_visit,empty,empty,empty,empty,empty,empty,no_visit,empty,empty,empty,no_visit,empty,empty,empty,no_visit,empty,no_visit,empty,no_visit,empty,empty,no_visit,empty,empty,empty,no_visit,empty,non_existent,non_existent,non_existent,non_existent,non_existent,non_existent,non_existent,non_existent,non_existent,non_existent,non_existent,non_existent,non_existent,
NN,L,34,Low,medium,15,a,,,,NA,non_existent,empty,empty,empty,empty,empty,no_visit,empty,empty,empty,empty,no_visit,empty,empty,empty,empty,empty,empty,no_visit,empty,empty,empty,no_visit,empty,empty,empty,no_visit,empty,no_visit,empty,no_visit,empty,empty,no_visit,empty,empty,empty,no_visit,empty,non_existent,non_existent,non_existent,non_existent,non_existent,non_existent,non_existent,non_existent,non_existent,non_existent,non_existent,non_existent,non_existent,
NN,L,34,Low,small,16,a,,,,NA,non_existent,empty,empty,empty,empty,empty,no_visit,empty,empty,empty,empty,no_visit,empty,empty,empty,empty,empty,empty,no_visit,empty,empty,empty,no_visit,empty,empty,empty,no_visit,empty,no_visit,empty,no_visit,empty,empty,no_visit,empty,empty,empty,no_visit,empty,non_existent,non_existent,non_existent,non_existent,non_existent,non_existent,non_existent,non_existent,non_existent,non_existent,non_existent,non_existent,non_existent,
NN,L,34,Low,small,17,a,,,,NA,non_existent,empty,empty,empty,empty,empty,no_visit,empty,empty,empty,empty,no_visit,empty,empty,empty,empty,empty,empty,no_visit,empty,empty,empty,no_visit,empty,empty,empty,no_visit,empty,no_visit,empty,no_visit,empty,empty,no_visit,empty,empty,empty,no_visit,empty,non_existent,non_existent,non_existent,non_existent,non_existent,non_existent,non_existent,non_existent,non_existent,non_existent,non_existent,non_existent,non_existent,
NN,L,34,Low,medium,18,a,,,,NA,non_existent,empty,empty,empty,empty,empty,no_visit,empty,empty,empty,empty,no_visit,empty,empty,empty,empty,empty,empty,no_visit,empty,empty,empty,no_visit,empty,empty,empty,no_visit,empty,no_visit,empty,no_visit,empty,empty,no_visit,empty,empty,empty,no_visit,empty,non_existent,non_existent,non_existent,non_existent,non_existent,non_existent,non_existent,non_existent,non_existent,non_existent,non_existent,non_existent,non_existent,
NN,L,35,Mid,medium,1,a,,,,NA,non_existent,empty,empty,empty,empty,empty,no_visit,empty,empty,empty,empty,no_visit,empty,empty,empty,empty,empty,empty,no_visit,empty,empty,empty,no_visit,empty,empty,empty,no_visit,empty,no_visit,empty,no_visit,empty,empty,no_visit,empty,empty,empty,no_visit,empty,non_existent,non_existent,non_existent,non_existent,non_existent,non_existent,non_existent,non_existent,non_existent,non_existent,non_existent,non_existent,non_existent,
NN,L,35,Mid,small,2,a,,,,NA,non_existent,empty,empty,empty,empty,empty,no_visit,empty,empty,empty,empty,no_visit,empty,empty,empty,empty,empty,empty,no_visit,empty,empty,empty,no_visit,empty,empty,empty,no_visit,empty,no_visit,empty,no_visit,empty,empty,no_visit,empty,empty,empty,no_visit,empty,non_existent,non_existent,non_existent,non_existent,non_existent,non_existent,non_existent,non_existent,non_existent,non_existent,non_existent,non_existent,non_existent,
NN,L,35,Mid,small,3,a,,,,NA,non_existent,empty,empty,empty,empty,empty,no_visit,empty,empty,empty,empty,no_visit,empty,empty,empty,empty,empty,empty,no_visit,empty,empty,empty,no_visit,empty,empty,empty,no_visit,empty,no_visit,empty,no_visit,empty,empty,no_visit,empty,empty,empty,no_visit,empty,non_existent,non_existent,non_existent,non_existent,non_existent,non_existent,non_existent,non_existent,non_existent,non_existent,non_existent,non_existent,non_existent,
NN,L,35,Mid,medium,4,a,,,,NA,non_existent,empty,empty,empty,empty,empty,no_visit,empty,empty,empty,empty,no_visit,empty,empty,empty,empty,empty,empty,no_visit,empty,empty,empty,no_visit,empty,empty,empty,no_visit,empty,no_visit,empty,no_visit,empty,empty,no_visit,empty,empty,empty,no_visit,empty,non_existent,non_existent,non_existent,non_existent,non_existent,non_existent,non_existent,non_existent,non_existent,non_existent,non_existent,non_existent,non_existent,
NN,L,35,Mid,small,5,a,,,,NA,non_existent,empty,empty,empty,empty,empty,no_visit,empty,empty,empty,empty,no_visit,empty,empty,empty,empty,empty,empty,no_visit,empty,empty,empty,no_visit,empty,empty,empty,no_visit,empty,no_visit,empty,no_visit,empty,empty,no_visit,empty,empty,empty,no_visit,empty,non_existent,non_existent,non_existent,non_existent,non_existent,non_existent,non_existent,non_existent,non_existent,non_existent,non_existent,non_existent,non_existent,
NN,L,35,Mid,large,6,a,,,,NA,non_existent,empty,empty,empty,empty,empty,no_visit,empty,empty,empty,empty,no_visit,empty,empty,empty,empty,empty,empty,no_visit,empty,empty,empty,no_visit,empty,empty,empty,no_visit,empty,no_visit,empty,no_visit,empty,empty,no_visit,empty,empty,empty,no_visit,empty,non_existent,non_existent,non_existent,non_existent,non_existent,non_existent,non_existent,non_existent,non_existent,non_existent,non_existent,non_existent,non_existent,
NN,L,35,Mid,small,7,a,,,,NA,non_existent,empty,empty,empty,empty,empty,no_visit,empty,empty,empty,empty,no_visit,empty,empty,empty,empty,empty,empty,no_visit,empty,empty,empty,no_visit,empty,empty,empty,no_visit,empty,no_visit,empty,no_visit,empty,empty,no_visit,empty,empty,empty,no_visit,empty,non_existent,non_existent,non_existent,non_existent,non_existent,non_existent,non_existent,non_existent,non_existent,non_existent,non_existent,non_existent,non_existent,
NN,L,35,Mid,medium,8,a,,,,NA,non_existent,empty,empty,empty,empty,empty,no_visit,empty,empty,empty,empty,no_visit,empty,empty,empty,empty,empty,empty,no_visit,empty,empty,empty,no_visit,empty,empty,empty,no_visit,empty,no_visit,empty,no_visit,empty,empty,no_visit,empty,empty,empty,no_visit,empty,non_existent,non_existent,non_existent,non_existent,non_existent,non_existent,non_existent,non_existent,non_existent,non_existent,non_existent,non_existent,non_existent,
NN,L,35,Mid,small,9,a,,,,NA,non_existent,empty,empty,empty,empty,empty,no_visit,empty,empty,empty,empty,no_visit,empty,empty,empty,empty,empty,empty,no_visit,empty,empty,empty,no_visit,empty,empty,empty,no_visit,empty,no_visit,empty,no_visit,empty,empty,no_visit,empty,empty,empty,no_visit,empty,non_existent,non_existent,non_existent,non_existent,non_existent,non_existent,non_existent,non_existent,non_existent,non_existent,non_existent,non_existent,non_existent,
NN,L,35,Mid,medium,10,a,,,,NA,non_existent,empty,empty,empty,empty,empty,no_visit,empty,empty,empty,empty,no_visit,empty,empty,empty,empty,empty,empty,no_visit,empty,empty,empty,no_visit,empty,empty,empty,no_visit,empty,no_visit,empty,no_visit,empty,empty,no_visit,empty,empty,empty,no_visit,empty,non_existent,non_existent,non_existent,non_existent,non_existent,non_existent,non_existent,non_existent,non_existent,non_existent,non_existent,non_existent,non_existent,
NN,L,35,Mid,small,11,a,,,,NA,non_existent,empty,empty,empty,empty,empty,no_visit,empty,empty,empty,empty,no_visit,empty,empty,empty,empty,empty,empty,no_visit,empty,empty,empty,no_visit,empty,empty,empty,no_visit,empty,no_visit,empty,no_visit,empty,empty,no_visit,empty,empty,empty,no_visit,empty,non_existent,non_existent,non_existent,non_existent,non_existent,non_existent,non_existent,non_existent,non_existent,non_existent,non_existent,non_existent,non_existent,
NN,L,35,Mid,small,12,a,,,,NA,non_existent,empty,empty,empty,empty,empty,no_visit,empty,empty,empty,empty,no_visit,empty,empty,empty,empty,empty,empty,no_visit,empty,empty,empty,no_visit,empty,empty,empty,no_visit,empty,no_visit,empty,no_visit,empty,empty,no_visit,empty,empty,empty,no_visit,empty,non_existent,non_existent,non_existent,non_existent,non_existent,non_existent,non_existent,non_existent,non_existent,non_existent,non_existent,non_existent,non_existent,
NN,L,35,Mid,medium,13,a,,,,NA,non_existent,empty,empty,empty,empty,empty,no_visit,empty,empty,empty,empty,no_visit,empty,empty,empty,empty,empty,empty,no_visit,empty,empty,empty,no_visit,empty,empty,empty,no_visit,empty,no_visit,empty,no_visit,empty,empty,no_visit,empty,empty,empty,no_visit,empty,non_existent,non_existent,non_existent,non_existent,non_existent,non_existent,non_existent,non_existent,non_existent,non_existent,non_existent,non_existent,non_existent,
NN,L,35,Mid,large,14,a,,,,NA,non_existent,empty,empty,empty,empty,empty,no_visit,empty,empty,empty,empty,no_visit,empty,empty,empty,empty,empty,empty,no_visit,empty,empty,empty,no_visit,empty,empty,empty,no_visit,empty,no_visit,empty,no_visit,empty,empty,no_visit,empty,empty,empty,no_visit,empty,non_existent,non_existent,non_existent,non_existent,non_existent,non_existent,non_existent,non_existent,non_existent,non_existent,non_existent,non_existent,non_existent,
NN,L,35,Mid,small,15,a,,,,NA,non_existent,empty,empty,empty,empty,empty,no_visit,empty,empty,empty,empty,no_visit,empty,empty,empty,empty,empty,empty,no_visit,empty,empty,empty,no_visit,empty,empty,empty,no_visit,empty,no_visit,empty,no_visit,empty,empty,no_visit,empty,empty,empty,no_visit,empty,non_existent,non_existent,non_existent,non_existent,non_existent,non_existent,non_existent,non_existent,non_existent,non_existent,non_existent,non_existent,non_existent,
NN,L,35,Mid,small,16,a,,,,NA,non_existent,empty,empty,empty,empty,empty,no_visit,empty,empty,empty,empty,no_visit,empty,empty,empty,empty,empty,empty,no_visit,empty,empty,empty,no_visit,empty,empty,empty,no_visit,empty,no_visit,empty,no_visit,empty,empty,no_visit,empty,empty,empty,no_visit,empty,non_existent,non_existent,non_existent,non_existent,non_existent,non_existent,non_existent,non_existent,non_existent,non_existent,non_existent,non_existent,non_existent,
NN,L,35,Mid,medium,17,a,,,,NA,non_existent,empty,empty,empty,empty,empty,no_visit,empty,empty,empty,empty,no_visit,empty,empty,empty,empty,empty,empty,no_visit,empty,empty,empty,no_visit,empty,empty,empty,no_visit,empty,no_visit,empty,no_visit,empty,empty,no_visit,empty,empty,empty,no_visit,empty,non_existent,non_existent,non_existent,non_existent,non_existent,non_existent,non_existent,non_existent,non_existent,non_existent,non_existent,non_existent,non_existent,
NN,L,35,Mid,small,18,a,,,,NA,non_existent,empty,empty,empty,empty,empty,no_visit,empty,empty,empty,empty,no_visit,empty,empty,empty,empty,empty,empty,no_visit,empty,empty,empty,no_visit,empty,empty,empty,no_visit,empty,no_visit,empty,no_visit,empty,empty,no_visit,empty,empty,empty,no_visit,empty,non_existent,non_existent,non_existent,non_existent,non_existent,non_existent,non_existent,non_existent,non_existent,non_existent,non_existent,non_existent,non_existent,
NN,L,36,High,small,1,a,,,,NA,non_existent,empty,empty,empty,empty,empty,no_visit,empty,empty,empty,empty,no_visit,empty,empty,empty,empty,empty,empty,no_visit,empty,empty,empty,no_visit,empty,empty,empty,no_visit,empty,no_visit,empty,no_visit,empty,empty,no_visit,empty,empty,empty,no_visit,empty,non_existent,non_existent,non_existent,non_existent,non_existent,non_existent,non_existent,non_existent,non_existent,non_existent,non_existent,non_existent,non_existent,
NN,L,36,High,medium,2,a,,,,NA,non_existent,empty,empty,empty,empty,empty,no_visit,empty,empty,empty,empty,no_visit,empty,empty,empty,empty,empty,empty,no_visit,empty,empty,empty,no_visit,empty,empty,empty,no_visit,empty,no_visit,empty,no_visit,empty,empty,no_visit,empty,empty,empty,no_visit,empty,non_existent,non_existent,non_existent,non_existent,non_existent,non_existent,non_existent,non_existent,non_existent,non_existent,non_existent,non_existent,non_existent,
NN,L,36,High,small,3,a,,,,NA,non_existent,empty,empty,empty,empty,empty,no_visit,empty,empty,empty,empty,no_visit,empty,empty,empty,empty,empty,empty,no_visit,empty,empty,empty,no_visit,empty,empty,empty,no_visit,empty,no_visit,empty,no_visit,empty,empty,no_visit,empty,empty,empty,no_visit,empty,non_existent,non_existent,non_existent,non_existent,non_existent,non_existent,non_existent,non_existent,non_existent,non_existent,non_existent,non_existent,non_existent,
NN,L,36,High,small,4,a,,,,NA,non_existent,empty,empty,empty,empty,empty,no_visit,empty,empty,empty,empty,no_visit,empty,empty,empty,empty,empty,empty,no_visit,empty,empty,empty,no_visit,empty,empty,empty,no_visit,empty,no_visit,empty,no_visit,empty,empty,no_visit,empty,empty,empty,no_visit,empty,non_existent,non_existent,non_existent,non_existent,non_existent,non_existent,non_existent,non_existent,non_existent,non_existent,non_existent,non_existent,non_existent,
NN,L,36,High,medium,5,a,,,,NA,non_existent,empty,empty,empty,empty,empty,no_visit,empty,empty,empty,empty,no_visit,empty,empty,empty,empty,empty,empty,no_visit,empty,empty,empty,no_visit,empty,empty,empty,no_visit,empty,no_visit,empty,no_visit,empty,empty,no_visit,empty,empty,empty,no_visit,empty,non_existent,non_existent,non_existent,non_existent,non_existent,non_existent,non_existent,non_existent,non_existent,non_existent,non_existent,non_existent,non_existent,
NN,L,36,High,small,6,a,,,,NA,non_existent,empty,empty,empty,empty,empty,no_visit,empty,empty,empty,empty,no_visit,empty,empty,empty,empty,empty,empty,no_visit,empty,empty,empty,no_visit,empty,empty,empty,no_visit,empty,no_visit,empty,no_visit,empty,empty,no_visit,empty,empty,empty,no_visit,empty,non_existent,non_existent,non_existent,non_existent,non_existent,non_existent,non_existent,non_existent,non_existent,non_existent,non_existent,non_existent,non_existent,
NN,L,36,High,large,7,a,,,,NA,non_existent,empty,empty,empty,empty,empty,no_visit,empty,empty,empty,empty,no_visit,empty,empty,empty,empty,empty,empty,no_visit,empty,empty,empty,no_visit,empty,empty,empty,no_visit,empty,no_visit,empty,no_visit,empty,empty,no_visit,empty,empty,empty,no_visit,empty,non_existent,non_existent,non_existent,non_existent,non_existent,non_existent,non_existent,non_existent,non_existent,non_existent,non_existent,non_existent,non_existent,
NN,L,36,High,small,8,a,,,,NA,non_existent,empty,empty,empty,empty,empty,no_visit,empty,empty,empty,empty,no_visit,empty,empty,empty,empty,empty,empty,no_visit,empty,empty,empty,no_visit,empty,empty,empty,no_visit,empty,no_visit,empty,no_visit,empty,empty,no_visit,empty,empty,empty,no_visit,empty,non_existent,non_existent,non_existent,non_existent,non_existent,non_existent,non_existent,non_existent,non_existent,non_existent,non_existent,non_existent,non_existent,
NN,L,36,High,medium,9,a,,,,NA,non_existent,empty,empty,empty,empty,empty,no_visit,empty,empty,empty,empty,no_visit,empty,empty,empty,empty,empty,empty,no_visit,empty,empty,empty,no_visit,empty,empty,empty,no_visit,empty,no_visit,empty,no_visit,empty,empty,no_visit,empty,empty,empty,no_visit,empty,non_existent,non_existent,non_existent,non_existent,non_existent,non_existent,non_existent,non_existent,non_existent,non_existent,non_existent,non_existent,non_existent,
NN,L,36,High,medium,10,a,,,,NA,non_existent,empty,empty,empty,empty,empty,no_visit,empty,empty,empty,empty,no_visit,empty,empty,empty,empty,empty,empty,no_visit,empty,empty,empty,no_visit,empty,empty,empty,no_visit,empty,no_visit,empty,no_visit,empty,empty,no_visit,empty,empty,empty,no_visit,empty,non_existent,non_existent,non_existent,non_existent,non_existent,non_existent,non_existent,non_existent,non_existent,non_existent,non_existent,non_existent,non_existent,
NN,L,36,High,small,11,a,,,,NA,non_existent,empty,empty,empty,empty,empty,no_visit,empty,empty,empty,empty,no_visit,empty,empty,empty,empty,empty,empty,no_visit,empty,empty,empty,no_visit,empty,empty,empty,no_visit,empty,no_visit,empty,no_visit,empty,empty,no_visit,empty,empty,empty,no_visit,empty,non_existent,non_existent,non_existent,non_existent,non_existent,non_existent,non_existent,non_existent,non_existent,non_existent,non_existent,non_existent,non_existent,
NN,L,36,High,medium,12,a,,,,NA,non_existent,empty,empty,empty,empty,empty,no_visit,empty,empty,empty,empty,no_visit,empty,empty,empty,empty,empty,empty,no_visit,empty,empty,empty,no_visit,empty,empty,empty,no_visit,empty,no_visit,empty,no_visit,empty,empty,no_visit,empty,empty,empty,no_visit,empty,non_existent,non_existent,non_existent,non_existent,non_existent,non_existent,non_existent,non_existent,non_existent,non_existent,non_existent,non_existent,non_existent,
NN,L,36,High,small,13,a,,,,NA,non_existent,empty,empty,empty,empty,empty,no_visit,empty,empty,empty,empty,no_visit,empty,empty,empty,empty,empty,empty,no_visit,empty,empty,empty,no_visit,empty,empty,empty,no_visit,empty,no_visit,empty,no_visit,empty,empty,no_visit,empty,empty,empty,no_visit,empty,non_existent,non_existent,non_existent,non_existent,non_existent,non_existent,non_existent,non_existent,non_existent,non_existent,non_existent,non_existent,non_existent,
NN,L,36,High,large,14,a,,,,NA,non_existent,empty,empty,empty,empty,empty,no_visit,empty,empty,empty,empty,no_visit,empty,empty,empty,empty,empty,empty,no_visit,empty,empty,empty,no_visit,empty,empty,empty,no_visit,empty,no_visit,empty,no_visit,empty,empty,no_visit,empty,empty,empty,no_visit,empty,non_existent,non_existent,non_existent,non_existent,non_existent,non_existent,non_existent,non_existent,non_existent,non_existent,non_existent,non_existent,non_existent,
NN,L,36,High,small,15,a,,,,NA,non_existent,empty,empty,empty,empty,empty,no_visit,empty,empty,empty,empty,no_visit,empty,empty,empty,empty,empty,empty,no_visit,empty,empty,empty,no_visit,empty,empty,empty,no_visit,empty,no_visit,empty,no_visit,empty,empty,no_visit,empty,empty,empty,no_visit,empty,non_existent,non_existent,non_existent,non_existent,non_existent,non_existent,non_existent,non_existent,non_existent,non_existent,non_existent,non_existent,non_existent,
NN,L,36,High,small,16,a,,,,NA,non_existent,empty,empty,empty,empty,empty,no_visit,empty,empty,empty,empty,no_visit,empty,empty,empty,empty,empty,empty,no_visit,empty,empty,empty,no_visit,empty,empty,empty,no_visit,empty,no_visit,empty,no_visit,empty,empty,no_visit,empty,empty,empty,no_visit,empty,non_existent,non_existent,non_existent,non_existent,non_existent,non_existent,non_existent,non_existent,non_existent,non_existent,non_existent,non_existent,non_existent,
NN,L,36,High,medium,17,a,,,,NA,non_existent,empty,empty,empty,empty,empty,no_visit,empty,empty,empty,empty,no_visit,empty,empty,empty,empty,empty,empty,no_visit,empty,empty,empty,no_visit,empty,empty,empty,no_visit,empty,no_visit,empty,no_visit,empty,empty,no_visit,empty,empty,empty,no_visit,empty,non_existent,non_existent,non_existent,non_existent,non_existent,non_existent,non_existent,non_existent,non_existent,non_existent,non_existent,non_existent,non_existent,
NN,L,36,High,small,18,a,,,,NA,non_existent,empty,empty,empty,empty,empty,no_visit,empty,empty,empty,empty,no_visit,empty,empty,empty,empty,empty,empty,no_visit,empty,empty,empty,no_visit,empty,empty,empty,no_visit,empty,no_visit,empty,no_visit,empty,empty,no_visit,empty,empty,empty,no_visit,empty,non_existent,non_existent,non_existent,non_existent,non_existent,non_existent,non_existent,non_existent,non_existent,non_existent,non_existent,non_existent,non_existent,
BP,M,37,Low,large,1,a,,,,NA,non_existent,non_existent,non_existent,non_existent,non_existent,non_existent,non_existent,non_existent,non_existent,non_existent,non_existent,non_existent,non_existent,non_existent,non_existent,non_existent,non_existent,non_existent,non_existent,non_existent,non_existent,non_existent,non_existent,non_existent,non_existent,non_existent,non_existent,non_existent,non_existent,non_existent,non_existent,non_existent,non_existent,non_existent,non_existent,empty,empty,no_visit,no_visit,empty,empty,empty,empty,empty,empty,empty,empty,empty,empty,empty,empty,empty,
BP,M,37,Low,medium,2,a,,,,NA,non_existent,non_existent,non_existent,non_existent,non_existent,non_existent,non_existent,non_existent,non_existent,non_existent,non_existent,non_existent,non_existent,non_existent,non_existent,non_existent,non_existent,non_existent,non_existent,non_existent,non_existent,non_existent,non_existent,non_existent,non_existent,non_existent,non_existent,non_existent,non_existent,non_existent,non_existent,non_existent,non_existent,non_existent,non_existent,empty,empty,no_visit,no_visit,empty,empty,empty,empty,empty,empty,empty,empty,empty,empty,empty,empty,empty,
BP,M,37,Low,medium,3,a,,,,NA,non_existent,non_existent,non_existent,non_existent,non_existent,non_existent,non_existent,non_existent,non_existent,non_existent,non_existent,non_existent,non_existent,non_existent,non_existent,non_existent,non_existent,non_existent,non_existent,non_existent,non_existent,non_existent,non_existent,non_existent,non_existent,non_existent,non_existent,non_existent,non_existent,non_existent,non_existent,non_existent,non_existent,non_existent,non_existent,empty,empty,no_visit,no_visit,empty,empty,empty,empty,empty,empty,empty,empty,empty,empty,empty,empty,empty,
BP,M,37,Low,medium,4,a,,,,NA,non_existent,non_existent,non_existent,non_existent,non_existent,non_existent,non_existent,non_existent,non_existent,non_existent,non_existent,non_existent,non_existent,non_existent,non_existent,non_existent,non_existent,non_existent,non_existent,non_existent,non_existent,non_existent,non_existent,non_existent,non_existent,non_existent,non_existent,non_existent,non_existent,non_existent,non_existent,non_existent,non_existent,non_existent,non_existent,empty,empty,no_visit,no_visit,empty,empty,empty,empty,empty,empty,empty,empty,empty,empty,empty,empty,empty,
BP,M,37,Low,medium,5,a,,,,NA,non_existent,non_existent,non_existent,non_existent,non_existent,non_existent,non_existent,non_existent,non_existent,non_existent,non_existent,non_existent,non_existent,non_existent,non_existent,non_existent,non_existent,non_existent,non_existent,non_existent,non_existent,non_existent,non_existent,non_existent,non_existent,non_existent,non_existent,non_existent,non_existent,non_existent,non_existent,non_existent,non_existent,non_existent,non_existent,empty,empty,no_visit,no_visit,empty,empty,empty,empty,empty,empty,empty,empty,empty,empty,empty,empty,empty,
BP,M,37,Low,large,6,a,,,,NA,non_existent,non_existent,non_existent,non_existent,non_existent,non_existent,non_existent,non_existent,non_existent,non_existent,non_existent,non_existent,non_existent,non_existent,non_existent,non_existent,non_existent,non_existent,non_existent,non_existent,non_existent,non_existent,non_existent,non_existent,non_existent,non_existent,non_existent,non_existent,non_existent,non_existent,non_existent,non_existent,non_existent,non_existent,non_existent,empty,empty,no_visit,no_visit,empty,empty,empty,empty,empty,empty,empty,empty,empty,empty,empty,empty,empty,
BP,M,37,Low,small,7,a,,,,NA,non_existent,non_existent,non_existent,non_existent,non_existent,non_existent,non_existent,non_existent,non_existent,non_existent,non_existent,non_existent,non_existent,non_existent,non_existent,non_existent,non_existent,non_existent,non_existent,non_existent,non_existent,non_existent,non_existent,non_existent,non_existent,non_existent,non_existent,non_existent,non_existent,non_existent,non_existent,non_existent,non_existent,non_existent,non_existent,empty,empty,no_visit,no_visit,empty,empty,empty,empty,empty,empty,empty,empty,empty,empty,empty,empty,empty,
BP,M,37,Low,medium,8,a,,,,NA,non_existent,non_existent,non_existent,non_existent,non_existent,non_existent,non_existent,non_existent,non_existent,non_existent,non_existent,non_existent,non_existent,non_existent,non_existent,non_existent,non_existent,non_existent,non_existent,non_existent,non_existent,non_existent,non_existent,non_existent,non_existent,non_existent,non_existent,non_existent,non_existent,non_existent,non_existent,non_existent,non_existent,non_existent,non_existent,empty,empty,no_visit,no_visit,empty,empty,empty,empty,empty,empty,empty,empty,empty,empty,empty,empty,empty,
BP,M,37,Low,large,9,a,,,,NA,non_existent,non_existent,non_existent,non_existent,non_existent,non_existent,non_existent,non_existent,non_existent,non_existent,non_existent,non_existent,non_existent,non_existent,non_existent,non_existent,non_existent,non_existent,non_existent,non_existent,non_existent,non_existent,non_existent,non_existent,non_existent,non_existent,non_existent,non_existent,non_existent,non_existent,non_existent,non_existent,non_existent,non_existent,non_existent,empty,empty,no_visit,no_visit,empty,empty,empty,empty,empty,empty,empty,empty,empty,empty,empty,empty,empty,
BP,M,37,Low,large,10,a,,,,NA,non_existent,non_existent,non_existent,non_existent,non_existent,non_existent,non_existent,non_existent,non_existent,non_existent,non_existent,non_existent,non_existent,non_existent,non_existent,non_existent,non_existent,non_existent,non_existent,non_existent,non_existent,non_existent,non_existent,non_existent,non_existent,non_existent,non_existent,non_existent,non_existent,non_existent,non_existent,non_existent,non_existent,non_existent,non_existent,empty,empty,no_visit,no_visit,empty,empty,empty,empty,empty,empty,empty,empty,empty,empty,empty,empty,empty,
BP,M,37,Low,medium,11,a,,,,NA,non_existent,non_existent,non_existent,non_existent,non_existent,non_existent,non_existent,non_existent,non_existent,non_existent,non_existent,non_existent,non_existent,non_existent,non_existent,non_existent,non_existent,non_existent,non_existent,non_existent,non_existent,non_existent,non_existent,non_existent,non_existent,non_existent,non_existent,non_existent,non_existent,non_existent,non_existent,non_existent,non_existent,non_existent,non_existent,empty,empty,no_visit,no_visit,empty,empty,empty,empty,empty,empty,empty,empty,empty,empty,empty,empty,empty,
BP,M,37,Low,medium,12,a,,,,NA,non_existent,non_existent,non_existent,non_existent,non_existent,non_existent,non_existent,non_existent,non_existent,non_existent,non_existent,non_existent,non_existent,non_existent,non_existent,non_existent,non_existent,non_existent,non_existent,non_existent,non_existent,non_existent,non_existent,non_existent,non_existent,non_existent,non_existent,non_existent,non_existent,non_existent,non_existent,non_existent,non_existent,non_existent,non_existent,empty,empty,no_visit,no_visit,empty,empty,empty,empty,empty,empty,empty,empty,empty,empty,empty,empty,empty,
BP,M,37,Low,medium,13,a,,,,NA,non_existent,non_existent,non_existent,non_existent,non_existent,non_existent,non_existent,non_existent,non_existent,non_existent,non_existent,non_existent,non_existent,non_existent,non_existent,non_existent,non_existent,non_existent,non_existent,non_existent,non_existent,non_existent,non_existent,non_existent,non_existent,non_existent,non_existent,non_existent,non_existent,non_existent,non_existent,non_existent,non_existent,non_existent,non_existent,empty,empty,no_visit,no_visit,empty,empty,empty,empty,empty,empty,empty,empty,empty,empty,empty,empty,empty,
BP,M,37,Low,large,14,a,,,,NA,non_existent,non_existent,non_existent,non_existent,non_existent,non_existent,non_existent,non_existent,non_existent,non_existent,non_existent,non_existent,non_existent,non_existent,non_existent,non_existent,non_existent,non_existent,non_existent,non_existent,non_existent,non_existent,non_existent,non_existent,non_existent,non_existent,non_existent,non_existent,non_existent,non_existent,non_existent,non_existent,non_existent,non_existent,non_existent,empty,empty,no_visit,no_visit,empty,empty,empty,empty,empty,empty,empty,empty,empty,empty,empty,empty,empty,
BP,M,37,Low,small,15,a,,,,NA,non_existent,non_existent,non_existent,non_existent,non_existent,non_existent,non_existent,non_existent,non_existent,non_existent,non_existent,non_existent,non_existent,non_existent,non_existent,non_existent,non_existent,non_existent,non_existent,non_existent,non_existent,non_existent,non_existent,non_existent,non_existent,non_existent,non_existent,non_existent,non_existent,non_existent,non_existent,non_existent,non_existent,non_existent,non_existent,empty,empty,no_visit,no_visit,empty,empty,empty,empty,empty,empty,empty,empty,empty,empty,empty,empty,empty,
BP,M,37,Low,medium,16,a,,,,NA,non_existent,non_existent,non_existent,non_existent,non_existent,non_existent,non_existent,non_existent,non_existent,non_existent,non_existent,non_existent,non_existent,non_existent,non_existent,non_existent,non_existent,non_existent,non_existent,non_existent,non_existent,non_existent,non_existent,non_existent,non_existent,non_existent,non_existent,non_existent,non_existent,non_existent,non_existent,non_existent,non_existent,non_existent,non_existent,empty,empty,no_visit,no_visit,empty,empty,empty,empty,empty,empty,empty,empty,empty,empty,empty,empty,empty,
BP,M,37,Low,medium,17,a,,,,NA,non_existent,non_existent,non_existent,non_existent,non_existent,non_existent,non_existent,non_existent,non_existent,non_existent,non_existent,non_existent,non_existent,non_existent,non_existent,non_existent,non_existent,non_existent,non_existent,non_existent,non_existent,non_existent,non_existent,non_existent,non_existent,non_existent,non_existent,non_existent,non_existent,non_existent,non_existent,non_existent,non_existent,non_existent,non_existent,empty,empty,no_visit,no_visit,empty,empty,empty,empty,empty,empty,empty,empty,empty,empty,empty,empty,empty,
BP,M,37,Low,large,18,a,,,,NA,non_existent,non_existent,non_existent,non_existent,non_existent,non_existent,non_existent,non_existent,non_existent,non_existent,non_existent,non_existent,non_existent,non_existent,non_existent,non_existent,non_existent,non_existent,non_existent,non_existent,non_existent,non_existent,non_existent,non_existent,non_existent,non_existent,non_existent,non_existent,non_existent,non_existent,non_existent,non_existent,non_existent,non_existent,non_existent,empty,empty,no_visit,no_visit,empty,empty,empty,empty,empty,empty,empty,empty,empty,empty,empty,empty,empty,
BP,M,38,Mid,medium,1,a,,,,NA,non_existent,non_existent,non_existent,non_existent,non_existent,non_existent,non_existent,non_existent,non_existent,non_existent,non_existent,non_existent,non_existent,non_existent,non_existent,non_existent,non_existent,non_existent,non_existent,non_existent,non_existent,non_existent,non_existent,non_existent,non_existent,non_existent,non_existent,non_existent,non_existent,non_existent,non_existent,non_existent,non_existent,non_existent,non_existent,empty,empty,no_visit,no_visit,empty,empty,empty,empty,empty,empty,empty,empty,empty,empty,empty,empty,empty,
BP,M,38,Mid,medium,2,a,,,,NA,non_existent,non_existent,non_existent,non_existent,non_existent,non_existent,non_existent,non_existent,non_existent,non_existent,non_existent,non_existent,non_existent,non_existent,non_existent,non_existent,non_existent,non_existent,non_existent,non_existent,non_existent,non_existent,non_existent,non_existent,non_existent,non_existent,non_existent,non_existent,non_existent,non_existent,non_existent,non_existent,non_existent,non_existent,non_existent,empty,empty,no_visit,no_visit,empty,empty,empty,empty,empty,empty,empty,empty,empty,empty,empty,empty,empty,
BP,M,38,Mid,large,3,a,,,,NA,non_existent,non_existent,non_existent,non_existent,non_existent,non_existent,non_existent,non_existent,non_existent,non_existent,non_existent,non_existent,non_existent,non_existent,non_existent,non_existent,non_existent,non_existent,non_existent,non_existent,non_existent,non_existent,non_existent,non_existent,non_existent,non_existent,non_existent,non_existent,non_existent,non_existent,non_existent,non_existent,non_existent,non_existent,non_existent,empty,empty,no_visit,no_visit,empty,empty,empty,empty,empty,empty,empty,empty,empty,empty,empty,empty,empty,
BP,M,38,Mid,medium,4,a,,,,NA,non_existent,non_existent,non_existent,non_existent,non_existent,non_existent,non_existent,non_existent,non_existent,non_existent,non_existent,non_existent,non_existent,non_existent,non_existent,non_existent,non_existent,non_existent,non_existent,non_existent,non_existent,non_existent,non_existent,non_existent,non_existent,non_existent,non_existent,non_existent,non_existent,non_existent,non_existent,non_existent,non_existent,non_existent,non_existent,empty,empty,no_visit,no_visit,empty,empty,empty,empty,empty,empty,empty,empty,empty,empty,empty,empty,empty,
BP,M,38,Mid,large,5,a,,,,NA,non_existent,non_existent,non_existent,non_existent,non_existent,non_existent,non_existent,non_existent,non_existent,non_existent,non_existent,non_existent,non_existent,non_existent,non_existent,non_existent,non_existent,non_existent,non_existent,non_existent,non_existent,non_existent,non_existent,non_existent,non_existent,non_existent,non_existent,non_existent,non_existent,non_existent,non_existent,non_existent,non_existent,non_existent,non_existent,empty,empty,no_visit,no_visit,empty,empty,empty,empty,empty,empty,empty,empty,empty,empty,empty,empty,empty,
BP,M,38,Mid,small,6,a,,,,NA,non_existent,non_existent,non_existent,non_existent,non_existent,non_existent,non_existent,non_existent,non_existent,non_existent,non_existent,non_existent,non_existent,non_existent,non_existent,non_existent,non_existent,non_existent,non_existent,non_existent,non_existent,non_existent,non_existent,non_existent,non_existent,non_existent,non_existent,non_existent,non_existent,non_existent,non_existent,non_existent,non_existent,non_existent,non_existent,empty,empty,no_visit,no_visit,empty,empty,empty,empty,empty,empty,empty,empty,empty,empty,empty,empty,empty,
BP,M,38,Mid,large,7,a,,,,NA,non_existent,non_existent,non_existent,non_existent,non_existent,non_existent,non_existent,non_existent,non_existent,non_existent,non_existent,non_existent,non_existent,non_existent,non_existent,non_existent,non_existent,non_existent,non_existent,non_existent,non_existent,non_existent,non_existent,non_existent,non_existent,non_existent,non_existent,non_existent,non_existent,non_existent,non_existent,non_existent,non_existent,non_existent,non_existent,empty,empty,no_visit,no_visit,empty,empty,empty,empty,empty,empty,empty,empty,empty,empty,empty,empty,empty,
BP,M,38,Mid,medium,8,a,,,,NA,non_existent,non_existent,non_existent,non_existent,non_existent,non_existent,non_existent,non_existent,non_existent,non_existent,non_existent,non_existent,non_existent,non_existent,non_existent,non_existent,non_existent,non_existent,non_existent,non_existent,non_existent,non_existent,non_existent,non_existent,non_existent,non_existent,non_existent,non_existent,non_existent,non_existent,non_existent,non_existent,non_existent,non_existent,non_existent,empty,empty,no_visit,no_visit,empty,empty,empty,empty,empty,empty,empty,empty,empty,empty,empty,empty,empty,
BP,M,38,Mid,medium,9,a,,,,NA,non_existent,non_existent,non_existent,non_existent,non_existent,non_existent,non_existent,non_existent,non_existent,non_existent,non_existent,non_existent,non_existent,non_existent,non_existent,non_existent,non_existent,non_existent,non_existent,non_existent,non_existent,non_existent,non_existent,non_existent,non_existent,non_existent,non_existent,non_existent,non_existent,non_existent,non_existent,non_existent,non_existent,non_existent,non_existent,empty,empty,no_visit,no_visit,empty,empty,empty,empty,empty,empty,empty,empty,empty,empty,empty,empty,empty,
BP,M,38,Mid,large,10,a,,,,NA,non_existent,non_existent,non_existent,non_existent,non_existent,non_existent,non_existent,non_existent,non_existent,non_existent,non_existent,non_existent,non_existent,non_existent,non_existent,non_existent,non_existent,non_existent,non_existent,non_existent,non_existent,non_existent,non_existent,non_existent,non_existent,non_existent,non_existent,non_existent,non_existent,non_existent,non_existent,non_existent,non_existent,non_existent,non_existent,empty,empty,no_visit,no_visit,empty,empty,empty,empty,empty,empty,empty,empty,empty,empty,empty,empty,empty,
BP,M,38,Mid,medium,11,a,,,,NA,non_existent,non_existent,non_existent,non_existent,non_existent,non_existent,non_existent,non_existent,non_existent,non_existent,non_existent,non_existent,non_existent,non_existent,non_existent,non_existent,non_existent,non_existent,non_existent,non_existent,non_existent,non_existent,non_existent,non_existent,non_existent,non_existent,non_existent,non_existent,non_existent,non_existent,non_existent,non_existent,non_existent,non_existent,non_existent,empty,empty,no_visit,no_visit,empty,empty,empty,empty,empty,empty,empty,empty,empty,empty,empty,empty,empty,
BP,M,38,Mid,medium,12,a,,,,NA,non_existent,non_existent,non_existent,non_existent,non_existent,non_existent,non_existent,non_existent,non_existent,non_existent,non_existent,non_existent,non_existent,non_existent,non_existent,non_existent,non_existent,non_existent,non_existent,non_existent,non_existent,non_existent,non_existent,non_existent,non_existent,non_existent,non_existent,non_existent,non_existent,non_existent,non_existent,non_existent,non_existent,non_existent,non_existent,empty,empty,no_visit,no_visit,empty,empty,empty,empty,empty,empty,empty,empty,empty,empty,empty,empty,empty,
BP,M,38,Mid,medium,13,a,,,,NA,non_existent,non_existent,non_existent,non_existent,non_existent,non_existent,non_existent,non_existent,non_existent,non_existent,non_existent,non_existent,non_existent,non_existent,non_existent,non_existent,non_existent,non_existent,non_existent,non_existent,non_existent,non_existent,non_existent,non_existent,non_existent,non_existent,non_existent,non_existent,non_existent,non_existent,non_existent,non_existent,non_existent,non_existent,non_existent,empty,empty,no_visit,no_visit,empty,empty,empty,empty,empty,empty,empty,empty,empty,empty,empty,empty,empty,
BP,M,38,Mid,small,14,a,,,,NA,non_existent,non_existent,non_existent,non_existent,non_existent,non_existent,non_existent,non_existent,non_existent,non_existent,non_existent,non_existent,non_existent,non_existent,non_existent,non_existent,non_existent,non_existent,non_existent,non_existent,non_existent,non_existent,non_existent,non_existent,non_existent,non_existent,non_existent,non_existent,non_existent,non_existent,non_existent,non_existent,non_existent,non_existent,non_existent,empty,empty,no_visit,no_visit,empty,empty,empty,empty,empty,empty,empty,empty,empty,empty,empty,empty,empty,
BP,M,38,Mid,large,15,a,,,,NA,non_existent,non_existent,non_existent,non_existent,non_existent,non_existent,non_existent,non_existent,non_existent,non_existent,non_existent,non_existent,non_existent,non_existent,non_existent,non_existent,non_existent,non_existent,non_existent,non_existent,non_existent,non_existent,non_existent,non_existent,non_existent,non_existent,non_existent,non_existent,non_existent,non_existent,non_existent,non_existent,non_existent,non_existent,non_existent,empty,empty,no_visit,no_visit,empty,empty,empty,empty,empty,empty,empty,empty,empty,empty,empty,empty,empty,
BP,M,38,Mid,large,16,a,,,,NA,non_existent,non_existent,non_existent,non_existent,non_existent,non_existent,non_existent,non_existent,non_existent,non_existent,non_existent,non_existent,non_existent,non_existent,non_existent,non_existent,non_existent,non_existent,non_existent,non_existent,non_existent,non_existent,non_existent,non_existent,non_existent,non_existent,non_existent,non_existent,non_existent,non_existent,non_existent,non_existent,non_existent,non_existent,non_existent,empty,empty,no_visit,no_visit,empty,empty,empty,empty,empty,empty,empty,empty,empty,empty,empty,empty,empty,
BP,M,38,Mid,small,17,a,,,,NA,non_existent,non_existent,non_existent,non_existent,non_existent,non_existent,non_existent,non_existent,non_existent,non_existent,non_existent,non_existent,non_existent,non_existent,non_existent,non_existent,non_existent,non_existent,non_existent,non_existent,non_existent,non_existent,non_existent,non_existent,non_existent,non_existent,non_existent,non_existent,non_existent,non_existent,non_existent,non_existent,non_existent,non_existent,non_existent,empty,empty,no_visit,no_visit,empty,empty,empty,empty,empty,empty,empty,empty,empty,empty,empty,empty,empty,
BP,M,38,Mid,small,18,a,,,,NA,non_existent,non_existent,non_existent,non_existent,non_existent,non_existent,non_existent,non_existent,non_existent,non_existent,non_existent,non_existent,non_existent,non_existent,non_existent,non_existent,non_existent,non_existent,non_existent,non_existent,non_existent,non_existent,non_existent,non_existent,non_existent,non_existent,non_existent,non_existent,non_existent,non_existent,non_existent,non_existent,non_existent,non_existent,non_existent,empty,empty,no_visit,no_visit,empty,empty,empty,empty,empty,empty,empty,empty,empty,empty,empty,empty,empty,
BP,M,39,High,medium,1,a,,,,NA,non_existent,non_existent,non_existent,non_existent,non_existent,non_existent,non_existent,non_existent,non_existent,non_existent,non_existent,non_existent,non_existent,non_existent,non_existent,non_existent,non_existent,non_existent,non_existent,non_existent,non_existent,non_existent,non_existent,non_existent,non_existent,non_existent,non_existent,non_existent,non_existent,non_existent,non_existent,non_existent,non_existent,non_existent,non_existent,empty,empty,no_visit,no_visit,empty,empty,empty,empty,empty,empty,empty,empty,empty,empty,empty,empty,empty,
BP,M,39,High,small,2,a,,,,NA,non_existent,non_existent,non_existent,non_existent,non_existent,non_existent,non_existent,non_existent,non_existent,non_existent,non_existent,non_existent,non_existent,non_existent,non_existent,non_existent,non_existent,non_existent,non_existent,non_existent,non_existent,non_existent,non_existent,non_existent,non_existent,non_existent,non_existent,non_existent,non_existent,non_existent,non_existent,non_existent,non_existent,non_existent,non_existent,empty,empty,no_visit,no_visit,empty,empty,empty,empty,empty,empty,empty,empty,empty,empty,empty,empty,empty,
BP,M,39,High,large,3,a,,,,NA,non_existent,non_existent,non_existent,non_existent,non_existent,non_existent,non_existent,non_existent,non_existent,non_existent,non_existent,non_existent,non_existent,non_existent,non_existent,non_existent,non_existent,non_existent,non_existent,non_existent,non_existent,non_existent,non_existent,non_existent,non_existent,non_existent,non_existent,non_existent,non_existent,non_existent,non_existent,non_existent,non_existent,non_existent,non_existent,empty,empty,no_visit,no_visit,empty,empty,empty,empty,empty,empty,empty,empty,empty,empty,empty,empty,empty,
BP,M,39,High,medium,4,a,,,,NA,non_existent,non_existent,non_existent,non_existent,non_existent,non_existent,non_existent,non_existent,non_existent,non_existent,non_existent,non_existent,non_existent,non_existent,non_existent,non_existent,non_existent,non_existent,non_existent,non_existent,non_existent,non_existent,non_existent,non_existent,non_existent,non_existent,non_existent,non_existent,non_existent,non_existent,non_existent,non_existent,non_existent,non_existent,non_existent,empty,empty,no_visit,no_visit,empty,empty,empty,empty,empty,empty,empty,empty,empty,empty,empty,empty,empty,
BP,M,39,High,large,5,a,,,,NA,non_existent,non_existent,non_existent,non_existent,non_existent,non_existent,non_existent,non_existent,non_existent,non_existent,non_existent,non_existent,non_existent,non_existent,non_existent,non_existent,non_existent,non_existent,non_existent,non_existent,non_existent,non_existent,non_existent,non_existent,non_existent,non_existent,non_existent,non_existent,non_existent,non_existent,non_existent,non_existent,non_existent,non_existent,non_existent,empty,empty,no_visit,no_visit,empty,empty,empty,empty,empty,empty,empty,empty,empty,empty,empty,empty,empty,
BP,M,39,High,large,6,a,,,,NA,non_existent,non_existent,non_existent,non_existent,non_existent,non_existent,non_existent,non_existent,non_existent,non_existent,non_existent,non_existent,non_existent,non_existent,non_existent,non_existent,non_existent,non_existent,non_existent,non_existent,non_existent,non_existent,non_existent,non_existent,non_existent,non_existent,non_existent,non_existent,non_existent,non_existent,non_existent,non_existent,non_existent,non_existent,non_existent,empty,empty,no_visit,no_visit,empty,empty,empty,empty,empty,empty,empty,empty,empty,empty,empty,empty,empty,
BP,M,39,High,medium,7,a,,,,NA,non_existent,non_existent,non_existent,non_existent,non_existent,non_existent,non_existent,non_existent,non_existent,non_existent,non_existent,non_existent,non_existent,non_existent,non_existent,non_existent,non_existent,non_existent,non_existent,non_existent,non_existent,non_existent,non_existent,non_existent,non_existent,non_existent,non_existent,non_existent,non_existent,non_existent,non_existent,non_existent,non_existent,non_existent,non_existent,empty,empty,no_visit,no_visit,empty,empty,empty,empty,empty,empty,empty,empty,empty,empty,empty,empty,empty,
BP,M,39,High,medium,8,a,,,,NA,non_existent,non_existent,non_existent,non_existent,non_existent,non_existent,non_existent,non_existent,non_existent,non_existent,non_existent,non_existent,non_existent,non_existent,non_existent,non_existent,non_existent,non_existent,non_existent,non_existent,non_existent,non_existent,non_existent,non_existent,non_existent,non_existent,non_existent,non_existent,non_existent,non_existent,non_existent,non_existent,non_existent,non_existent,non_existent,empty,empty,no_visit,no_visit,empty,empty,empty,empty,empty,empty,empty,empty,empty,empty,empty,empty,empty,
BP,M,39,High,medium,9,a,,,,NA,non_existent,non_existent,non_existent,non_existent,non_existent,non_existent,non_existent,non_existent,non_existent,non_existent,non_existent,non_existent,non_existent,non_existent,non_existent,non_existent,non_existent,non_existent,non_existent,non_existent,non_existent,non_existent,non_existent,non_existent,non_existent,non_existent,non_existent,non_existent,non_existent,non_existent,non_existent,non_existent,non_existent,non_existent,non_existent,empty,empty,no_visit,no_visit,empty,empty,empty,empty,empty,empty,empty,empty,empty,empty,empty,empty,empty,
BP,M,39,High,large,10,a,,,,NA,non_existent,non_existent,non_existent,non_existent,non_existent,non_existent,non_existent,non_existent,non_existent,non_existent,non_existent,non_existent,non_existent,non_existent,non_existent,non_existent,non_existent,non_existent,non_existent,non_existent,non_existent,non_existent,non_existent,non_existent,non_existent,non_existent,non_existent,non_existent,non_existent,non_existent,non_existent,non_existent,non_existent,non_existent,non_existent,empty,empty,no_visit,no_visit,empty,empty,empty,empty,empty,empty,empty,empty,empty,empty,empty,empty,empty,
BP,M,39,High,medium,11,a,,,,NA,non_existent,non_existent,non_existent,non_existent,non_existent,non_existent,non_existent,non_existent,non_existent,non_existent,non_existent,non_existent,non_existent,non_existent,non_existent,non_existent,non_existent,non_existent,non_existent,non_existent,non_existent,non_existent,non_existent,non_existent,non_existent,non_existent,non_existent,non_existent,non_existent,non_existent,non_existent,non_existent,non_existent,non_existent,non_existent,empty,empty,no_visit,no_visit,empty,empty,empty,empty,empty,empty,empty,empty,empty,empty,empty,empty,empty,
BP,M,39,High,medium,12,a,,,,NA,non_existent,non_existent,non_existent,non_existent,non_existent,non_existent,non_existent,non_existent,non_existent,non_existent,non_existent,non_existent,non_existent,non_existent,non_existent,non_existent,non_existent,non_existent,non_existent,non_existent,non_existent,non_existent,non_existent,non_existent,non_existent,non_existent,non_existent,non_existent,non_existent,non_existent,non_existent,non_existent,non_existent,non_existent,non_existent,empty,empty,no_visit,no_visit,empty,empty,empty,empty,empty,empty,empty,empty,empty,empty,empty,empty,empty,
BP,M,39,High,large,13,a,,,,NA,non_existent,non_existent,non_existent,non_existent,non_existent,non_existent,non_existent,non_existent,non_existent,non_existent,non_existent,non_existent,non_existent,non_existent,non_existent,non_existent,non_existent,non_existent,non_existent,non_existent,non_existent,non_existent,non_existent,non_existent,non_existent,non_existent,non_existent,non_existent,non_existent,non_existent,non_existent,non_existent,non_existent,non_existent,non_existent,empty,empty,no_visit,no_visit,empty,empty,empty,empty,empty,empty,empty,empty,empty,empty,empty,empty,empty,
BP,M,39,High,small,14,a,,,,NA,non_existent,non_existent,non_existent,non_existent,non_existent,non_existent,non_existent,non_existent,non_existent,non_existent,non_existent,non_existent,non_existent,non_existent,non_existent,non_existent,non_existent,non_existent,non_existent,non_existent,non_existent,non_existent,non_existent,non_existent,non_existent,non_existent,non_existent,non_existent,non_existent,non_existent,non_existent,non_existent,non_existent,non_existent,non_existent,empty,empty,no_visit,no_visit,empty,empty,empty,empty,empty,empty,empty,empty,empty,empty,empty,empty,empty,
BP,M,39,High,medium,15,a,,,,NA,non_existent,non_existent,non_existent,non_existent,non_existent,non_existent,non_existent,non_existent,non_existent,non_existent,non_existent,non_existent,non_existent,non_existent,non_existent,non_existent,non_existent,non_existent,non_existent,non_existent,non_existent,non_existent,non_existent,non_existent,non_existent,non_existent,non_existent,non_existent,non_existent,non_existent,non_existent,non_existent,non_existent,non_existent,non_existent,empty,empty,no_visit,no_visit,empty,empty,empty,empty,empty,empty,empty,empty,empty,empty,empty,empty,empty,
BP,M,39,High,medium,16,a,,,,NA,non_existent,non_existent,non_existent,non_existent,non_existent,non_existent,non_existent,non_existent,non_existent,non_existent,non_existent,non_existent,non_existent,non_existent,non_existent,non_existent,non_existent,non_existent,non_existent,non_existent,non_existent,non_existent,non_existent,non_existent,non_existent,non_existent,non_existent,non_existent,non_existent,non_existent,non_existent,non_existent,non_existent,non_existent,non_existent,empty,empty,no_visit,no_visit,empty,empty,empty,empty,empty,empty,empty,empty,empty,empty,empty,empty,empty,
BP,M,39,High,medium,17,a,,,,NA,non_existent,non_existent,non_existent,non_existent,non_existent,non_existent,non_existent,non_existent,non_existent,non_existent,non_existent,non_existent,non_existent,non_existent,non_existent,non_existent,non_existent,non_existent,non_existent,non_existent,non_existent,non_existent,non_existent,non_existent,non_existent,non_existent,non_existent,non_existent,non_existent,non_existent,non_existent,non_existent,non_existent,non_existent,non_existent,empty,empty,no_visit,no_visit,empty,empty,empty,empty,empty,empty,empty,empty,empty,empty,empty,empty,empty,
BP,M,39,High,large,18,a,,,,NA,non_existent,non_existent,non_existent,non_existent,non_existent,non_existent,non_existent,non_existent,non_existent,non_existent,non_existent,non_existent,non_existent,non_existent,non_existent,non_existent,non_existent,non_existent,non_existent,non_existent,non_existent,non_existent,non_existent,non_existent,non_existent,non_existent,non_existent,non_existent,non_existent,non_existent,non_existent,non_existent,non_existent,non_existent,non_existent,empty,empty,no_visit,no_visit,empty,empty,empty,empty,empty,empty,empty,empty,empty,empty,empty,empty,empty,
BP,N,40,Low,large,1,a,,,,NA,non_existent,non_existent,non_existent,non_existent,non_existent,non_existent,non_existent,non_existent,non_existent,non_existent,non_existent,non_existent,non_existent,non_existent,non_existent,non_existent,non_existent,non_existent,non_existent,non_existent,non_existent,non_existent,non_existent,non_existent,non_existent,non_existent,non_existent,non_existent,non_existent,non_existent,non_existent,non_existent,non_existent,non_existent,non_existent,empty,empty,no_visit,no_visit,empty,empty,empty,empty,empty,empty,empty,empty,empty,empty,empty,empty,empty,
BP,N,40,Low,medium,2,a,,,,NA,non_existent,non_existent,non_existent,non_existent,non_existent,non_existent,non_existent,non_existent,non_existent,non_existent,non_existent,non_existent,non_existent,non_existent,non_existent,non_existent,non_existent,non_existent,non_existent,non_existent,non_existent,non_existent,non_existent,non_existent,non_existent,non_existent,non_existent,non_existent,non_existent,non_existent,non_existent,non_existent,non_existent,non_existent,non_existent,empty,empty,no_visit,no_visit,empty,empty,empty,empty,empty,empty,empty,empty,empty,empty,empty,empty,empty,
BP,N,40,Low,small,3,a,,,,NA,non_existent,non_existent,non_existent,non_existent,non_existent,non_existent,non_existent,non_existent,non_existent,non_existent,non_existent,non_existent,non_existent,non_existent,non_existent,non_existent,non_existent,non_existent,non_existent,non_existent,non_existent,non_existent,non_existent,non_existent,non_existent,non_existent,non_existent,non_existent,non_existent,non_existent,non_existent,non_existent,non_existent,non_existent,non_existent,empty,empty,no_visit,no_visit,empty,empty,empty,empty,empty,empty,empty,empty,empty,empty,empty,empty,empty,
BP,N,40,Low,large,4,a,,,,NA,non_existent,non_existent,non_existent,non_existent,non_existent,non_existent,non_existent,non_existent,non_existent,non_existent,non_existent,non_existent,non_existent,non_existent,non_existent,non_existent,non_existent,non_existent,non_existent,non_existent,non_existent,non_existent,non_existent,non_existent,non_existent,non_existent,non_existent,non_existent,non_existent,non_existent,non_existent,non_existent,non_existent,non_existent,non_existent,empty,empty,no_visit,no_visit,empty,empty,empty,empty,empty,empty,empty,empty,empty,empty,empty,empty,empty,
BP,N,40,Low,medium,5,a,,,,NA,non_existent,non_existent,non_existent,non_existent,non_existent,non_existent,non_existent,non_existent,non_existent,non_existent,non_existent,non_existent,non_existent,non_existent,non_existent,non_existent,non_existent,non_existent,non_existent,non_existent,non_existent,non_existent,non_existent,non_existent,non_existent,non_existent,non_existent,non_existent,non_existent,non_existent,non_existent,non_existent,non_existent,non_existent,non_existent,empty,empty,no_visit,no_visit,empty,empty,empty,empty,empty,empty,empty,empty,empty,empty,empty,empty,empty,
BP,N,40,Low,medium,6,a,,,,NA,non_existent,non_existent,non_existent,non_existent,non_existent,non_existent,non_existent,non_existent,non_existent,non_existent,non_existent,non_existent,non_existent,non_existent,non_existent,non_existent,non_existent,non_existent,non_existent,non_existent,non_existent,non_existent,non_existent,non_existent,non_existent,non_existent,non_existent,non_existent,non_existent,non_existent,non_existent,non_existent,non_existent,non_existent,non_existent,empty,empty,no_visit,no_visit,empty,empty,empty,empty,empty,empty,empty,empty,empty,empty,empty,empty,empty,
BP,N,40,Low,medium,7,a,,,,NA,non_existent,non_existent,non_existent,non_existent,non_existent,non_existent,non_existent,non_existent,non_existent,non_existent,non_existent,non_existent,non_existent,non_existent,non_existent,non_existent,non_existent,non_existent,non_existent,non_existent,non_existent,non_existent,non_existent,non_existent,non_existent,non_existent,non_existent,non_existent,non_existent,non_existent,non_existent,non_existent,non_existent,non_existent,non_existent,empty,empty,no_visit,no_visit,empty,empty,empty,empty,empty,empty,empty,empty,empty,empty,empty,empty,empty,
BP,N,40,Low,medium,8,a,,,,NA,non_existent,non_existent,non_existent,non_existent,non_existent,non_existent,non_existent,non_existent,non_existent,non_existent,non_existent,non_existent,non_existent,non_existent,non_existent,non_existent,non_existent,non_existent,non_existent,non_existent,non_existent,non_existent,non_existent,non_existent,non_existent,non_existent,non_existent,non_existent,non_existent,non_existent,non_existent,non_existent,non_existent,non_existent,non_existent,empty,empty,no_visit,no_visit,empty,empty,empty,empty,empty,empty,empty,empty,empty,empty,empty,empty,empty,
BP,N,40,Low,large,9,a,,,,NA,non_existent,non_existent,non_existent,non_existent,non_existent,non_existent,non_existent,non_existent,non_existent,non_existent,non_existent,non_existent,non_existent,non_existent,non_existent,non_existent,non_existent,non_existent,non_existent,non_existent,non_existent,non_existent,non_existent,non_existent,non_existent,non_existent,non_existent,non_existent,non_existent,non_existent,non_existent,non_existent,non_existent,non_existent,non_existent,empty,empty,no_visit,no_visit,empty,empty,empty,empty,empty,empty,empty,empty,empty,empty,empty,empty,empty,
BP,N,40,Low,large,10,a,,,,NA,non_existent,non_existent,non_existent,non_existent,non_existent,non_existent,non_existent,non_existent,non_existent,non_existent,non_existent,non_existent,non_existent,non_existent,non_existent,non_existent,non_existent,non_existent,non_existent,non_existent,non_existent,non_existent,non_existent,non_existent,non_existent,non_existent,non_existent,non_existent,non_existent,non_existent,non_existent,non_existent,non_existent,non_existent,non_existent,empty,empty,no_visit,no_visit,empty,empty,empty,empty,empty,empty,empty,empty,empty,empty,empty,empty,empty,
BP,N,40,Low,medium,11,a,,,,NA,non_existent,non_existent,non_existent,non_existent,non_existent,non_existent,non_existent,non_existent,non_existent,non_existent,non_existent,non_existent,non_existent,non_existent,non_existent,non_existent,non_existent,non_existent,non_existent,non_existent,non_existent,non_existent,non_existent,non_existent,non_existent,non_existent,non_existent,non_existent,non_existent,non_existent,non_existent,non_existent,non_existent,non_existent,non_existent,empty,empty,no_visit,no_visit,empty,empty,empty,empty,empty,empty,empty,empty,empty,empty,empty,empty,empty,
BP,N,40,Low,medium,12,a,,,,NA,non_existent,non_existent,non_existent,non_existent,non_existent,non_existent,non_existent,non_existent,non_existent,non_existent,non_existent,non_existent,non_existent,non_existent,non_existent,non_existent,non_existent,non_existent,non_existent,non_existent,non_existent,non_existent,non_existent,non_existent,non_existent,non_existent,non_existent,non_existent,non_existent,non_existent,non_existent,non_existent,non_existent,non_existent,non_existent,empty,empty,no_visit,no_visit,empty,empty,empty,empty,empty,empty,empty,empty,empty,empty,empty,empty,empty,
BP,N,40,Low,small,13,a,,,,NA,non_existent,non_existent,non_existent,non_existent,non_existent,non_existent,non_existent,non_existent,non_existent,non_existent,non_existent,non_existent,non_existent,non_existent,non_existent,non_existent,non_existent,non_existent,non_existent,non_existent,non_existent,non_existent,non_existent,non_existent,non_existent,non_existent,non_existent,non_existent,non_existent,non_existent,non_existent,non_existent,non_existent,non_existent,non_existent,empty,empty,no_visit,no_visit,empty,empty,empty,empty,empty,empty,empty,empty,empty,empty,empty,empty,empty,
BP,N,40,Low,medium,14,a,,,,NA,non_existent,non_existent,non_existent,non_existent,non_existent,non_existent,non_existent,non_existent,non_existent,non_existent,non_existent,non_existent,non_existent,non_existent,non_existent,non_existent,non_existent,non_existent,non_existent,non_existent,non_existent,non_existent,non_existent,non_existent,non_existent,non_existent,non_existent,non_existent,non_existent,non_existent,non_existent,non_existent,non_existent,non_existent,non_existent,empty,empty,no_visit,no_visit,empty,empty,empty,empty,empty,empty,empty,empty,empty,empty,empty,empty,empty,
BP,N,40,Low,large,15,a,,,,NA,non_existent,non_existent,non_existent,non_existent,non_existent,non_existent,non_existent,non_existent,non_existent,non_existent,non_existent,non_existent,non_existent,non_existent,non_existent,non_existent,non_existent,non_existent,non_existent,non_existent,non_existent,non_existent,non_existent,non_existent,non_existent,non_existent,non_existent,non_existent,non_existent,non_existent,non_existent,non_existent,non_existent,non_existent,non_existent,empty,empty,no_visit,no_visit,empty,empty,empty,empty,empty,empty,empty,empty,empty,empty,empty,empty,empty,
BP,N,40,Low,medium,16,a,,,,NA,non_existent,non_existent,non_existent,non_existent,non_existent,non_existent,non_existent,non_existent,non_existent,non_existent,non_existent,non_existent,non_existent,non_existent,non_existent,non_existent,non_existent,non_existent,non_existent,non_existent,non_existent,non_existent,non_existent,non_existent,non_existent,non_existent,non_existent,non_existent,non_existent,non_existent,non_existent,non_existent,non_existent,non_existent,non_existent,empty,empty,no_visit,no_visit,empty,empty,empty,empty,empty,empty,empty,empty,empty,empty,empty,empty,empty,
BP,N,40,Low,medium,17,a,,,,NA,non_existent,non_existent,non_existent,non_existent,non_existent,non_existent,non_existent,non_existent,non_existent,non_existent,non_existent,non_existent,non_existent,non_existent,non_existent,non_existent,non_existent,non_existent,non_existent,non_existent,non_existent,non_existent,non_existent,non_existent,non_existent,non_existent,non_existent,non_existent,non_existent,non_existent,non_existent,non_existent,non_existent,non_existent,non_existent,empty,empty,no_visit,no_visit,empty,empty,empty,empty,empty,empty,empty,empty,empty,empty,empty,empty,empty,
BP,N,40,Low,large,18,a,,,,NA,non_existent,non_existent,non_existent,non_existent,non_existent,non_existent,non_existent,non_existent,non_existent,non_existent,non_existent,non_existent,non_existent,non_existent,non_existent,non_existent,non_existent,non_existent,non_existent,non_existent,non_existent,non_existent,non_existent,non_existent,non_existent,non_existent,non_existent,non_existent,non_existent,non_existent,non_existent,non_existent,non_existent,non_existent,non_existent,empty,empty,no_visit,no_visit,empty,empty,empty,empty,empty,empty,empty,empty,empty,empty,empty,empty,empty,
BP,N,41,Mid,large,1,a,,,,NA,non_existent,non_existent,non_existent,non_existent,non_existent,non_existent,non_existent,non_existent,non_existent,non_existent,non_existent,non_existent,non_existent,non_existent,non_existent,non_existent,non_existent,non_existent,non_existent,non_existent,non_existent,non_existent,non_existent,non_existent,non_existent,non_existent,non_existent,non_existent,non_existent,non_existent,non_existent,non_existent,non_existent,non_existent,non_existent,empty,empty,no_visit,no_visit,empty,empty,empty,empty,empty,empty,empty,empty,empty,empty,empty,empty,empty,
BP,N,41,Mid,medium,2,a,,,,NA,non_existent,non_existent,non_existent,non_existent,non_existent,non_existent,non_existent,non_existent,non_existent,non_existent,non_existent,non_existent,non_existent,non_existent,non_existent,non_existent,non_existent,non_existent,non_existent,non_existent,non_existent,non_existent,non_existent,non_existent,non_existent,non_existent,non_existent,non_existent,non_existent,non_existent,non_existent,non_existent,non_existent,non_existent,non_existent,empty,empty,no_visit,no_visit,empty,empty,empty,empty,empty,empty,empty,empty,empty,empty,empty,empty,empty,
BP,N,41,Mid,medium,3,a,,,,NA,non_existent,non_existent,non_existent,non_existent,non_existent,non_existent,non_existent,non_existent,non_existent,non_existent,non_existent,non_existent,non_existent,non_existent,non_existent,non_existent,non_existent,non_existent,non_existent,non_existent,non_existent,non_existent,non_existent,non_existent,non_existent,non_existent,non_existent,non_existent,non_existent,non_existent,non_existent,non_existent,non_existent,non_existent,non_existent,empty,empty,no_visit,no_visit,empty,empty,empty,empty,empty,empty,empty,empty,empty,empty,empty,empty,empty,
BP,N,41,Mid,medium,4,a,,,,NA,non_existent,non_existent,non_existent,non_existent,non_existent,non_existent,non_existent,non_existent,non_existent,non_existent,non_existent,non_existent,non_existent,non_existent,non_existent,non_existent,non_existent,non_existent,non_existent,non_existent,non_existent,non_existent,non_existent,non_existent,non_existent,non_existent,non_existent,non_existent,non_existent,non_existent,non_existent,non_existent,non_existent,non_existent,non_existent,empty,empty,no_visit,no_visit,empty,empty,empty,empty,empty,empty,empty,empty,empty,empty,empty,empty,empty,
BP,N,41,Mid,small,5,a,,,,NA,non_existent,non_existent,non_existent,non_existent,non_existent,non_existent,non_existent,non_existent,non_existent,non_existent,non_existent,non_existent,non_existent,non_existent,non_existent,non_existent,non_existent,non_existent,non_existent,non_existent,non_existent,non_existent,non_existent,non_existent,non_existent,non_existent,non_existent,non_existent,non_existent,non_existent,non_existent,non_existent,non_existent,non_existent,non_existent,empty,empty,no_visit,no_visit,empty,empty,empty,empty,empty,empty,empty,empty,empty,empty,empty,empty,empty,
BP,N,41,Mid,medium,6,a,,,,NA,non_existent,non_existent,non_existent,non_existent,non_existent,non_existent,non_existent,non_existent,non_existent,non_existent,non_existent,non_existent,non_existent,non_existent,non_existent,non_existent,non_existent,non_existent,non_existent,non_existent,non_existent,non_existent,non_existent,non_existent,non_existent,non_existent,non_existent,non_existent,non_existent,non_existent,non_existent,non_existent,non_existent,non_existent,non_existent,empty,empty,no_visit,no_visit,empty,empty,empty,empty,empty,empty,empty,empty,empty,empty,empty,empty,empty,
BP,N,41,Mid,large,7,a,,,,NA,non_existent,non_existent,non_existent,non_existent,non_existent,non_existent,non_existent,non_existent,non_existent,non_existent,non_existent,non_existent,non_existent,non_existent,non_existent,non_existent,non_existent,non_existent,non_existent,non_existent,non_existent,non_existent,non_existent,non_existent,non_existent,non_existent,non_existent,non_existent,non_existent,non_existent,non_existent,non_existent,non_existent,non_existent,non_existent,empty,empty,no_visit,no_visit,empty,empty,empty,empty,empty,empty,empty,empty,empty,empty,empty,empty,empty,
BP,N,41,Mid,medium,8,a,,,,NA,non_existent,non_existent,non_existent,non_existent,non_existent,non_existent,non_existent,non_existent,non_existent,non_existent,non_existent,non_existent,non_existent,non_existent,non_existent,non_existent,non_existent,non_existent,non_existent,non_existent,non_existent,non_existent,non_existent,non_existent,non_existent,non_existent,non_existent,non_existent,non_existent,non_existent,non_existent,non_existent,non_existent,non_existent,non_existent,empty,empty,no_visit,no_visit,empty,empty,empty,empty,empty,empty,empty,empty,empty,empty,empty,empty,empty,
BP,N,41,Mid,large,9,a,,,,NA,non_existent,non_existent,non_existent,non_existent,non_existent,non_existent,non_existent,non_existent,non_existent,non_existent,non_existent,non_existent,non_existent,non_existent,non_existent,non_existent,non_existent,non_existent,non_existent,non_existent,non_existent,non_existent,non_existent,non_existent,non_existent,non_existent,non_existent,non_existent,non_existent,non_existent,non_existent,non_existent,non_existent,non_existent,non_existent,empty,empty,no_visit,no_visit,empty,empty,empty,empty,empty,empty,empty,empty,empty,empty,empty,empty,empty,
BP,N,41,Mid,small,10,a,,,,NA,non_existent,non_existent,non_existent,non_existent,non_existent,non_existent,non_existent,non_existent,non_existent,non_existent,non_existent,non_existent,non_existent,non_existent,non_existent,non_existent,non_existent,non_existent,non_existent,non_existent,non_existent,non_existent,non_existent,non_existent,non_existent,non_existent,non_existent,non_existent,non_existent,non_existent,non_existent,non_existent,non_existent,non_existent,non_existent,empty,empty,no_visit,no_visit,empty,empty,empty,empty,empty,empty,empty,empty,empty,empty,empty,empty,empty,
BP,N,41,Mid,large,11,a,,,,NA,non_existent,non_existent,non_existent,non_existent,non_existent,non_existent,non_existent,non_existent,non_existent,non_existent,non_existent,non_existent,non_existent,non_existent,non_existent,non_existent,non_existent,non_existent,non_existent,non_existent,non_existent,non_existent,non_existent,non_existent,non_existent,non_existent,non_existent,non_existent,non_existent,non_existent,non_existent,non_existent,non_existent,non_existent,non_existent,empty,empty,no_visit,no_visit,empty,empty,empty,empty,empty,empty,empty,empty,empty,empty,empty,empty,empty,
BP,N,41,Mid,medium,12,a,,,,NA,non_existent,non_existent,non_existent,non_existent,non_existent,non_existent,non_existent,non_existent,non_existent,non_existent,non_existent,non_existent,non_existent,non_existent,non_existent,non_existent,non_existent,non_existent,non_existent,non_existent,non_existent,non_existent,non_existent,non_existent,non_existent,non_existent,non_existent,non_existent,non_existent,non_existent,non_existent,non_existent,non_existent,non_existent,non_existent,empty,empty,no_visit,no_visit,empty,empty,empty,empty,empty,empty,empty,empty,empty,empty,empty,empty,empty,
BP,N,41,Mid,medium,13,a,,,,NA,non_existent,non_existent,non_existent,non_existent,non_existent,non_existent,non_existent,non_existent,non_existent,non_existent,non_existent,non_existent,non_existent,non_existent,non_existent,non_existent,non_existent,non_existent,non_existent,non_existent,non_existent,non_existent,non_existent,non_existent,non_existent,non_existent,non_existent,non_existent,non_existent,non_existent,non_existent,non_existent,non_existent,non_existent,non_existent,empty,empty,no_visit,no_visit,empty,empty,empty,empty,empty,empty,empty,empty,empty,empty,empty,empty,empty,
BP,N,41,Mid,medium,14,a,,,,NA,non_existent,non_existent,non_existent,non_existent,non_existent,non_existent,non_existent,non_existent,non_existent,non_existent,non_existent,non_existent,non_existent,non_existent,non_existent,non_existent,non_existent,non_existent,non_existent,non_existent,non_existent,non_existent,non_existent,non_existent,non_existent,non_existent,non_existent,non_existent,non_existent,non_existent,non_existent,non_existent,non_existent,non_existent,non_existent,empty,empty,no_visit,no_visit,empty,empty,empty,empty,empty,empty,empty,empty,empty,empty,empty,empty,empty,
BP,N,41,Mid,large,15,a,,,,NA,non_existent,non_existent,non_existent,non_existent,non_existent,non_existent,non_existent,non_existent,non_existent,non_existent,non_existent,non_existent,non_existent,non_existent,non_existent,non_existent,non_existent,non_existent,non_existent,non_existent,non_existent,non_existent,non_existent,non_existent,non_existent,non_existent,non_existent,non_existent,non_existent,non_existent,non_existent,non_existent,non_existent,non_existent,non_existent,empty,empty,no_visit,no_visit,empty,empty,empty,empty,empty,empty,empty,empty,empty,empty,empty,empty,empty,
BP,N,41,Mid,medium,16,a,,,,NA,non_existent,non_existent,non_existent,non_existent,non_existent,non_existent,non_existent,non_existent,non_existent,non_existent,non_existent,non_existent,non_existent,non_existent,non_existent,non_existent,non_existent,non_existent,non_existent,non_existent,non_existent,non_existent,non_existent,non_existent,non_existent,non_existent,non_existent,non_existent,non_existent,non_existent,non_existent,non_existent,non_existent,non_existent,non_existent,empty,empty,no_visit,no_visit,empty,empty,empty,empty,empty,empty,empty,empty,empty,empty,empty,empty,empty,
BP,N,41,Mid,small,17,a,,,,NA,non_existent,non_existent,non_existent,non_existent,non_existent,non_existent,non_existent,non_existent,non_existent,non_existent,non_existent,non_existent,non_existent,non_existent,non_existent,non_existent,non_existent,non_existent,non_existent,non_existent,non_existent,non_existent,non_existent,non_existent,non_existent,non_existent,non_existent,non_existent,non_existent,non_existent,non_existent,non_existent,non_existent,non_existent,non_existent,empty,empty,no_visit,no_visit,empty,empty,empty,empty,empty,empty,empty,empty,empty,empty,empty,empty,empty,
BP,N,41,Mid,large,18,a,,,,NA,non_existent,non_existent,non_existent,non_existent,non_existent,non_existent,non_existent,non_existent,non_existent,non_existent,non_existent,non_existent,non_existent,non_existent,non_existent,non_existent,non_existent,non_existent,non_existent,non_existent,non_existent,non_existent,non_existent,non_existent,non_existent,non_existent,non_existent,non_existent,non_existent,non_existent,non_existent,non_existent,non_existent,non_existent,non_existent,empty,empty,no_visit,no_visit,empty,empty,empty,empty,empty,empty,empty,empty,empty,empty,empty,empty,empty,
BP,N,42,High,large,1,a,,,,NA,non_existent,non_existent,non_existent,non_existent,non_existent,non_existent,non_existent,non_existent,non_existent,non_existent,non_existent,non_existent,non_existent,non_existent,non_existent,non_existent,non_existent,non_existent,non_existent,non_existent,non_existent,non_existent,non_existent,non_existent,non_existent,non_existent,non_existent,non_existent,non_existent,non_existent,non_existent,non_existent,non_existent,non_existent,non_existent,empty,empty,no_visit,no_visit,empty,empty,empty,empty,empty,empty,empty,empty,empty,empty,empty,empty,empty,
BP,N,42,High,medium,2,a,,,,NA,non_existent,non_existent,non_existent,non_existent,non_existent,non_existent,non_existent,non_existent,non_existent,non_existent,non_existent,non_existent,non_existent,non_existent,non_existent,non_existent,non_existent,non_existent,non_existent,non_existent,non_existent,non_existent,non_existent,non_existent,non_existent,non_existent,non_existent,non_existent,non_existent,non_existent,non_existent,non_existent,non_existent,non_existent,non_existent,empty,empty,no_visit,no_visit,empty,empty,empty,empty,empty,empty,empty,empty,empty,empty,empty,empty,empty,
BP,N,42,High,medium,3,a,,,,NA,non_existent,non_existent,non_existent,non_existent,non_existent,non_existent,non_existent,non_existent,non_existent,non_existent,non_existent,non_existent,non_existent,non_existent,non_existent,non_existent,non_existent,non_existent,non_existent,non_existent,non_existent,non_existent,non_existent,non_existent,non_existent,non_existent,non_existent,non_existent,non_existent,non_existent,non_existent,non_existent,non_existent,non_existent,non_existent,empty,empty,no_visit,no_visit,empty,empty,empty,empty,empty,empty,empty,empty,empty,empty,empty,empty,empty,
BP,N,42,High,large,4,a,,,,NA,non_existent,non_existent,non_existent,non_existent,non_existent,non_existent,non_existent,non_existent,non_existent,non_existent,non_existent,non_existent,non_existent,non_existent,non_existent,non_existent,non_existent,non_existent,non_existent,non_existent,non_existent,non_existent,non_existent,non_existent,non_existent,non_existent,non_existent,non_existent,non_existent,non_existent,non_existent,non_existent,non_existent,non_existent,non_existent,empty,empty,no_visit,no_visit,empty,empty,empty,empty,empty,empty,empty,empty,empty,empty,empty,empty,empty,
BP,N,42,High,medium,5,a,,,,NA,non_existent,non_existent,non_existent,non_existent,non_existent,non_existent,non_existent,non_existent,non_existent,non_existent,non_existent,non_existent,non_existent,non_existent,non_existent,non_existent,non_existent,non_existent,non_existent,non_existent,non_existent,non_existent,non_existent,non_existent,non_existent,non_existent,non_existent,non_existent,non_existent,non_existent,non_existent,non_existent,non_existent,non_existent,non_existent,empty,empty,no_visit,no_visit,empty,empty,empty,empty,empty,empty,empty,empty,empty,empty,empty,empty,empty,
BP,N,42,High,small,6,a,,,,NA,non_existent,non_existent,non_existent,non_existent,non_existent,non_existent,non_existent,non_existent,non_existent,non_existent,non_existent,non_existent,non_existent,non_existent,non_existent,non_existent,non_existent,non_existent,non_existent,non_existent,non_existent,non_existent,non_existent,non_existent,non_existent,non_existent,non_existent,non_existent,non_existent,non_existent,non_existent,non_existent,non_existent,non_existent,non_existent,empty,empty,no_visit,no_visit,empty,empty,empty,empty,empty,empty,empty,empty,empty,empty,empty,empty,empty,
BP,N,42,High,medium,7,a,,,,NA,non_existent,non_existent,non_existent,non_existent,non_existent,non_existent,non_existent,non_existent,non_existent,non_existent,non_existent,non_existent,non_existent,non_existent,non_existent,non_existent,non_existent,non_existent,non_existent,non_existent,non_existent,non_existent,non_existent,non_existent,non_existent,non_existent,non_existent,non_existent,non_existent,non_existent,non_existent,non_existent,non_existent,non_existent,non_existent,empty,empty,no_visit,no_visit,empty,empty,empty,empty,empty,empty,empty,empty,empty,empty,empty,empty,empty,
BP,N,42,High,medium,8,a,,,,NA,non_existent,non_existent,non_existent,non_existent,non_existent,non_existent,non_existent,non_existent,non_existent,non_existent,non_existent,non_existent,non_existent,non_existent,non_existent,non_existent,non_existent,non_existent,non_existent,non_existent,non_existent,non_existent,non_existent,non_existent,non_existent,non_existent,non_existent,non_existent,non_existent,non_existent,non_existent,non_existent,non_existent,non_existent,non_existent,empty,empty,no_visit,no_visit,empty,empty,empty,empty,empty,empty,empty,empty,empty,empty,empty,empty,empty,
BP,N,42,High,large,9,a,,,,NA,non_existent,non_existent,non_existent,non_existent,non_existent,non_existent,non_existent,non_existent,non_existent,non_existent,non_existent,non_existent,non_existent,non_existent,non_existent,non_existent,non_existent,non_existent,non_existent,non_existent,non_existent,non_existent,non_existent,non_existent,non_existent,non_existent,non_existent,non_existent,non_existent,non_existent,non_existent,non_existent,non_existent,non_existent,non_existent,empty,empty,no_visit,no_visit,empty,empty,empty,empty,empty,empty,empty,empty,empty,empty,empty,empty,empty,
BP,N,42,High,large,10,a,,,,NA,non_existent,non_existent,non_existent,non_existent,non_existent,non_existent,non_existent,non_existent,non_existent,non_existent,non_existent,non_existent,non_existent,non_existent,non_existent,non_existent,non_existent,non_existent,non_existent,non_existent,non_existent,non_existent,non_existent,non_existent,non_existent,non_existent,non_existent,non_existent,non_existent,non_existent,non_existent,non_existent,non_existent,non_existent,non_existent,empty,empty,no_visit,no_visit,empty,empty,empty,empty,empty,empty,empty,empty,empty,empty,empty,empty,empty,
BP,N,42,High,medium,11,a,,,,NA,non_existent,non_existent,non_existent,non_existent,non_existent,non_existent,non_existent,non_existent,non_existent,non_existent,non_existent,non_existent,non_existent,non_existent,non_existent,non_existent,non_existent,non_existent,non_existent,non_existent,non_existent,non_existent,non_existent,non_existent,non_existent,non_existent,non_existent,non_existent,non_existent,non_existent,non_existent,non_existent,non_existent,non_existent,non_existent,empty,empty,no_visit,no_visit,empty,empty,empty,empty,empty,empty,empty,empty,empty,empty,empty,empty,empty,
BP,N,42,High,medium,12,a,,,,NA,non_existent,non_existent,non_existent,non_existent,non_existent,non_existent,non_existent,non_existent,non_existent,non_existent,non_existent,non_existent,non_existent,non_existent,non_existent,non_existent,non_existent,non_existent,non_existent,non_existent,non_existent,non_existent,non_existent,non_existent,non_existent,non_existent,non_existent,non_existent,non_existent,non_existent,non_existent,non_existent,non_existent,non_existent,non_existent,empty,empty,no_visit,no_visit,empty,empty,empty,empty,empty,empty,empty,empty,empty,empty,empty,empty,empty,
BP,N,42,High,small,13,a,,,,NA,non_existent,non_existent,non_existent,non_existent,non_existent,non_existent,non_existent,non_existent,non_existent,non_existent,non_existent,non_existent,non_existent,non_existent,non_existent,non_existent,non_existent,non_existent,non_existent,non_existent,non_existent,non_existent,non_existent,non_existent,non_existent,non_existent,non_existent,non_existent,non_existent,non_existent,non_existent,non_existent,non_existent,non_existent,non_existent,empty,empty,no_visit,no_visit,empty,empty,empty,empty,empty,empty,empty,empty,empty,empty,empty,empty,empty,
BP,N,42,High,large,14,a,,,,NA,non_existent,non_existent,non_existent,non_existent,non_existent,non_existent,non_existent,non_existent,non_existent,non_existent,non_existent,non_existent,non_existent,non_existent,non_existent,non_existent,non_existent,non_existent,non_existent,non_existent,non_existent,non_existent,non_existent,non_existent,non_existent,non_existent,non_existent,non_existent,non_existent,non_existent,non_existent,non_existent,non_existent,non_existent,non_existent,empty,empty,no_visit,no_visit,empty,empty,empty,empty,empty,empty,empty,empty,empty,empty,empty,empty,empty,
BP,N,42,High,medium,15,a,,,,NA,non_existent,non_existent,non_existent,non_existent,non_existent,non_existent,non_existent,non_existent,non_existent,non_existent,non_existent,non_existent,non_existent,non_existent,non_existent,non_existent,non_existent,non_existent,non_existent,non_existent,non_existent,non_existent,non_existent,non_existent,non_existent,non_existent,non_existent,non_existent,non_existent,non_existent,non_existent,non_existent,non_existent,non_existent,non_existent,empty,empty,no_visit,no_visit,empty,empty,empty,empty,empty,empty,empty,empty,empty,empty,empty,empty,empty,
BP,N,42,High,medium,16,a,,,,NA,non_existent,non_existent,non_existent,non_existent,non_existent,non_existent,non_existent,non_existent,non_existent,non_existent,non_existent,non_existent,non_existent,non_existent,non_existent,non_existent,non_existent,non_existent,non_existent,non_existent,non_existent,non_existent,non_existent,non_existent,non_existent,non_existent,non_existent,non_existent,non_existent,non_existent,non_existent,non_existent,non_existent,non_existent,non_existent,empty,empty,no_visit,no_visit,empty,empty,empty,empty,empty,empty,empty,empty,empty,empty,empty,empty,empty,
BP,N,42,High,medium,17,a,,,,NA,non_existent,non_existent,non_existent,non_existent,non_existent,non_existent,non_existent,non_existent,non_existent,non_existent,non_existent,non_existent,non_existent,non_existent,non_existent,non_existent,non_existent,non_existent,non_existent,non_existent,non_existent,non_existent,non_existent,non_existent,non_existent,non_existent,non_existent,non_existent,non_existent,non_existent,non_existent,non_existent,non_existent,non_existent,non_existent,empty,empty,no_visit,no_visit,empty,empty,empty,empty,empty,empty,empty,empty,empty,empty,empty,empty,empty,
BP,N,42,High,large,18,a,,,,NA,non_existent,non_existent,non_existent,non_existent,non_existent,non_existent,non_existent,non_existent,non_existent,non_existent,non_existent,non_existent,non_existent,non_existent,non_existent,non_existent,non_existent,non_existent,non_existent,non_existent,non_existent,non_existent,non_existent,non_existent,non_existent,non_existent,non_existent,non_existent,non_existent,non_existent,non_existent,non_existent,non_existent,non_existent,non_existent,empty,empty,no_visit,no_visit,empty,empty,empty,empty,empty,empty,empty,empty,empty,empty,empty,empty,empty,
BP,O,43,Low,large,1,a,,,,NA,non_existent,non_existent,non_existent,non_existent,non_existent,non_existent,non_existent,non_existent,non_existent,non_existent,non_existent,non_existent,non_existent,non_existent,non_existent,non_existent,non_existent,non_existent,non_existent,non_existent,non_existent,non_existent,non_existent,non_existent,non_existent,non_existent,non_existent,non_existent,non_existent,non_existent,non_existent,non_existent,non_existent,non_existent,non_existent,empty,empty,no_visit,no_visit,empty,empty,empty,empty,empty,empty,empty,empty,empty,empty,empty,empty,empty,
BP,O,43,Low,medium,2,a,,,,NA,non_existent,non_existent,non_existent,non_existent,non_existent,non_existent,non_existent,non_existent,non_existent,non_existent,non_existent,non_existent,non_existent,non_existent,non_existent,non_existent,non_existent,non_existent,non_existent,non_existent,non_existent,non_existent,non_existent,non_existent,non_existent,non_existent,non_existent,non_existent,non_existent,non_existent,non_existent,non_existent,non_existent,non_existent,non_existent,empty,empty,no_visit,no_visit,empty,empty,empty,empty,empty,empty,empty,empty,empty,empty,empty,empty,empty,
BP,O,43,Low,large,3,a,,,,NA,non_existent,non_existent,non_existent,non_existent,non_existent,non_existent,non_existent,non_existent,non_existent,non_existent,non_existent,non_existent,non_existent,non_existent,non_existent,non_existent,non_existent,non_existent,non_existent,non_existent,non_existent,non_existent,non_existent,non_existent,non_existent,non_existent,non_existent,non_existent,non_existent,non_existent,non_existent,non_existent,non_existent,non_existent,non_existent,empty,empty,no_visit,no_visit,empty,empty,empty,empty,empty,empty,empty,empty,empty,empty,empty,empty,empty,
BP,O,43,Low,small,4,a,,,,NA,non_existent,non_existent,non_existent,non_existent,non_existent,non_existent,non_existent,non_existent,non_existent,non_existent,non_existent,non_existent,non_existent,non_existent,non_existent,non_existent,non_existent,non_existent,non_existent,non_existent,non_existent,non_existent,non_existent,non_existent,non_existent,non_existent,non_existent,non_existent,non_existent,non_existent,non_existent,non_existent,non_existent,non_existent,non_existent,empty,empty,no_visit,no_visit,empty,empty,empty,empty,empty,empty,empty,empty,empty,empty,empty,empty,empty,
BP,O,43,Low,medium,5,a,,,,NA,non_existent,non_existent,non_existent,non_existent,non_existent,non_existent,non_existent,non_existent,non_existent,non_existent,non_existent,non_existent,non_existent,non_existent,non_existent,non_existent,non_existent,non_existent,non_existent,non_existent,non_existent,non_existent,non_existent,non_existent,non_existent,non_existent,non_existent,non_existent,non_existent,non_existent,non_existent,non_existent,non_existent,non_existent,non_existent,empty,empty,no_visit,no_visit,empty,empty,empty,empty,empty,empty,empty,empty,empty,empty,empty,empty,empty,
BP,O,43,Low,medium,6,a,,,,NA,non_existent,non_existent,non_existent,non_existent,non_existent,non_existent,non_existent,non_existent,non_existent,non_existent,non_existent,non_existent,non_existent,non_existent,non_existent,non_existent,non_existent,non_existent,non_existent,non_existent,non_existent,non_existent,non_existent,non_existent,non_existent,non_existent,non_existent,non_existent,non_existent,non_existent,non_existent,non_existent,non_existent,non_existent,non_existent,empty,empty,no_visit,no_visit,empty,empty,empty,empty,empty,empty,empty,empty,empty,empty,empty,empty,empty,
BP,O,43,Low,medium,7,a,,,,NA,non_existent,non_existent,non_existent,non_existent,non_existent,non_existent,non_existent,non_existent,non_existent,non_existent,non_existent,non_existent,non_existent,non_existent,non_existent,non_existent,non_existent,non_existent,non_existent,non_existent,non_existent,non_existent,non_existent,non_existent,non_existent,non_existent,non_existent,non_existent,non_existent,non_existent,non_existent,non_existent,non_existent,non_existent,non_existent,empty,empty,no_visit,no_visit,empty,empty,empty,empty,empty,empty,empty,empty,empty,empty,empty,empty,empty,
BP,O,43,Low,medium,8,a,,,,NA,non_existent,non_existent,non_existent,non_existent,non_existent,non_existent,non_existent,non_existent,non_existent,non_existent,non_existent,non_existent,non_existent,non_existent,non_existent,non_existent,non_existent,non_existent,non_existent,non_existent,non_existent,non_existent,non_existent,non_existent,non_existent,non_existent,non_existent,non_existent,non_existent,non_existent,non_existent,non_existent,non_existent,non_existent,non_existent,empty,empty,no_visit,no_visit,empty,empty,empty,empty,empty,empty,empty,empty,empty,empty,empty,empty,empty,
BP,O,43,Low,large,9,a,,,,NA,non_existent,non_existent,non_existent,non_existent,non_existent,non_existent,non_existent,non_existent,non_existent,non_existent,non_existent,non_existent,non_existent,non_existent,non_existent,non_existent,non_existent,non_existent,non_existent,non_existent,non_existent,non_existent,non_existent,non_existent,non_existent,non_existent,non_existent,non_existent,non_existent,non_existent,non_existent,non_existent,non_existent,non_existent,non_existent,empty,empty,no_visit,no_visit,empty,empty,empty,empty,empty,empty,empty,empty,empty,empty,empty,empty,empty,
BP,O,43,Low,large,10,a,,,,NA,non_existent,non_existent,non_existent,non_existent,non_existent,non_existent,non_existent,non_existent,non_existent,non_existent,non_existent,non_existent,non_existent,non_existent,non_existent,non_existent,non_existent,non_existent,non_existent,non_existent,non_existent,non_existent,non_existent,non_existent,non_existent,non_existent,non_existent,non_existent,non_existent,non_existent,non_existent,non_existent,non_existent,non_existent,non_existent,empty,empty,no_visit,no_visit,empty,empty,empty,empty,empty,empty,empty,empty,empty,empty,empty,empty,empty,
BP,O,43,Low,medium,11,a,,,,NA,non_existent,non_existent,non_existent,non_existent,non_existent,non_existent,non_existent,non_existent,non_existent,non_existent,non_existent,non_existent,non_existent,non_existent,non_existent,non_existent,non_existent,non_existent,non_existent,non_existent,non_existent,non_existent,non_existent,non_existent,non_existent,non_existent,non_existent,non_existent,non_existent,non_existent,non_existent,non_existent,non_existent,non_existent,non_existent,empty,empty,no_visit,no_visit,empty,empty,empty,empty,empty,empty,empty,empty,empty,empty,empty,empty,empty,
BP,O,43,Low,medium,12,a,,,,NA,non_existent,non_existent,non_existent,non_existent,non_existent,non_existent,non_existent,non_existent,non_existent,non_existent,non_existent,non_existent,non_existent,non_existent,non_existent,non_existent,non_existent,non_existent,non_existent,non_existent,non_existent,non_existent,non_existent,non_existent,non_existent,non_existent,non_existent,non_existent,non_existent,non_existent,non_existent,non_existent,non_existent,non_existent,non_existent,empty,empty,no_visit,no_visit,empty,empty,empty,empty,empty,empty,empty,empty,empty,empty,empty,empty,empty,
BP,O,43,Low,large,13,a,,,,NA,non_existent,non_existent,non_existent,non_existent,non_existent,non_existent,non_existent,non_existent,non_existent,non_existent,non_existent,non_existent,non_existent,non_existent,non_existent,non_existent,non_existent,non_existent,non_existent,non_existent,non_existent,non_existent,non_existent,non_existent,non_existent,non_existent,non_existent,non_existent,non_existent,non_existent,non_existent,non_existent,non_existent,non_existent,non_existent,empty,empty,no_visit,no_visit,empty,empty,empty,empty,empty,empty,empty,empty,empty,empty,empty,empty,empty,
BP,O,43,Low,medium,14,a,,,,NA,non_existent,non_existent,non_existent,non_existent,non_existent,non_existent,non_existent,non_existent,non_existent,non_existent,non_existent,non_existent,non_existent,non_existent,non_existent,non_existent,non_existent,non_existent,non_existent,non_existent,non_existent,non_existent,non_existent,non_existent,non_existent,non_existent,non_existent,non_existent,non_existent,non_existent,non_existent,non_existent,non_existent,non_existent,non_existent,empty,empty,no_visit,no_visit,empty,empty,empty,empty,empty,empty,empty,empty,empty,empty,empty,empty,empty,
BP,O,43,Low,medium,15,a,,,,NA,non_existent,non_existent,non_existent,non_existent,non_existent,non_existent,non_existent,non_existent,non_existent,non_existent,non_existent,non_existent,non_existent,non_existent,non_existent,non_existent,non_existent,non_existent,non_existent,non_existent,non_existent,non_existent,non_existent,non_existent,non_existent,non_existent,non_existent,non_existent,non_existent,non_existent,non_existent,non_existent,non_existent,non_existent,non_existent,empty,empty,no_visit,no_visit,empty,empty,empty,empty,empty,empty,empty,empty,empty,empty,empty,empty,empty,
BP,O,43,Low,medium,16,a,,,,NA,non_existent,non_existent,non_existent,non_existent,non_existent,non_existent,non_existent,non_existent,non_existent,non_existent,non_existent,non_existent,non_existent,non_existent,non_existent,non_existent,non_existent,non_existent,non_existent,non_existent,non_existent,non_existent,non_existent,non_existent,non_existent,non_existent,non_existent,non_existent,non_existent,non_existent,non_existent,non_existent,non_existent,non_existent,non_existent,empty,empty,no_visit,no_visit,empty,empty,empty,empty,empty,empty,empty,empty,empty,empty,empty,empty,empty,
BP,O,43,Low,small,17,a,,,,NA,non_existent,non_existent,non_existent,non_existent,non_existent,non_existent,non_existent,non_existent,non_existent,non_existent,non_existent,non_existent,non_existent,non_existent,non_existent,non_existent,non_existent,non_existent,non_existent,non_existent,non_existent,non_existent,non_existent,non_existent,non_existent,non_existent,non_existent,non_existent,non_existent,non_existent,non_existent,non_existent,non_existent,non_existent,non_existent,empty,empty,no_visit,no_visit,empty,empty,empty,empty,empty,empty,empty,empty,empty,empty,empty,empty,empty,
BP,O,43,Low,large,18,a,,,,NA,non_existent,non_existent,non_existent,non_existent,non_existent,non_existent,non_existent,non_existent,non_existent,non_existent,non_existent,non_existent,non_existent,non_existent,non_existent,non_existent,non_existent,non_existent,non_existent,non_existent,non_existent,non_existent,non_existent,non_existent,non_existent,non_existent,non_existent,non_existent,non_existent,non_existent,non_existent,non_existent,non_existent,non_existent,non_existent,empty,empty,no_visit,no_visit,empty,empty,empty,empty,empty,empty,empty,empty,empty,empty,empty,empty,empty,
BP,O,44,Mid,large,1,a,,,,NA,non_existent,non_existent,non_existent,non_existent,non_existent,non_existent,non_existent,non_existent,non_existent,non_existent,non_existent,non_existent,non_existent,non_existent,non_existent,non_existent,non_existent,non_existent,non_existent,non_existent,non_existent,non_existent,non_existent,non_existent,non_existent,non_existent,non_existent,non_existent,non_existent,non_existent,non_existent,non_existent,non_existent,non_existent,non_existent,empty,empty,no_visit,no_visit,empty,empty,empty,empty,empty,empty,empty,empty,empty,empty,empty,empty,empty,
BP,O,44,Mid,medium,2,a,,,,NA,non_existent,non_existent,non_existent,non_existent,non_existent,non_existent,non_existent,non_existent,non_existent,non_existent,non_existent,non_existent,non_existent,non_existent,non_existent,non_existent,non_existent,non_existent,non_existent,non_existent,non_existent,non_existent,non_existent,non_existent,non_existent,non_existent,non_existent,non_existent,non_existent,non_existent,non_existent,non_existent,non_existent,non_existent,non_existent,empty,empty,no_visit,no_visit,empty,empty,empty,empty,empty,empty,empty,empty,empty,empty,empty,empty,empty,
BP,O,44,Mid,medium,3,a,,,,NA,non_existent,non_existent,non_existent,non_existent,non_existent,non_existent,non_existent,non_existent,non_existent,non_existent,non_existent,non_existent,non_existent,non_existent,non_existent,non_existent,non_existent,non_existent,non_existent,non_existent,non_existent,non_existent,non_existent,non_existent,non_existent,non_existent,non_existent,non_existent,non_existent,non_existent,non_existent,non_existent,non_existent,non_existent,non_existent,empty,empty,no_visit,no_visit,empty,empty,empty,empty,empty,empty,empty,empty,empty,empty,empty,empty,empty,
BP,O,44,Mid,medium,4,a,,,,NA,non_existent,non_existent,non_existent,non_existent,non_existent,non_existent,non_existent,non_existent,non_existent,non_existent,non_existent,non_existent,non_existent,non_existent,non_existent,non_existent,non_existent,non_existent,non_existent,non_existent,non_existent,non_existent,non_existent,non_existent,non_existent,non_existent,non_existent,non_existent,non_existent,non_existent,non_existent,non_existent,non_existent,non_existent,non_existent,empty,empty,no_visit,no_visit,empty,empty,empty,empty,empty,empty,empty,empty,empty,empty,empty,empty,empty,
BP,O,44,Mid,medium,5,a,,,,NA,non_existent,non_existent,non_existent,non_existent,non_existent,non_existent,non_existent,non_existent,non_existent,non_existent,non_existent,non_existent,non_existent,non_existent,non_existent,non_existent,non_existent,non_existent,non_existent,non_existent,non_existent,non_existent,non_existent,non_existent,non_existent,non_existent,non_existent,non_existent,non_existent,non_existent,non_existent,non_existent,non_existent,non_existent,non_existent,empty,empty,no_visit,no_visit,empty,empty,empty,empty,empty,empty,empty,empty,empty,empty,empty,empty,empty,
BP,O,44,Mid,small,6,a,,,,NA,non_existent,non_existent,non_existent,non_existent,non_existent,non_existent,non_existent,non_existent,non_existent,non_existent,non_existent,non_existent,non_existent,non_existent,non_existent,non_existent,non_existent,non_existent,non_existent,non_existent,non_existent,non_existent,non_existent,non_existent,non_existent,non_existent,non_existent,non_existent,non_existent,non_existent,non_existent,non_existent,non_existent,non_existent,non_existent,empty,empty,no_visit,no_visit,empty,empty,empty,empty,empty,empty,empty,empty,empty,empty,empty,empty,empty,
BP,O,44,Mid,large,7,a,,,,NA,non_existent,non_existent,non_existent,non_existent,non_existent,non_existent,non_existent,non_existent,non_existent,non_existent,non_existent,non_existent,non_existent,non_existent,non_existent,non_existent,non_existent,non_existent,non_existent,non_existent,non_existent,non_existent,non_existent,non_existent,non_existent,non_existent,non_existent,non_existent,non_existent,non_existent,non_existent,non_existent,non_existent,non_existent,non_existent,empty,empty,no_visit,no_visit,empty,empty,empty,empty,empty,empty,empty,empty,empty,empty,empty,empty,empty,
BP,O,44,Mid,medium,8,a,,,,NA,non_existent,non_existent,non_existent,non_existent,non_existent,non_existent,non_existent,non_existent,non_existent,non_existent,non_existent,non_existent,non_existent,non_existent,non_existent,non_existent,non_existent,non_existent,non_existent,non_existent,non_existent,non_existent,non_existent,non_existent,non_existent,non_existent,non_existent,non_existent,non_existent,non_existent,non_existent,non_existent,non_existent,non_existent,non_existent,empty,empty,no_visit,no_visit,empty,empty,empty,empty,empty,empty,empty,empty,empty,empty,empty,empty,empty,
BP,O,44,Mid,large,9,a,,,,NA,non_existent,non_existent,non_existent,non_existent,non_existent,non_existent,non_existent,non_existent,non_existent,non_existent,non_existent,non_existent,non_existent,non_existent,non_existent,non_existent,non_existent,non_existent,non_existent,non_existent,non_existent,non_existent,non_existent,non_existent,non_existent,non_existent,non_existent,non_existent,non_existent,non_existent,non_existent,non_existent,non_existent,non_existent,non_existent,empty,empty,no_visit,no_visit,empty,empty,empty,empty,empty,empty,empty,empty,empty,empty,empty,empty,empty,
BP,O,44,Mid,large,10,a,,,,NA,non_existent,non_existent,non_existent,non_existent,non_existent,non_existent,non_existent,non_existent,non_existent,non_existent,non_existent,non_existent,non_existent,non_existent,non_existent,non_existent,non_existent,non_existent,non_existent,non_existent,non_existent,non_existent,non_existent,non_existent,non_existent,non_existent,non_existent,non_existent,non_existent,non_existent,non_existent,non_existent,non_existent,non_existent,non_existent,empty,empty,no_visit,no_visit,empty,empty,empty,empty,empty,empty,empty,empty,empty,empty,empty,empty,empty,
BP,O,44,Mid,medium,11,a,,,,NA,non_existent,non_existent,non_existent,non_existent,non_existent,non_existent,non_existent,non_existent,non_existent,non_existent,non_existent,non_existent,non_existent,non_existent,non_existent,non_existent,non_existent,non_existent,non_existent,non_existent,non_existent,non_existent,non_existent,non_existent,non_existent,non_existent,non_existent,non_existent,non_existent,non_existent,non_existent,non_existent,non_existent,non_existent,non_existent,empty,empty,no_visit,no_visit,empty,empty,empty,empty,empty,empty,empty,empty,empty,empty,empty,empty,empty,
BP,O,44,Mid,medium,12,a,,,,NA,non_existent,non_existent,non_existent,non_existent,non_existent,non_existent,non_existent,non_existent,non_existent,non_existent,non_existent,non_existent,non_existent,non_existent,non_existent,non_existent,non_existent,non_existent,non_existent,non_existent,non_existent,non_existent,non_existent,non_existent,non_existent,non_existent,non_existent,non_existent,non_existent,non_existent,non_existent,non_existent,non_existent,non_existent,non_existent,empty,empty,no_visit,no_visit,empty,empty,empty,empty,empty,empty,empty,empty,empty,empty,empty,empty,empty,
BP,O,44,Mid,large,13,a,,,,NA,non_existent,non_existent,non_existent,non_existent,non_existent,non_existent,non_existent,non_existent,non_existent,non_existent,non_existent,non_existent,non_existent,non_existent,non_existent,non_existent,non_existent,non_existent,non_existent,non_existent,non_existent,non_existent,non_existent,non_existent,non_existent,non_existent,non_existent,non_existent,non_existent,non_existent,non_existent,non_existent,non_existent,non_existent,non_existent,empty,empty,no_visit,no_visit,empty,empty,empty,empty,empty,empty,empty,empty,empty,empty,empty,empty,empty,
BP,O,44,Mid,small,14,a,,,,NA,non_existent,non_existent,non_existent,non_existent,non_existent,non_existent,non_existent,non_existent,non_existent,non_existent,non_existent,non_existent,non_existent,non_existent,non_existent,non_existent,non_existent,non_existent,non_existent,non_existent,non_existent,non_existent,non_existent,non_existent,non_existent,non_existent,non_existent,non_existent,non_existent,non_existent,non_existent,non_existent,non_existent,non_existent,non_existent,empty,empty,no_visit,no_visit,empty,empty,empty,empty,empty,empty,empty,empty,empty,empty,empty,empty,empty,
BP,O,44,Mid,medium,15,a,,,,NA,non_existent,non_existent,non_existent,non_existent,non_existent,non_existent,non_existent,non_existent,non_existent,non_existent,non_existent,non_existent,non_existent,non_existent,non_existent,non_existent,non_existent,non_existent,non_existent,non_existent,non_existent,non_existent,non_existent,non_existent,non_existent,non_existent,non_existent,non_existent,non_existent,non_existent,non_existent,non_existent,non_existent,non_existent,non_existent,empty,empty,no_visit,no_visit,empty,empty,empty,empty,empty,empty,empty,empty,empty,empty,empty,empty,empty,
BP,O,44,Mid,medium,16,a,,,,NA,non_existent,non_existent,non_existent,non_existent,non_existent,non_existent,non_existent,non_existent,non_existent,non_existent,non_existent,non_existent,non_existent,non_existent,non_existent,non_existent,non_existent,non_existent,non_existent,non_existent,non_existent,non_existent,non_existent,non_existent,non_existent,non_existent,non_existent,non_existent,non_existent,non_existent,non_existent,non_existent,non_existent,non_existent,non_existent,empty,empty,no_visit,no_visit,empty,empty,empty,empty,empty,empty,empty,empty,empty,empty,empty,empty,empty,
BP,O,44,Mid,medium,17,a,,,,NA,non_existent,non_existent,non_existent,non_existent,non_existent,non_existent,non_existent,non_existent,non_existent,non_existent,non_existent,non_existent,non_existent,non_existent,non_existent,non_existent,non_existent,non_existent,non_existent,non_existent,non_existent,non_existent,non_existent,non_existent,non_existent,non_existent,non_existent,non_existent,non_existent,non_existent,non_existent,non_existent,non_existent,non_existent,non_existent,empty,empty,no_visit,no_visit,empty,empty,empty,empty,empty,empty,empty,empty,empty,empty,empty,empty,empty,
BP,O,44,Mid,medium,18,a,,,,NA,non_existent,non_existent,non_existent,non_existent,non_existent,non_existent,non_existent,non_existent,non_existent,non_existent,non_existent,non_existent,non_existent,non_existent,non_existent,non_existent,non_existent,non_existent,non_existent,non_existent,non_existent,non_existent,non_existent,non_existent,non_existent,non_existent,non_existent,non_existent,non_existent,non_existent,non_existent,non_existent,non_existent,non_existent,non_existent,empty,empty,no_visit,no_visit,empty,empty,empty,empty,empty,empty,empty,empty,empty,empty,empty,empty,empty,
BP,O,45,High,large,1,a,,,,NA,non_existent,non_existent,non_existent,non_existent,non_existent,non_existent,non_existent,non_existent,non_existent,non_existent,non_existent,non_existent,non_existent,non_existent,non_existent,non_existent,non_existent,non_existent,non_existent,non_existent,non_existent,non_existent,non_existent,non_existent,non_existent,non_existent,non_existent,non_existent,non_existent,non_existent,non_existent,non_existent,non_existent,non_existent,non_existent,empty,empty,no_visit,no_visit,empty,empty,empty,empty,empty,empty,empty,empty,empty,empty,empty,empty,empty,
BP,O,45,High,small,2,a,,,,NA,non_existent,non_existent,non_existent,non_existent,non_existent,non_existent,non_existent,non_existent,non_existent,non_existent,non_existent,non_existent,non_existent,non_existent,non_existent,non_existent,non_existent,non_existent,non_existent,non_existent,non_existent,non_existent,non_existent,non_existent,non_existent,non_existent,non_existent,non_existent,non_existent,non_existent,non_existent,non_existent,non_existent,non_existent,non_existent,empty,empty,no_visit,no_visit,empty,empty,empty,empty,empty,empty,empty,empty,empty,empty,empty,empty,empty,
BP,O,45,High,medium,3,a,,,,NA,non_existent,non_existent,non_existent,non_existent,non_existent,non_existent,non_existent,non_existent,non_existent,non_existent,non_existent,non_existent,non_existent,non_existent,non_existent,non_existent,non_existent,non_existent,non_existent,non_existent,non_existent,non_existent,non_existent,non_existent,non_existent,non_existent,non_existent,non_existent,non_existent,non_existent,non_existent,non_existent,non_existent,non_existent,non_existent,empty,empty,no_visit,no_visit,empty,empty,empty,empty,empty,empty,empty,empty,empty,empty,empty,empty,empty,
BP,O,45,High,medium,4,a,,,,NA,non_existent,non_existent,non_existent,non_existent,non_existent,non_existent,non_existent,non_existent,non_existent,non_existent,non_existent,non_existent,non_existent,non_existent,non_existent,non_existent,non_existent,non_existent,non_existent,non_existent,non_existent,non_existent,non_existent,non_existent,non_existent,non_existent,non_existent,non_existent,non_existent,non_existent,non_existent,non_existent,non_existent,non_existent,non_existent,empty,empty,no_visit,no_visit,empty,empty,empty,empty,empty,empty,empty,empty,empty,empty,empty,empty,empty,
BP,O,45,High,medium,5,a,,,,NA,non_existent,non_existent,non_existent,non_existent,non_existent,non_existent,non_existent,non_existent,non_existent,non_existent,non_existent,non_existent,non_existent,non_existent,non_existent,non_existent,non_existent,non_existent,non_existent,non_existent,non_existent,non_existent,non_existent,non_existent,non_existent,non_existent,non_existent,non_existent,non_existent,non_existent,non_existent,non_existent,non_existent,non_existent,non_existent,empty,empty,no_visit,no_visit,empty,empty,empty,empty,empty,empty,empty,empty,empty,empty,empty,empty,empty,
BP,O,45,High,medium,6,a,,,,NA,non_existent,non_existent,non_existent,non_existent,non_existent,non_existent,non_existent,non_existent,non_existent,non_existent,non_existent,non_existent,non_existent,non_existent,non_existent,non_existent,non_existent,non_existent,non_existent,non_existent,non_existent,non_existent,non_existent,non_existent,non_existent,non_existent,non_existent,non_existent,non_existent,non_existent,non_existent,non_existent,non_existent,non_existent,non_existent,empty,empty,no_visit,no_visit,empty,empty,empty,empty,empty,empty,empty,empty,empty,empty,empty,empty,empty,
BP,O,45,High,large,7,a,,,,NA,non_existent,non_existent,non_existent,non_existent,non_existent,non_existent,non_existent,non_existent,non_existent,non_existent,non_existent,non_existent,non_existent,non_existent,non_existent,non_existent,non_existent,non_existent,non_existent,non_existent,non_existent,non_existent,non_existent,non_existent,non_existent,non_existent,non_existent,non_existent,non_existent,non_existent,non_existent,non_existent,non_existent,non_existent,non_existent,empty,empty,no_visit,no_visit,empty,empty,empty,empty,empty,empty,empty,empty,empty,empty,empty,empty,empty,
BP,O,45,High,medium,8,a,,,,NA,non_existent,non_existent,non_existent,non_existent,non_existent,non_existent,non_existent,non_existent,non_existent,non_existent,non_existent,non_existent,non_existent,non_existent,non_existent,non_existent,non_existent,non_existent,non_existent,non_existent,non_existent,non_existent,non_existent,non_existent,non_existent,non_existent,non_existent,non_existent,non_existent,non_existent,non_existent,non_existent,non_existent,non_existent,non_existent,empty,empty,no_visit,no_visit,empty,empty,empty,empty,empty,empty,empty,empty,empty,empty,empty,empty,empty,
BP,O,45,High,large,9,a,,,,NA,non_existent,non_existent,non_existent,non_existent,non_existent,non_existent,non_existent,non_existent,non_existent,non_existent,non_existent,non_existent,non_existent,non_existent,non_existent,non_existent,non_existent,non_existent,non_existent,non_existent,non_existent,non_existent,non_existent,non_existent,non_existent,non_existent,non_existent,non_existent,non_existent,non_existent,non_existent,non_existent,non_existent,non_existent,non_existent,empty,empty,no_visit,no_visit,empty,empty,empty,empty,empty,empty,empty,empty,empty,empty,empty,empty,empty,
BP,O,45,High,large,10,a,,,,NA,non_existent,non_existent,non_existent,non_existent,non_existent,non_existent,non_existent,non_existent,non_existent,non_existent,non_existent,non_existent,non_existent,non_existent,non_existent,non_existent,non_existent,non_existent,non_existent,non_existent,non_existent,non_existent,non_existent,non_existent,non_existent,non_existent,non_existent,non_existent,non_existent,non_existent,non_existent,non_existent,non_existent,non_existent,non_existent,empty,empty,no_visit,no_visit,empty,empty,empty,empty,empty,empty,empty,empty,empty,empty,empty,empty,empty,
BP,O,45,High,medium,11,a,,,,NA,non_existent,non_existent,non_existent,non_existent,non_existent,non_existent,non_existent,non_existent,non_existent,non_existent,non_existent,non_existent,non_existent,non_existent,non_existent,non_existent,non_existent,non_existent,non_existent,non_existent,non_existent,non_existent,non_existent,non_existent,non_existent,non_existent,non_existent,non_existent,non_existent,non_existent,non_existent,non_existent,non_existent,non_existent,non_existent,empty,empty,no_visit,no_visit,empty,empty,empty,empty,empty,empty,empty,empty,empty,empty,empty,empty,empty,
BP,O,45,High,large,12,a,,,,NA,non_existent,non_existent,non_existent,non_existent,non_existent,non_existent,non_existent,non_existent,non_existent,non_existent,non_existent,non_existent,non_existent,non_existent,non_existent,non_existent,non_existent,non_existent,non_existent,non_existent,non_existent,non_existent,non_existent,non_existent,non_existent,non_existent,non_existent,non_existent,non_existent,non_existent,non_existent,non_existent,non_existent,non_existent,non_existent,empty,empty,no_visit,no_visit,empty,empty,empty,empty,empty,empty,empty,empty,empty,empty,empty,empty,empty,
BP,O,45,High,medium,13,a,,,,NA,non_existent,non_existent,non_existent,non_existent,non_existent,non_existent,non_existent,non_existent,non_existent,non_existent,non_existent,non_existent,non_existent,non_existent,non_existent,non_existent,non_existent,non_existent,non_existent,non_existent,non_existent,non_existent,non_existent,non_existent,non_existent,non_existent,non_existent,non_existent,non_existent,non_existent,non_existent,non_existent,non_existent,non_existent,non_existent,empty,empty,no_visit,no_visit,empty,empty,empty,empty,empty,empty,empty,empty,empty,empty,empty,empty,empty,
BP,O,45,High,medium,14,a,,,,NA,non_existent,non_existent,non_existent,non_existent,non_existent,non_existent,non_existent,non_existent,non_existent,non_existent,non_existent,non_existent,non_existent,non_existent,non_existent,non_existent,non_existent,non_existent,non_existent,non_existent,non_existent,non_existent,non_existent,non_existent,non_existent,non_existent,non_existent,non_existent,non_existent,non_existent,non_existent,non_existent,non_existent,non_existent,non_existent,empty,empty,no_visit,no_visit,empty,empty,empty,empty,empty,empty,empty,empty,empty,empty,empty,empty,empty,
BP,O,45,High,small,15,a,,,,NA,non_existent,non_existent,non_existent,non_existent,non_existent,non_existent,non_existent,non_existent,non_existent,non_existent,non_existent,non_existent,non_existent,non_existent,non_existent,non_existent,non_existent,non_existent,non_existent,non_existent,non_existent,non_existent,non_existent,non_existent,non_existent,non_existent,non_existent,non_existent,non_existent,non_existent,non_existent,non_existent,non_existent,non_existent,non_existent,empty,empty,no_visit,no_visit,empty,empty,empty,empty,empty,empty,empty,empty,empty,empty,empty,empty,empty,
BP,O,45,High,medium,16,a,,,,NA,non_existent,non_existent,non_existent,non_existent,non_existent,non_existent,non_existent,non_existent,non_existent,non_existent,non_existent,non_existent,non_existent,non_existent,non_existent,non_existent,non_existent,non_existent,non_existent,non_existent,non_existent,non_existent,non_existent,non_existent,non_existent,non_existent,non_existent,non_existent,non_existent,non_existent,non_existent,non_existent,non_existent,non_existent,non_existent,empty,empty,no_visit,no_visit,empty,empty,empty,empty,empty,empty,empty,empty,empty,empty,empty,empty,empty,
BP,O,45,High,medium,17,a,,,,NA,non_existent,non_existent,non_existent,non_existent,non_existent,non_existent,non_existent,non_existent,non_existent,non_existent,non_existent,non_existent,non_existent,non_existent,non_existent,non_existent,non_existent,non_existent,non_existent,non_existent,non_existent,non_existent,non_existent,non_existent,non_existent,non_existent,non_existent,non_existent,non_existent,non_existent,non_existent,non_existent,non_existent,non_existent,non_existent,empty,empty,no_visit,no_visit,empty,empty,empty,empty,empty,empty,empty,empty,empty,empty,empty,empty,empty,
BP,O,45,High,large,18,a,,,,NA,non_existent,non_existent,non_existent,non_existent,non_existent,non_existent,non_existent,non_existent,non_existent,non_existent,non_existent,non_existent,non_existent,non_existent,non_existent,non_existent,non_existent,non_existent,non_existent,non_existent,non_existent,non_existent,non_existent,non_existent,non_existent,non_existent,non_existent,non_existent,non_existent,non_existent,non_existent,non_existent,non_existent,non_existent,non_existent,empty,empty,no_visit,no_visit,empty,empty,empty,empty,empty,empty,empty,empty,empty,empty,empty,empty,empty,
BP,P,46,Low,medium,1,a,,,,NA,non_existent,non_existent,non_existent,non_existent,non_existent,non_existent,non_existent,non_existent,non_existent,non_existent,non_existent,non_existent,non_existent,non_existent,non_existent,non_existent,non_existent,non_existent,non_existent,non_existent,non_existent,non_existent,non_existent,non_existent,non_existent,non_existent,non_existent,non_existent,non_existent,non_existent,non_existent,non_existent,non_existent,non_existent,non_existent,empty,empty,no_visit,no_visit,empty,empty,empty,empty,empty,empty,empty,empty,empty,empty,empty,empty,empty,
BP,P,46,Low,medium,2,a,,,,NA,non_existent,non_existent,non_existent,non_existent,non_existent,non_existent,non_existent,non_existent,non_existent,non_existent,non_existent,non_existent,non_existent,non_existent,non_existent,non_existent,non_existent,non_existent,non_existent,non_existent,non_existent,non_existent,non_existent,non_existent,non_existent,non_existent,non_existent,non_existent,non_existent,non_existent,non_existent,non_existent,non_existent,non_existent,non_existent,empty,empty,no_visit,no_visit,empty,empty,empty,empty,empty,empty,empty,empty,empty,empty,empty,empty,empty,
BP,P,46,Low,small,3,a,,,,NA,non_existent,non_existent,non_existent,non_existent,non_existent,non_existent,non_existent,non_existent,non_existent,non_existent,non_existent,non_existent,non_existent,non_existent,non_existent,non_existent,non_existent,non_existent,non_existent,non_existent,non_existent,non_existent,non_existent,non_existent,non_existent,non_existent,non_existent,non_existent,non_existent,non_existent,non_existent,non_existent,non_existent,non_existent,non_existent,empty,empty,no_visit,no_visit,empty,empty,empty,empty,empty,empty,empty,empty,empty,empty,empty,empty,empty,
BP,P,46,Low,medium,4,a,,,,NA,non_existent,non_existent,non_existent,non_existent,non_existent,non_existent,non_existent,non_existent,non_existent,non_existent,non_existent,non_existent,non_existent,non_existent,non_existent,non_existent,non_existent,non_existent,non_existent,non_existent,non_existent,non_existent,non_existent,non_existent,non_existent,non_existent,non_existent,non_existent,non_existent,non_existent,non_existent,non_existent,non_existent,non_existent,non_existent,empty,empty,no_visit,no_visit,empty,empty,empty,empty,empty,empty,empty,empty,empty,empty,empty,empty,empty,
BP,P,46,Low,large,5,a,,,,NA,non_existent,non_existent,non_existent,non_existent,non_existent,non_existent,non_existent,non_existent,non_existent,non_existent,non_existent,non_existent,non_existent,non_existent,non_existent,non_existent,non_existent,non_existent,non_existent,non_existent,non_existent,non_existent,non_existent,non_existent,non_existent,non_existent,non_existent,non_existent,non_existent,non_existent,non_existent,non_existent,non_existent,non_existent,non_existent,empty,empty,no_visit,no_visit,empty,empty,empty,empty,empty,empty,empty,empty,empty,empty,empty,empty,empty,
BP,P,46,Low,medium,6,a,,,,NA,non_existent,non_existent,non_existent,non_existent,non_existent,non_existent,non_existent,non_existent,non_existent,non_existent,non_existent,non_existent,non_existent,non_existent,non_existent,non_existent,non_existent,non_existent,non_existent,non_existent,non_existent,non_existent,non_existent,non_existent,non_existent,non_existent,non_existent,non_existent,non_existent,non_existent,non_existent,non_existent,non_existent,non_existent,non_existent,empty,empty,no_visit,no_visit,empty,empty,empty,empty,empty,empty,empty,empty,empty,empty,empty,empty,empty,
BP,P,46,Low,large,7,a,,,,NA,non_existent,non_existent,non_existent,non_existent,non_existent,non_existent,non_existent,non_existent,non_existent,non_existent,non_existent,non_existent,non_existent,non_existent,non_existent,non_existent,non_existent,non_existent,non_existent,non_existent,non_existent,non_existent,non_existent,non_existent,non_existent,non_existent,non_existent,non_existent,non_existent,non_existent,non_existent,non_existent,non_existent,non_existent,non_existent,empty,empty,no_visit,no_visit,empty,empty,empty,empty,empty,empty,empty,empty,empty,empty,empty,empty,empty,
BP,P,46,Low,medium,8,a,,,,NA,non_existent,non_existent,non_existent,non_existent,non_existent,non_existent,non_existent,non_existent,non_existent,non_existent,non_existent,non_existent,non_existent,non_existent,non_existent,non_existent,non_existent,non_existent,non_existent,non_existent,non_existent,non_existent,non_existent,non_existent,non_existent,non_existent,non_existent,non_existent,non_existent,non_existent,non_existent,non_existent,non_existent,non_existent,non_existent,empty,empty,no_visit,no_visit,empty,empty,empty,empty,empty,empty,empty,empty,empty,empty,empty,empty,empty,
BP,P,46,Low,medium,9,a,,,,NA,non_existent,non_existent,non_existent,non_existent,non_existent,non_existent,non_existent,non_existent,non_existent,non_existent,non_existent,non_existent,non_existent,non_existent,non_existent,non_existent,non_existent,non_existent,non_existent,non_existent,non_existent,non_existent,non_existent,non_existent,non_existent,non_existent,non_existent,non_existent,non_existent,non_existent,non_existent,non_existent,non_existent,non_existent,non_existent,empty,empty,no_visit,no_visit,empty,empty,empty,empty,empty,empty,empty,empty,empty,empty,empty,empty,empty,
BP,P,46,Low,large,10,a,,,,NA,non_existent,non_existent,non_existent,non_existent,non_existent,non_existent,non_existent,non_existent,non_existent,non_existent,non_existent,non_existent,non_existent,non_existent,non_existent,non_existent,non_existent,non_existent,non_existent,non_existent,non_existent,non_existent,non_existent,non_existent,non_existent,non_existent,non_existent,non_existent,non_existent,non_existent,non_existent,non_existent,non_existent,non_existent,non_existent,empty,empty,no_visit,no_visit,empty,empty,empty,empty,empty,empty,empty,empty,empty,empty,empty,empty,empty,
BP,P,46,Low,medium,11,a,,,,NA,non_existent,non_existent,non_existent,non_existent,non_existent,non_existent,non_existent,non_existent,non_existent,non_existent,non_existent,non_existent,non_existent,non_existent,non_existent,non_existent,non_existent,non_existent,non_existent,non_existent,non_existent,non_existent,non_existent,non_existent,non_existent,non_existent,non_existent,non_existent,non_existent,non_existent,non_existent,non_existent,non_existent,non_existent,non_existent,empty,empty,no_visit,no_visit,empty,empty,empty,empty,empty,empty,empty,empty,empty,empty,empty,empty,empty,
BP,P,46,Low,medium,12,a,,,,NA,non_existent,non_existent,non_existent,non_existent,non_existent,non_existent,non_existent,non_existent,non_existent,non_existent,non_existent,non_existent,non_existent,non_existent,non_existent,non_existent,non_existent,non_existent,non_existent,non_existent,non_existent,non_existent,non_existent,non_existent,non_existent,non_existent,non_existent,non_existent,non_existent,non_existent,non_existent,non_existent,non_existent,non_existent,non_existent,empty,empty,no_visit,no_visit,empty,empty,empty,empty,empty,empty,empty,empty,empty,empty,empty,empty,empty,
BP,P,46,Low,large,13,a,,,,NA,non_existent,non_existent,non_existent,non_existent,non_existent,non_existent,non_existent,non_existent,non_existent,non_existent,non_existent,non_existent,non_existent,non_existent,non_existent,non_existent,non_existent,non_existent,non_existent,non_existent,non_existent,non_existent,non_existent,non_existent,non_existent,non_existent,non_existent,non_existent,non_existent,non_existent,non_existent,non_existent,non_existent,non_existent,non_existent,empty,empty,no_visit,no_visit,empty,empty,empty,empty,empty,empty,empty,empty,empty,empty,empty,empty,empty,
BP,P,46,Low,medium,14,a,,,,NA,non_existent,non_existent,non_existent,non_existent,non_existent,non_existent,non_existent,non_existent,non_existent,non_existent,non_existent,non_existent,non_existent,non_existent,non_existent,non_existent,non_existent,non_existent,non_existent,non_existent,non_existent,non_existent,non_existent,non_existent,non_existent,non_existent,non_existent,non_existent,non_existent,non_existent,non_existent,non_existent,non_existent,non_existent,non_existent,empty,empty,no_visit,no_visit,empty,empty,empty,empty,empty,empty,empty,empty,empty,empty,empty,empty,empty,
BP,P,46,Low,small,15,a,,,,NA,non_existent,non_existent,non_existent,non_existent,non_existent,non_existent,non_existent,non_existent,non_existent,non_existent,non_existent,non_existent,non_existent,non_existent,non_existent,non_existent,non_existent,non_existent,non_existent,non_existent,non_existent,non_existent,non_existent,non_existent,non_existent,non_existent,non_existent,non_existent,non_existent,non_existent,non_existent,non_existent,non_existent,non_existent,non_existent,empty,empty,no_visit,no_visit,empty,empty,empty,empty,empty,empty,empty,empty,empty,empty,empty,empty,empty,
BP,P,46,Low,medium,16,a,,,,NA,non_existent,non_existent,non_existent,non_existent,non_existent,non_existent,non_existent,non_existent,non_existent,non_existent,non_existent,non_existent,non_existent,non_existent,non_existent,non_existent,non_existent,non_existent,non_existent,non_existent,non_existent,non_existent,non_existent,non_existent,non_existent,non_existent,non_existent,non_existent,non_existent,non_existent,non_existent,non_existent,non_existent,non_existent,non_existent,empty,empty,no_visit,no_visit,empty,empty,empty,empty,empty,empty,empty,empty,empty,empty,empty,empty,empty,
BP,P,46,Low,medium,17,a,,,,NA,non_existent,non_existent,non_existent,non_existent,non_existent,non_existent,non_existent,non_existent,non_existent,non_existent,non_existent,non_existent,non_existent,non_existent,non_existent,non_existent,non_existent,non_existent,non_existent,non_existent,non_existent,non_existent,non_existent,non_existent,non_existent,non_existent,non_existent,non_existent,non_existent,non_existent,non_existent,non_existent,non_existent,non_existent,non_existent,empty,empty,no_visit,no_visit,empty,empty,empty,empty,empty,empty,empty,empty,empty,empty,empty,empty,empty,
BP,P,46,Low,large,18,a,,,,NA,non_existent,non_existent,non_existent,non_existent,non_existent,non_existent,non_existent,non_existent,non_existent,non_existent,non_existent,non_existent,non_existent,non_existent,non_existent,non_existent,non_existent,non_existent,non_existent,non_existent,non_existent,non_existent,non_existent,non_existent,non_existent,non_existent,non_existent,non_existent,non_existent,non_existent,non_existent,non_existent,non_existent,non_existent,non_existent,empty,empty,no_visit,no_visit,empty,empty,empty,empty,empty,empty,empty,empty,empty,empty,empty,empty,empty,
BP,P,47,Mid,large,1,a,,,,NA,non_existent,non_existent,non_existent,non_existent,non_existent,non_existent,non_existent,non_existent,non_existent,non_existent,non_existent,non_existent,non_existent,non_existent,non_existent,non_existent,non_existent,non_existent,non_existent,non_existent,non_existent,non_existent,non_existent,non_existent,non_existent,non_existent,non_existent,non_existent,non_existent,non_existent,non_existent,non_existent,non_existent,non_existent,non_existent,empty,empty,no_visit,no_visit,empty,empty,empty,empty,empty,empty,empty,empty,empty,empty,empty,empty,empty,
BP,P,47,Mid,medium,2,a,,,,NA,non_existent,non_existent,non_existent,non_existent,non_existent,non_existent,non_existent,non_existent,non_existent,non_existent,non_existent,non_existent,non_existent,non_existent,non_existent,non_existent,non_existent,non_existent,non_existent,non_existent,non_existent,non_existent,non_existent,non_existent,non_existent,non_existent,non_existent,non_existent,non_existent,non_existent,non_existent,non_existent,non_existent,non_existent,non_existent,empty,empty,no_visit,no_visit,empty,empty,empty,empty,empty,empty,empty,empty,empty,empty,empty,empty,empty,
BP,P,47,Mid,medium,3,a,,,,NA,non_existent,non_existent,non_existent,non_existent,non_existent,non_existent,non_existent,non_existent,non_existent,non_existent,non_existent,non_existent,non_existent,non_existent,non_existent,non_existent,non_existent,non_existent,non_existent,non_existent,non_existent,non_existent,non_existent,non_existent,non_existent,non_existent,non_existent,non_existent,non_existent,non_existent,non_existent,non_existent,non_existent,non_existent,non_existent,empty,empty,no_visit,no_visit,empty,empty,empty,empty,empty,empty,empty,empty,empty,empty,empty,empty,empty,
BP,P,47,Mid,medium,4,a,,,,NA,non_existent,non_existent,non_existent,non_existent,non_existent,non_existent,non_existent,non_existent,non_existent,non_existent,non_existent,non_existent,non_existent,non_existent,non_existent,non_existent,non_existent,non_existent,non_existent,non_existent,non_existent,non_existent,non_existent,non_existent,non_existent,non_existent,non_existent,non_existent,non_existent,non_existent,non_existent,non_existent,non_existent,non_existent,non_existent,empty,empty,no_visit,no_visit,empty,empty,empty,empty,empty,empty,empty,empty,empty,empty,empty,empty,empty,
BP,P,47,Mid,small,5,a,,,,NA,non_existent,non_existent,non_existent,non_existent,non_existent,non_existent,non_existent,non_existent,non_existent,non_existent,non_existent,non_existent,non_existent,non_existent,non_existent,non_existent,non_existent,non_existent,non_existent,non_existent,non_existent,non_existent,non_existent,non_existent,non_existent,non_existent,non_existent,non_existent,non_existent,non_existent,non_existent,non_existent,non_existent,non_existent,non_existent,empty,empty,no_visit,no_visit,empty,empty,empty,empty,empty,empty,empty,empty,empty,empty,empty,empty,empty,
BP,P,47,Mid,large,6,a,,,,NA,non_existent,non_existent,non_existent,non_existent,non_existent,non_existent,non_existent,non_existent,non_existent,non_existent,non_existent,non_existent,non_existent,non_existent,non_existent,non_existent,non_existent,non_existent,non_existent,non_existent,non_existent,non_existent,non_existent,non_existent,non_existent,non_existent,non_existent,non_existent,non_existent,non_existent,non_existent,non_existent,non_existent,non_existent,non_existent,empty,empty,no_visit,no_visit,empty,empty,empty,empty,empty,empty,empty,empty,empty,empty,empty,empty,empty,
BP,P,47,Mid,medium,7,a,,,,NA,non_existent,non_existent,non_existent,non_existent,non_existent,non_existent,non_existent,non_existent,non_existent,non_existent,non_existent,non_existent,non_existent,non_existent,non_existent,non_existent,non_existent,non_existent,non_existent,non_existent,non_existent,non_existent,non_existent,non_existent,non_existent,non_existent,non_existent,non_existent,non_existent,non_existent,non_existent,non_existent,non_existent,non_existent,non_existent,empty,empty,no_visit,no_visit,empty,empty,empty,empty,empty,empty,empty,empty,empty,empty,empty,empty,empty,
BP,P,47,Mid,medium,8,a,,,,NA,non_existent,non_existent,non_existent,non_existent,non_existent,non_existent,non_existent,non_existent,non_existent,non_existent,non_existent,non_existent,non_existent,non_existent,non_existent,non_existent,non_existent,non_existent,non_existent,non_existent,non_existent,non_existent,non_existent,non_existent,non_existent,non_existent,non_existent,non_existent,non_existent,non_existent,non_existent,non_existent,non_existent,non_existent,non_existent,empty,empty,no_visit,no_visit,empty,empty,empty,empty,empty,empty,empty,empty,empty,empty,empty,empty,empty,
BP,P,47,Mid,large,9,a,,,,NA,non_existent,non_existent,non_existent,non_existent,non_existent,non_existent,non_existent,non_existent,non_existent,non_existent,non_existent,non_existent,non_existent,non_existent,non_existent,non_existent,non_existent,non_existent,non_existent,non_existent,non_existent,non_existent,non_existent,non_existent,non_existent,non_existent,non_existent,non_existent,non_existent,non_existent,non_existent,non_existent,non_existent,non_existent,non_existent,empty,empty,no_visit,no_visit,empty,empty,empty,empty,empty,empty,empty,empty,empty,empty,empty,empty,empty,
BP,P,47,Mid,large,10,a,,,,NA,non_existent,non_existent,non_existent,non_existent,non_existent,non_existent,non_existent,non_existent,non_existent,non_existent,non_existent,non_existent,non_existent,non_existent,non_existent,non_existent,non_existent,non_existent,non_existent,non_existent,non_existent,non_existent,non_existent,non_existent,non_existent,non_existent,non_existent,non_existent,non_existent,non_existent,non_existent,non_existent,non_existent,non_existent,non_existent,empty,empty,no_visit,no_visit,empty,empty,empty,empty,empty,empty,empty,empty,empty,empty,empty,empty,empty,
BP,P,47,Mid,medium,11,a,,,,NA,non_existent,non_existent,non_existent,non_existent,non_existent,non_existent,non_existent,non_existent,non_existent,non_existent,non_existent,non_existent,non_existent,non_existent,non_existent,non_existent,non_existent,non_existent,non_existent,non_existent,non_existent,non_existent,non_existent,non_existent,non_existent,non_existent,non_existent,non_existent,non_existent,non_existent,non_existent,non_existent,non_existent,non_existent,non_existent,empty,empty,no_visit,no_visit,empty,empty,empty,empty,empty,empty,empty,empty,empty,empty,empty,empty,empty,
BP,P,47,Mid,medium,12,a,,,,NA,non_existent,non_existent,non_existent,non_existent,non_existent,non_existent,non_existent,non_existent,non_existent,non_existent,non_existent,non_existent,non_existent,non_existent,non_existent,non_existent,non_existent,non_existent,non_existent,non_existent,non_existent,non_existent,non_existent,non_existent,non_existent,non_existent,non_existent,non_existent,non_existent,non_existent,non_existent,non_existent,non_existent,non_existent,non_existent,empty,empty,no_visit,no_visit,empty,empty,empty,empty,empty,empty,empty,empty,empty,empty,empty,empty,empty,
BP,P,47,Mid,medium,13,a,,,,NA,non_existent,non_existent,non_existent,non_existent,non_existent,non_existent,non_existent,non_existent,non_existent,non_existent,non_existent,non_existent,non_existent,non_existent,non_existent,non_existent,non_existent,non_existent,non_existent,non_existent,non_existent,non_existent,non_existent,non_existent,non_existent,non_existent,non_existent,non_existent,non_existent,non_existent,non_existent,non_existent,non_existent,non_existent,non_existent,empty,empty,no_visit,no_visit,empty,empty,empty,empty,empty,empty,empty,empty,empty,empty,empty,empty,empty,
BP,P,47,Mid,large,14,a,,,,NA,non_existent,non_existent,non_existent,non_existent,non_existent,non_existent,non_existent,non_existent,non_existent,non_existent,non_existent,non_existent,non_existent,non_existent,non_existent,non_existent,non_existent,non_existent,non_existent,non_existent,non_existent,non_existent,non_existent,non_existent,non_existent,non_existent,non_existent,non_existent,non_existent,non_existent,non_existent,non_existent,non_existent,non_existent,non_existent,empty,empty,no_visit,no_visit,empty,empty,empty,empty,empty,empty,empty,empty,empty,empty,empty,empty,empty,
BP,P,47,Mid,medium,15,a,,,,NA,non_existent,non_existent,non_existent,non_existent,non_existent,non_existent,non_existent,non_existent,non_existent,non_existent,non_existent,non_existent,non_existent,non_existent,non_existent,non_existent,non_existent,non_existent,non_existent,non_existent,non_existent,non_existent,non_existent,non_existent,non_existent,non_existent,non_existent,non_existent,non_existent,non_existent,non_existent,non_existent,non_existent,non_existent,non_existent,empty,empty,no_visit,no_visit,empty,empty,empty,empty,empty,empty,empty,empty,empty,empty,empty,empty,empty,
BP,P,47,Mid,small,16,a,,,,NA,non_existent,non_existent,non_existent,non_existent,non_existent,non_existent,non_existent,non_existent,non_existent,non_existent,non_existent,non_existent,non_existent,non_existent,non_existent,non_existent,non_existent,non_existent,non_existent,non_existent,non_existent,non_existent,non_existent,non_existent,non_existent,non_existent,non_existent,non_existent,non_existent,non_existent,non_existent,non_existent,non_existent,non_existent,non_existent,empty,empty,no_visit,no_visit,empty,empty,empty,empty,empty,empty,empty,empty,empty,empty,empty,empty,empty,
BP,P,47,Mid,medium,17,a,,,,NA,non_existent,non_existent,non_existent,non_existent,non_existent,non_existent,non_existent,non_existent,non_existent,non_existent,non_existent,non_existent,non_existent,non_existent,non_existent,non_existent,non_existent,non_existent,non_existent,non_existent,non_existent,non_existent,non_existent,non_existent,non_existent,non_existent,non_existent,non_existent,non_existent,non_existent,non_existent,non_existent,non_existent,non_existent,non_existent,empty,empty,no_visit,no_visit,empty,empty,empty,empty,empty,empty,empty,empty,empty,empty,empty,empty,empty,
BP,P,47,Mid,large,18,a,,,,NA,non_existent,non_existent,non_existent,non_existent,non_existent,non_existent,non_existent,non_existent,non_existent,non_existent,non_existent,non_existent,non_existent,non_existent,non_existent,non_existent,non_existent,non_existent,non_existent,non_existent,non_existent,non_existent,non_existent,non_existent,non_existent,non_existent,non_existent,non_existent,non_existent,non_existent,non_existent,non_existent,non_existent,non_existent,non_existent,empty,empty,no_visit,no_visit,empty,empty,empty,empty,empty,empty,empty,empty,empty,empty,empty,empty,empty,
BP,P,48,High,large,1,a,,,,NA,non_existent,non_existent,non_existent,non_existent,non_existent,non_existent,non_existent,non_existent,non_existent,non_existent,non_existent,non_existent,non_existent,non_existent,non_existent,non_existent,non_existent,non_existent,non_existent,non_existent,non_existent,non_existent,non_existent,non_existent,non_existent,non_existent,non_existent,non_existent,non_existent,non_existent,non_existent,non_existent,non_existent,non_existent,non_existent,empty,empty,no_visit,no_visit,empty,empty,empty,empty,empty,empty,empty,empty,empty,empty,empty,empty,empty,
BP,P,48,High,medium,2,a,,,,NA,non_existent,non_existent,non_existent,non_existent,non_existent,non_existent,non_existent,non_existent,non_existent,non_existent,non_existent,non_existent,non_existent,non_existent,non_existent,non_existent,non_existent,non_existent,non_existent,non_existent,non_existent,non_existent,non_existent,non_existent,non_existent,non_existent,non_existent,non_existent,non_existent,non_existent,non_existent,non_existent,non_existent,non_existent,non_existent,empty,empty,no_visit,no_visit,empty,empty,empty,empty,empty,empty,empty,empty,empty,empty,empty,empty,empty,
BP,P,48,High,large,3,a,,,,NA,non_existent,non_existent,non_existent,non_existent,non_existent,non_existent,non_existent,non_existent,non_existent,non_existent,non_existent,non_existent,non_existent,non_existent,non_existent,non_existent,non_existent,non_existent,non_existent,non_existent,non_existent,non_existent,non_existent,non_existent,non_existent,non_existent,non_existent,non_existent,non_existent,non_existent,non_existent,non_existent,non_existent,non_existent,non_existent,empty,empty,no_visit,no_visit,empty,empty,empty,empty,empty,empty,empty,empty,empty,empty,empty,empty,empty,
BP,P,48,High,medium,4,a,,,,NA,non_existent,non_existent,non_existent,non_existent,non_existent,non_existent,non_existent,non_existent,non_existent,non_existent,non_existent,non_existent,non_existent,non_existent,non_existent,non_existent,non_existent,non_existent,non_existent,non_existent,non_existent,non_existent,non_existent,non_existent,non_existent,non_existent,non_existent,non_existent,non_existent,non_existent,non_existent,non_existent,non_existent,non_existent,non_existent,empty,empty,no_visit,no_visit,empty,empty,empty,empty,empty,empty,empty,empty,empty,empty,empty,empty,empty,
BP,P,48,High,medium,5,a,,,,NA,non_existent,non_existent,non_existent,non_existent,non_existent,non_existent,non_existent,non_existent,non_existent,non_existent,non_existent,non_existent,non_existent,non_existent,non_existent,non_existent,non_existent,non_existent,non_existent,non_existent,non_existent,non_existent,non_existent,non_existent,non_existent,non_existent,non_existent,non_existent,non_existent,non_existent,non_existent,non_existent,non_existent,non_existent,non_existent,empty,empty,no_visit,no_visit,empty,empty,empty,empty,empty,empty,empty,empty,empty,empty,empty,empty,empty,
BP,P,48,High,medium,6,a,,,,NA,non_existent,non_existent,non_existent,non_existent,non_existent,non_existent,non_existent,non_existent,non_existent,non_existent,non_existent,non_existent,non_existent,non_existent,non_existent,non_existent,non_existent,non_existent,non_existent,non_existent,non_existent,non_existent,non_existent,non_existent,non_existent,non_existent,non_existent,non_existent,non_existent,non_existent,non_existent,non_existent,non_existent,non_existent,non_existent,empty,empty,no_visit,no_visit,empty,empty,empty,empty,empty,empty,empty,empty,empty,empty,empty,empty,empty,
BP,P,48,High,medium,7,a,,,,NA,non_existent,non_existent,non_existent,non_existent,non_existent,non_existent,non_existent,non_existent,non_existent,non_existent,non_existent,non_existent,non_existent,non_existent,non_existent,non_existent,non_existent,non_existent,non_existent,non_existent,non_existent,non_existent,non_existent,non_existent,non_existent,non_existent,non_existent,non_existent,non_existent,non_existent,non_existent,non_existent,non_existent,non_existent,non_existent,empty,empty,no_visit,no_visit,empty,empty,empty,empty,empty,empty,empty,empty,empty,empty,empty,empty,empty,
BP,P,48,High,small,8,a,,,,NA,non_existent,non_existent,non_existent,non_existent,non_existent,non_existent,non_existent,non_existent,non_existent,non_existent,non_existent,non_existent,non_existent,non_existent,non_existent,non_existent,non_existent,non_existent,non_existent,non_existent,non_existent,non_existent,non_existent,non_existent,non_existent,non_existent,non_existent,non_existent,non_existent,non_existent,non_existent,non_existent,non_existent,non_existent,non_existent,empty,empty,no_visit,no_visit,empty,empty,empty,empty,empty,empty,empty,empty,empty,empty,empty,empty,empty,
BP,P,48,High,large,9,a,,,,NA,non_existent,non_existent,non_existent,non_existent,non_existent,non_existent,non_existent,non_existent,non_existent,non_existent,non_existent,non_existent,non_existent,non_existent,non_existent,non_existent,non_existent,non_existent,non_existent,non_existent,non_existent,non_existent,non_existent,non_existent,non_existent,non_existent,non_existent,non_existent,non_existent,non_existent,non_existent,non_existent,non_existent,non_existent,non_existent,empty,empty,no_visit,no_visit,empty,empty,empty,empty,empty,empty,empty,empty,empty,empty,empty,empty,empty,
BP,P,48,High,large,10,a,,,,NA,non_existent,non_existent,non_existent,non_existent,non_existent,non_existent,non_existent,non_existent,non_existent,non_existent,non_existent,non_existent,non_existent,non_existent,non_existent,non_existent,non_existent,non_existent,non_existent,non_existent,non_existent,non_existent,non_existent,non_existent,non_existent,non_existent,non_existent,non_existent,non_existent,non_existent,non_existent,non_existent,non_existent,non_existent,non_existent,empty,empty,no_visit,no_visit,empty,empty,empty,empty,empty,empty,empty,empty,empty,empty,empty,empty,empty,
BP,P,48,High, medium,11,a,,,,NA,non_existent,non_existent,non_existent,non_existent,non_existent,non_existent,non_existent,non_existent,non_existent,non_existent,non_existent,non_existent,non_existent,non_existent,non_existent,non_existent,non_existent,non_existent,non_existent,non_existent,non_existent,non_existent,non_existent,non_existent,non_existent,non_existent,non_existent,non_existent,non_existent,non_existent,non_existent,non_existent,non_existent,non_existent,non_existent,empty,empty,no_visit,no_visit,empty,empty,empty,empty,empty,empty,empty,empty,empty,empty,empty,empty,empty,
BP,P,48,High, medium,12,a,,,,NA,non_existent,non_existent,non_existent,non_existent,non_existent,non_existent,non_existent,non_existent,non_existent,non_existent,non_existent,non_existent,non_existent,non_existent,non_existent,non_existent,non_existent,non_existent,non_existent,non_existent,non_existent,non_existent,non_existent,non_existent,non_existent,non_existent,non_existent,non_existent,non_existent,non_existent,non_existent,non_existent,non_existent,non_existent,non_existent,empty,empty,no_visit,no_visit,empty,empty,empty,empty,empty,empty,empty,empty,empty,empty,empty,empty,empty,
BP,P,48,High,small,13,a,,,,NA,non_existent,non_existent,non_existent,non_existent,non_existent,non_existent,non_existent,non_existent,non_existent,non_existent,non_existent,non_existent,non_existent,non_existent,non_existent,non_existent,non_existent,non_existent,non_existent,non_existent,non_existent,non_existent,non_existent,non_existent,non_existent,non_existent,non_existent,non_existent,non_existent,non_existent,non_existent,non_existent,non_existent,non_existent,non_existent,empty,empty,no_visit,no_visit,empty,empty,empty,empty,empty,empty,empty,empty,empty,empty,empty,empty,empty,
BP,P,48,High, medium,14,a,,,,NA,non_existent,non_existent,non_existent,non_existent,non_existent,non_existent,non_existent,non_existent,non_existent,non_existent,non_existent,non_existent,non_existent,non_existent,non_existent,non_existent,non_existent,non_existent,non_existent,non_existent,non_existent,non_existent,non_existent,non_existent,non_existent,non_existent,non_existent,non_existent,non_existent,non_existent,non_existent,non_existent,non_existent,non_existent,non_existent,empty,empty,no_visit,no_visit,empty,empty,empty,empty,empty,empty,empty,empty,empty,empty,empty,empty,empty,
BP,P,48,High,large,15,a,,,,NA,non_existent,non_existent,non_existent,non_existent,non_existent,non_existent,non_existent,non_existent,non_existent,non_existent,non_existent,non_existent,non_existent,non_existent,non_existent,non_existent,non_existent,non_existent,non_existent,non_existent,non_existent,non_existent,non_existent,non_existent,non_existent,non_existent,non_existent,non_existent,non_existent,non_existent,non_existent,non_existent,non_existent,non_existent,non_existent,empty,empty,no_visit,no_visit,empty,empty,empty,empty,empty,empty,empty,empty,empty,empty,empty,empty,empty,
BP,P,48,High,medium,16,a,,,,NA,non_existent,non_existent,non_existent,non_existent,non_existent,non_existent,non_existent,non_existent,non_existent,non_existent,non_existent,non_existent,non_existent,non_existent,non_existent,non_existent,non_existent,non_existent,non_existent,non_existent,non_existent,non_existent,non_existent,non_existent,non_existent,non_existent,non_existent,non_existent,non_existent,non_existent,non_existent,non_existent,non_existent,non_existent,non_existent,empty,empty,no_visit,no_visit,empty,empty,empty,empty,empty,empty,empty,empty,empty,empty,empty,empty,empty,
BP,P,48,High,medium,17,a,,,,NA,non_existent,non_existent,non_existent,non_existent,non_existent,non_existent,non_existent,non_existent,non_existent,non_existent,non_existent,non_existent,non_existent,non_existent,non_existent,non_existent,non_existent,non_existent,non_existent,non_existent,non_existent,non_existent,non_existent,non_existent,non_existent,non_existent,non_existent,non_existent,non_existent,non_existent,non_existent,non_existent,non_existent,non_existent,non_existent,empty,empty,no_visit,no_visit,empty,empty,empty,empty,empty,empty,empty,empty,empty,empty,empty,empty,empty,
BP,P,48,High,large,18,a,,,,NA,non_existent,non_existent,non_existent,non_existent,non_existent,non_existent,non_existent,non_existent,non_existent,non_existent,non_existent,non_existent,non_existent,non_existent,non_existent,non_existent,non_existent,non_existent,non_existent,non_existent,non_existent,non_existent,non_existent,non_existent,non_existent,non_existent,non_existent,non_existent,non_existent,non_existent,non_existent,non_existent,non_existent,non_existent,non_existent,empty,empty,no_visit,no_visit,empty,empty,empty,empty,empty,empty,empty,empty,empty,empty,empty,empty,empty,
BP,Q,49,Low,large,1,a,,,,NA,non_existent,non_existent,non_existent,non_existent,non_existent,non_existent,non_existent,non_existent,non_existent,non_existent,non_existent,non_existent,non_existent,non_existent,non_existent,non_existent,non_existent,non_existent,non_existent,non_existent,non_existent,non_existent,non_existent,non_existent,non_existent,non_existent,non_existent,non_existent,non_existent,non_existent,non_existent,non_existent,non_existent,non_existent,non_existent,empty,empty,no_visit,no_visit,empty,empty,empty,empty,empty,empty,empty,empty,empty,empty,empty,empty,empty,
BP,Q,49,Low,medium,2,a,,,,NA,non_existent,non_existent,non_existent,non_existent,non_existent,non_existent,non_existent,non_existent,non_existent,non_existent,non_existent,non_existent,non_existent,non_existent,non_existent,non_existent,non_existent,non_existent,non_existent,non_existent,non_existent,non_existent,non_existent,non_existent,non_existent,non_existent,non_existent,non_existent,non_existent,non_existent,non_existent,non_existent,non_existent,non_existent,non_existent,empty,empty,no_visit,no_visit,empty,empty,empty,empty,empty,empty,empty,empty,empty,empty,empty,empty,empty,
BP,Q,49,Low,medium,3,a,,,,NA,non_existent,non_existent,non_existent,non_existent,non_existent,non_existent,non_existent,non_existent,non_existent,non_existent,non_existent,non_existent,non_existent,non_existent,non_existent,non_existent,non_existent,non_existent,non_existent,non_existent,non_existent,non_existent,non_existent,non_existent,non_existent,non_existent,non_existent,non_existent,non_existent,non_existent,non_existent,non_existent,non_existent,non_existent,non_existent,empty,empty,no_visit,no_visit,empty,empty,empty,empty,empty,empty,empty,empty,empty,empty,empty,empty,empty,
BP,Q,49,Low,small,4,a,,,,NA,non_existent,non_existent,non_existent,non_existent,non_existent,non_existent,non_existent,non_existent,non_existent,non_existent,non_existent,non_existent,non_existent,non_existent,non_existent,non_existent,non_existent,non_existent,non_existent,non_existent,non_existent,non_existent,non_existent,non_existent,non_existent,non_existent,non_existent,non_existent,non_existent,non_existent,non_existent,non_existent,non_existent,non_existent,non_existent,empty,empty,no_visit,no_visit,empty,empty,empty,empty,empty,empty,empty,empty,empty,empty,empty,empty,empty,
BP,Q,49,Low,medium ,5,a,,,,NA,non_existent,non_existent,non_existent,non_existent,non_existent,non_existent,non_existent,non_existent,non_existent,non_existent,non_existent,non_existent,non_existent,non_existent,non_existent,non_existent,non_existent,non_existent,non_existent,non_existent,non_existent,non_existent,non_existent,non_existent,non_existent,non_existent,non_existent,non_existent,non_existent,non_existent,non_existent,non_existent,non_existent,non_existent,non_existent,empty,empty,no_visit,no_visit,empty,empty,empty,empty,empty,empty,empty,empty,empty,empty,empty,empty,empty,
BP,Q,49,Low,large,6,a,,,,NA,non_existent,non_existent,non_existent,non_existent,non_existent,non_existent,non_existent,non_existent,non_existent,non_existent,non_existent,non_existent,non_existent,non_existent,non_existent,non_existent,non_existent,non_existent,non_existent,non_existent,non_existent,non_existent,non_existent,non_existent,non_existent,non_existent,non_existent,non_existent,non_existent,non_existent,non_existent,non_existent,non_existent,non_existent,non_existent,empty,empty,no_visit,no_visit,empty,empty,empty,empty,empty,empty,empty,empty,empty,empty,empty,empty,empty,
BP,Q,49,Low,medium,7,a,,,,NA,non_existent,non_existent,non_existent,non_existent,non_existent,non_existent,non_existent,non_existent,non_existent,non_existent,non_existent,non_existent,non_existent,non_existent,non_existent,non_existent,non_existent,non_existent,non_existent,non_existent,non_existent,non_existent,non_existent,non_existent,non_existent,non_existent,non_existent,non_existent,non_existent,non_existent,non_existent,non_existent,non_existent,non_existent,non_existent,empty,empty,no_visit,no_visit,empty,empty,empty,empty,empty,empty,empty,empty,empty,empty,empty,empty,empty,
BP,Q,49,Low,medium,8,a,,,,NA,non_existent,non_existent,non_existent,non_existent,non_existent,non_existent,non_existent,non_existent,non_existent,non_existent,non_existent,non_existent,non_existent,non_existent,non_existent,non_existent,non_existent,non_existent,non_existent,non_existent,non_existent,non_existent,non_existent,non_existent,non_existent,non_existent,non_existent,non_existent,non_existent,non_existent,non_existent,non_existent,non_existent,non_existent,non_existent,empty,empty,no_visit,no_visit,empty,empty,empty,empty,empty,empty,empty,empty,empty,empty,empty,empty,empty,
BP,Q,49,Low,large,9,a,,,,NA,non_existent,non_existent,non_existent,non_existent,non_existent,non_existent,non_existent,non_existent,non_existent,non_existent,non_existent,non_existent,non_existent,non_existent,non_existent,non_existent,non_existent,non_existent,non_existent,non_existent,non_existent,non_existent,non_existent,non_existent,non_existent,non_existent,non_existent,non_existent,non_existent,non_existent,non_existent,non_existent,non_existent,non_existent,non_existent,empty,empty,no_visit,no_visit,empty,empty,empty,empty,empty,empty,empty,empty,empty,empty,empty,empty,empty,
BP,Q,49,Low,large,10,a,,,,NA,non_existent,non_existent,non_existent,non_existent,non_existent,non_existent,non_existent,non_existent,non_existent,non_existent,non_existent,non_existent,non_existent,non_existent,non_existent,non_existent,non_existent,non_existent,non_existent,non_existent,non_existent,non_existent,non_existent,non_existent,non_existent,non_existent,non_existent,non_existent,non_existent,non_existent,non_existent,non_existent,non_existent,non_existent,non_existent,empty,empty,no_visit,no_visit,empty,empty,empty,empty,empty,empty,empty,empty,empty,empty,empty,empty,empty,
BP,Q,49,Low,medium,11,a,,,,NA,non_existent,non_existent,non_existent,non_existent,non_existent,non_existent,non_existent,non_existent,non_existent,non_existent,non_existent,non_existent,non_existent,non_existent,non_existent,non_existent,non_existent,non_existent,non_existent,non_existent,non_existent,non_existent,non_existent,non_existent,non_existent,non_existent,non_existent,non_existent,non_existent,non_existent,non_existent,non_existent,non_existent,non_existent,non_existent,empty,empty,no_visit,no_visit,empty,empty,empty,empty,empty,empty,empty,empty,empty,empty,empty,empty,empty,
BP,Q,49,Low,medium,12,a,,,,NA,non_existent,non_existent,non_existent,non_existent,non_existent,non_existent,non_existent,non_existent,non_existent,non_existent,non_existent,non_existent,non_existent,non_existent,non_existent,non_existent,non_existent,non_existent,non_existent,non_existent,non_existent,non_existent,non_existent,non_existent,non_existent,non_existent,non_existent,non_existent,non_existent,non_existent,non_existent,non_existent,non_existent,non_existent,non_existent,empty,empty,no_visit,no_visit,empty,empty,empty,empty,empty,empty,empty,empty,empty,empty,empty,empty,empty,
BP,Q,49,Low,medium,13,a,,,,NA,non_existent,non_existent,non_existent,non_existent,non_existent,non_existent,non_existent,non_existent,non_existent,non_existent,non_existent,non_existent,non_existent,non_existent,non_existent,non_existent,non_existent,non_existent,non_existent,non_existent,non_existent,non_existent,non_existent,non_existent,non_existent,non_existent,non_existent,non_existent,non_existent,non_existent,non_existent,non_existent,non_existent,non_existent,non_existent,empty,empty,no_visit,no_visit,empty,empty,empty,empty,empty,empty,empty,empty,empty,empty,empty,empty,empty,
BP,Q,49,Low,medium,14,a,,,,NA,non_existent,non_existent,non_existent,non_existent,non_existent,non_existent,non_existent,non_existent,non_existent,non_existent,non_existent,non_existent,non_existent,non_existent,non_existent,non_existent,non_existent,non_existent,non_existent,non_existent,non_existent,non_existent,non_existent,non_existent,non_existent,non_existent,non_existent,non_existent,non_existent,non_existent,non_existent,non_existent,non_existent,non_existent,non_existent,empty,empty,no_visit,no_visit,empty,empty,empty,empty,empty,empty,empty,empty,empty,empty,empty,empty,empty,
BP,Q,49,Low,medium,15,a,,,,NA,non_existent,non_existent,non_existent,non_existent,non_existent,non_existent,non_existent,non_existent,non_existent,non_existent,non_existent,non_existent,non_existent,non_existent,non_existent,non_existent,non_existent,non_existent,non_existent,non_existent,non_existent,non_existent,non_existent,non_existent,non_existent,non_existent,non_existent,non_existent,non_existent,non_existent,non_existent,non_existent,non_existent,non_existent,non_existent,empty,empty,no_visit,no_visit,empty,empty,empty,empty,empty,empty,empty,empty,empty,empty,empty,empty,empty,
BP,Q,49,Low,large,16,a,,,,NA,non_existent,non_existent,non_existent,non_existent,non_existent,non_existent,non_existent,non_existent,non_existent,non_existent,non_existent,non_existent,non_existent,non_existent,non_existent,non_existent,non_existent,non_existent,non_existent,non_existent,non_existent,non_existent,non_existent,non_existent,non_existent,non_existent,non_existent,non_existent,non_existent,non_existent,non_existent,non_existent,non_existent,non_existent,non_existent,empty,empty,no_visit,no_visit,empty,empty,empty,empty,empty,empty,empty,empty,empty,empty,empty,empty,empty,
BP,Q,49,Low,small,17,a,,,,NA,non_existent,non_existent,non_existent,non_existent,non_existent,non_existent,non_existent,non_existent,non_existent,non_existent,non_existent,non_existent,non_existent,non_existent,non_existent,non_existent,non_existent,non_existent,non_existent,non_existent,non_existent,non_existent,non_existent,non_existent,non_existent,non_existent,non_existent,non_existent,non_existent,non_existent,non_existent,non_existent,non_existent,non_existent,non_existent,empty,empty,no_visit,no_visit,empty,empty,empty,empty,empty,empty,empty,empty,empty,empty,empty,empty,empty,
BP,Q,49,Low,large,18,a,,,,NA,non_existent,non_existent,non_existent,non_existent,non_existent,non_existent,non_existent,non_existent,non_existent,non_existent,non_existent,non_existent,non_existent,non_existent,non_existent,non_existent,non_existent,non_existent,non_existent,non_existent,non_existent,non_existent,non_existent,non_existent,non_existent,non_existent,non_existent,non_existent,non_existent,non_existent,non_existent,non_existent,non_existent,non_existent,non_existent,empty,empty,no_visit,no_visit,empty,empty,empty,empty,empty,empty,empty,empty,empty,empty,empty,empty,empty,
BP,Q,50,Mid,large,1,a,,,,NA,non_existent,non_existent,non_existent,non_existent,non_existent,non_existent,non_existent,non_existent,non_existent,non_existent,non_existent,non_existent,non_existent,non_existent,non_existent,non_existent,non_existent,non_existent,non_existent,non_existent,non_existent,non_existent,non_existent,non_existent,non_existent,non_existent,non_existent,non_existent,non_existent,non_existent,non_existent,non_existent,non_existent,non_existent,non_existent,empty,empty,no_visit,no_visit,empty,empty,empty,empty,empty,empty,empty,empty,empty,empty,empty,empty,empty,
BP,Q,50,Mid,small,2,a,,,,NA,non_existent,non_existent,non_existent,non_existent,non_existent,non_existent,non_existent,non_existent,non_existent,non_existent,non_existent,non_existent,non_existent,non_existent,non_existent,non_existent,non_existent,non_existent,non_existent,non_existent,non_existent,non_existent,non_existent,non_existent,non_existent,non_existent,non_existent,non_existent,non_existent,non_existent,non_existent,non_existent,non_existent,non_existent,non_existent,empty,empty,no_visit,no_visit,empty,empty,empty,empty,empty,empty,empty,empty,empty,empty,empty,empty,empty,
BP,Q,50,Mid,medium ,3,a,,,,NA,non_existent,non_existent,non_existent,non_existent,non_existent,non_existent,non_existent,non_existent,non_existent,non_existent,non_existent,non_existent,non_existent,non_existent,non_existent,non_existent,non_existent,non_existent,non_existent,non_existent,non_existent,non_existent,non_existent,non_existent,non_existent,non_existent,non_existent,non_existent,non_existent,non_existent,non_existent,non_existent,non_existent,non_existent,non_existent,empty,empty,no_visit,no_visit,empty,empty,empty,empty,empty,empty,empty,empty,empty,empty,empty,empty,empty,
BP,Q,50,Mid,large,4,a,,,,NA,non_existent,non_existent,non_existent,non_existent,non_existent,non_existent,non_existent,non_existent,non_existent,non_existent,non_existent,non_existent,non_existent,non_existent,non_existent,non_existent,non_existent,non_existent,non_existent,non_existent,non_existent,non_existent,non_existent,non_existent,non_existent,non_existent,non_existent,non_existent,non_existent,non_existent,non_existent,non_existent,non_existent,non_existent,non_existent,empty,empty,no_visit,no_visit,empty,empty,empty,empty,empty,empty,empty,empty,empty,empty,empty,empty,empty,
BP,Q,50,Mid,medium ,5,a,,,,NA,non_existent,non_existent,non_existent,non_existent,non_existent,non_existent,non_existent,non_existent,non_existent,non_existent,non_existent,non_existent,non_existent,non_existent,non_existent,non_existent,non_existent,non_existent,non_existent,non_existent,non_existent,non_existent,non_existent,non_existent,non_existent,non_existent,non_existent,non_existent,non_existent,non_existent,non_existent,non_existent,non_existent,non_existent,non_existent,empty,empty,no_visit,no_visit,empty,empty,empty,empty,empty,empty,empty,empty,empty,empty,empty,empty,empty,
BP,Q,50,Mid,medium ,6,a,,,,NA,non_existent,non_existent,non_existent,non_existent,non_existent,non_existent,non_existent,non_existent,non_existent,non_existent,non_existent,non_existent,non_existent,non_existent,non_existent,non_existent,non_existent,non_existent,non_existent,non_existent,non_existent,non_existent,non_existent,non_existent,non_existent,non_existent,non_existent,non_existent,non_existent,non_existent,non_existent,non_existent,non_existent,non_existent,non_existent,empty,empty,no_visit,no_visit,empty,empty,empty,empty,empty,empty,empty,empty,empty,empty,empty,empty,empty,
BP,Q,50,Mid,large,7,a,,,,NA,non_existent,non_existent,non_existent,non_existent,non_existent,non_existent,non_existent,non_existent,non_existent,non_existent,non_existent,non_existent,non_existent,non_existent,non_existent,non_existent,non_existent,non_existent,non_existent,non_existent,non_existent,non_existent,non_existent,non_existent,non_existent,non_existent,non_existent,non_existent,non_existent,non_existent,non_existent,non_existent,non_existent,non_existent,non_existent,empty,empty,no_visit,no_visit,empty,empty,empty,empty,empty,empty,empty,empty,empty,empty,empty,empty,empty,
BP,Q,50,Mid,medium ,8,a,,,,NA,non_existent,non_existent,non_existent,non_existent,non_existent,non_existent,non_existent,non_existent,non_existent,non_existent,non_existent,non_existent,non_existent,non_existent,non_existent,non_existent,non_existent,non_existent,non_existent,non_existent,non_existent,non_existent,non_existent,non_existent,non_existent,non_existent,non_existent,non_existent,non_existent,non_existent,non_existent,non_existent,non_existent,non_existent,non_existent,empty,empty,no_visit,no_visit,empty,empty,empty,empty,empty,empty,empty,empty,empty,empty,empty,empty,empty,
BP,Q,50,Mid,medium ,9,a,,,,NA,non_existent,non_existent,non_existent,non_existent,non_existent,non_existent,non_existent,non_existent,non_existent,non_existent,non_existent,non_existent,non_existent,non_existent,non_existent,non_existent,non_existent,non_existent,non_existent,non_existent,non_existent,non_existent,non_existent,non_existent,non_existent,non_existent,non_existent,non_existent,non_existent,non_existent,non_existent,non_existent,non_existent,non_existent,non_existent,empty,empty,no_visit,no_visit,empty,empty,empty,empty,empty,empty,empty,empty,empty,empty,empty,empty,empty,
BP,Q,50,Mid,medium ,10,a,,,,NA,non_existent,non_existent,non_existent,non_existent,non_existent,non_existent,non_existent,non_existent,non_existent,non_existent,non_existent,non_existent,non_existent,non_existent,non_existent,non_existent,non_existent,non_existent,non_existent,non_existent,non_existent,non_existent,non_existent,non_existent,non_existent,non_existent,non_existent,non_existent,non_existent,non_existent,non_existent,non_existent,non_existent,non_existent,non_existent,empty,empty,no_visit,no_visit,empty,empty,empty,empty,empty,empty,empty,empty,empty,empty,empty,empty,empty,
BP,Q,50,Mid,medium,11,a,,,,NA,non_existent,non_existent,non_existent,non_existent,non_existent,non_existent,non_existent,non_existent,non_existent,non_existent,non_existent,non_existent,non_existent,non_existent,non_existent,non_existent,non_existent,non_existent,non_existent,non_existent,non_existent,non_existent,non_existent,non_existent,non_existent,non_existent,non_existent,non_existent,non_existent,non_existent,non_existent,non_existent,non_existent,non_existent,non_existent,empty,empty,no_visit,no_visit,empty,empty,empty,empty,empty,empty,empty,empty,empty,empty,empty,empty,empty,
BP,Q,50,Mid,small,12,a,,,,NA,non_existent,non_existent,non_existent,non_existent,non_existent,non_existent,non_existent,non_existent,non_existent,non_existent,non_existent,non_existent,non_existent,non_existent,non_existent,non_existent,non_existent,non_existent,non_existent,non_existent,non_existent,non_existent,non_existent,non_existent,non_existent,non_existent,non_existent,non_existent,non_existent,non_existent,non_existent,non_existent,non_existent,non_existent,non_existent,empty,empty,no_visit,no_visit,empty,empty,empty,empty,empty,empty,empty,empty,empty,empty,empty,empty,empty,
BP,Q,50,Mid,large,13,a,,,,NA,non_existent,non_existent,non_existent,non_existent,non_existent,non_existent,non_existent,non_existent,non_existent,non_existent,non_existent,non_existent,non_existent,non_existent,non_existent,non_existent,non_existent,non_existent,non_existent,non_existent,non_existent,non_existent,non_existent,non_existent,non_existent,non_existent,non_existent,non_existent,non_existent,non_existent,non_existent,non_existent,non_existent,non_existent,non_existent,empty,empty,no_visit,no_visit,empty,empty,empty,empty,empty,empty,empty,empty,empty,empty,empty,empty,empty,
BP,Q,50,Mid,medium ,14,a,,,,NA,non_existent,non_existent,non_existent,non_existent,non_existent,non_existent,non_existent,non_existent,non_existent,non_existent,non_existent,non_existent,non_existent,non_existent,non_existent,non_existent,non_existent,non_existent,non_existent,non_existent,non_existent,non_existent,non_existent,non_existent,non_existent,non_existent,non_existent,non_existent,non_existent,non_existent,non_existent,non_existent,non_existent,non_existent,non_existent,empty,empty,no_visit,no_visit,empty,empty,empty,empty,empty,empty,empty,empty,empty,empty,empty,empty,empty,
BP,Q,50,Mid,large,15,a,,,,NA,non_existent,non_existent,non_existent,non_existent,non_existent,non_existent,non_existent,non_existent,non_existent,non_existent,non_existent,non_existent,non_existent,non_existent,non_existent,non_existent,non_existent,non_existent,non_existent,non_existent,non_existent,non_existent,non_existent,non_existent,non_existent,non_existent,non_existent,non_existent,non_existent,non_existent,non_existent,non_existent,non_existent,non_existent,non_existent,empty,empty,no_visit,no_visit,empty,empty,empty,empty,empty,empty,empty,empty,empty,empty,empty,empty,empty,
BP,Q,50,Mid,medium ,16,a,,,,NA,non_existent,non_existent,non_existent,non_existent,non_existent,non_existent,non_existent,non_existent,non_existent,non_existent,non_existent,non_existent,non_existent,non_existent,non_existent,non_existent,non_existent,non_existent,non_existent,non_existent,non_existent,non_existent,non_existent,non_existent,non_existent,non_existent,non_existent,non_existent,non_existent,non_existent,non_existent,non_existent,non_existent,non_existent,non_existent,empty,empty,no_visit,no_visit,empty,empty,empty,empty,empty,empty,empty,empty,empty,empty,empty,empty,empty,
BP,Q,50,Mid,large,17,a,,,,NA,non_existent,non_existent,non_existent,non_existent,non_existent,non_existent,non_existent,non_existent,non_existent,non_existent,non_existent,non_existent,non_existent,non_existent,non_existent,non_existent,non_existent,non_existent,non_existent,non_existent,non_existent,non_existent,non_existent,non_existent,non_existent,non_existent,non_existent,non_existent,non_existent,non_existent,non_existent,non_existent,non_existent,non_existent,non_existent,empty,empty,no_visit,no_visit,empty,empty,empty,empty,empty,empty,empty,empty,empty,empty,empty,empty,empty,
BP,Q,50,Mid,medium ,18,a,,,,NA,non_existent,non_existent,non_existent,non_existent,non_existent,non_existent,non_existent,non_existent,non_existent,non_existent,non_existent,non_existent,non_existent,non_existent,non_existent,non_existent,non_existent,non_existent,non_existent,non_existent,non_existent,non_existent,non_existent,non_existent,non_existent,non_existent,non_existent,non_existent,non_existent,non_existent,non_existent,non_existent,non_existent,non_existent,non_existent,empty,empty,no_visit,no_visit,empty,empty,empty,empty,empty,empty,empty,empty,empty,empty,empty,empty,empty,
BP,Q,51,High,large,1,a,,,,NA,non_existent,non_existent,non_existent,non_existent,non_existent,non_existent,non_existent,non_existent,non_existent,non_existent,non_existent,non_existent,non_existent,non_existent,non_existent,non_existent,non_existent,non_existent,non_existent,non_existent,non_existent,non_existent,non_existent,non_existent,non_existent,non_existent,non_existent,non_existent,non_existent,non_existent,non_existent,non_existent,non_existent,non_existent,non_existent,empty,empty,no_visit,no_visit,empty,empty,empty,empty,empty,empty,empty,empty,empty,empty,empty,empty,empty,
BP,Q,51,High,medium,2,a,,,,NA,non_existent,non_existent,non_existent,non_existent,non_existent,non_existent,non_existent,non_existent,non_existent,non_existent,non_existent,non_existent,non_existent,non_existent,non_existent,non_existent,non_existent,non_existent,non_existent,non_existent,non_existent,non_existent,non_existent,non_existent,non_existent,non_existent,non_existent,non_existent,non_existent,non_existent,non_existent,non_existent,non_existent,non_existent,non_existent,empty,empty,no_visit,no_visit,empty,empty,empty,empty,empty,empty,empty,empty,empty,empty,empty,empty,empty,
BP,Q,51,High,medium ,3,a,,,,NA,non_existent,non_existent,non_existent,non_existent,non_existent,non_existent,non_existent,non_existent,non_existent,non_existent,non_existent,non_existent,non_existent,non_existent,non_existent,non_existent,non_existent,non_existent,non_existent,non_existent,non_existent,non_existent,non_existent,non_existent,non_existent,non_existent,non_existent,non_existent,non_existent,non_existent,non_existent,non_existent,non_existent,non_existent,non_existent,empty,empty,no_visit,no_visit,empty,empty,empty,empty,empty,empty,empty,empty,empty,empty,empty,empty,empty,
BP,Q,51,High,small,4,a,,,,NA,non_existent,non_existent,non_existent,non_existent,non_existent,non_existent,non_existent,non_existent,non_existent,non_existent,non_existent,non_existent,non_existent,non_existent,non_existent,non_existent,non_existent,non_existent,non_existent,non_existent,non_existent,non_existent,non_existent,non_existent,non_existent,non_existent,non_existent,non_existent,non_existent,non_existent,non_existent,non_existent,non_existent,non_existent,non_existent,empty,empty,no_visit,no_visit,empty,empty,empty,empty,empty,empty,empty,empty,empty,empty,empty,empty,empty,
BP,Q,51,High,large,5,a,,,,NA,non_existent,non_existent,non_existent,non_existent,non_existent,non_existent,non_existent,non_existent,non_existent,non_existent,non_existent,non_existent,non_existent,non_existent,non_existent,non_existent,non_existent,non_existent,non_existent,non_existent,non_existent,non_existent,non_existent,non_existent,non_existent,non_existent,non_existent,non_existent,non_existent,non_existent,non_existent,non_existent,non_existent,non_existent,non_existent,empty,empty,no_visit,no_visit,empty,empty,empty,empty,empty,empty,empty,empty,empty,empty,empty,empty,empty,
BP,Q,51,High,medium,6,a,,,,NA,non_existent,non_existent,non_existent,non_existent,non_existent,non_existent,non_existent,non_existent,non_existent,non_existent,non_existent,non_existent,non_existent,non_existent,non_existent,non_existent,non_existent,non_existent,non_existent,non_existent,non_existent,non_existent,non_existent,non_existent,non_existent,non_existent,non_existent,non_existent,non_existent,non_existent,non_existent,non_existent,non_existent,non_existent,non_existent,empty,empty,no_visit,no_visit,empty,empty,empty,empty,empty,empty,empty,empty,empty,empty,empty,empty,empty,
BP,Q,51,High,medium ,7,a,,,,NA,non_existent,non_existent,non_existent,non_existent,non_existent,non_existent,non_existent,non_existent,non_existent,non_existent,non_existent,non_existent,non_existent,non_existent,non_existent,non_existent,non_existent,non_existent,non_existent,non_existent,non_existent,non_existent,non_existent,non_existent,non_existent,non_existent,non_existent,non_existent,non_existent,non_existent,non_existent,non_existent,non_existent,non_existent,non_existent,empty,empty,no_visit,no_visit,empty,empty,empty,empty,empty,empty,empty,empty,empty,empty,empty,empty,empty,
BP,Q,51,High,medium ,8,a,,,,NA,non_existent,non_existent,non_existent,non_existent,non_existent,non_existent,non_existent,non_existent,non_existent,non_existent,non_existent,non_existent,non_existent,non_existent,non_existent,non_existent,non_existent,non_existent,non_existent,non_existent,non_existent,non_existent,non_existent,non_existent,non_existent,non_existent,non_existent,non_existent,non_existent,non_existent,non_existent,non_existent,non_existent,non_existent,non_existent,empty,empty,no_visit,no_visit,empty,empty,empty,empty,empty,empty,empty,empty,empty,empty,empty,empty,empty,
BP,Q,51,High,large,9,a,,,,NA,non_existent,non_existent,non_existent,non_existent,non_existent,non_existent,non_existent,non_existent,non_existent,non_existent,non_existent,non_existent,non_existent,non_existent,non_existent,non_existent,non_existent,non_existent,non_existent,non_existent,non_existent,non_existent,non_existent,non_existent,non_existent,non_existent,non_existent,non_existent,non_existent,non_existent,non_existent,non_existent,non_existent,non_existent,non_existent,empty,empty,no_visit,no_visit,empty,empty,empty,empty,empty,empty,empty,empty,empty,empty,empty,empty,empty,
BP,Q,51,High,medium ,10,a,,,,NA,non_existent,non_existent,non_existent,non_existent,non_existent,non_existent,non_existent,non_existent,non_existent,non_existent,non_existent,non_existent,non_existent,non_existent,non_existent,non_existent,non_existent,non_existent,non_existent,non_existent,non_existent,non_existent,non_existent,non_existent,non_existent,non_existent,non_existent,non_existent,non_existent,non_existent,non_existent,non_existent,non_existent,non_existent,non_existent,empty,empty,no_visit,no_visit,empty,empty,empty,empty,empty,empty,empty,empty,empty,empty,empty,empty,empty,
BP,Q,51,High,medium ,11,a,,,,NA,non_existent,non_existent,non_existent,non_existent,non_existent,non_existent,non_existent,non_existent,non_existent,non_existent,non_existent,non_existent,non_existent,non_existent,non_existent,non_existent,non_existent,non_existent,non_existent,non_existent,non_existent,non_existent,non_existent,non_existent,non_existent,non_existent,non_existent,non_existent,non_existent,non_existent,non_existent,non_existent,non_existent,non_existent,non_existent,empty,empty,no_visit,no_visit,empty,empty,empty,empty,empty,empty,empty,empty,empty,empty,empty,empty,empty,
BP,Q,51,High,large,12,a,,,,NA,non_existent,non_existent,non_existent,non_existent,non_existent,non_existent,non_existent,non_existent,non_existent,non_existent,non_existent,non_existent,non_existent,non_existent,non_existent,non_existent,non_existent,non_existent,non_existent,non_existent,non_existent,non_existent,non_existent,non_existent,non_existent,non_existent,non_existent,non_existent,non_existent,non_existent,non_existent,non_existent,non_existent,non_existent,non_existent,empty,empty,no_visit,no_visit,empty,empty,empty,empty,empty,empty,empty,empty,empty,empty,empty,empty,empty,
BP,Q,51,High,large,13,a,,,,NA,non_existent,non_existent,non_existent,non_existent,non_existent,non_existent,non_existent,non_existent,non_existent,non_existent,non_existent,non_existent,non_existent,non_existent,non_existent,non_existent,non_existent,non_existent,non_existent,non_existent,non_existent,non_existent,non_existent,non_existent,non_existent,non_existent,non_existent,non_existent,non_existent,non_existent,non_existent,non_existent,non_existent,non_existent,non_existent,empty,empty,no_visit,no_visit,empty,empty,empty,empty,empty,empty,empty,empty,empty,empty,empty,empty,empty,
BP,Q,51,High,medium ,14,a,,,,NA,non_existent,non_existent,non_existent,non_existent,non_existent,non_existent,non_existent,non_existent,non_existent,non_existent,non_existent,non_existent,non_existent,non_existent,non_existent,non_existent,non_existent,non_existent,non_existent,non_existent,non_existent,non_existent,non_existent,non_existent,non_existent,non_existent,non_existent,non_existent,non_existent,non_existent,non_existent,non_existent,non_existent,non_existent,non_existent,empty,empty,no_visit,no_visit,empty,empty,empty,empty,empty,empty,empty,empty,empty,empty,empty,empty,empty,
BP,Q,51,High,large,15,a,,,,NA,non_existent,non_existent,non_existent,non_existent,non_existent,non_existent,non_existent,non_existent,non_existent,non_existent,non_existent,non_existent,non_existent,non_existent,non_existent,non_existent,non_existent,non_existent,non_existent,non_existent,non_existent,non_existent,non_existent,non_existent,non_existent,non_existent,non_existent,non_existent,non_existent,non_existent,non_existent,non_existent,non_existent,non_existent,non_existent,empty,empty,no_visit,no_visit,empty,empty,empty,empty,empty,empty,empty,empty,empty,empty,empty,empty,empty,
BP,Q,51,High,medium ,16,a,,,,NA,non_existent,non_existent,non_existent,non_existent,non_existent,non_existent,non_existent,non_existent,non_existent,non_existent,non_existent,non_existent,non_existent,non_existent,non_existent,non_existent,non_existent,non_existent,non_existent,non_existent,non_existent,non_existent,non_existent,non_existent,non_existent,non_existent,non_existent,non_existent,non_existent,non_existent,non_existent,non_existent,non_existent,non_existent,non_existent,empty,empty,no_visit,no_visit,empty,empty,empty,empty,empty,empty,empty,empty,empty,empty,empty,empty,empty,
BP,Q,51,High,small,17,a,,,,NA,non_existent,non_existent,non_existent,non_existent,non_existent,non_existent,non_existent,non_existent,non_existent,non_existent,non_existent,non_existent,non_existent,non_existent,non_existent,non_existent,non_existent,non_existent,non_existent,non_existent,non_existent,non_existent,non_existent,non_existent,non_existent,non_existent,non_existent,non_existent,non_existent,non_existent,non_existent,non_existent,non_existent,non_existent,non_existent,empty,empty,no_visit,no_visit,empty,empty,empty,empty,empty,empty,empty,empty,empty,empty,empty,empty,empty,
BP,Q,51,High,large,18,a,,,,NA,non_existent,non_existent,non_existent,non_existent,non_existent,non_existent,non_existent,non_existent,non_existent,non_existent,non_existent,non_existent,non_existent,non_existent,non_existent,non_existent,non_existent,non_existent,non_existent,non_existent,non_existent,non_existent,non_existent,non_existent,non_existent,non_existent,non_existent,non_existent,non_existent,non_existent,non_existent,non_existent,non_existent,non_existent,non_existent,empty,empty,no_visit,no_visit,empty,empty,empty,empty,empty,empty,empty,empty,empty,empty,empty,empty,empty,
BP,R,52,Low,large,1,a,,,,NA,non_existent,non_existent,non_existent,non_existent,non_existent,non_existent,non_existent,non_existent,non_existent,non_existent,non_existent,non_existent,non_existent,non_existent,non_existent,non_existent,non_existent,non_existent,non_existent,non_existent,non_existent,non_existent,non_existent,non_existent,non_existent,non_existent,non_existent,non_existent,non_existent,non_existent,non_existent,non_existent,non_existent,non_existent,non_existent,empty,empty,no_visit,no_visit,empty,empty,empty,empty,empty,empty,empty,empty,empty,empty,empty,empty,empty,
BP,R,52,Low,medium ,2,a,,,,NA,non_existent,non_existent,non_existent,non_existent,non_existent,non_existent,non_existent,non_existent,non_existent,non_existent,non_existent,non_existent,non_existent,non_existent,non_existent,non_existent,non_existent,non_existent,non_existent,non_existent,non_existent,non_existent,non_existent,non_existent,non_existent,non_existent,non_existent,non_existent,non_existent,non_existent,non_existent,non_existent,non_existent,non_existent,non_existent,empty,empty,no_visit,no_visit,empty,empty,empty,empty,empty,empty,empty,empty,empty,empty,empty,empty,empty,
BP,R,52,Low,medium,3,a,,,,NA,non_existent,non_existent,non_existent,non_existent,non_existent,non_existent,non_existent,non_existent,non_existent,non_existent,non_existent,non_existent,non_existent,non_existent,non_existent,non_existent,non_existent,non_existent,non_existent,non_existent,non_existent,non_existent,non_existent,non_existent,non_existent,non_existent,non_existent,non_existent,non_existent,non_existent,non_existent,non_existent,non_existent,non_existent,non_existent,empty,empty,no_visit,no_visit,empty,empty,empty,empty,empty,empty,empty,empty,empty,empty,empty,empty,empty,
BP,R,52,Low,medium,4,a,,,,NA,non_existent,non_existent,non_existent,non_existent,non_existent,non_existent,non_existent,non_existent,non_existent,non_existent,non_existent,non_existent,non_existent,non_existent,non_existent,non_existent,non_existent,non_existent,non_existent,non_existent,non_existent,non_existent,non_existent,non_existent,non_existent,non_existent,non_existent,non_existent,non_existent,non_existent,non_existent,non_existent,non_existent,non_existent,non_existent,empty,empty,no_visit,no_visit,empty,empty,empty,empty,empty,empty,empty,empty,empty,empty,empty,empty,empty,
BP,R,52,Low,large,5,a,,,,NA,non_existent,non_existent,non_existent,non_existent,non_existent,non_existent,non_existent,non_existent,non_existent,non_existent,non_existent,non_existent,non_existent,non_existent,non_existent,non_existent,non_existent,non_existent,non_existent,non_existent,non_existent,non_existent,non_existent,non_existent,non_existent,non_existent,non_existent,non_existent,non_existent,non_existent,non_existent,non_existent,non_existent,non_existent,non_existent,empty,empty,no_visit,no_visit,empty,empty,empty,empty,empty,empty,empty,empty,empty,empty,empty,empty,empty,
BP,R,52,Low,medium,6,a,,,,NA,non_existent,non_existent,non_existent,non_existent,non_existent,non_existent,non_existent,non_existent,non_existent,non_existent,non_existent,non_existent,non_existent,non_existent,non_existent,non_existent,non_existent,non_existent,non_existent,non_existent,non_existent,non_existent,non_existent,non_existent,non_existent,non_existent,non_existent,non_existent,non_existent,non_existent,non_existent,non_existent,non_existent,non_existent,non_existent,empty,empty,no_visit,no_visit,empty,empty,empty,empty,empty,empty,empty,empty,empty,empty,empty,empty,empty,
BP,R,52,Low,small,7,a,,,,NA,non_existent,non_existent,non_existent,non_existent,non_existent,non_existent,non_existent,non_existent,non_existent,non_existent,non_existent,non_existent,non_existent,non_existent,non_existent,non_existent,non_existent,non_existent,non_existent,non_existent,non_existent,non_existent,non_existent,non_existent,non_existent,non_existent,non_existent,non_existent,non_existent,non_existent,non_existent,non_existent,non_existent,non_existent,non_existent,empty,empty,no_visit,no_visit,empty,empty,empty,empty,empty,empty,empty,empty,empty,empty,empty,empty,empty,
BP,R,52,Low,medium,8,a,,,,NA,non_existent,non_existent,non_existent,non_existent,non_existent,non_existent,non_existent,non_existent,non_existent,non_existent,non_existent,non_existent,non_existent,non_existent,non_existent,non_existent,non_existent,non_existent,non_existent,non_existent,non_existent,non_existent,non_existent,non_existent,non_existent,non_existent,non_existent,non_existent,non_existent,non_existent,non_existent,non_existent,non_existent,non_existent,non_existent,empty,empty,no_visit,no_visit,empty,empty,empty,empty,empty,empty,empty,empty,empty,empty,empty,empty,empty,
BP,R,52,Low,large,9,a,,,,NA,non_existent,non_existent,non_existent,non_existent,non_existent,non_existent,non_existent,non_existent,non_existent,non_existent,non_existent,non_existent,non_existent,non_existent,non_existent,non_existent,non_existent,non_existent,non_existent,non_existent,non_existent,non_existent,non_existent,non_existent,non_existent,non_existent,non_existent,non_existent,non_existent,non_existent,non_existent,non_existent,non_existent,non_existent,non_existent,empty,empty,no_visit,no_visit,empty,empty,empty,empty,empty,empty,empty,empty,empty,empty,empty,empty,empty,
BP,R,52,Low,large,10,a,,,,NA,non_existent,non_existent,non_existent,non_existent,non_existent,non_existent,non_existent,non_existent,non_existent,non_existent,non_existent,non_existent,non_existent,non_existent,non_existent,non_existent,non_existent,non_existent,non_existent,non_existent,non_existent,non_existent,non_existent,non_existent,non_existent,non_existent,non_existent,non_existent,non_existent,non_existent,non_existent,non_existent,non_existent,non_existent,non_existent,empty,empty,no_visit,no_visit,empty,empty,empty,empty,empty,empty,empty,empty,empty,empty,empty,empty,empty,
BP,R,52,Low,medium,11,a,,,,NA,non_existent,non_existent,non_existent,non_existent,non_existent,non_existent,non_existent,non_existent,non_existent,non_existent,non_existent,non_existent,non_existent,non_existent,non_existent,non_existent,non_existent,non_existent,non_existent,non_existent,non_existent,non_existent,non_existent,non_existent,non_existent,non_existent,non_existent,non_existent,non_existent,non_existent,non_existent,non_existent,non_existent,non_existent,non_existent,empty,empty,no_visit,no_visit,empty,empty,empty,empty,empty,empty,empty,empty,empty,empty,empty,empty,empty,
BP,R,52,Low,medium,12,a,,,,NA,non_existent,non_existent,non_existent,non_existent,non_existent,non_existent,non_existent,non_existent,non_existent,non_existent,non_existent,non_existent,non_existent,non_existent,non_existent,non_existent,non_existent,non_existent,non_existent,non_existent,non_existent,non_existent,non_existent,non_existent,non_existent,non_existent,non_existent,non_existent,non_existent,non_existent,non_existent,non_existent,non_existent,non_existent,non_existent,empty,empty,no_visit,no_visit,empty,empty,empty,empty,empty,empty,empty,empty,empty,empty,empty,empty,empty,
BP,R,52,Low,small,13,a,,,,NA,non_existent,non_existent,non_existent,non_existent,non_existent,non_existent,non_existent,non_existent,non_existent,non_existent,non_existent,non_existent,non_existent,non_existent,non_existent,non_existent,non_existent,non_existent,non_existent,non_existent,non_existent,non_existent,non_existent,non_existent,non_existent,non_existent,non_existent,non_existent,non_existent,non_existent,non_existent,non_existent,non_existent,non_existent,non_existent,empty,empty,no_visit,no_visit,empty,empty,empty,empty,empty,empty,empty,empty,empty,empty,empty,empty,empty,
BP,R,52,Low,medium,14,a,,,,NA,non_existent,non_existent,non_existent,non_existent,non_existent,non_existent,non_existent,non_existent,non_existent,non_existent,non_existent,non_existent,non_existent,non_existent,non_existent,non_existent,non_existent,non_existent,non_existent,non_existent,non_existent,non_existent,non_existent,non_existent,non_existent,non_existent,non_existent,non_existent,non_existent,non_existent,non_existent,non_existent,non_existent,non_existent,non_existent,empty,empty,no_visit,no_visit,empty,empty,empty,empty,empty,empty,empty,empty,empty,empty,empty,empty,empty,
BP,R,52,Low,large,15,a,,,,NA,non_existent,non_existent,non_existent,non_existent,non_existent,non_existent,non_existent,non_existent,non_existent,non_existent,non_existent,non_existent,non_existent,non_existent,non_existent,non_existent,non_existent,non_existent,non_existent,non_existent,non_existent,non_existent,non_existent,non_existent,non_existent,non_existent,non_existent,non_existent,non_existent,non_existent,non_existent,non_existent,non_existent,non_existent,non_existent,empty,empty,no_visit,no_visit,empty,empty,empty,empty,empty,empty,empty,empty,empty,empty,empty,empty,empty,
BP,R,52,Low,medium ,16,a,,,,NA,non_existent,non_existent,non_existent,non_existent,non_existent,non_existent,non_existent,non_existent,non_existent,non_existent,non_existent,non_existent,non_existent,non_existent,non_existent,non_existent,non_existent,non_existent,non_existent,non_existent,non_existent,non_existent,non_existent,non_existent,non_existent,non_existent,non_existent,non_existent,non_existent,non_existent,non_existent,non_existent,non_existent,non_existent,non_existent,empty,empty,no_visit,no_visit,empty,empty,empty,empty,empty,empty,empty,empty,empty,empty,empty,empty,empty,
BP,R,52,Low,medium ,17,a,,,,NA,non_existent,non_existent,non_existent,non_existent,non_existent,non_existent,non_existent,non_existent,non_existent,non_existent,non_existent,non_existent,non_existent,non_existent,non_existent,non_existent,non_existent,non_existent,non_existent,non_existent,non_existent,non_existent,non_existent,non_existent,non_existent,non_existent,non_existent,non_existent,non_existent,non_existent,non_existent,non_existent,non_existent,non_existent,non_existent,empty,empty,no_visit,no_visit,empty,empty,empty,empty,empty,empty,empty,empty,empty,empty,empty,empty,empty,
BP,R,52,Low,large,18,a,,,,NA,non_existent,non_existent,non_existent,non_existent,non_existent,non_existent,non_existent,non_existent,non_existent,non_existent,non_existent,non_existent,non_existent,non_existent,non_existent,non_existent,non_existent,non_existent,non_existent,non_existent,non_existent,non_existent,non_existent,non_existent,non_existent,non_existent,non_existent,non_existent,non_existent,non_existent,non_existent,non_existent,non_existent,non_existent,non_existent,empty,empty,no_visit,no_visit,empty,empty,empty,empty,empty,empty,empty,empty,empty,empty,empty,empty,empty,
BP,R,53,Mid,large,1,a,,,,NA,non_existent,non_existent,non_existent,non_existent,non_existent,non_existent,non_existent,non_existent,non_existent,non_existent,non_existent,non_existent,non_existent,non_existent,non_existent,non_existent,non_existent,non_existent,non_existent,non_existent,non_existent,non_existent,non_existent,non_existent,non_existent,non_existent,non_existent,non_existent,non_existent,non_existent,non_existent,non_existent,non_existent,non_existent,non_existent,empty,empty,no_visit,no_visit,empty,empty,empty,empty,empty,empty,empty,empty,empty,empty,empty,empty,empty,
BP,R,53,Mid,medium,2,a,,,,NA,non_existent,non_existent,non_existent,non_existent,non_existent,non_existent,non_existent,non_existent,non_existent,non_existent,non_existent,non_existent,non_existent,non_existent,non_existent,non_existent,non_existent,non_existent,non_existent,non_existent,non_existent,non_existent,non_existent,non_existent,non_existent,non_existent,non_existent,non_existent,non_existent,non_existent,non_existent,non_existent,non_existent,non_existent,non_existent,empty,empty,no_visit,no_visit,empty,empty,empty,empty,empty,empty,empty,empty,empty,empty,empty,empty,empty,
BP,R,53,Mid,medium,3,a,,,,NA,non_existent,non_existent,non_existent,non_existent,non_existent,non_existent,non_existent,non_existent,non_existent,non_existent,non_existent,non_existent,non_existent,non_existent,non_existent,non_existent,non_existent,non_existent,non_existent,non_existent,non_existent,non_existent,non_existent,non_existent,non_existent,non_existent,non_existent,non_existent,non_existent,non_existent,non_existent,non_existent,non_existent,non_existent,non_existent,empty,empty,no_visit,no_visit,empty,empty,empty,empty,empty,empty,empty,empty,empty,empty,empty,empty,empty,
BP,R,53,Mid,small,4,a,,,,NA,non_existent,non_existent,non_existent,non_existent,non_existent,non_existent,non_existent,non_existent,non_existent,non_existent,non_existent,non_existent,non_existent,non_existent,non_existent,non_existent,non_existent,non_existent,non_existent,non_existent,non_existent,non_existent,non_existent,non_existent,non_existent,non_existent,non_existent,non_existent,non_existent,non_existent,non_existent,non_existent,non_existent,non_existent,non_existent,empty,empty,no_visit,no_visit,empty,empty,empty,empty,empty,empty,empty,empty,empty,empty,empty,empty,empty,
BP,R,53,Mid,medium,5,a,,,,NA,non_existent,non_existent,non_existent,non_existent,non_existent,non_existent,non_existent,non_existent,non_existent,non_existent,non_existent,non_existent,non_existent,non_existent,non_existent,non_existent,non_existent,non_existent,non_existent,non_existent,non_existent,non_existent,non_existent,non_existent,non_existent,non_existent,non_existent,non_existent,non_existent,non_existent,non_existent,non_existent,non_existent,non_existent,non_existent,empty,empty,no_visit,no_visit,empty,empty,empty,empty,empty,empty,empty,empty,empty,empty,empty,empty,empty,
BP,R,53,Mid,medium,6,a,,,,NA,non_existent,non_existent,non_existent,non_existent,non_existent,non_existent,non_existent,non_existent,non_existent,non_existent,non_existent,non_existent,non_existent,non_existent,non_existent,non_existent,non_existent,non_existent,non_existent,non_existent,non_existent,non_existent,non_existent,non_existent,non_existent,non_existent,non_existent,non_existent,non_existent,non_existent,non_existent,non_existent,non_existent,non_existent,non_existent,empty,empty,no_visit,no_visit,empty,empty,empty,empty,empty,empty,empty,empty,empty,empty,empty,empty,empty,
BP,R,53,Mid,large,7,a,,,,NA,non_existent,non_existent,non_existent,non_existent,non_existent,non_existent,non_existent,non_existent,non_existent,non_existent,non_existent,non_existent,non_existent,non_existent,non_existent,non_existent,non_existent,non_existent,non_existent,non_existent,non_existent,non_existent,non_existent,non_existent,non_existent,non_existent,non_existent,non_existent,non_existent,non_existent,non_existent,non_existent,non_existent,non_existent,non_existent,empty,empty,no_visit,no_visit,empty,empty,empty,empty,empty,empty,empty,empty,empty,empty,empty,empty,empty,
BP,R,53,Mid,medium ,8,a,,,,NA,non_existent,non_existent,non_existent,non_existent,non_existent,non_existent,non_existent,non_existent,non_existent,non_existent,non_existent,non_existent,non_existent,non_existent,non_existent,non_existent,non_existent,non_existent,non_existent,non_existent,non_existent,non_existent,non_existent,non_existent,non_existent,non_existent,non_existent,non_existent,non_existent,non_existent,non_existent,non_existent,non_existent,non_existent,non_existent,empty,empty,no_visit,no_visit,empty,empty,empty,empty,empty,empty,empty,empty,empty,empty,empty,empty,empty,
BP,R,53,Mid,large,9,a,,,,NA,non_existent,non_existent,non_existent,non_existent,non_existent,non_existent,non_existent,non_existent,non_existent,non_existent,non_existent,non_existent,non_existent,non_existent,non_existent,non_existent,non_existent,non_existent,non_existent,non_existent,non_existent,non_existent,non_existent,non_existent,non_existent,non_existent,non_existent,non_existent,non_existent,non_existent,non_existent,non_existent,non_existent,non_existent,non_existent,empty,empty,no_visit,no_visit,empty,empty,empty,empty,empty,empty,empty,empty,empty,empty,empty,empty,empty,
BP,R,53,Mid,small ,10,a,,,,NA,non_existent,non_existent,non_existent,non_existent,non_existent,non_existent,non_existent,non_existent,non_existent,non_existent,non_existent,non_existent,non_existent,non_existent,non_existent,non_existent,non_existent,non_existent,non_existent,non_existent,non_existent,non_existent,non_existent,non_existent,non_existent,non_existent,non_existent,non_existent,non_existent,non_existent,non_existent,non_existent,non_existent,non_existent,non_existent,empty,empty,no_visit,no_visit,empty,empty,empty,empty,empty,empty,empty,empty,empty,empty,empty,empty,empty,
BP,R,53,Mid,medium ,11,a,,,,NA,non_existent,non_existent,non_existent,non_existent,non_existent,non_existent,non_existent,non_existent,non_existent,non_existent,non_existent,non_existent,non_existent,non_existent,non_existent,non_existent,non_existent,non_existent,non_existent,non_existent,non_existent,non_existent,non_existent,non_existent,non_existent,non_existent,non_existent,non_existent,non_existent,non_existent,non_existent,non_existent,non_existent,non_existent,non_existent,empty,empty,no_visit,no_visit,empty,empty,empty,empty,empty,empty,empty,empty,empty,empty,empty,empty,empty,
BP,R,53,Mid,medium ,12,a,,,,NA,non_existent,non_existent,non_existent,non_existent,non_existent,non_existent,non_existent,non_existent,non_existent,non_existent,non_existent,non_existent,non_existent,non_existent,non_existent,non_existent,non_existent,non_existent,non_existent,non_existent,non_existent,non_existent,non_existent,non_existent,non_existent,non_existent,non_existent,non_existent,non_existent,non_existent,non_existent,non_existent,non_existent,non_existent,non_existent,empty,empty,no_visit,no_visit,empty,empty,empty,empty,empty,empty,empty,empty,empty,empty,empty,empty,empty,
BP,R,53,Mid,medium ,13,a,,,,NA,non_existent,non_existent,non_existent,non_existent,non_existent,non_existent,non_existent,non_existent,non_existent,non_existent,non_existent,non_existent,non_existent,non_existent,non_existent,non_existent,non_existent,non_existent,non_existent,non_existent,non_existent,non_existent,non_existent,non_existent,non_existent,non_existent,non_existent,non_existent,non_existent,non_existent,non_existent,non_existent,non_existent,non_existent,non_existent,empty,empty,no_visit,no_visit,empty,empty,empty,empty,empty,empty,empty,empty,empty,empty,empty,empty,empty,
BP,R,53,Mid,medium ,14,a,,,,NA,non_existent,non_existent,non_existent,non_existent,non_existent,non_existent,non_existent,non_existent,non_existent,non_existent,non_existent,non_existent,non_existent,non_existent,non_existent,non_existent,non_existent,non_existent,non_existent,non_existent,non_existent,non_existent,non_existent,non_existent,non_existent,non_existent,non_existent,non_existent,non_existent,non_existent,non_existent,non_existent,non_existent,non_existent,non_existent,empty,empty,no_visit,no_visit,empty,empty,empty,empty,empty,empty,empty,empty,empty,empty,empty,empty,empty,
BP,R,53,Mid,large,15,a,,,,NA,non_existent,non_existent,non_existent,non_existent,non_existent,non_existent,non_existent,non_existent,non_existent,non_existent,non_existent,non_existent,non_existent,non_existent,non_existent,non_existent,non_existent,non_existent,non_existent,non_existent,non_existent,non_existent,non_existent,non_existent,non_existent,non_existent,non_existent,non_existent,non_existent,non_existent,non_existent,non_existent,non_existent,non_existent,non_existent,empty,empty,no_visit,no_visit,empty,empty,empty,empty,empty,empty,empty,empty,empty,empty,empty,empty,empty,
BP,R,53,Mid,medium ,16,a,,,,NA,non_existent,non_existent,non_existent,non_existent,non_existent,non_existent,non_existent,non_existent,non_existent,non_existent,non_existent,non_existent,non_existent,non_existent,non_existent,non_existent,non_existent,non_existent,non_existent,non_existent,non_existent,non_existent,non_existent,non_existent,non_existent,non_existent,non_existent,non_existent,non_existent,non_existent,non_existent,non_existent,non_existent,non_existent,non_existent,empty,empty,no_visit,no_visit,empty,empty,empty,empty,empty,empty,empty,empty,empty,empty,empty,empty,empty,
BP,R,53,Mid,medium ,17,a,,,,NA,non_existent,non_existent,non_existent,non_existent,non_existent,non_existent,non_existent,non_existent,non_existent,non_existent,non_existent,non_existent,non_existent,non_existent,non_existent,non_existent,non_existent,non_existent,non_existent,non_existent,non_existent,non_existent,non_existent,non_existent,non_existent,non_existent,non_existent,non_existent,non_existent,non_existent,non_existent,non_existent,non_existent,non_existent,non_existent,empty,empty,no_visit,no_visit,empty,empty,empty,empty,empty,empty,empty,empty,empty,empty,empty,empty,empty,
BP,R,53,Mid,large,18,a,,,,NA,non_existent,non_existent,non_existent,non_existent,non_existent,non_existent,non_existent,non_existent,non_existent,non_existent,non_existent,non_existent,non_existent,non_existent,non_existent,non_existent,non_existent,non_existent,non_existent,non_existent,non_existent,non_existent,non_existent,non_existent,non_existent,non_existent,non_existent,non_existent,non_existent,non_existent,non_existent,non_existent,non_existent,non_existent,non_existent,empty,empty,no_visit,no_visit,empty,empty,empty,empty,empty,empty,empty,empty,empty,empty,empty,empty,empty,
BP,R,54,High,large,1,a,,,,NA,non_existent,non_existent,non_existent,non_existent,non_existent,non_existent,non_existent,non_existent,non_existent,non_existent,non_existent,non_existent,non_existent,non_existent,non_existent,non_existent,non_existent,non_existent,non_existent,non_existent,non_existent,non_existent,non_existent,non_existent,non_existent,non_existent,non_existent,non_existent,non_existent,non_existent,non_existent,non_existent,non_existent,non_existent,non_existent,empty,empty,no_visit,no_visit,empty,empty,empty,empty,empty,empty,empty,empty,empty,empty,empty,empty,empty,
BP,R,54,High,medium ,2,a,,,,NA,non_existent,non_existent,non_existent,non_existent,non_existent,non_existent,non_existent,non_existent,non_existent,non_existent,non_existent,non_existent,non_existent,non_existent,non_existent,non_existent,non_existent,non_existent,non_existent,non_existent,non_existent,non_existent,non_existent,non_existent,non_existent,non_existent,non_existent,non_existent,non_existent,non_existent,non_existent,non_existent,non_existent,non_existent,non_existent,empty,empty,no_visit,no_visit,empty,empty,empty,empty,empty,empty,empty,empty,empty,empty,empty,empty,empty,
BP,R,54,High,medium ,3,a,,,,NA,non_existent,non_existent,non_existent,non_existent,non_existent,non_existent,non_existent,non_existent,non_existent,non_existent,non_existent,non_existent,non_existent,non_existent,non_existent,non_existent,non_existent,non_existent,non_existent,non_existent,non_existent,non_existent,non_existent,non_existent,non_existent,non_existent,non_existent,non_existent,non_existent,non_existent,non_existent,non_existent,non_existent,non_existent,non_existent,empty,empty,no_visit,no_visit,empty,empty,empty,empty,empty,empty,empty,empty,empty,empty,empty,empty,empty,
BP,R,54,High,small,4,a,,,,NA,non_existent,non_existent,non_existent,non_existent,non_existent,non_existent,non_existent,non_existent,non_existent,non_existent,non_existent,non_existent,non_existent,non_existent,non_existent,non_existent,non_existent,non_existent,non_existent,non_existent,non_existent,non_existent,non_existent,non_existent,non_existent,non_existent,non_existent,non_existent,non_existent,non_existent,non_existent,non_existent,non_existent,non_existent,non_existent,empty,empty,no_visit,no_visit,empty,empty,empty,empty,empty,empty,empty,empty,empty,empty,empty,empty,empty,
BP,R,54,High,medium ,5,a,,,,NA,non_existent,non_existent,non_existent,non_existent,non_existent,non_existent,non_existent,non_existent,non_existent,non_existent,non_existent,non_existent,non_existent,non_existent,non_existent,non_existent,non_existent,non_existent,non_existent,non_existent,non_existent,non_existent,non_existent,non_existent,non_existent,non_existent,non_existent,non_existent,non_existent,non_existent,non_existent,non_existent,non_existent,non_existent,non_existent,empty,empty,no_visit,no_visit,empty,empty,empty,empty,empty,empty,empty,empty,empty,empty,empty,empty,empty,
BP,R,54,High,large,6,a,,,,NA,non_existent,non_existent,non_existent,non_existent,non_existent,non_existent,non_existent,non_existent,non_existent,non_existent,non_existent,non_existent,non_existent,non_existent,non_existent,non_existent,non_existent,non_existent,non_existent,non_existent,non_existent,non_existent,non_existent,non_existent,non_existent,non_existent,non_existent,non_existent,non_existent,non_existent,non_existent,non_existent,non_existent,non_existent,non_existent,empty,empty,no_visit,no_visit,empty,empty,empty,empty,empty,empty,empty,empty,empty,empty,empty,empty,empty,
BP,R,54,High,medium ,7,a,,,,NA,non_existent,non_existent,non_existent,non_existent,non_existent,non_existent,non_existent,non_existent,non_existent,non_existent,non_existent,non_existent,non_existent,non_existent,non_existent,non_existent,non_existent,non_existent,non_existent,non_existent,non_existent,non_existent,non_existent,non_existent,non_existent,non_existent,non_existent,non_existent,non_existent,non_existent,non_existent,non_existent,non_existent,non_existent,non_existent,empty,empty,no_visit,no_visit,empty,empty,empty,empty,empty,empty,empty,empty,empty,empty,empty,empty,empty,
BP,R,54,High,medium ,8,a,,,,NA,non_existent,non_existent,non_existent,non_existent,non_existent,non_existent,non_existent,non_existent,non_existent,non_existent,non_existent,non_existent,non_existent,non_existent,non_existent,non_existent,non_existent,non_existent,non_existent,non_existent,non_existent,non_existent,non_existent,non_existent,non_existent,non_existent,non_existent,non_existent,non_existent,non_existent,non_existent,non_existent,non_existent,non_existent,non_existent,empty,empty,no_visit,no_visit,empty,empty,empty,empty,empty,empty,empty,empty,empty,empty,empty,empty,empty,
BP,R,54,High,large,9,a,,,,NA,non_existent,non_existent,non_existent,non_existent,non_existent,non_existent,non_existent,non_existent,non_existent,non_existent,non_existent,non_existent,non_existent,non_existent,non_existent,non_existent,non_existent,non_existent,non_existent,non_existent,non_existent,non_existent,non_existent,non_existent,non_existent,non_existent,non_existent,non_existent,non_existent,non_existent,non_existent,non_existent,non_existent,non_existent,non_existent,empty,empty,no_visit,no_visit,empty,empty,empty,empty,empty,empty,empty,empty,empty,empty,empty,empty,empty,
BP,R,54,High,large,10,a,,,,NA,non_existent,non_existent,non_existent,non_existent,non_existent,non_existent,non_existent,non_existent,non_existent,non_existent,non_existent,non_existent,non_existent,non_existent,non_existent,non_existent,non_existent,non_existent,non_existent,non_existent,non_existent,non_existent,non_existent,non_existent,non_existent,non_existent,non_existent,non_existent,non_existent,non_existent,non_existent,non_existent,non_existent,non_existent,non_existent,empty,empty,no_visit,no_visit,empty,empty,empty,empty,empty,empty,empty,empty,empty,empty,empty,empty,empty,
BP,R,54,High,medium,11,a,,,,NA,non_existent,non_existent,non_existent,non_existent,non_existent,non_existent,non_existent,non_existent,non_existent,non_existent,non_existent,non_existent,non_existent,non_existent,non_existent,non_existent,non_existent,non_existent,non_existent,non_existent,non_existent,non_existent,non_existent,non_existent,non_existent,non_existent,non_existent,non_existent,non_existent,non_existent,non_existent,non_existent,non_existent,non_existent,non_existent,empty,empty,no_visit,no_visit,empty,empty,empty,empty,empty,empty,empty,empty,empty,empty,empty,empty,empty,
BP,R,54,High,medium ,12,a,,,,NA,non_existent,non_existent,non_existent,non_existent,non_existent,non_existent,non_existent,non_existent,non_existent,non_existent,non_existent,non_existent,non_existent,non_existent,non_existent,non_existent,non_existent,non_existent,non_existent,non_existent,non_existent,non_existent,non_existent,non_existent,non_existent,non_existent,non_existent,non_existent,non_existent,non_existent,non_existent,non_existent,non_existent,non_existent,non_existent,empty,empty,no_visit,no_visit,empty,empty,empty,empty,empty,empty,empty,empty,empty,empty,empty,empty,empty,
BP,R,54,High,large,13,a,,,,NA,non_existent,non_existent,non_existent,non_existent,non_existent,non_existent,non_existent,non_existent,non_existent,non_existent,non_existent,non_existent,non_existent,non_existent,non_existent,non_existent,non_existent,non_existent,non_existent,non_existent,non_existent,non_existent,non_existent,non_existent,non_existent,non_existent,non_existent,non_existent,non_existent,non_existent,non_existent,non_existent,non_existent,non_existent,non_existent,empty,empty,no_visit,no_visit,empty,empty,empty,empty,empty,empty,empty,empty,empty,empty,empty,empty,empty,
BP,R,54,High,small ,14,a,,,,NA,non_existent,non_existent,non_existent,non_existent,non_existent,non_existent,non_existent,non_existent,non_existent,non_existent,non_existent,non_existent,non_existent,non_existent,non_existent,non_existent,non_existent,non_existent,non_existent,non_existent,non_existent,non_existent,non_existent,non_existent,non_existent,non_existent,non_existent,non_existent,non_existent,non_existent,non_existent,non_existent,non_existent,non_existent,non_existent,empty,empty,no_visit,no_visit,empty,empty,empty,empty,empty,empty,empty,empty,empty,empty,empty,empty,empty,
BP,R,54,High,medium ,15,a,,,,NA,non_existent,non_existent,non_existent,non_existent,non_existent,non_existent,non_existent,non_existent,non_existent,non_existent,non_existent,non_existent,non_existent,non_existent,non_existent,non_existent,non_existent,non_existent,non_existent,non_existent,non_existent,non_existent,non_existent,non_existent,non_existent,non_existent,non_existent,non_existent,non_existent,non_existent,non_existent,non_existent,non_existent,non_existent,non_existent,empty,empty,no_visit,no_visit,empty,empty,empty,empty,empty,empty,empty,empty,empty,empty,empty,empty,empty,
BP,R,54,High,medium ,16,a,,,,NA,non_existent,non_existent,non_existent,non_existent,non_existent,non_existent,non_existent,non_existent,non_existent,non_existent,non_existent,non_existent,non_existent,non_existent,non_existent,non_existent,non_existent,non_existent,non_existent,non_existent,non_existent,non_existent,non_existent,non_existent,non_existent,non_existent,non_existent,non_existent,non_existent,non_existent,non_existent,non_existent,non_existent,non_existent,non_existent,empty,empty,no_visit,no_visit,empty,empty,empty,empty,empty,empty,empty,empty,empty,empty,empty,empty,empty,
BP,R,54,High,medium ,17,a,,,,NA,non_existent,non_existent,non_existent,non_existent,non_existent,non_existent,non_existent,non_existent,non_existent,non_existent,non_existent,non_existent,non_existent,non_existent,non_existent,non_existent,non_existent,non_existent,non_existent,non_existent,non_existent,non_existent,non_existent,non_existent,non_existent,non_existent,non_existent,non_existent,non_existent,non_existent,non_existent,non_existent,non_existent,non_existent,non_existent,empty,empty,no_visit,no_visit,empty,empty,empty,empty,empty,empty,empty,empty,empty,empty,empty,empty,empty,
BP,R,54,High,large,18,a,,,,NA,non_existent,non_existent,non_existent,non_existent,non_existent,non_existent,non_existent,non_existent,non_existent,non_existent,non_existent,non_existent,non_existent,non_existent,non_existent,non_existent,non_existent,non_existent,non_existent,non_existent,non_existent,non_existent,non_existent,non_existent,non_existent,non_existent,non_existent,non_existent,non_existent,non_existent,non_existent,non_existent,non_existent,non_existent,non_existent,empty,empty,no_visit,no_visit,empty,empty,empty,empty,empty,empty,empty,empty,empty,empty,empty,empty,empty,
CP,S,55,Low,large,1,a,,,,NA,non_existent,non_existent,non_existent,non_existent,non_existent,non_existent,non_existent,non_existent,non_existent,non_existent,non_existent,non_existent,non_existent,non_existent,non_existent,non_existent,non_existent,non_existent,non_existent,non_existent,non_existent,non_existent,non_existent,non_existent,non_existent,non_existent,non_existent,non_existent,non_existent,non_existent,non_existent,non_existent,non_existent,non_existent,non_existent,non_existent,empty,empty,no_visit,empty,empty,empty,empty,empty,empty,empty,empty,empty,empty,empty,empty,empty,
CP,S,55,Low,medium,2,a,,,,NA,non_existent,non_existent,non_existent,non_existent,non_existent,non_existent,non_existent,non_existent,non_existent,non_existent,non_existent,non_existent,non_existent,non_existent,non_existent,non_existent,non_existent,non_existent,non_existent,non_existent,non_existent,non_existent,non_existent,non_existent,non_existent,non_existent,non_existent,non_existent,non_existent,non_existent,non_existent,non_existent,non_existent,non_existent,non_existent,non_existent,empty,empty,no_visit,empty,empty,empty,empty,empty,empty,empty,empty,empty,empty,empty,empty,empty,
CP,S,55,Low,medium,3,a,,,,NA,non_existent,non_existent,non_existent,non_existent,non_existent,non_existent,non_existent,non_existent,non_existent,non_existent,non_existent,non_existent,non_existent,non_existent,non_existent,non_existent,non_existent,non_existent,non_existent,non_existent,non_existent,non_existent,non_existent,non_existent,non_existent,non_existent,non_existent,non_existent,non_existent,non_existent,non_existent,non_existent,non_existent,non_existent,non_existent,non_existent,empty,empty,no_visit,empty,empty,empty,empty,empty,empty,empty,empty,empty,empty,empty,empty,empty,
CP,S,55,Low,large,4,a,,,,NA,non_existent,non_existent,non_existent,non_existent,non_existent,non_existent,non_existent,non_existent,non_existent,non_existent,non_existent,non_existent,non_existent,non_existent,non_existent,non_existent,non_existent,non_existent,non_existent,non_existent,non_existent,non_existent,non_existent,non_existent,non_existent,non_existent,non_existent,non_existent,non_existent,non_existent,non_existent,non_existent,non_existent,non_existent,non_existent,non_existent,empty,empty,no_visit,empty,empty,empty,empty,empty,empty,empty,empty,empty,empty,empty,empty,empty,
CP,S,55,Low,medium,5,a,,,,NA,non_existent,non_existent,non_existent,non_existent,non_existent,non_existent,non_existent,non_existent,non_existent,non_existent,non_existent,non_existent,non_existent,non_existent,non_existent,non_existent,non_existent,non_existent,non_existent,non_existent,non_existent,non_existent,non_existent,non_existent,non_existent,non_existent,non_existent,non_existent,non_existent,non_existent,non_existent,non_existent,non_existent,non_existent,non_existent,non_existent,empty,empty,no_visit,empty,empty,empty,empty,empty,empty,empty,empty,empty,empty,empty,empty,empty,
CP,S,55,Low,small,6,a,,,,NA,non_existent,non_existent,non_existent,non_existent,non_existent,non_existent,non_existent,non_existent,non_existent,non_existent,non_existent,non_existent,non_existent,non_existent,non_existent,non_existent,non_existent,non_existent,non_existent,non_existent,non_existent,non_existent,non_existent,non_existent,non_existent,non_existent,non_existent,non_existent,non_existent,non_existent,non_existent,non_existent,non_existent,non_existent,non_existent,non_existent,empty,empty,no_visit,empty,empty,empty,empty,empty,empty,empty,empty,empty,empty,empty,empty,empty,
CP,S,55,Low,medium,7,a,,,,NA,non_existent,non_existent,non_existent,non_existent,non_existent,non_existent,non_existent,non_existent,non_existent,non_existent,non_existent,non_existent,non_existent,non_existent,non_existent,non_existent,non_existent,non_existent,non_existent,non_existent,non_existent,non_existent,non_existent,non_existent,non_existent,non_existent,non_existent,non_existent,non_existent,non_existent,non_existent,non_existent,non_existent,non_existent,non_existent,non_existent,empty,empty,no_visit,empty,empty,empty,empty,empty,empty,empty,empty,empty,empty,empty,empty,empty,
CP,S,55,Low,medium,8,a,,,,NA,non_existent,non_existent,non_existent,non_existent,non_existent,non_existent,non_existent,non_existent,non_existent,non_existent,non_existent,non_existent,non_existent,non_existent,non_existent,non_existent,non_existent,non_existent,non_existent,non_existent,non_existent,non_existent,non_existent,non_existent,non_existent,non_existent,non_existent,non_existent,non_existent,non_existent,non_existent,non_existent,non_existent,non_existent,non_existent,non_existent,empty,empty,no_visit,empty,empty,empty,empty,empty,empty,empty,empty,empty,empty,empty,empty,empty,
CP,S,55,Low,large,9,a,,,,NA,non_existent,non_existent,non_existent,non_existent,non_existent,non_existent,non_existent,non_existent,non_existent,non_existent,non_existent,non_existent,non_existent,non_existent,non_existent,non_existent,non_existent,non_existent,non_existent,non_existent,non_existent,non_existent,non_existent,non_existent,non_existent,non_existent,non_existent,non_existent,non_existent,non_existent,non_existent,non_existent,non_existent,non_existent,non_existent,non_existent,empty,empty,no_visit,empty,empty,empty,empty,empty,empty,empty,empty,empty,empty,empty,empty,empty,
CP,S,55,Low,large,10,a,,,,NA,non_existent,non_existent,non_existent,non_existent,non_existent,non_existent,non_existent,non_existent,non_existent,non_existent,non_existent,non_existent,non_existent,non_existent,non_existent,non_existent,non_existent,non_existent,non_existent,non_existent,non_existent,non_existent,non_existent,non_existent,non_existent,non_existent,non_existent,non_existent,non_existent,non_existent,non_existent,non_existent,non_existent,non_existent,non_existent,non_existent,empty,empty,no_visit,empty,empty,empty,empty,empty,empty,empty,empty,empty,empty,empty,empty,empty,
CP,S,55,Low,medium,11,a,,,,NA,non_existent,non_existent,non_existent,non_existent,non_existent,non_existent,non_existent,non_existent,non_existent,non_existent,non_existent,non_existent,non_existent,non_existent,non_existent,non_existent,non_existent,non_existent,non_existent,non_existent,non_existent,non_existent,non_existent,non_existent,non_existent,non_existent,non_existent,non_existent,non_existent,non_existent,non_existent,non_existent,non_existent,non_existent,non_existent,non_existent,empty,empty,no_visit,empty,empty,empty,empty,empty,empty,empty,empty,empty,empty,empty,empty,empty,
CP,S,55,Low,medium,12,a,,,,NA,non_existent,non_existent,non_existent,non_existent,non_existent,non_existent,non_existent,non_existent,non_existent,non_existent,non_existent,non_existent,non_existent,non_existent,non_existent,non_existent,non_existent,non_existent,non_existent,non_existent,non_existent,non_existent,non_existent,non_existent,non_existent,non_existent,non_existent,non_existent,non_existent,non_existent,non_existent,non_existent,non_existent,non_existent,non_existent,non_existent,empty,empty,no_visit,empty,empty,empty,empty,empty,empty,empty,empty,empty,empty,empty,empty,empty,
CP,S,55,Low,medium,13,a,,,,NA,non_existent,non_existent,non_existent,non_existent,non_existent,non_existent,non_existent,non_existent,non_existent,non_existent,non_existent,non_existent,non_existent,non_existent,non_existent,non_existent,non_existent,non_existent,non_existent,non_existent,non_existent,non_existent,non_existent,non_existent,non_existent,non_existent,non_existent,non_existent,non_existent,non_existent,non_existent,non_existent,non_existent,non_existent,non_existent,non_existent,empty,empty,no_visit,empty,empty,empty,empty,empty,empty,empty,empty,empty,empty,empty,empty,empty,
CP,S,55,Low,small,14,a,,,,NA,non_existent,non_existent,non_existent,non_existent,non_existent,non_existent,non_existent,non_existent,non_existent,non_existent,non_existent,non_existent,non_existent,non_existent,non_existent,non_existent,non_existent,non_existent,non_existent,non_existent,non_existent,non_existent,non_existent,non_existent,non_existent,non_existent,non_existent,non_existent,non_existent,non_existent,non_existent,non_existent,non_existent,non_existent,non_existent,non_existent,empty,empty,no_visit,empty,empty,empty,empty,empty,empty,empty,empty,empty,empty,empty,empty,empty,
CP,S,55,Low,medium,15,a,,,,NA,non_existent,non_existent,non_existent,non_existent,non_existent,non_existent,non_existent,non_existent,non_existent,non_existent,non_existent,non_existent,non_existent,non_existent,non_existent,non_existent,non_existent,non_existent,non_existent,non_existent,non_existent,non_existent,non_existent,non_existent,non_existent,non_existent,non_existent,non_existent,non_existent,non_existent,non_existent,non_existent,non_existent,non_existent,non_existent,non_existent,empty,empty,no_visit,empty,empty,empty,empty,empty,empty,empty,empty,empty,empty,empty,empty,empty,
CP,S,55,Low,large,16,a,,,,NA,non_existent,non_existent,non_existent,non_existent,non_existent,non_existent,non_existent,non_existent,non_existent,non_existent,non_existent,non_existent,non_existent,non_existent,non_existent,non_existent,non_existent,non_existent,non_existent,non_existent,non_existent,non_existent,non_existent,non_existent,non_existent,non_existent,non_existent,non_existent,non_existent,non_existent,non_existent,non_existent,non_existent,non_existent,non_existent,non_existent,empty,empty,no_visit,empty,empty,empty,empty,empty,empty,empty,empty,empty,empty,empty,empty,empty,
CP,S,55,Low,medium,17,a,,,,NA,non_existent,non_existent,non_existent,non_existent,non_existent,non_existent,non_existent,non_existent,non_existent,non_existent,non_existent,non_existent,non_existent,non_existent,non_existent,non_existent,non_existent,non_existent,non_existent,non_existent,non_existent,non_existent,non_existent,non_existent,non_existent,non_existent,non_existent,non_existent,non_existent,non_existent,non_existent,non_existent,non_existent,non_existent,non_existent,non_existent,empty,empty,no_visit,empty,empty,empty,empty,empty,empty,empty,empty,empty,empty,empty,empty,empty,
CP,S,55,Low,large,18,a,,,,NA,non_existent,non_existent,non_existent,non_existent,non_existent,non_existent,non_existent,non_existent,non_existent,non_existent,non_existent,non_existent,non_existent,non_existent,non_existent,non_existent,non_existent,non_existent,non_existent,non_existent,non_existent,non_existent,non_existent,non_existent,non_existent,non_existent,non_existent,non_existent,non_existent,non_existent,non_existent,non_existent,non_existent,non_existent,non_existent,non_existent,empty,empty,no_visit,empty,empty,empty,empty,empty,empty,empty,empty,empty,empty,empty,empty,empty,
CP,S,56,Mid,large,1,a,,,,NA,non_existent,non_existent,non_existent,non_existent,non_existent,non_existent,non_existent,non_existent,non_existent,non_existent,non_existent,non_existent,non_existent,non_existent,non_existent,non_existent,non_existent,non_existent,non_existent,non_existent,non_existent,non_existent,non_existent,non_existent,non_existent,non_existent,non_existent,non_existent,non_existent,non_existent,non_existent,non_existent,non_existent,non_existent,non_existent,non_existent,empty,empty,no_visit,empty,empty,empty,empty,empty,empty,empty,empty,empty,empty,empty,empty,empty,
CP,S,56,Mid,medium,2,a,,,,NA,non_existent,non_existent,non_existent,non_existent,non_existent,non_existent,non_existent,non_existent,non_existent,non_existent,non_existent,non_existent,non_existent,non_existent,non_existent,non_existent,non_existent,non_existent,non_existent,non_existent,non_existent,non_existent,non_existent,non_existent,non_existent,non_existent,non_existent,non_existent,non_existent,non_existent,non_existent,non_existent,non_existent,non_existent,non_existent,non_existent,empty,empty,no_visit,empty,empty,empty,empty,empty,empty,empty,empty,empty,empty,empty,empty,empty,
CP,S,56,Mid,medium,3,a,,,,NA,non_existent,non_existent,non_existent,non_existent,non_existent,non_existent,non_existent,non_existent,non_existent,non_existent,non_existent,non_existent,non_existent,non_existent,non_existent,non_existent,non_existent,non_existent,non_existent,non_existent,non_existent,non_existent,non_existent,non_existent,non_existent,non_existent,non_existent,non_existent,non_existent,non_existent,non_existent,non_existent,non_existent,non_existent,non_existent,non_existent,empty,empty,no_visit,empty,empty,empty,empty,empty,empty,empty,empty,empty,empty,empty,empty,empty,
CP,S,56,Mid,medium,4,a,,,,NA,non_existent,non_existent,non_existent,non_existent,non_existent,non_existent,non_existent,non_existent,non_existent,non_existent,non_existent,non_existent,non_existent,non_existent,non_existent,non_existent,non_existent,non_existent,non_existent,non_existent,non_existent,non_existent,non_existent,non_existent,non_existent,non_existent,non_existent,non_existent,non_existent,non_existent,non_existent,non_existent,non_existent,non_existent,non_existent,non_existent,empty,empty,no_visit,empty,empty,empty,empty,empty,empty,empty,empty,empty,empty,empty,empty,empty,
CP,S,56,Mid,small,5,a,,,,NA,non_existent,non_existent,non_existent,non_existent,non_existent,non_existent,non_existent,non_existent,non_existent,non_existent,non_existent,non_existent,non_existent,non_existent,non_existent,non_existent,non_existent,non_existent,non_existent,non_existent,non_existent,non_existent,non_existent,non_existent,non_existent,non_existent,non_existent,non_existent,non_existent,non_existent,non_existent,non_existent,non_existent,non_existent,non_existent,non_existent,empty,empty,no_visit,empty,empty,empty,empty,empty,empty,empty,empty,empty,empty,empty,empty,empty,
CP,S,56,Mid,medium ,6,a,,,,NA,non_existent,non_existent,non_existent,non_existent,non_existent,non_existent,non_existent,non_existent,non_existent,non_existent,non_existent,non_existent,non_existent,non_existent,non_existent,non_existent,non_existent,non_existent,non_existent,non_existent,non_existent,non_existent,non_existent,non_existent,non_existent,non_existent,non_existent,non_existent,non_existent,non_existent,non_existent,non_existent,non_existent,non_existent,non_existent,non_existent,empty,empty,no_visit,empty,empty,empty,empty,empty,empty,empty,empty,empty,empty,empty,empty,empty,
CP,S,56,Mid,large,7,a,,,,NA,non_existent,non_existent,non_existent,non_existent,non_existent,non_existent,non_existent,non_existent,non_existent,non_existent,non_existent,non_existent,non_existent,non_existent,non_existent,non_existent,non_existent,non_existent,non_existent,non_existent,non_existent,non_existent,non_existent,non_existent,non_existent,non_existent,non_existent,non_existent,non_existent,non_existent,non_existent,non_existent,non_existent,non_existent,non_existent,non_existent,empty,empty,no_visit,empty,empty,empty,empty,empty,empty,empty,empty,empty,empty,empty,empty,empty,
CP,S,56,Mid,medium,8,a,,,,NA,non_existent,non_existent,non_existent,non_existent,non_existent,non_existent,non_existent,non_existent,non_existent,non_existent,non_existent,non_existent,non_existent,non_existent,non_existent,non_existent,non_existent,non_existent,non_existent,non_existent,non_existent,non_existent,non_existent,non_existent,non_existent,non_existent,non_existent,non_existent,non_existent,non_existent,non_existent,non_existent,non_existent,non_existent,non_existent,non_existent,empty,empty,no_visit,empty,empty,empty,empty,empty,empty,empty,empty,empty,empty,empty,empty,empty,
CP,S,56,Mid,large,9,a,,,,NA,non_existent,non_existent,non_existent,non_existent,non_existent,non_existent,non_existent,non_existent,non_existent,non_existent,non_existent,non_existent,non_existent,non_existent,non_existent,non_existent,non_existent,non_existent,non_existent,non_existent,non_existent,non_existent,non_existent,non_existent,non_existent,non_existent,non_existent,non_existent,non_existent,non_existent,non_existent,non_existent,non_existent,non_existent,non_existent,non_existent,empty,empty,no_visit,empty,empty,empty,empty,empty,empty,empty,empty,empty,empty,empty,empty,empty,
CP,S,56,Mid,large,10,a,,,,NA,non_existent,non_existent,non_existent,non_existent,non_existent,non_existent,non_existent,non_existent,non_existent,non_existent,non_existent,non_existent,non_existent,non_existent,non_existent,non_existent,non_existent,non_existent,non_existent,non_existent,non_existent,non_existent,non_existent,non_existent,non_existent,non_existent,non_existent,non_existent,non_existent,non_existent,non_existent,non_existent,non_existent,non_existent,non_existent,non_existent,empty,empty,no_visit,empty,empty,empty,empty,empty,empty,empty,empty,empty,empty,empty,empty,empty,
CP,S,56,Mid,medium ,11,a,,,,NA,non_existent,non_existent,non_existent,non_existent,non_existent,non_existent,non_existent,non_existent,non_existent,non_existent,non_existent,non_existent,non_existent,non_existent,non_existent,non_existent,non_existent,non_existent,non_existent,non_existent,non_existent,non_existent,non_existent,non_existent,non_existent,non_existent,non_existent,non_existent,non_existent,non_existent,non_existent,non_existent,non_existent,non_existent,non_existent,non_existent,empty,empty,no_visit,empty,empty,empty,empty,empty,empty,empty,empty,empty,empty,empty,empty,empty,
CP,S,56,Mid,small,12,a,,,,NA,non_existent,non_existent,non_existent,non_existent,non_existent,non_existent,non_existent,non_existent,non_existent,non_existent,non_existent,non_existent,non_existent,non_existent,non_existent,non_existent,non_existent,non_existent,non_existent,non_existent,non_existent,non_existent,non_existent,non_existent,non_existent,non_existent,non_existent,non_existent,non_existent,non_existent,non_existent,non_existent,non_existent,non_existent,non_existent,non_existent,empty,empty,no_visit,empty,empty,empty,empty,empty,empty,empty,empty,empty,empty,empty,empty,empty,
CP,S,56,Mid,large,13,a,,,,NA,non_existent,non_existent,non_existent,non_existent,non_existent,non_existent,non_existent,non_existent,non_existent,non_existent,non_existent,non_existent,non_existent,non_existent,non_existent,non_existent,non_existent,non_existent,non_existent,non_existent,non_existent,non_existent,non_existent,non_existent,non_existent,non_existent,non_existent,non_existent,non_existent,non_existent,non_existent,non_existent,non_existent,non_existent,non_existent,non_existent,empty,empty,no_visit,empty,empty,empty,empty,empty,empty,empty,empty,empty,empty,empty,empty,empty,
CP,S,56,Mid,large,14,a,,,,NA,non_existent,non_existent,non_existent,non_existent,non_existent,non_existent,non_existent,non_existent,non_existent,non_existent,non_existent,non_existent,non_existent,non_existent,non_existent,non_existent,non_existent,non_existent,non_existent,non_existent,non_existent,non_existent,non_existent,non_existent,non_existent,non_existent,non_existent,non_existent,non_existent,non_existent,non_existent,non_existent,non_existent,non_existent,non_existent,non_existent,empty,empty,no_visit,empty,empty,empty,empty,empty,empty,empty,empty,empty,empty,empty,empty,empty,
CP,S,56,Mid,medium ,15,a,,,,NA,non_existent,non_existent,non_existent,non_existent,non_existent,non_existent,non_existent,non_existent,non_existent,non_existent,non_existent,non_existent,non_existent,non_existent,non_existent,non_existent,non_existent,non_existent,non_existent,non_existent,non_existent,non_existent,non_existent,non_existent,non_existent,non_existent,non_existent,non_existent,non_existent,non_existent,non_existent,non_existent,non_existent,non_existent,non_existent,non_existent,empty,empty,no_visit,empty,empty,empty,empty,empty,empty,empty,empty,empty,empty,empty,empty,empty,
CP,S,56,Mid,medium ,16,a,,,,NA,non_existent,non_existent,non_existent,non_existent,non_existent,non_existent,non_existent,non_existent,non_existent,non_existent,non_existent,non_existent,non_existent,non_existent,non_existent,non_existent,non_existent,non_existent,non_existent,non_existent,non_existent,non_existent,non_existent,non_existent,non_existent,non_existent,non_existent,non_existent,non_existent,non_existent,non_existent,non_existent,non_existent,non_existent,non_existent,non_existent,empty,empty,no_visit,empty,empty,empty,empty,empty,empty,empty,empty,empty,empty,empty,empty,empty,
CP,S,56,Mid,large,17,a,,,,NA,non_existent,non_existent,non_existent,non_existent,non_existent,non_existent,non_existent,non_existent,non_existent,non_existent,non_existent,non_existent,non_existent,non_existent,non_existent,non_existent,non_existent,non_existent,non_existent,non_existent,non_existent,non_existent,non_existent,non_existent,non_existent,non_existent,non_existent,non_existent,non_existent,non_existent,non_existent,non_existent,non_existent,non_existent,non_existent,non_existent,empty,empty,no_visit,empty,empty,empty,empty,empty,empty,empty,empty,empty,empty,empty,empty,empty,
CP,S,56,Mid,medium ,18,a,,,,NA,non_existent,non_existent,non_existent,non_existent,non_existent,non_existent,non_existent,non_existent,non_existent,non_existent,non_existent,non_existent,non_existent,non_existent,non_existent,non_existent,non_existent,non_existent,non_existent,non_existent,non_existent,non_existent,non_existent,non_existent,non_existent,non_existent,non_existent,non_existent,non_existent,non_existent,non_existent,non_existent,non_existent,non_existent,non_existent,non_existent,empty,empty,no_visit,empty,empty,empty,empty,empty,empty,empty,empty,empty,empty,empty,empty,empty,
CP,S,57,High,small,1,a,,,,NA,non_existent,non_existent,non_existent,non_existent,non_existent,non_existent,non_existent,non_existent,non_existent,non_existent,non_existent,non_existent,non_existent,non_existent,non_existent,non_existent,non_existent,non_existent,non_existent,non_existent,non_existent,non_existent,non_existent,non_existent,non_existent,non_existent,non_existent,non_existent,non_existent,non_existent,non_existent,non_existent,non_existent,non_existent,non_existent,non_existent,empty,empty,no_visit,empty,empty,empty,empty,empty,empty,empty,empty,empty,empty,empty,empty,empty,
CP,S,57,High,medium ,2,a,,,,NA,non_existent,non_existent,non_existent,non_existent,non_existent,non_existent,non_existent,non_existent,non_existent,non_existent,non_existent,non_existent,non_existent,non_existent,non_existent,non_existent,non_existent,non_existent,non_existent,non_existent,non_existent,non_existent,non_existent,non_existent,non_existent,non_existent,non_existent,non_existent,non_existent,non_existent,non_existent,non_existent,non_existent,non_existent,non_existent,non_existent,empty,empty,no_visit,empty,empty,empty,empty,empty,empty,empty,empty,empty,empty,empty,empty,empty,
CP,S,57,High,medium,3,a,,,,NA,non_existent,non_existent,non_existent,non_existent,non_existent,non_existent,non_existent,non_existent,non_existent,non_existent,non_existent,non_existent,non_existent,non_existent,non_existent,non_existent,non_existent,non_existent,non_existent,non_existent,non_existent,non_existent,non_existent,non_existent,non_existent,non_existent,non_existent,non_existent,non_existent,non_existent,non_existent,non_existent,non_existent,non_existent,non_existent,non_existent,empty,empty,no_visit,empty,empty,empty,empty,empty,empty,empty,empty,empty,empty,empty,empty,empty,
CP,S,57,High,large,4,a,,,,NA,non_existent,non_existent,non_existent,non_existent,non_existent,non_existent,non_existent,non_existent,non_existent,non_existent,non_existent,non_existent,non_existent,non_existent,non_existent,non_existent,non_existent,non_existent,non_existent,non_existent,non_existent,non_existent,non_existent,non_existent,non_existent,non_existent,non_existent,non_existent,non_existent,non_existent,non_existent,non_existent,non_existent,non_existent,non_existent,non_existent,empty,empty,no_visit,empty,empty,empty,empty,empty,empty,empty,empty,empty,empty,empty,empty,empty,
CP,S,57,High,large,5,a,,,,NA,non_existent,non_existent,non_existent,non_existent,non_existent,non_existent,non_existent,non_existent,non_existent,non_existent,non_existent,non_existent,non_existent,non_existent,non_existent,non_existent,non_existent,non_existent,non_existent,non_existent,non_existent,non_existent,non_existent,non_existent,non_existent,non_existent,non_existent,non_existent,non_existent,non_existent,non_existent,non_existent,non_existent,non_existent,non_existent,non_existent,empty,empty,no_visit,empty,empty,empty,empty,empty,empty,empty,empty,empty,empty,empty,empty,empty,
CP,S,57,High,medium,6,a,,,,NA,non_existent,non_existent,non_existent,non_existent,non_existent,non_existent,non_existent,non_existent,non_existent,non_existent,non_existent,non_existent,non_existent,non_existent,non_existent,non_existent,non_existent,non_existent,non_existent,non_existent,non_existent,non_existent,non_existent,non_existent,non_existent,non_existent,non_existent,non_existent,non_existent,non_existent,non_existent,non_existent,non_existent,non_existent,non_existent,non_existent,empty,empty,no_visit,empty,empty,empty,empty,empty,empty,empty,empty,empty,empty,empty,empty,empty,
CP,S,57,High,medium,7,a,,,,NA,non_existent,non_existent,non_existent,non_existent,non_existent,non_existent,non_existent,non_existent,non_existent,non_existent,non_existent,non_existent,non_existent,non_existent,non_existent,non_existent,non_existent,non_existent,non_existent,non_existent,non_existent,non_existent,non_existent,non_existent,non_existent,non_existent,non_existent,non_existent,non_existent,non_existent,non_existent,non_existent,non_existent,non_existent,non_existent,non_existent,empty,empty,no_visit,empty,empty,empty,empty,empty,empty,empty,empty,empty,empty,empty,empty,empty,
CP,S,57,High,medium,8,a,,,,NA,non_existent,non_existent,non_existent,non_existent,non_existent,non_existent,non_existent,non_existent,non_existent,non_existent,non_existent,non_existent,non_existent,non_existent,non_existent,non_existent,non_existent,non_existent,non_existent,non_existent,non_existent,non_existent,non_existent,non_existent,non_existent,non_existent,non_existent,non_existent,non_existent,non_existent,non_existent,non_existent,non_existent,non_existent,non_existent,non_existent,empty,empty,no_visit,empty,empty,empty,empty,empty,empty,empty,empty,empty,empty,empty,empty,empty,
CP,S,57,High,medium,9,a,,,,NA,non_existent,non_existent,non_existent,non_existent,non_existent,non_existent,non_existent,non_existent,non_existent,non_existent,non_existent,non_existent,non_existent,non_existent,non_existent,non_existent,non_existent,non_existent,non_existent,non_existent,non_existent,non_existent,non_existent,non_existent,non_existent,non_existent,non_existent,non_existent,non_existent,non_existent,non_existent,non_existent,non_existent,non_existent,non_existent,non_existent,empty,empty,no_visit,empty,empty,empty,empty,empty,empty,empty,empty,empty,empty,empty,empty,empty,
CP,S,57,High,large,10,a,,,,NA,non_existent,non_existent,non_existent,non_existent,non_existent,non_existent,non_existent,non_existent,non_existent,non_existent,non_existent,non_existent,non_existent,non_existent,non_existent,non_existent,non_existent,non_existent,non_existent,non_existent,non_existent,non_existent,non_existent,non_existent,non_existent,non_existent,non_existent,non_existent,non_existent,non_existent,non_existent,non_existent,non_existent,non_existent,non_existent,non_existent,empty,empty,no_visit,empty,empty,empty,empty,empty,empty,empty,empty,empty,empty,empty,empty,empty,
CP,S,57,High,large,11,a,,,,NA,non_existent,non_existent,non_existent,non_existent,non_existent,non_existent,non_existent,non_existent,non_existent,non_existent,non_existent,non_existent,non_existent,non_existent,non_existent,non_existent,non_existent,non_existent,non_existent,non_existent,non_existent,non_existent,non_existent,non_existent,non_existent,non_existent,non_existent,non_existent,non_existent,non_existent,non_existent,non_existent,non_existent,non_existent,non_existent,non_existent,empty,empty,no_visit,empty,empty,empty,empty,empty,empty,empty,empty,empty,empty,empty,empty,empty,
CP,S,57,High,medium ,12,a,,,,NA,non_existent,non_existent,non_existent,non_existent,non_existent,non_existent,non_existent,non_existent,non_existent,non_existent,non_existent,non_existent,non_existent,non_existent,non_existent,non_existent,non_existent,non_existent,non_existent,non_existent,non_existent,non_existent,non_existent,non_existent,non_existent,non_existent,non_existent,non_existent,non_existent,non_existent,non_existent,non_existent,non_existent,non_existent,non_existent,non_existent,empty,empty,no_visit,empty,empty,empty,empty,empty,empty,empty,empty,empty,empty,empty,empty,empty,
CP,S,57,High,medium ,13,a,,,,NA,non_existent,non_existent,non_existent,non_existent,non_existent,non_existent,non_existent,non_existent,non_existent,non_existent,non_existent,non_existent,non_existent,non_existent,non_existent,non_existent,non_existent,non_existent,non_existent,non_existent,non_existent,non_existent,non_existent,non_existent,non_existent,non_existent,non_existent,non_existent,non_existent,non_existent,non_existent,non_existent,non_existent,non_existent,non_existent,non_existent,empty,empty,no_visit,empty,empty,empty,empty,empty,empty,empty,empty,empty,empty,empty,empty,empty,
CP,S,57,High,medium ,14,a,,,,NA,non_existent,non_existent,non_existent,non_existent,non_existent,non_existent,non_existent,non_existent,non_existent,non_existent,non_existent,non_existent,non_existent,non_existent,non_existent,non_existent,non_existent,non_existent,non_existent,non_existent,non_existent,non_existent,non_existent,non_existent,non_existent,non_existent,non_existent,non_existent,non_existent,non_existent,non_existent,non_existent,non_existent,non_existent,non_existent,non_existent,empty,empty,no_visit,empty,empty,empty,empty,empty,empty,empty,empty,empty,empty,empty,empty,empty,
CP,S,57,High,medium ,15,a,,,,NA,non_existent,non_existent,non_existent,non_existent,non_existent,non_existent,non_existent,non_existent,non_existent,non_existent,non_existent,non_existent,non_existent,non_existent,non_existent,non_existent,non_existent,non_existent,non_existent,non_existent,non_existent,non_existent,non_existent,non_existent,non_existent,non_existent,non_existent,non_existent,non_existent,non_existent,non_existent,non_existent,non_existent,non_existent,non_existent,non_existent,empty,empty,no_visit,empty,empty,empty,empty,empty,empty,empty,empty,empty,empty,empty,empty,empty,
CP,S,57,High,small,16,a,,,,NA,non_existent,non_existent,non_existent,non_existent,non_existent,non_existent,non_existent,non_existent,non_existent,non_existent,non_existent,non_existent,non_existent,non_existent,non_existent,non_existent,non_existent,non_existent,non_existent,non_existent,non_existent,non_existent,non_existent,non_existent,non_existent,non_existent,non_existent,non_existent,non_existent,non_existent,non_existent,non_existent,non_existent,non_existent,non_existent,non_existent,empty,empty,no_visit,empty,empty,empty,empty,empty,empty,empty,empty,empty,empty,empty,empty,empty,
CP,S,57,High,medium ,17,a,,,,NA,non_existent,non_existent,non_existent,non_existent,non_existent,non_existent,non_existent,non_existent,non_existent,non_existent,non_existent,non_existent,non_existent,non_existent,non_existent,non_existent,non_existent,non_existent,non_existent,non_existent,non_existent,non_existent,non_existent,non_existent,non_existent,non_existent,non_existent,non_existent,non_existent,non_existent,non_existent,non_existent,non_existent,non_existent,non_existent,non_existent,empty,empty,no_visit,empty,empty,empty,empty,empty,empty,empty,empty,empty,empty,empty,empty,empty,
CP,S,57,High,large,18,a,,,,NA,non_existent,non_existent,non_existent,non_existent,non_existent,non_existent,non_existent,non_existent,non_existent,non_existent,non_existent,non_existent,non_existent,non_existent,non_existent,non_existent,non_existent,non_existent,non_existent,non_existent,non_existent,non_existent,non_existent,non_existent,non_existent,non_existent,non_existent,non_existent,non_existent,non_existent,non_existent,non_existent,non_existent,non_existent,non_existent,non_existent,empty,empty,no_visit,empty,empty,empty,empty,empty,empty,empty,empty,empty,empty,empty,empty,empty,
CP,T,58,Low,large,1,a,,,,NA,non_existent,non_existent,non_existent,non_existent,non_existent,non_existent,non_existent,non_existent,non_existent,non_existent,non_existent,non_existent,non_existent,non_existent,non_existent,non_existent,non_existent,non_existent,non_existent,non_existent,non_existent,non_existent,non_existent,non_existent,non_existent,non_existent,non_existent,non_existent,non_existent,non_existent,non_existent,non_existent,non_existent,non_existent,non_existent,non_existent,empty,empty,no_visit,empty,empty,empty,empty,empty,empty,empty,empty,empty,empty,empty,empty,empty,
CP,T,58,Low,smalll,2,a,,,,NA,non_existent,non_existent,non_existent,non_existent,non_existent,non_existent,non_existent,non_existent,non_existent,non_existent,non_existent,non_existent,non_existent,non_existent,non_existent,non_existent,non_existent,non_existent,non_existent,non_existent,non_existent,non_existent,non_existent,non_existent,non_existent,non_existent,non_existent,non_existent,non_existent,non_existent,non_existent,non_existent,non_existent,non_existent,non_existent,non_existent,empty,empty,no_visit,empty,empty,empty,empty,empty,empty,empty,empty,empty,empty,empty,empty,empty,
CP,T,58,Low,medium,3,a,,,,NA,non_existent,non_existent,non_existent,non_existent,non_existent,non_existent,non_existent,non_existent,non_existent,non_existent,non_existent,non_existent,non_existent,non_existent,non_existent,non_existent,non_existent,non_existent,non_existent,non_existent,non_existent,non_existent,non_existent,non_existent,non_existent,non_existent,non_existent,non_existent,non_existent,non_existent,non_existent,non_existent,non_existent,non_existent,non_existent,non_existent,empty,empty,no_visit,empty,empty,empty,empty,empty,empty,empty,empty,empty,empty,empty,empty,empty,
CP,T,58,Low,medium,4,a,,,,NA,non_existent,non_existent,non_existent,non_existent,non_existent,non_existent,non_existent,non_existent,non_existent,non_existent,non_existent,non_existent,non_existent,non_existent,non_existent,non_existent,non_existent,non_existent,non_existent,non_existent,non_existent,non_existent,non_existent,non_existent,non_existent,non_existent,non_existent,non_existent,non_existent,non_existent,non_existent,non_existent,non_existent,non_existent,non_existent,non_existent,empty,empty,no_visit,empty,empty,empty,empty,empty,empty,empty,empty,empty,empty,empty,empty,empty,
CP,T,58,Low,large,5,a,,,,NA,non_existent,non_existent,non_existent,non_existent,non_existent,non_existent,non_existent,non_existent,non_existent,non_existent,non_existent,non_existent,non_existent,non_existent,non_existent,non_existent,non_existent,non_existent,non_existent,non_existent,non_existent,non_existent,non_existent,non_existent,non_existent,non_existent,non_existent,non_existent,non_existent,non_existent,non_existent,non_existent,non_existent,non_existent,non_existent,non_existent,empty,empty,no_visit,empty,empty,empty,empty,empty,empty,empty,empty,empty,empty,empty,empty,empty,
CP,T,58,Low,medium,6,a,,,,NA,non_existent,non_existent,non_existent,non_existent,non_existent,non_existent,non_existent,non_existent,non_existent,non_existent,non_existent,non_existent,non_existent,non_existent,non_existent,non_existent,non_existent,non_existent,non_existent,non_existent,non_existent,non_existent,non_existent,non_existent,non_existent,non_existent,non_existent,non_existent,non_existent,non_existent,non_existent,non_existent,non_existent,non_existent,non_existent,non_existent,empty,empty,no_visit,empty,empty,empty,empty,empty,empty,empty,empty,empty,empty,empty,empty,empty,
CP,T,58,Low,medium,7,a,,,,NA,non_existent,non_existent,non_existent,non_existent,non_existent,non_existent,non_existent,non_existent,non_existent,non_existent,non_existent,non_existent,non_existent,non_existent,non_existent,non_existent,non_existent,non_existent,non_existent,non_existent,non_existent,non_existent,non_existent,non_existent,non_existent,non_existent,non_existent,non_existent,non_existent,non_existent,non_existent,non_existent,non_existent,non_existent,non_existent,non_existent,empty,empty,no_visit,empty,empty,empty,empty,empty,empty,empty,empty,empty,empty,empty,empty,empty,
CP,T,58,Low,medium,8,a,,,,NA,non_existent,non_existent,non_existent,non_existent,non_existent,non_existent,non_existent,non_existent,non_existent,non_existent,non_existent,non_existent,non_existent,non_existent,non_existent,non_existent,non_existent,non_existent,non_existent,non_existent,non_existent,non_existent,non_existent,non_existent,non_existent,non_existent,non_existent,non_existent,non_existent,non_existent,non_existent,non_existent,non_existent,non_existent,non_existent,non_existent,empty,empty,no_visit,empty,empty,empty,empty,empty,empty,empty,empty,empty,empty,empty,empty,empty,
CP,T,58,Low,large,9,a,,,,NA,non_existent,non_existent,non_existent,non_existent,non_existent,non_existent,non_existent,non_existent,non_existent,non_existent,non_existent,non_existent,non_existent,non_existent,non_existent,non_existent,non_existent,non_existent,non_existent,non_existent,non_existent,non_existent,non_existent,non_existent,non_existent,non_existent,non_existent,non_existent,non_existent,non_existent,non_existent,non_existent,non_existent,non_existent,non_existent,non_existent,empty,empty,no_visit,empty,empty,empty,empty,empty,empty,empty,empty,empty,empty,empty,empty,empty,
CP,T,58,Low,large,10,a,,,,NA,non_existent,non_existent,non_existent,non_existent,non_existent,non_existent,non_existent,non_existent,non_existent,non_existent,non_existent,non_existent,non_existent,non_existent,non_existent,non_existent,non_existent,non_existent,non_existent,non_existent,non_existent,non_existent,non_existent,non_existent,non_existent,non_existent,non_existent,non_existent,non_existent,non_existent,non_existent,non_existent,non_existent,non_existent,non_existent,non_existent,empty,empty,no_visit,empty,empty,empty,empty,empty,empty,empty,empty,empty,empty,empty,empty,empty,
CP,T,58,Low,medium,11,a,,,,NA,non_existent,non_existent,non_existent,non_existent,non_existent,non_existent,non_existent,non_existent,non_existent,non_existent,non_existent,non_existent,non_existent,non_existent,non_existent,non_existent,non_existent,non_existent,non_existent,non_existent,non_existent,non_existent,non_existent,non_existent,non_existent,non_existent,non_existent,non_existent,non_existent,non_existent,non_existent,non_existent,non_existent,non_existent,non_existent,non_existent,empty,empty,no_visit,empty,empty,empty,empty,empty,empty,empty,empty,empty,empty,empty,empty,empty,
CP,T,58,Low,large,12,a,,,,NA,non_existent,non_existent,non_existent,non_existent,non_existent,non_existent,non_existent,non_existent,non_existent,non_existent,non_existent,non_existent,non_existent,non_existent,non_existent,non_existent,non_existent,non_existent,non_existent,non_existent,non_existent,non_existent,non_existent,non_existent,non_existent,non_existent,non_existent,non_existent,non_existent,non_existent,non_existent,non_existent,non_existent,non_existent,non_existent,non_existent,empty,empty,no_visit,empty,empty,empty,empty,empty,empty,empty,empty,empty,empty,empty,empty,empty,
CP,T,58,Low,medium,13,a,,,,NA,non_existent,non_existent,non_existent,non_existent,non_existent,non_existent,non_existent,non_existent,non_existent,non_existent,non_existent,non_existent,non_existent,non_existent,non_existent,non_existent,non_existent,non_existent,non_existent,non_existent,non_existent,non_existent,non_existent,non_existent,non_existent,non_existent,non_existent,non_existent,non_existent,non_existent,non_existent,non_existent,non_existent,non_existent,non_existent,non_existent,empty,empty,no_visit,empty,empty,empty,empty,empty,empty,empty,empty,empty,empty,empty,empty,empty,
CP,T,58,Low,small,14,a,,,,NA,non_existent,non_existent,non_existent,non_existent,non_existent,non_existent,non_existent,non_existent,non_existent,non_existent,non_existent,non_existent,non_existent,non_existent,non_existent,non_existent,non_existent,non_existent,non_existent,non_existent,non_existent,non_existent,non_existent,non_existent,non_existent,non_existent,non_existent,non_existent,non_existent,non_existent,non_existent,non_existent,non_existent,non_existent,non_existent,non_existent,empty,empty,no_visit,empty,empty,empty,empty,empty,empty,empty,empty,empty,empty,empty,empty,empty,
CP,T,58,Low,medium,15,a,,,,NA,non_existent,non_existent,non_existent,non_existent,non_existent,non_existent,non_existent,non_existent,non_existent,non_existent,non_existent,non_existent,non_existent,non_existent,non_existent,non_existent,non_existent,non_existent,non_existent,non_existent,non_existent,non_existent,non_existent,non_existent,non_existent,non_existent,non_existent,non_existent,non_existent,non_existent,non_existent,non_existent,non_existent,non_existent,non_existent,non_existent,empty,empty,no_visit,empty,empty,empty,empty,empty,empty,empty,empty,empty,empty,empty,empty,empty,
CP,T,58,Low,medium,16,a,,,,NA,non_existent,non_existent,non_existent,non_existent,non_existent,non_existent,non_existent,non_existent,non_existent,non_existent,non_existent,non_existent,non_existent,non_existent,non_existent,non_existent,non_existent,non_existent,non_existent,non_existent,non_existent,non_existent,non_existent,non_existent,non_existent,non_existent,non_existent,non_existent,non_existent,non_existent,non_existent,non_existent,non_existent,non_existent,non_existent,non_existent,empty,empty,no_visit,empty,empty,empty,empty,empty,empty,empty,empty,empty,empty,empty,empty,empty,
CP,T,58,Low,medium,17,a,,,,NA,non_existent,non_existent,non_existent,non_existent,non_existent,non_existent,non_existent,non_existent,non_existent,non_existent,non_existent,non_existent,non_existent,non_existent,non_existent,non_existent,non_existent,non_existent,non_existent,non_existent,non_existent,non_existent,non_existent,non_existent,non_existent,non_existent,non_existent,non_existent,non_existent,non_existent,non_existent,non_existent,non_existent,non_existent,non_existent,non_existent,empty,empty,no_visit,empty,empty,empty,empty,empty,empty,empty,empty,empty,empty,empty,empty,empty,
CP,T,58,Low,large,18,a,,,,NA,non_existent,non_existent,non_existent,non_existent,non_existent,non_existent,non_existent,non_existent,non_existent,non_existent,non_existent,non_existent,non_existent,non_existent,non_existent,non_existent,non_existent,non_existent,non_existent,non_existent,non_existent,non_existent,non_existent,non_existent,non_existent,non_existent,non_existent,non_existent,non_existent,non_existent,non_existent,non_existent,non_existent,non_existent,non_existent,non_existent,empty,empty,no_visit,empty,empty,empty,empty,empty,empty,empty,empty,empty,empty,empty,empty,empty,
CP,T,59,Mid,large,1,a,,,,NA,non_existent,non_existent,non_existent,non_existent,non_existent,non_existent,non_existent,non_existent,non_existent,non_existent,non_existent,non_existent,non_existent,non_existent,non_existent,non_existent,non_existent,non_existent,non_existent,non_existent,non_existent,non_existent,non_existent,non_existent,non_existent,non_existent,non_existent,non_existent,non_existent,non_existent,non_existent,non_existent,non_existent,non_existent,non_existent,non_existent,empty,empty,no_visit,empty,empty,empty,empty,empty,empty,empty,empty,empty,empty,empty,empty,empty,
CP,T,59,Mid,medium,2,a,,,,NA,non_existent,non_existent,non_existent,non_existent,non_existent,non_existent,non_existent,non_existent,non_existent,non_existent,non_existent,non_existent,non_existent,non_existent,non_existent,non_existent,non_existent,non_existent,non_existent,non_existent,non_existent,non_existent,non_existent,non_existent,non_existent,non_existent,non_existent,non_existent,non_existent,non_existent,non_existent,non_existent,non_existent,non_existent,non_existent,non_existent,empty,empty,no_visit,empty,empty,empty,empty,empty,empty,empty,empty,empty,empty,empty,empty,empty,
CP,T,59,Mid,large,3,a,,,,NA,non_existent,non_existent,non_existent,non_existent,non_existent,non_existent,non_existent,non_existent,non_existent,non_existent,non_existent,non_existent,non_existent,non_existent,non_existent,non_existent,non_existent,non_existent,non_existent,non_existent,non_existent,non_existent,non_existent,non_existent,non_existent,non_existent,non_existent,non_existent,non_existent,non_existent,non_existent,non_existent,non_existent,non_existent,non_existent,non_existent,empty,empty,no_visit,empty,empty,empty,empty,empty,empty,empty,empty,empty,empty,empty,empty,empty,
CP,T,59,Mid,small,4,a,,,,NA,non_existent,non_existent,non_existent,non_existent,non_existent,non_existent,non_existent,non_existent,non_existent,non_existent,non_existent,non_existent,non_existent,non_existent,non_existent,non_existent,non_existent,non_existent,non_existent,non_existent,non_existent,non_existent,non_existent,non_existent,non_existent,non_existent,non_existent,non_existent,non_existent,non_existent,non_existent,non_existent,non_existent,non_existent,non_existent,non_existent,empty,empty,no_visit,empty,empty,empty,empty,empty,empty,empty,empty,empty,empty,empty,empty,empty,
CP,T,59,Mid,medium ,5,a,,,,NA,non_existent,non_existent,non_existent,non_existent,non_existent,non_existent,non_existent,non_existent,non_existent,non_existent,non_existent,non_existent,non_existent,non_existent,non_existent,non_existent,non_existent,non_existent,non_existent,non_existent,non_existent,non_existent,non_existent,non_existent,non_existent,non_existent,non_existent,non_existent,non_existent,non_existent,non_existent,non_existent,non_existent,non_existent,non_existent,non_existent,empty,empty,no_visit,empty,empty,empty,empty,empty,empty,empty,empty,empty,empty,empty,empty,empty,
CP,T,59,Mid,large,6,a,,,,NA,non_existent,non_existent,non_existent,non_existent,non_existent,non_existent,non_existent,non_existent,non_existent,non_existent,non_existent,non_existent,non_existent,non_existent,non_existent,non_existent,non_existent,non_existent,non_existent,non_existent,non_existent,non_existent,non_existent,non_existent,non_existent,non_existent,non_existent,non_existent,non_existent,non_existent,non_existent,non_existent,non_existent,non_existent,non_existent,non_existent,empty,empty,no_visit,empty,empty,empty,empty,empty,empty,empty,empty,empty,empty,empty,empty,empty,
CP,T,59,Mid,medium,7,a,,,,NA,non_existent,non_existent,non_existent,non_existent,non_existent,non_existent,non_existent,non_existent,non_existent,non_existent,non_existent,non_existent,non_existent,non_existent,non_existent,non_existent,non_existent,non_existent,non_existent,non_existent,non_existent,non_existent,non_existent,non_existent,non_existent,non_existent,non_existent,non_existent,non_existent,non_existent,non_existent,non_existent,non_existent,non_existent,non_existent,non_existent,empty,empty,no_visit,empty,empty,empty,empty,empty,empty,empty,empty,empty,empty,empty,empty,empty,
CP,T,59,Mid,medium,8,a,,,,NA,non_existent,non_existent,non_existent,non_existent,non_existent,non_existent,non_existent,non_existent,non_existent,non_existent,non_existent,non_existent,non_existent,non_existent,non_existent,non_existent,non_existent,non_existent,non_existent,non_existent,non_existent,non_existent,non_existent,non_existent,non_existent,non_existent,non_existent,non_existent,non_existent,non_existent,non_existent,non_existent,non_existent,non_existent,non_existent,non_existent,empty,empty,no_visit,empty,empty,empty,empty,empty,empty,empty,empty,empty,empty,empty,empty,empty,
CP,T,59,Mid,large,9,a,,,,NA,non_existent,non_existent,non_existent,non_existent,non_existent,non_existent,non_existent,non_existent,non_existent,non_existent,non_existent,non_existent,non_existent,non_existent,non_existent,non_existent,non_existent,non_existent,non_existent,non_existent,non_existent,non_existent,non_existent,non_existent,non_existent,non_existent,non_existent,non_existent,non_existent,non_existent,non_existent,non_existent,non_existent,non_existent,non_existent,non_existent,empty,empty,no_visit,empty,empty,empty,empty,empty,empty,empty,empty,empty,empty,empty,empty,empty,
CP,T,59,Mid,medium,10,a,,,,NA,non_existent,non_existent,non_existent,non_existent,non_existent,non_existent,non_existent,non_existent,non_existent,non_existent,non_existent,non_existent,non_existent,non_existent,non_existent,non_existent,non_existent,non_existent,non_existent,non_existent,non_existent,non_existent,non_existent,non_existent,non_existent,non_existent,non_existent,non_existent,non_existent,non_existent,non_existent,non_existent,non_existent,non_existent,non_existent,non_existent,empty,empty,no_visit,empty,empty,empty,empty,empty,empty,empty,empty,empty,empty,empty,empty,empty,
CP,T,59,Mid,large,11,a,,,,NA,non_existent,non_existent,non_existent,non_existent,non_existent,non_existent,non_existent,non_existent,non_existent,non_existent,non_existent,non_existent,non_existent,non_existent,non_existent,non_existent,non_existent,non_existent,non_existent,non_existent,non_existent,non_existent,non_existent,non_existent,non_existent,non_existent,non_existent,non_existent,non_existent,non_existent,non_existent,non_existent,non_existent,non_existent,non_existent,non_existent,empty,empty,no_visit,empty,empty,empty,empty,empty,empty,empty,empty,empty,empty,empty,empty,empty,
CP,T,59,Mid,medium,12,a,,,,NA,non_existent,non_existent,non_existent,non_existent,non_existent,non_existent,non_existent,non_existent,non_existent,non_existent,non_existent,non_existent,non_existent,non_existent,non_existent,non_existent,non_existent,non_existent,non_existent,non_existent,non_existent,non_existent,non_existent,non_existent,non_existent,non_existent,non_existent,non_existent,non_existent,non_existent,non_existent,non_existent,non_existent,non_existent,non_existent,non_existent,empty,empty,no_visit,empty,empty,empty,empty,empty,empty,empty,empty,empty,empty,empty,empty,empty,
CP,T,59,Mid,large,13,a,,,,NA,non_existent,non_existent,non_existent,non_existent,non_existent,non_existent,non_existent,non_existent,non_existent,non_existent,non_existent,non_existent,non_existent,non_existent,non_existent,non_existent,non_existent,non_existent,non_existent,non_existent,non_existent,non_existent,non_existent,non_existent,non_existent,non_existent,non_existent,non_existent,non_existent,non_existent,non_existent,non_existent,non_existent,non_existent,non_existent,non_existent,empty,empty,no_visit,empty,empty,empty,empty,empty,empty,empty,empty,empty,empty,empty,empty,empty,
CP,T,59,Mid,small,14,a,,,,NA,non_existent,non_existent,non_existent,non_existent,non_existent,non_existent,non_existent,non_existent,non_existent,non_existent,non_existent,non_existent,non_existent,non_existent,non_existent,non_existent,non_existent,non_existent,non_existent,non_existent,non_existent,non_existent,non_existent,non_existent,non_existent,non_existent,non_existent,non_existent,non_existent,non_existent,non_existent,non_existent,non_existent,non_existent,non_existent,non_existent,empty,empty,no_visit,empty,empty,empty,empty,empty,empty,empty,empty,empty,empty,empty,empty,empty,
CP,T,59,Mid,large,15,a,,,,NA,non_existent,non_existent,non_existent,non_existent,non_existent,non_existent,non_existent,non_existent,non_existent,non_existent,non_existent,non_existent,non_existent,non_existent,non_existent,non_existent,non_existent,non_existent,non_existent,non_existent,non_existent,non_existent,non_existent,non_existent,non_existent,non_existent,non_existent,non_existent,non_existent,non_existent,non_existent,non_existent,non_existent,non_existent,non_existent,non_existent,empty,empty,no_visit,empty,empty,empty,empty,empty,empty,empty,empty,empty,empty,empty,empty,empty,
CP,T,59,Mid,medium,16,a,,,,NA,non_existent,non_existent,non_existent,non_existent,non_existent,non_existent,non_existent,non_existent,non_existent,non_existent,non_existent,non_existent,non_existent,non_existent,non_existent,non_existent,non_existent,non_existent,non_existent,non_existent,non_existent,non_existent,non_existent,non_existent,non_existent,non_existent,non_existent,non_existent,non_existent,non_existent,non_existent,non_existent,non_existent,non_existent,non_existent,non_existent,empty,empty,no_visit,empty,empty,empty,empty,empty,empty,empty,empty,empty,empty,empty,empty,empty,
CP,T,59,Mid,medium,17,a,,,,NA,non_existent,non_existent,non_existent,non_existent,non_existent,non_existent,non_existent,non_existent,non_existent,non_existent,non_existent,non_existent,non_existent,non_existent,non_existent,non_existent,non_existent,non_existent,non_existent,non_existent,non_existent,non_existent,non_existent,non_existent,non_existent,non_existent,non_existent,non_existent,non_existent,non_existent,non_existent,non_existent,non_existent,non_existent,non_existent,non_existent,empty,empty,no_visit,empty,empty,empty,empty,empty,empty,empty,empty,empty,empty,empty,empty,empty,
CP,T,59,Mid,medium,18,a,,,,NA,non_existent,non_existent,non_existent,non_existent,non_existent,non_existent,non_existent,non_existent,non_existent,non_existent,non_existent,non_existent,non_existent,non_existent,non_existent,non_existent,non_existent,non_existent,non_existent,non_existent,non_existent,non_existent,non_existent,non_existent,non_existent,non_existent,non_existent,non_existent,non_existent,non_existent,non_existent,non_existent,non_existent,non_existent,non_existent,non_existent,empty,empty,no_visit,empty,empty,empty,empty,empty,empty,empty,empty,empty,empty,empty,empty,empty,
CP,T,60,High,large,1,a,,,,NA,non_existent,non_existent,non_existent,non_existent,non_existent,non_existent,non_existent,non_existent,non_existent,non_existent,non_existent,non_existent,non_existent,non_existent,non_existent,non_existent,non_existent,non_existent,non_existent,non_existent,non_existent,non_existent,non_existent,non_existent,non_existent,non_existent,non_existent,non_existent,non_existent,non_existent,non_existent,non_existent,non_existent,non_existent,non_existent,non_existent,empty,empty,no_visit,empty,empty,empty,empty,empty,empty,empty,empty,empty,empty,empty,empty,empty,
CP,T,60,High,medium,2,a,,,,NA,non_existent,non_existent,non_existent,non_existent,non_existent,non_existent,non_existent,non_existent,non_existent,non_existent,non_existent,non_existent,non_existent,non_existent,non_existent,non_existent,non_existent,non_existent,non_existent,non_existent,non_existent,non_existent,non_existent,non_existent,non_existent,non_existent,non_existent,non_existent,non_existent,non_existent,non_existent,non_existent,non_existent,non_existent,non_existent,non_existent,empty,empty,no_visit,empty,empty,empty,empty,empty,empty,empty,empty,empty,empty,empty,empty,empty,
CP,T,60,High,medium,3,a,,,,NA,non_existent,non_existent,non_existent,non_existent,non_existent,non_existent,non_existent,non_existent,non_existent,non_existent,non_existent,non_existent,non_existent,non_existent,non_existent,non_existent,non_existent,non_existent,non_existent,non_existent,non_existent,non_existent,non_existent,non_existent,non_existent,non_existent,non_existent,non_existent,non_existent,non_existent,non_existent,non_existent,non_existent,non_existent,non_existent,non_existent,empty,empty,no_visit,empty,empty,empty,empty,empty,empty,empty,empty,empty,empty,empty,empty,empty,
CP,T,60,High,large,4,a,,,,NA,non_existent,non_existent,non_existent,non_existent,non_existent,non_existent,non_existent,non_existent,non_existent,non_existent,non_existent,non_existent,non_existent,non_existent,non_existent,non_existent,non_existent,non_existent,non_existent,non_existent,non_existent,non_existent,non_existent,non_existent,non_existent,non_existent,non_existent,non_existent,non_existent,non_existent,non_existent,non_existent,non_existent,non_existent,non_existent,non_existent,empty,empty,no_visit,empty,empty,empty,empty,empty,empty,empty,empty,empty,empty,empty,empty,empty,
CP,T,60,High,small,5,a,,,,NA,non_existent,non_existent,non_existent,non_existent,non_existent,non_existent,non_existent,non_existent,non_existent,non_existent,non_existent,non_existent,non_existent,non_existent,non_existent,non_existent,non_existent,non_existent,non_existent,non_existent,non_existent,non_existent,non_existent,non_existent,non_existent,non_existent,non_existent,non_existent,non_existent,non_existent,non_existent,non_existent,non_existent,non_existent,non_existent,non_existent,empty,empty,no_visit,empty,empty,empty,empty,empty,empty,empty,empty,empty,empty,empty,empty,empty,
CP,T,60,High,medium,6,a,,,,NA,non_existent,non_existent,non_existent,non_existent,non_existent,non_existent,non_existent,non_existent,non_existent,non_existent,non_existent,non_existent,non_existent,non_existent,non_existent,non_existent,non_existent,non_existent,non_existent,non_existent,non_existent,non_existent,non_existent,non_existent,non_existent,non_existent,non_existent,non_existent,non_existent,non_existent,non_existent,non_existent,non_existent,non_existent,non_existent,non_existent,empty,empty,no_visit,empty,empty,empty,empty,empty,empty,empty,empty,empty,empty,empty,empty,empty,
CP,T,60,High,medium,7,a,,,,NA,non_existent,non_existent,non_existent,non_existent,non_existent,non_existent,non_existent,non_existent,non_existent,non_existent,non_existent,non_existent,non_existent,non_existent,non_existent,non_existent,non_existent,non_existent,non_existent,non_existent,non_existent,non_existent,non_existent,non_existent,non_existent,non_existent,non_existent,non_existent,non_existent,non_existent,non_existent,non_existent,non_existent,non_existent,non_existent,non_existent,empty,empty,no_visit,empty,empty,empty,empty,empty,empty,empty,empty,empty,empty,empty,empty,empty,
CP,T,60,High,medium,8,a,,,,NA,non_existent,non_existent,non_existent,non_existent,non_existent,non_existent,non_existent,non_existent,non_existent,non_existent,non_existent,non_existent,non_existent,non_existent,non_existent,non_existent,non_existent,non_existent,non_existent,non_existent,non_existent,non_existent,non_existent,non_existent,non_existent,non_existent,non_existent,non_existent,non_existent,non_existent,non_existent,non_existent,non_existent,non_existent,non_existent,non_existent,empty,empty,no_visit,empty,empty,empty,empty,empty,empty,empty,empty,empty,empty,empty,empty,empty,
CP,T,60,High,large,9,a,,,,NA,non_existent,non_existent,non_existent,non_existent,non_existent,non_existent,non_existent,non_existent,non_existent,non_existent,non_existent,non_existent,non_existent,non_existent,non_existent,non_existent,non_existent,non_existent,non_existent,non_existent,non_existent,non_existent,non_existent,non_existent,non_existent,non_existent,non_existent,non_existent,non_existent,non_existent,non_existent,non_existent,non_existent,non_existent,non_existent,non_existent,empty,empty,no_visit,empty,empty,empty,empty,empty,empty,empty,empty,empty,empty,empty,empty,empty,
CP,T,60,High,large,10,a,,,,NA,non_existent,non_existent,non_existent,non_existent,non_existent,non_existent,non_existent,non_existent,non_existent,non_existent,non_existent,non_existent,non_existent,non_existent,non_existent,non_existent,non_existent,non_existent,non_existent,non_existent,non_existent,non_existent,non_existent,non_existent,non_existent,non_existent,non_existent,non_existent,non_existent,non_existent,non_existent,non_existent,non_existent,non_existent,non_existent,non_existent,empty,empty,no_visit,empty,empty,empty,empty,empty,empty,empty,empty,empty,empty,empty,empty,empty,
CP,T,60,High,medium,11,a,,,,NA,non_existent,non_existent,non_existent,non_existent,non_existent,non_existent,non_existent,non_existent,non_existent,non_existent,non_existent,non_existent,non_existent,non_existent,non_existent,non_existent,non_existent,non_existent,non_existent,non_existent,non_existent,non_existent,non_existent,non_existent,non_existent,non_existent,non_existent,non_existent,non_existent,non_existent,non_existent,non_existent,non_existent,non_existent,non_existent,non_existent,empty,empty,no_visit,empty,empty,empty,empty,empty,empty,empty,empty,empty,empty,empty,empty,empty,
CP,T,60,High,medium,12,a,,,,NA,non_existent,non_existent,non_existent,non_existent,non_existent,non_existent,non_existent,non_existent,non_existent,non_existent,non_existent,non_existent,non_existent,non_existent,non_existent,non_existent,non_existent,non_existent,non_existent,non_existent,non_existent,non_existent,non_existent,non_existent,non_existent,non_existent,non_existent,non_existent,non_existent,non_existent,non_existent,non_existent,non_existent,non_existent,non_existent,non_existent,empty,empty,no_visit,empty,empty,empty,empty,empty,empty,empty,empty,empty,empty,empty,empty,empty,
CP,T,60,High,small,13,a,,,,NA,non_existent,non_existent,non_existent,non_existent,non_existent,non_existent,non_existent,non_existent,non_existent,non_existent,non_existent,non_existent,non_existent,non_existent,non_existent,non_existent,non_existent,non_existent,non_existent,non_existent,non_existent,non_existent,non_existent,non_existent,non_existent,non_existent,non_existent,non_existent,non_existent,non_existent,non_existent,non_existent,non_existent,non_existent,non_existent,non_existent,empty,empty,no_visit,empty,empty,empty,empty,empty,empty,empty,empty,empty,empty,empty,empty,empty,
CP,T,60,High,medium ,14,a,,,,NA,non_existent,non_existent,non_existent,non_existent,non_existent,non_existent,non_existent,non_existent,non_existent,non_existent,non_existent,non_existent,non_existent,non_existent,non_existent,non_existent,non_existent,non_existent,non_existent,non_existent,non_existent,non_existent,non_existent,non_existent,non_existent,non_existent,non_existent,non_existent,non_existent,non_existent,non_existent,non_existent,non_existent,non_existent,non_existent,non_existent,empty,empty,no_visit,empty,empty,empty,empty,empty,empty,empty,empty,empty,empty,empty,empty,empty,
CP,T,60,High,medium ,15,a,,,,NA,non_existent,non_existent,non_existent,non_existent,non_existent,non_existent,non_existent,non_existent,non_existent,non_existent,non_existent,non_existent,non_existent,non_existent,non_existent,non_existent,non_existent,non_existent,non_existent,non_existent,non_existent,non_existent,non_existent,non_existent,non_existent,non_existent,non_existent,non_existent,non_existent,non_existent,non_existent,non_existent,non_existent,non_existent,non_existent,non_existent,empty,empty,no_visit,empty,empty,empty,empty,empty,empty,empty,empty,empty,empty,empty,empty,empty,
CP,T,60,High,large,16,a,,,,NA,non_existent,non_existent,non_existent,non_existent,non_existent,non_existent,non_existent,non_existent,non_existent,non_existent,non_existent,non_existent,non_existent,non_existent,non_existent,non_existent,non_existent,non_existent,non_existent,non_existent,non_existent,non_existent,non_existent,non_existent,non_existent,non_existent,non_existent,non_existent,non_existent,non_existent,non_existent,non_existent,non_existent,non_existent,non_existent,non_existent,empty,empty,no_visit,empty,empty,empty,empty,empty,empty,empty,empty,empty,empty,empty,empty,empty,
CP,T,60,High,medium ,17,a,,,,NA,non_existent,non_existent,non_existent,non_existent,non_existent,non_existent,non_existent,non_existent,non_existent,non_existent,non_existent,non_existent,non_existent,non_existent,non_existent,non_existent,non_existent,non_existent,non_existent,non_existent,non_existent,non_existent,non_existent,non_existent,non_existent,non_existent,non_existent,non_existent,non_existent,non_existent,non_existent,non_existent,non_existent,non_existent,non_existent,non_existent,empty,empty,no_visit,empty,empty,empty,empty,empty,empty,empty,empty,empty,empty,empty,empty,empty,
CP,T,60,High,large,18,a,,,,NA,non_existent,non_existent,non_existent,non_existent,non_existent,non_existent,non_existent,non_existent,non_existent,non_existent,non_existent,non_existent,non_existent,non_existent,non_existent,non_existent,non_existent,non_existent,non_existent,non_existent,non_existent,non_existent,non_existent,non_existent,non_existent,non_existent,non_existent,non_existent,non_existent,non_existent,non_existent,non_existent,non_existent,non_existent,non_existent,non_existent,empty,empty,no_visit,empty,empty,empty,empty,empty,empty,empty,empty,empty,empty,empty,empty,empty,
CP,U,61,Low,large,1,a,,,,NA,non_existent,non_existent,non_existent,non_existent,non_existent,non_existent,non_existent,non_existent,non_existent,non_existent,non_existent,non_existent,non_existent,non_existent,non_existent,non_existent,non_existent,non_existent,non_existent,non_existent,non_existent,non_existent,non_existent,non_existent,non_existent,non_existent,non_existent,non_existent,non_existent,non_existent,non_existent,non_existent,non_existent,non_existent,non_existent,non_existent,empty,empty,no_visit,empty,empty,empty,empty,empty,empty,empty,empty,empty,empty,empty,empty,empty,
CP,U,61,Low,large,2,a,,,,NA,non_existent,non_existent,non_existent,non_existent,non_existent,non_existent,non_existent,non_existent,non_existent,non_existent,non_existent,non_existent,non_existent,non_existent,non_existent,non_existent,non_existent,non_existent,non_existent,non_existent,non_existent,non_existent,non_existent,non_existent,non_existent,non_existent,non_existent,non_existent,non_existent,non_existent,non_existent,non_existent,non_existent,non_existent,non_existent,non_existent,empty,empty,no_visit,empty,empty,empty,empty,empty,empty,empty,empty,empty,empty,empty,empty,empty,
CP,U,61,Low,medium,3,a,,,,NA,non_existent,non_existent,non_existent,non_existent,non_existent,non_existent,non_existent,non_existent,non_existent,non_existent,non_existent,non_existent,non_existent,non_existent,non_existent,non_existent,non_existent,non_existent,non_existent,non_existent,non_existent,non_existent,non_existent,non_existent,non_existent,non_existent,non_existent,non_existent,non_existent,non_existent,non_existent,non_existent,non_existent,non_existent,non_existent,non_existent,empty,empty,no_visit,empty,empty,empty,empty,empty,empty,empty,empty,empty,empty,empty,empty,empty,
CP,U,61,Low,medium,4,a,,,,NA,non_existent,non_existent,non_existent,non_existent,non_existent,non_existent,non_existent,non_existent,non_existent,non_existent,non_existent,non_existent,non_existent,non_existent,non_existent,non_existent,non_existent,non_existent,non_existent,non_existent,non_existent,non_existent,non_existent,non_existent,non_existent,non_existent,non_existent,non_existent,non_existent,non_existent,non_existent,non_existent,non_existent,non_existent,non_existent,non_existent,empty,empty,no_visit,empty,empty,empty,empty,empty,empty,empty,empty,empty,empty,empty,empty,empty,
CP,U,61,Low,medium,5,a,,,,NA,non_existent,non_existent,non_existent,non_existent,non_existent,non_existent,non_existent,non_existent,non_existent,non_existent,non_existent,non_existent,non_existent,non_existent,non_existent,non_existent,non_existent,non_existent,non_existent,non_existent,non_existent,non_existent,non_existent,non_existent,non_existent,non_existent,non_existent,non_existent,non_existent,non_existent,non_existent,non_existent,non_existent,non_existent,non_existent,non_existent,empty,empty,no_visit,empty,empty,empty,empty,empty,empty,empty,empty,empty,empty,empty,empty,empty,
CP,U,61,Low,medium,6,a,,,,NA,non_existent,non_existent,non_existent,non_existent,non_existent,non_existent,non_existent,non_existent,non_existent,non_existent,non_existent,non_existent,non_existent,non_existent,non_existent,non_existent,non_existent,non_existent,non_existent,non_existent,non_existent,non_existent,non_existent,non_existent,non_existent,non_existent,non_existent,non_existent,non_existent,non_existent,non_existent,non_existent,non_existent,non_existent,non_existent,non_existent,empty,empty,no_visit,empty,empty,empty,empty,empty,empty,empty,empty,empty,empty,empty,empty,empty,
CP,U,61,Low,small,7,a,,,,NA,non_existent,non_existent,non_existent,non_existent,non_existent,non_existent,non_existent,non_existent,non_existent,non_existent,non_existent,non_existent,non_existent,non_existent,non_existent,non_existent,non_existent,non_existent,non_existent,non_existent,non_existent,non_existent,non_existent,non_existent,non_existent,non_existent,non_existent,non_existent,non_existent,non_existent,non_existent,non_existent,non_existent,non_existent,non_existent,non_existent,empty,empty,no_visit,empty,empty,empty,empty,empty,empty,empty,empty,empty,empty,empty,empty,empty,
CP,U,61,Low,medium,8,a,,,,NA,non_existent,non_existent,non_existent,non_existent,non_existent,non_existent,non_existent,non_existent,non_existent,non_existent,non_existent,non_existent,non_existent,non_existent,non_existent,non_existent,non_existent,non_existent,non_existent,non_existent,non_existent,non_existent,non_existent,non_existent,non_existent,non_existent,non_existent,non_existent,non_existent,non_existent,non_existent,non_existent,non_existent,non_existent,non_existent,non_existent,empty,empty,no_visit,empty,empty,empty,empty,empty,empty,empty,empty,empty,empty,empty,empty,empty,
CP,U,61,Low,large,9,a,,,,NA,non_existent,non_existent,non_existent,non_existent,non_existent,non_existent,non_existent,non_existent,non_existent,non_existent,non_existent,non_existent,non_existent,non_existent,non_existent,non_existent,non_existent,non_existent,non_existent,non_existent,non_existent,non_existent,non_existent,non_existent,non_existent,non_existent,non_existent,non_existent,non_existent,non_existent,non_existent,non_existent,non_existent,non_existent,non_existent,non_existent,empty,empty,no_visit,empty,empty,empty,empty,empty,empty,empty,empty,empty,empty,empty,empty,empty,
CP,U,61,Low,large,10,a,,,,NA,non_existent,non_existent,non_existent,non_existent,non_existent,non_existent,non_existent,non_existent,non_existent,non_existent,non_existent,non_existent,non_existent,non_existent,non_existent,non_existent,non_existent,non_existent,non_existent,non_existent,non_existent,non_existent,non_existent,non_existent,non_existent,non_existent,non_existent,non_existent,non_existent,non_existent,non_existent,non_existent,non_existent,non_existent,non_existent,non_existent,empty,empty,no_visit,empty,empty,empty,empty,empty,empty,empty,empty,empty,empty,empty,empty,empty,
CP,U,61,Low,medium,11,a,,,,NA,non_existent,non_existent,non_existent,non_existent,non_existent,non_existent,non_existent,non_existent,non_existent,non_existent,non_existent,non_existent,non_existent,non_existent,non_existent,non_existent,non_existent,non_existent,non_existent,non_existent,non_existent,non_existent,non_existent,non_existent,non_existent,non_existent,non_existent,non_existent,non_existent,non_existent,non_existent,non_existent,non_existent,non_existent,non_existent,non_existent,empty,empty,no_visit,empty,empty,empty,empty,empty,empty,empty,empty,empty,empty,empty,empty,empty,
CP,U,61,Low,medium,12,a,,,,NA,non_existent,non_existent,non_existent,non_existent,non_existent,non_existent,non_existent,non_existent,non_existent,non_existent,non_existent,non_existent,non_existent,non_existent,non_existent,non_existent,non_existent,non_existent,non_existent,non_existent,non_existent,non_existent,non_existent,non_existent,non_existent,non_existent,non_existent,non_existent,non_existent,non_existent,non_existent,non_existent,non_existent,non_existent,non_existent,non_existent,empty,empty,no_visit,empty,empty,empty,empty,empty,empty,empty,empty,empty,empty,empty,empty,empty,
CP,U,61,Low,medium,13,a,,,,NA,non_existent,non_existent,non_existent,non_existent,non_existent,non_existent,non_existent,non_existent,non_existent,non_existent,non_existent,non_existent,non_existent,non_existent,non_existent,non_existent,non_existent,non_existent,non_existent,non_existent,non_existent,non_existent,non_existent,non_existent,non_existent,non_existent,non_existent,non_existent,non_existent,non_existent,non_existent,non_existent,non_existent,non_existent,non_existent,non_existent,empty,empty,no_visit,empty,empty,empty,empty,empty,empty,empty,empty,empty,empty,empty,empty,empty,
CP,U,61,Low,large,14,a,,,,NA,non_existent,non_existent,non_existent,non_existent,non_existent,non_existent,non_existent,non_existent,non_existent,non_existent,non_existent,non_existent,non_existent,non_existent,non_existent,non_existent,non_existent,non_existent,non_existent,non_existent,non_existent,non_existent,non_existent,non_existent,non_existent,non_existent,non_existent,non_existent,non_existent,non_existent,non_existent,non_existent,non_existent,non_existent,non_existent,non_existent,empty,empty,no_visit,empty,empty,empty,empty,empty,empty,empty,empty,empty,empty,empty,empty,empty,
CP,U,61,Low,small,15,a,,,,NA,non_existent,non_existent,non_existent,non_existent,non_existent,non_existent,non_existent,non_existent,non_existent,non_existent,non_existent,non_existent,non_existent,non_existent,non_existent,non_existent,non_existent,non_existent,non_existent,non_existent,non_existent,non_existent,non_existent,non_existent,non_existent,non_existent,non_existent,non_existent,non_existent,non_existent,non_existent,non_existent,non_existent,non_existent,non_existent,non_existent,empty,empty,no_visit,empty,empty,empty,empty,empty,empty,empty,empty,empty,empty,empty,empty,empty,
CP,U,61,Low,medium ,16,a,,,,NA,non_existent,non_existent,non_existent,non_existent,non_existent,non_existent,non_existent,non_existent,non_existent,non_existent,non_existent,non_existent,non_existent,non_existent,non_existent,non_existent,non_existent,non_existent,non_existent,non_existent,non_existent,non_existent,non_existent,non_existent,non_existent,non_existent,non_existent,non_existent,non_existent,non_existent,non_existent,non_existent,non_existent,non_existent,non_existent,non_existent,empty,empty,no_visit,empty,empty,empty,empty,empty,empty,empty,empty,empty,empty,empty,empty,empty,
CP,U,61,Low,medium ,17,a,,,,NA,non_existent,non_existent,non_existent,non_existent,non_existent,non_existent,non_existent,non_existent,non_existent,non_existent,non_existent,non_existent,non_existent,non_existent,non_existent,non_existent,non_existent,non_existent,non_existent,non_existent,non_existent,non_existent,non_existent,non_existent,non_existent,non_existent,non_existent,non_existent,non_existent,non_existent,non_existent,non_existent,non_existent,non_existent,non_existent,non_existent,empty,empty,no_visit,empty,empty,empty,empty,empty,empty,empty,empty,empty,empty,empty,empty,empty,
CP,U,61,Low,large,18,a,,,,NA,non_existent,non_existent,non_existent,non_existent,non_existent,non_existent,non_existent,non_existent,non_existent,non_existent,non_existent,non_existent,non_existent,non_existent,non_existent,non_existent,non_existent,non_existent,non_existent,non_existent,non_existent,non_existent,non_existent,non_existent,non_existent,non_existent,non_existent,non_existent,non_existent,non_existent,non_existent,non_existent,non_existent,non_existent,non_existent,non_existent,empty,empty,no_visit,empty,empty,empty,empty,empty,empty,empty,empty,empty,empty,empty,empty,empty,
CP,U,62,Mid,large,1,a,,,,NA,non_existent,non_existent,non_existent,non_existent,non_existent,non_existent,non_existent,non_existent,non_existent,non_existent,non_existent,non_existent,non_existent,non_existent,non_existent,non_existent,non_existent,non_existent,non_existent,non_existent,non_existent,non_existent,non_existent,non_existent,non_existent,non_existent,non_existent,non_existent,non_existent,non_existent,non_existent,non_existent,non_existent,non_existent,non_existent,non_existent,empty,empty,no_visit,empty,empty,empty,empty,empty,empty,empty,empty,empty,empty,empty,empty,empty,
CP,U,62,Mid,medium ,2,a,,,,NA,non_existent,non_existent,non_existent,non_existent,non_existent,non_existent,non_existent,non_existent,non_existent,non_existent,non_existent,non_existent,non_existent,non_existent,non_existent,non_existent,non_existent,non_existent,non_existent,non_existent,non_existent,non_existent,non_existent,non_existent,non_existent,non_existent,non_existent,non_existent,non_existent,non_existent,non_existent,non_existent,non_existent,non_existent,non_existent,non_existent,empty,empty,no_visit,empty,empty,empty,empty,empty,empty,empty,empty,empty,empty,empty,empty,empty,
CP,U,62,Mid,medium ,3,a,,,,NA,non_existent,non_existent,non_existent,non_existent,non_existent,non_existent,non_existent,non_existent,non_existent,non_existent,non_existent,non_existent,non_existent,non_existent,non_existent,non_existent,non_existent,non_existent,non_existent,non_existent,non_existent,non_existent,non_existent,non_existent,non_existent,non_existent,non_existent,non_existent,non_existent,non_existent,non_existent,non_existent,non_existent,non_existent,non_existent,non_existent,empty,empty,no_visit,empty,empty,empty,empty,empty,empty,empty,empty,empty,empty,empty,empty,empty,
CP,U,62,Mid,large,4,a,,,,NA,non_existent,non_existent,non_existent,non_existent,non_existent,non_existent,non_existent,non_existent,non_existent,non_existent,non_existent,non_existent,non_existent,non_existent,non_existent,non_existent,non_existent,non_existent,non_existent,non_existent,non_existent,non_existent,non_existent,non_existent,non_existent,non_existent,non_existent,non_existent,non_existent,non_existent,non_existent,non_existent,non_existent,non_existent,non_existent,non_existent,empty,empty,no_visit,empty,empty,empty,empty,empty,empty,empty,empty,empty,empty,empty,empty,empty,
CP,U,62,Mid,medium ,5,a,,,,NA,non_existent,non_existent,non_existent,non_existent,non_existent,non_existent,non_existent,non_existent,non_existent,non_existent,non_existent,non_existent,non_existent,non_existent,non_existent,non_existent,non_existent,non_existent,non_existent,non_existent,non_existent,non_existent,non_existent,non_existent,non_existent,non_existent,non_existent,non_existent,non_existent,non_existent,non_existent,non_existent,non_existent,non_existent,non_existent,non_existent,empty,empty,no_visit,empty,empty,empty,empty,empty,empty,empty,empty,empty,empty,empty,empty,empty,
CP,U,62,Mid,small,6,a,,,,NA,non_existent,non_existent,non_existent,non_existent,non_existent,non_existent,non_existent,non_existent,non_existent,non_existent,non_existent,non_existent,non_existent,non_existent,non_existent,non_existent,non_existent,non_existent,non_existent,non_existent,non_existent,non_existent,non_existent,non_existent,non_existent,non_existent,non_existent,non_existent,non_existent,non_existent,non_existent,non_existent,non_existent,non_existent,non_existent,non_existent,empty,empty,no_visit,empty,empty,empty,empty,empty,empty,empty,empty,empty,empty,empty,empty,empty,
CP,U,62,Mid,medium ,7,a,,,,NA,non_existent,non_existent,non_existent,non_existent,non_existent,non_existent,non_existent,non_existent,non_existent,non_existent,non_existent,non_existent,non_existent,non_existent,non_existent,non_existent,non_existent,non_existent,non_existent,non_existent,non_existent,non_existent,non_existent,non_existent,non_existent,non_existent,non_existent,non_existent,non_existent,non_existent,non_existent,non_existent,non_existent,non_existent,non_existent,non_existent,empty,empty,no_visit,empty,empty,empty,empty,empty,empty,empty,empty,empty,empty,empty,empty,empty,
CP,U,62,Mid,medium ,8,a,,,,NA,non_existent,non_existent,non_existent,non_existent,non_existent,non_existent,non_existent,non_existent,non_existent,non_existent,non_existent,non_existent,non_existent,non_existent,non_existent,non_existent,non_existent,non_existent,non_existent,non_existent,non_existent,non_existent,non_existent,non_existent,non_existent,non_existent,non_existent,non_existent,non_existent,non_existent,non_existent,non_existent,non_existent,non_existent,non_existent,non_existent,empty,empty,no_visit,empty,empty,empty,empty,empty,empty,empty,empty,empty,empty,empty,empty,empty,
CP,U,62,Mid,large,9,a,,,,NA,non_existent,non_existent,non_existent,non_existent,non_existent,non_existent,non_existent,non_existent,non_existent,non_existent,non_existent,non_existent,non_existent,non_existent,non_existent,non_existent,non_existent,non_existent,non_existent,non_existent,non_existent,non_existent,non_existent,non_existent,non_existent,non_existent,non_existent,non_existent,non_existent,non_existent,non_existent,non_existent,non_existent,non_existent,non_existent,non_existent,empty,empty,no_visit,empty,empty,empty,empty,empty,empty,empty,empty,empty,empty,empty,empty,empty,
CP,U,62,Mid,large,10,a,,,,NA,non_existent,non_existent,non_existent,non_existent,non_existent,non_existent,non_existent,non_existent,non_existent,non_existent,non_existent,non_existent,non_existent,non_existent,non_existent,non_existent,non_existent,non_existent,non_existent,non_existent,non_existent,non_existent,non_existent,non_existent,non_existent,non_existent,non_existent,non_existent,non_existent,non_existent,non_existent,non_existent,non_existent,non_existent,non_existent,non_existent,empty,empty,no_visit,empty,empty,empty,empty,empty,empty,empty,empty,empty,empty,empty,empty,empty,
CP,U,62,Mid,medium,11,a,,,,NA,non_existent,non_existent,non_existent,non_existent,non_existent,non_existent,non_existent,non_existent,non_existent,non_existent,non_existent,non_existent,non_existent,non_existent,non_existent,non_existent,non_existent,non_existent,non_existent,non_existent,non_existent,non_existent,non_existent,non_existent,non_existent,non_existent,non_existent,non_existent,non_existent,non_existent,non_existent,non_existent,non_existent,non_existent,non_existent,non_existent,empty,empty,no_visit,empty,empty,empty,empty,empty,empty,empty,empty,empty,empty,empty,empty,empty,
CP,U,62,Mid,medium,12,a,,,,NA,non_existent,non_existent,non_existent,non_existent,non_existent,non_existent,non_existent,non_existent,non_existent,non_existent,non_existent,non_existent,non_existent,non_existent,non_existent,non_existent,non_existent,non_existent,non_existent,non_existent,non_existent,non_existent,non_existent,non_existent,non_existent,non_existent,non_existent,non_existent,non_existent,non_existent,non_existent,non_existent,non_existent,non_existent,non_existent,non_existent,empty,empty,no_visit,empty,empty,empty,empty,empty,empty,empty,empty,empty,empty,empty,empty,empty,
CP,U,62,Mid,medium,13,a,,,,NA,non_existent,non_existent,non_existent,non_existent,non_existent,non_existent,non_existent,non_existent,non_existent,non_existent,non_existent,non_existent,non_existent,non_existent,non_existent,non_existent,non_existent,non_existent,non_existent,non_existent,non_existent,non_existent,non_existent,non_existent,non_existent,non_existent,non_existent,non_existent,non_existent,non_existent,non_existent,non_existent,non_existent,non_existent,non_existent,non_existent,empty,empty,no_visit,empty,empty,empty,empty,empty,empty,empty,empty,empty,empty,empty,empty,empty,
CP,U,62,Mid,medium,14,a,,,,NA,non_existent,non_existent,non_existent,non_existent,non_existent,non_existent,non_existent,non_existent,non_existent,non_existent,non_existent,non_existent,non_existent,non_existent,non_existent,non_existent,non_existent,non_existent,non_existent,non_existent,non_existent,non_existent,non_existent,non_existent,non_existent,non_existent,non_existent,non_existent,non_existent,non_existent,non_existent,non_existent,non_existent,non_existent,non_existent,non_existent,empty,empty,no_visit,empty,empty,empty,empty,empty,empty,empty,empty,empty,empty,empty,empty,empty,
CP,U,62,Mid,small,15,a,,,,NA,non_existent,non_existent,non_existent,non_existent,non_existent,non_existent,non_existent,non_existent,non_existent,non_existent,non_existent,non_existent,non_existent,non_existent,non_existent,non_existent,non_existent,non_existent,non_existent,non_existent,non_existent,non_existent,non_existent,non_existent,non_existent,non_existent,non_existent,non_existent,non_existent,non_existent,non_existent,non_existent,non_existent,non_existent,non_existent,non_existent,empty,empty,no_visit,empty,empty,empty,empty,empty,empty,empty,empty,empty,empty,empty,empty,empty,
CP,U,62,Mid,medium ,16,a,,,,NA,non_existent,non_existent,non_existent,non_existent,non_existent,non_existent,non_existent,non_existent,non_existent,non_existent,non_existent,non_existent,non_existent,non_existent,non_existent,non_existent,non_existent,non_existent,non_existent,non_existent,non_existent,non_existent,non_existent,non_existent,non_existent,non_existent,non_existent,non_existent,non_existent,non_existent,non_existent,non_existent,non_existent,non_existent,non_existent,non_existent,empty,empty,no_visit,empty,empty,empty,empty,empty,empty,empty,empty,empty,empty,empty,empty,empty,
CP,U,62,Mid,medium ,17,a,,,,NA,non_existent,non_existent,non_existent,non_existent,non_existent,non_existent,non_existent,non_existent,non_existent,non_existent,non_existent,non_existent,non_existent,non_existent,non_existent,non_existent,non_existent,non_existent,non_existent,non_existent,non_existent,non_existent,non_existent,non_existent,non_existent,non_existent,non_existent,non_existent,non_existent,non_existent,non_existent,non_existent,non_existent,non_existent,non_existent,non_existent,empty,empty,no_visit,empty,empty,empty,empty,empty,empty,empty,empty,empty,empty,empty,empty,empty,
CP,U,62,Mid,large,18,a,,,,NA,non_existent,non_existent,non_existent,non_existent,non_existent,non_existent,non_existent,non_existent,non_existent,non_existent,non_existent,non_existent,non_existent,non_existent,non_existent,non_existent,non_existent,non_existent,non_existent,non_existent,non_existent,non_existent,non_existent,non_existent,non_existent,non_existent,non_existent,non_existent,non_existent,non_existent,non_existent,non_existent,non_existent,non_existent,non_existent,non_existent,empty,empty,no_visit,empty,empty,empty,empty,empty,empty,empty,empty,empty,empty,empty,empty,empty,
CP,U,63,High,large,1,a,,,,NA,non_existent,non_existent,non_existent,non_existent,non_existent,non_existent,non_existent,non_existent,non_existent,non_existent,non_existent,non_existent,non_existent,non_existent,non_existent,non_existent,non_existent,non_existent,non_existent,non_existent,non_existent,non_existent,non_existent,non_existent,non_existent,non_existent,non_existent,non_existent,non_existent,non_existent,non_existent,non_existent,non_existent,non_existent,non_existent,non_existent,empty,empty,no_visit,empty,empty,empty,empty,empty,empty,empty,empty,empty,empty,empty,empty,empty,
CP,U,63,High,medium,2,a,,,,NA,non_existent,non_existent,non_existent,non_existent,non_existent,non_existent,non_existent,non_existent,non_existent,non_existent,non_existent,non_existent,non_existent,non_existent,non_existent,non_existent,non_existent,non_existent,non_existent,non_existent,non_existent,non_existent,non_existent,non_existent,non_existent,non_existent,non_existent,non_existent,non_existent,non_existent,non_existent,non_existent,non_existent,non_existent,non_existent,non_existent,empty,empty,no_visit,empty,empty,empty,empty,empty,empty,empty,empty,empty,empty,empty,empty,empty,
CP,U,63,High,large,3,a,,,,NA,non_existent,non_existent,non_existent,non_existent,non_existent,non_existent,non_existent,non_existent,non_existent,non_existent,non_existent,non_existent,non_existent,non_existent,non_existent,non_existent,non_existent,non_existent,non_existent,non_existent,non_existent,non_existent,non_existent,non_existent,non_existent,non_existent,non_existent,non_existent,non_existent,non_existent,non_existent,non_existent,non_existent,non_existent,non_existent,non_existent,empty,empty,no_visit,empty,empty,empty,empty,empty,empty,empty,empty,empty,empty,empty,empty,empty,
CP,U,63,High,small,4,a,,,,NA,non_existent,non_existent,non_existent,non_existent,non_existent,non_existent,non_existent,non_existent,non_existent,non_existent,non_existent,non_existent,non_existent,non_existent,non_existent,non_existent,non_existent,non_existent,non_existent,non_existent,non_existent,non_existent,non_existent,non_existent,non_existent,non_existent,non_existent,non_existent,non_existent,non_existent,non_existent,non_existent,non_existent,non_existent,non_existent,non_existent,empty,empty,no_visit,empty,empty,empty,empty,empty,empty,empty,empty,empty,empty,empty,empty,empty,
CP,U,63,High,medium,5,a,,,,NA,non_existent,non_existent,non_existent,non_existent,non_existent,non_existent,non_existent,non_existent,non_existent,non_existent,non_existent,non_existent,non_existent,non_existent,non_existent,non_existent,non_existent,non_existent,non_existent,non_existent,non_existent,non_existent,non_existent,non_existent,non_existent,non_existent,non_existent,non_existent,non_existent,non_existent,non_existent,non_existent,non_existent,non_existent,non_existent,non_existent,empty,empty,no_visit,empty,empty,empty,empty,empty,empty,empty,empty,empty,empty,empty,empty,empty,
CP,U,63,High,medium,6,a,,,,NA,non_existent,non_existent,non_existent,non_existent,non_existent,non_existent,non_existent,non_existent,non_existent,non_existent,non_existent,non_existent,non_existent,non_existent,non_existent,non_existent,non_existent,non_existent,non_existent,non_existent,non_existent,non_existent,non_existent,non_existent,non_existent,non_existent,non_existent,non_existent,non_existent,non_existent,non_existent,non_existent,non_existent,non_existent,non_existent,non_existent,empty,empty,no_visit,empty,empty,empty,empty,empty,empty,empty,empty,empty,empty,empty,empty,empty,
CP,U,63,High,medium,7,a,,,,NA,non_existent,non_existent,non_existent,non_existent,non_existent,non_existent,non_existent,non_existent,non_existent,non_existent,non_existent,non_existent,non_existent,non_existent,non_existent,non_existent,non_existent,non_existent,non_existent,non_existent,non_existent,non_existent,non_existent,non_existent,non_existent,non_existent,non_existent,non_existent,non_existent,non_existent,non_existent,non_existent,non_existent,non_existent,non_existent,non_existent,empty,empty,no_visit,empty,empty,empty,empty,empty,empty,empty,empty,empty,empty,empty,empty,empty,
CP,U,63,High,medium,8,a,,,,NA,non_existent,non_existent,non_existent,non_existent,non_existent,non_existent,non_existent,non_existent,non_existent,non_existent,non_existent,non_existent,non_existent,non_existent,non_existent,non_existent,non_existent,non_existent,non_existent,non_existent,non_existent,non_existent,non_existent,non_existent,non_existent,non_existent,non_existent,non_existent,non_existent,non_existent,non_existent,non_existent,non_existent,non_existent,non_existent,non_existent,empty,empty,no_visit,empty,empty,empty,empty,empty,empty,empty,empty,empty,empty,empty,empty,empty,
CP,U,63,High,large,9,a,,,,NA,non_existent,non_existent,non_existent,non_existent,non_existent,non_existent,non_existent,non_existent,non_existent,non_existent,non_existent,non_existent,non_existent,non_existent,non_existent,non_existent,non_existent,non_existent,non_existent,non_existent,non_existent,non_existent,non_existent,non_existent,non_existent,non_existent,non_existent,non_existent,non_existent,non_existent,non_existent,non_existent,non_existent,non_existent,non_existent,non_existent,empty,empty,no_visit,empty,empty,empty,empty,empty,empty,empty,empty,empty,empty,empty,empty,empty,
CP,U,63,High,large,10,a,,,,NA,non_existent,non_existent,non_existent,non_existent,non_existent,non_existent,non_existent,non_existent,non_existent,non_existent,non_existent,non_existent,non_existent,non_existent,non_existent,non_existent,non_existent,non_existent,non_existent,non_existent,non_existent,non_existent,non_existent,non_existent,non_existent,non_existent,non_existent,non_existent,non_existent,non_existent,non_existent,non_existent,non_existent,non_existent,non_existent,non_existent,empty,empty,no_visit,empty,empty,empty,empty,empty,empty,empty,empty,empty,empty,empty,empty,empty,
CP,U,63,High,medium ,11,a,,,,NA,non_existent,non_existent,non_existent,non_existent,non_existent,non_existent,non_existent,non_existent,non_existent,non_existent,non_existent,non_existent,non_existent,non_existent,non_existent,non_existent,non_existent,non_existent,non_existent,non_existent,non_existent,non_existent,non_existent,non_existent,non_existent,non_existent,non_existent,non_existent,non_existent,non_existent,non_existent,non_existent,non_existent,non_existent,non_existent,non_existent,empty,empty,no_visit,empty,empty,empty,empty,empty,empty,empty,empty,empty,empty,empty,empty,empty,
CP,U,63,High,large,12,a,,,,NA,non_existent,non_existent,non_existent,non_existent,non_existent,non_existent,non_existent,non_existent,non_existent,non_existent,non_existent,non_existent,non_existent,non_existent,non_existent,non_existent,non_existent,non_existent,non_existent,non_existent,non_existent,non_existent,non_existent,non_existent,non_existent,non_existent,non_existent,non_existent,non_existent,non_existent,non_existent,non_existent,non_existent,non_existent,non_existent,non_existent,empty,empty,no_visit,empty,empty,empty,empty,empty,empty,empty,empty,empty,empty,empty,empty,empty,
CP,U,63,High,medium ,13,a,,,,NA,non_existent,non_existent,non_existent,non_existent,non_existent,non_existent,non_existent,non_existent,non_existent,non_existent,non_existent,non_existent,non_existent,non_existent,non_existent,non_existent,non_existent,non_existent,non_existent,non_existent,non_existent,non_existent,non_existent,non_existent,non_existent,non_existent,non_existent,non_existent,non_existent,non_existent,non_existent,non_existent,non_existent,non_existent,non_existent,non_existent,empty,empty,no_visit,empty,empty,empty,empty,empty,empty,empty,empty,empty,empty,empty,empty,empty,
CP,U,63,High,medium ,14,a,,,,NA,non_existent,non_existent,non_existent,non_existent,non_existent,non_existent,non_existent,non_existent,non_existent,non_existent,non_existent,non_existent,non_existent,non_existent,non_existent,non_existent,non_existent,non_existent,non_existent,non_existent,non_existent,non_existent,non_existent,non_existent,non_existent,non_existent,non_existent,non_existent,non_existent,non_existent,non_existent,non_existent,non_existent,non_existent,non_existent,non_existent,empty,empty,no_visit,empty,empty,empty,empty,empty,empty,empty,empty,empty,empty,empty,empty,empty,
CP,U,63,High,medium ,15,a,,,,NA,non_existent,non_existent,non_existent,non_existent,non_existent,non_existent,non_existent,non_existent,non_existent,non_existent,non_existent,non_existent,non_existent,non_existent,non_existent,non_existent,non_existent,non_existent,non_existent,non_existent,non_existent,non_existent,non_existent,non_existent,non_existent,non_existent,non_existent,non_existent,non_existent,non_existent,non_existent,non_existent,non_existent,non_existent,non_existent,non_existent,empty,empty,no_visit,empty,empty,empty,empty,empty,empty,empty,empty,empty,empty,empty,empty,empty,
CP,U,63,High,medium ,16,a,,,,NA,non_existent,non_existent,non_existent,non_existent,non_existent,non_existent,non_existent,non_existent,non_existent,non_existent,non_existent,non_existent,non_existent,non_existent,non_existent,non_existent,non_existent,non_existent,non_existent,non_existent,non_existent,non_existent,non_existent,non_existent,non_existent,non_existent,non_existent,non_existent,non_existent,non_existent,non_existent,non_existent,non_existent,non_existent,non_existent,non_existent,empty,empty,no_visit,empty,empty,empty,empty,empty,empty,empty,empty,empty,empty,empty,empty,empty,
CP,U,63,High,medium ,17,a,,,,NA,non_existent,non_existent,non_existent,non_existent,non_existent,non_existent,non_existent,non_existent,non_existent,non_existent,non_existent,non_existent,non_existent,non_existent,non_existent,non_existent,non_existent,non_existent,non_existent,non_existent,non_existent,non_existent,non_existent,non_existent,non_existent,non_existent,non_existent,non_existent,non_existent,non_existent,non_existent,non_existent,non_existent,non_existent,non_existent,non_existent,empty,empty,no_visit,empty,empty,empty,empty,empty,empty,empty,empty,empty,empty,empty,empty,empty,
CP,U,63,High,large,18,a,,,,NA,non_existent,non_existent,non_existent,non_existent,non_existent,non_existent,non_existent,non_existent,non_existent,non_existent,non_existent,non_existent,non_existent,non_existent,non_existent,non_existent,non_existent,non_existent,non_existent,non_existent,non_existent,non_existent,non_existent,non_existent,non_existent,non_existent,non_existent,non_existent,non_existent,non_existent,non_existent,non_existent,non_existent,non_existent,non_existent,non_existent,empty,empty,no_visit,empty,empty,empty,empty,empty,empty,empty,empty,empty,empty,empty,empty,empty,
CP,V,64,Low,large,1,a,,,,NA,non_existent,non_existent,non_existent,non_existent,non_existent,non_existent,non_existent,non_existent,non_existent,non_existent,non_existent,non_existent,non_existent,non_existent,non_existent,non_existent,non_existent,non_existent,non_existent,non_existent,non_existent,non_existent,non_existent,non_existent,non_existent,non_existent,non_existent,non_existent,non_existent,non_existent,non_existent,non_existent,non_existent,non_existent,non_existent,non_existent,empty,empty,no_visit,empty,empty,empty,empty,empty,empty,empty,empty,empty,empty,empty,empty,empty,
CP,V,64,Low,medium ,2,a,,,,NA,non_existent,non_existent,non_existent,non_existent,non_existent,non_existent,non_existent,non_existent,non_existent,non_existent,non_existent,non_existent,non_existent,non_existent,non_existent,non_existent,non_existent,non_existent,non_existent,non_existent,non_existent,non_existent,non_existent,non_existent,non_existent,non_existent,non_existent,non_existent,non_existent,non_existent,non_existent,non_existent,non_existent,non_existent,non_existent,non_existent,empty,empty,no_visit,empty,empty,empty,empty,empty,empty,empty,empty,empty,empty,empty,empty,empty,
CP,V,64,Low,medium ,3,a,,,,NA,non_existent,non_existent,non_existent,non_existent,non_existent,non_existent,non_existent,non_existent,non_existent,non_existent,non_existent,non_existent,non_existent,non_existent,non_existent,non_existent,non_existent,non_existent,non_existent,non_existent,non_existent,non_existent,non_existent,non_existent,non_existent,non_existent,non_existent,non_existent,non_existent,non_existent,non_existent,non_existent,non_existent,non_existent,non_existent,non_existent,empty,empty,no_visit,empty,empty,empty,empty,empty,empty,empty,empty,empty,empty,empty,empty,empty,
CP,V,64,Low,small,4,a,,,,NA,non_existent,non_existent,non_existent,non_existent,non_existent,non_existent,non_existent,non_existent,non_existent,non_existent,non_existent,non_existent,non_existent,non_existent,non_existent,non_existent,non_existent,non_existent,non_existent,non_existent,non_existent,non_existent,non_existent,non_existent,non_existent,non_existent,non_existent,non_existent,non_existent,non_existent,non_existent,non_existent,non_existent,non_existent,non_existent,non_existent,empty,empty,no_visit,empty,empty,empty,empty,empty,empty,empty,empty,empty,empty,empty,empty,empty,
CP,V,64,Low,large,5,a,,,,NA,non_existent,non_existent,non_existent,non_existent,non_existent,non_existent,non_existent,non_existent,non_existent,non_existent,non_existent,non_existent,non_existent,non_existent,non_existent,non_existent,non_existent,non_existent,non_existent,non_existent,non_existent,non_existent,non_existent,non_existent,non_existent,non_existent,non_existent,non_existent,non_existent,non_existent,non_existent,non_existent,non_existent,non_existent,non_existent,non_existent,empty,empty,no_visit,empty,empty,empty,empty,empty,empty,empty,empty,empty,empty,empty,empty,empty,
CP,V,64,Low,medium ,6,a,,,,NA,non_existent,non_existent,non_existent,non_existent,non_existent,non_existent,non_existent,non_existent,non_existent,non_existent,non_existent,non_existent,non_existent,non_existent,non_existent,non_existent,non_existent,non_existent,non_existent,non_existent,non_existent,non_existent,non_existent,non_existent,non_existent,non_existent,non_existent,non_existent,non_existent,non_existent,non_existent,non_existent,non_existent,non_existent,non_existent,non_existent,empty,empty,no_visit,empty,empty,empty,empty,empty,empty,empty,empty,empty,empty,empty,empty,empty,
CP,V,64,Low,medium ,7,a,,,,NA,non_existent,non_existent,non_existent,non_existent,non_existent,non_existent,non_existent,non_existent,non_existent,non_existent,non_existent,non_existent,non_existent,non_existent,non_existent,non_existent,non_existent,non_existent,non_existent,non_existent,non_existent,non_existent,non_existent,non_existent,non_existent,non_existent,non_existent,non_existent,non_existent,non_existent,non_existent,non_existent,non_existent,non_existent,non_existent,non_existent,empty,empty,no_visit,empty,empty,empty,empty,empty,empty,empty,empty,empty,empty,empty,empty,empty,
CP,V,64,Low,medium ,8,a,,,,NA,non_existent,non_existent,non_existent,non_existent,non_existent,non_existent,non_existent,non_existent,non_existent,non_existent,non_existent,non_existent,non_existent,non_existent,non_existent,non_existent,non_existent,non_existent,non_existent,non_existent,non_existent,non_existent,non_existent,non_existent,non_existent,non_existent,non_existent,non_existent,non_existent,non_existent,non_existent,non_existent,non_existent,non_existent,non_existent,non_existent,empty,empty,no_visit,empty,empty,empty,empty,empty,empty,empty,empty,empty,empty,empty,empty,empty,
CP,V,64,Low,large,9,a,,,,NA,non_existent,non_existent,non_existent,non_existent,non_existent,non_existent,non_existent,non_existent,non_existent,non_existent,non_existent,non_existent,non_existent,non_existent,non_existent,non_existent,non_existent,non_existent,non_existent,non_existent,non_existent,non_existent,non_existent,non_existent,non_existent,non_existent,non_existent,non_existent,non_existent,non_existent,non_existent,non_existent,non_existent,non_existent,non_existent,non_existent,empty,empty,no_visit,empty,empty,empty,empty,empty,empty,empty,empty,empty,empty,empty,empty,empty,
CP,V,64,Low,large,10,a,,,,NA,non_existent,non_existent,non_existent,non_existent,non_existent,non_existent,non_existent,non_existent,non_existent,non_existent,non_existent,non_existent,non_existent,non_existent,non_existent,non_existent,non_existent,non_existent,non_existent,non_existent,non_existent,non_existent,non_existent,non_existent,non_existent,non_existent,non_existent,non_existent,non_existent,non_existent,non_existent,non_existent,non_existent,non_existent,non_existent,non_existent,empty,empty,no_visit,empty,empty,empty,empty,empty,empty,empty,empty,empty,empty,empty,empty,empty,
CP,V,64,Low,medium ,11,a,,,,NA,non_existent,non_existent,non_existent,non_existent,non_existent,non_existent,non_existent,non_existent,non_existent,non_existent,non_existent,non_existent,non_existent,non_existent,non_existent,non_existent,non_existent,non_existent,non_existent,non_existent,non_existent,non_existent,non_existent,non_existent,non_existent,non_existent,non_existent,non_existent,non_existent,non_existent,non_existent,non_existent,non_existent,non_existent,non_existent,non_existent,empty,empty,no_visit,empty,empty,empty,empty,empty,empty,empty,empty,empty,empty,empty,empty,empty,
CP,V,64,Low,medium ,12,a,,,,NA,non_existent,non_existent,non_existent,non_existent,non_existent,non_existent,non_existent,non_existent,non_existent,non_existent,non_existent,non_existent,non_existent,non_existent,non_existent,non_existent,non_existent,non_existent,non_existent,non_existent,non_existent,non_existent,non_existent,non_existent,non_existent,non_existent,non_existent,non_existent,non_existent,non_existent,non_existent,non_existent,non_existent,non_existent,non_existent,non_existent,empty,empty,no_visit,empty,empty,empty,empty,empty,empty,empty,empty,empty,empty,empty,empty,empty,
CP,V,64,Low,medium ,13,a,,,,NA,non_existent,non_existent,non_existent,non_existent,non_existent,non_existent,non_existent,non_existent,non_existent,non_existent,non_existent,non_existent,non_existent,non_existent,non_existent,non_existent,non_existent,non_existent,non_existent,non_existent,non_existent,non_existent,non_existent,non_existent,non_existent,non_existent,non_existent,non_existent,non_existent,non_existent,non_existent,non_existent,non_existent,non_existent,non_existent,non_existent,empty,empty,no_visit,empty,empty,empty,empty,empty,empty,empty,empty,empty,empty,empty,empty,empty,
CP,V,64,Low,small,14,a,,,,NA,non_existent,non_existent,non_existent,non_existent,non_existent,non_existent,non_existent,non_existent,non_existent,non_existent,non_existent,non_existent,non_existent,non_existent,non_existent,non_existent,non_existent,non_existent,non_existent,non_existent,non_existent,non_existent,non_existent,non_existent,non_existent,non_existent,non_existent,non_existent,non_existent,non_existent,non_existent,non_existent,non_existent,non_existent,non_existent,non_existent,empty,empty,no_visit,empty,empty,empty,empty,empty,empty,empty,empty,empty,empty,empty,empty,empty,
CP,V,64,Low,large,15,a,,,,NA,non_existent,non_existent,non_existent,non_existent,non_existent,non_existent,non_existent,non_existent,non_existent,non_existent,non_existent,non_existent,non_existent,non_existent,non_existent,non_existent,non_existent,non_existent,non_existent,non_existent,non_existent,non_existent,non_existent,non_existent,non_existent,non_existent,non_existent,non_existent,non_existent,non_existent,non_existent,non_existent,non_existent,non_existent,non_existent,non_existent,empty,empty,no_visit,empty,empty,empty,empty,empty,empty,empty,empty,empty,empty,empty,empty,empty,
CP,V,64,Low,medium ,16,a,,,,NA,non_existent,non_existent,non_existent,non_existent,non_existent,non_existent,non_existent,non_existent,non_existent,non_existent,non_existent,non_existent,non_existent,non_existent,non_existent,non_existent,non_existent,non_existent,non_existent,non_existent,non_existent,non_existent,non_existent,non_existent,non_existent,non_existent,non_existent,non_existent,non_existent,non_existent,non_existent,non_existent,non_existent,non_existent,non_existent,non_existent,empty,empty,no_visit,empty,empty,empty,empty,empty,empty,empty,empty,empty,empty,empty,empty,empty,
CP,V,64,Low,medium ,17,a,,,,NA,non_existent,non_existent,non_existent,non_existent,non_existent,non_existent,non_existent,non_existent,non_existent,non_existent,non_existent,non_existent,non_existent,non_existent,non_existent,non_existent,non_existent,non_existent,non_existent,non_existent,non_existent,non_existent,non_existent,non_existent,non_existent,non_existent,non_existent,non_existent,non_existent,non_existent,non_existent,non_existent,non_existent,non_existent,non_existent,non_existent,empty,empty,no_visit,empty,empty,empty,empty,empty,empty,empty,empty,empty,empty,empty,empty,empty,
CP,V,64,Low,large ,18,a,,,,NA,non_existent,non_existent,non_existent,non_existent,non_existent,non_existent,non_existent,non_existent,non_existent,non_existent,non_existent,non_existent,non_existent,non_existent,non_existent,non_existent,non_existent,non_existent,non_existent,non_existent,non_existent,non_existent,non_existent,non_existent,non_existent,non_existent,non_existent,non_existent,non_existent,non_existent,non_existent,non_existent,non_existent,non_existent,non_existent,non_existent,empty,empty,no_visit,empty,empty,empty,empty,empty,empty,empty,empty,empty,empty,empty,empty,empty,
CP,V,65,Mid,large,1,a,,,,NA,non_existent,non_existent,non_existent,non_existent,non_existent,non_existent,non_existent,non_existent,non_existent,non_existent,non_existent,non_existent,non_existent,non_existent,non_existent,non_existent,non_existent,non_existent,non_existent,non_existent,non_existent,non_existent,non_existent,non_existent,non_existent,non_existent,non_existent,non_existent,non_existent,non_existent,non_existent,non_existent,non_existent,non_existent,non_existent,non_existent,empty,empty,no_visit,empty,empty,empty,empty,empty,empty,empty,empty,empty,empty,empty,empty,empty,
CP,V,65,Mid,medium ,2,a,,,,NA,non_existent,non_existent,non_existent,non_existent,non_existent,non_existent,non_existent,non_existent,non_existent,non_existent,non_existent,non_existent,non_existent,non_existent,non_existent,non_existent,non_existent,non_existent,non_existent,non_existent,non_existent,non_existent,non_existent,non_existent,non_existent,non_existent,non_existent,non_existent,non_existent,non_existent,non_existent,non_existent,non_existent,non_existent,non_existent,non_existent,empty,empty,no_visit,empty,empty,empty,empty,empty,empty,empty,empty,empty,empty,empty,empty,empty,
CP,V,65,Mid,large,3,a,,,,NA,non_existent,non_existent,non_existent,non_existent,non_existent,non_existent,non_existent,non_existent,non_existent,non_existent,non_existent,non_existent,non_existent,non_existent,non_existent,non_existent,non_existent,non_existent,non_existent,non_existent,non_existent,non_existent,non_existent,non_existent,non_existent,non_existent,non_existent,non_existent,non_existent,non_existent,non_existent,non_existent,non_existent,non_existent,non_existent,non_existent,empty,empty,no_visit,empty,empty,empty,empty,empty,empty,empty,empty,empty,empty,empty,empty,empty,
CP,V,65,Mid,small,4,a,,,,NA,non_existent,non_existent,non_existent,non_existent,non_existent,non_existent,non_existent,non_existent,non_existent,non_existent,non_existent,non_existent,non_existent,non_existent,non_existent,non_existent,non_existent,non_existent,non_existent,non_existent,non_existent,non_existent,non_existent,non_existent,non_existent,non_existent,non_existent,non_existent,non_existent,non_existent,non_existent,non_existent,non_existent,non_existent,non_existent,non_existent,empty,empty,no_visit,empty,empty,empty,empty,empty,empty,empty,empty,empty,empty,empty,empty,empty,
CP,V,65,Mid,medium ,5,a,,,,NA,non_existent,non_existent,non_existent,non_existent,non_existent,non_existent,non_existent,non_existent,non_existent,non_existent,non_existent,non_existent,non_existent,non_existent,non_existent,non_existent,non_existent,non_existent,non_existent,non_existent,non_existent,non_existent,non_existent,non_existent,non_existent,non_existent,non_existent,non_existent,non_existent,non_existent,non_existent,non_existent,non_existent,non_existent,non_existent,non_existent,empty,empty,no_visit,empty,empty,empty,empty,empty,empty,empty,empty,empty,empty,empty,empty,empty,
CP,V,65,Mid,large,6,a,,,,NA,non_existent,non_existent,non_existent,non_existent,non_existent,non_existent,non_existent,non_existent,non_existent,non_existent,non_existent,non_existent,non_existent,non_existent,non_existent,non_existent,non_existent,non_existent,non_existent,non_existent,non_existent,non_existent,non_existent,non_existent,non_existent,non_existent,non_existent,non_existent,non_existent,non_existent,non_existent,non_existent,non_existent,non_existent,non_existent,non_existent,empty,empty,no_visit,empty,empty,empty,empty,empty,empty,empty,empty,empty,empty,empty,empty,empty,
CP,V,65,Mid,medium ,7,a,,,,NA,non_existent,non_existent,non_existent,non_existent,non_existent,non_existent,non_existent,non_existent,non_existent,non_existent,non_existent,non_existent,non_existent,non_existent,non_existent,non_existent,non_existent,non_existent,non_existent,non_existent,non_existent,non_existent,non_existent,non_existent,non_existent,non_existent,non_existent,non_existent,non_existent,non_existent,non_existent,non_existent,non_existent,non_existent,non_existent,non_existent,empty,empty,no_visit,empty,empty,empty,empty,empty,empty,empty,empty,empty,empty,empty,empty,empty,
CP,V,65,Mid,medium ,8,a,,,,NA,non_existent,non_existent,non_existent,non_existent,non_existent,non_existent,non_existent,non_existent,non_existent,non_existent,non_existent,non_existent,non_existent,non_existent,non_existent,non_existent,non_existent,non_existent,non_existent,non_existent,non_existent,non_existent,non_existent,non_existent,non_existent,non_existent,non_existent,non_existent,non_existent,non_existent,non_existent,non_existent,non_existent,non_existent,non_existent,non_existent,empty,empty,no_visit,empty,empty,empty,empty,empty,empty,empty,empty,empty,empty,empty,empty,empty,
CP,V,65,Mid,medium ,9,a,,,,NA,non_existent,non_existent,non_existent,non_existent,non_existent,non_existent,non_existent,non_existent,non_existent,non_existent,non_existent,non_existent,non_existent,non_existent,non_existent,non_existent,non_existent,non_existent,non_existent,non_existent,non_existent,non_existent,non_existent,non_existent,non_existent,non_existent,non_existent,non_existent,non_existent,non_existent,non_existent,non_existent,non_existent,non_existent,non_existent,non_existent,empty,empty,no_visit,empty,empty,empty,empty,empty,empty,empty,empty,empty,empty,empty,empty,empty,
CP,V,65,Mid,large,10,a,,,,NA,non_existent,non_existent,non_existent,non_existent,non_existent,non_existent,non_existent,non_existent,non_existent,non_existent,non_existent,non_existent,non_existent,non_existent,non_existent,non_existent,non_existent,non_existent,non_existent,non_existent,non_existent,non_existent,non_existent,non_existent,non_existent,non_existent,non_existent,non_existent,non_existent,non_existent,non_existent,non_existent,non_existent,non_existent,non_existent,non_existent,empty,empty,no_visit,empty,empty,empty,empty,empty,empty,empty,empty,empty,empty,empty,empty,empty,
CP,V,65,Mid,medium ,11,a,,,,NA,non_existent,non_existent,non_existent,non_existent,non_existent,non_existent,non_existent,non_existent,non_existent,non_existent,non_existent,non_existent,non_existent,non_existent,non_existent,non_existent,non_existent,non_existent,non_existent,non_existent,non_existent,non_existent,non_existent,non_existent,non_existent,non_existent,non_existent,non_existent,non_existent,non_existent,non_existent,non_existent,non_existent,non_existent,non_existent,non_existent,empty,empty,no_visit,empty,empty,empty,empty,empty,empty,empty,empty,empty,empty,empty,empty,empty,
CP,V,65,Mid,medium ,12,a,,,,NA,non_existent,non_existent,non_existent,non_existent,non_existent,non_existent,non_existent,non_existent,non_existent,non_existent,non_existent,non_existent,non_existent,non_existent,non_existent,non_existent,non_existent,non_existent,non_existent,non_existent,non_existent,non_existent,non_existent,non_existent,non_existent,non_existent,non_existent,non_existent,non_existent,non_existent,non_existent,non_existent,non_existent,non_existent,non_existent,non_existent,empty,empty,no_visit,empty,empty,empty,empty,empty,empty,empty,empty,empty,empty,empty,empty,empty,
CP,V,65,Mid,medium ,13,a,,,,NA,non_existent,non_existent,non_existent,non_existent,non_existent,non_existent,non_existent,non_existent,non_existent,non_existent,non_existent,non_existent,non_existent,non_existent,non_existent,non_existent,non_existent,non_existent,non_existent,non_existent,non_existent,non_existent,non_existent,non_existent,non_existent,non_existent,non_existent,non_existent,non_existent,non_existent,non_existent,non_existent,non_existent,non_existent,non_existent,non_existent,empty,empty,no_visit,empty,empty,empty,empty,empty,empty,empty,empty,empty,empty,empty,empty,empty,
CP,V,65,Mid,large,14,a,,,,NA,non_existent,non_existent,non_existent,non_existent,non_existent,non_existent,non_existent,non_existent,non_existent,non_existent,non_existent,non_existent,non_existent,non_existent,non_existent,non_existent,non_existent,non_existent,non_existent,non_existent,non_existent,non_existent,non_existent,non_existent,non_existent,non_existent,non_existent,non_existent,non_existent,non_existent,non_existent,non_existent,non_existent,non_existent,non_existent,non_existent,empty,empty,no_visit,empty,empty,empty,empty,empty,empty,empty,empty,empty,empty,empty,empty,empty,
CP,V,65,Mid,small,15,a,,,,NA,non_existent,non_existent,non_existent,non_existent,non_existent,non_existent,non_existent,non_existent,non_existent,non_existent,non_existent,non_existent,non_existent,non_existent,non_existent,non_existent,non_existent,non_existent,non_existent,non_existent,non_existent,non_existent,non_existent,non_existent,non_existent,non_existent,non_existent,non_existent,non_existent,non_existent,non_existent,non_existent,non_existent,non_existent,non_existent,non_existent,empty,empty,no_visit,empty,empty,empty,empty,empty,empty,empty,empty,empty,empty,empty,empty,empty,
CP,V,65,Mid,medium ,16,a,,,,NA,non_existent,non_existent,non_existent,non_existent,non_existent,non_existent,non_existent,non_existent,non_existent,non_existent,non_existent,non_existent,non_existent,non_existent,non_existent,non_existent,non_existent,non_existent,non_existent,non_existent,non_existent,non_existent,non_existent,non_existent,non_existent,non_existent,non_existent,non_existent,non_existent,non_existent,non_existent,non_existent,non_existent,non_existent,non_existent,non_existent,empty,empty,no_visit,empty,empty,empty,empty,empty,empty,empty,empty,empty,empty,empty,empty,empty,
CP,V,65,Mid,medium ,17,a,,,,NA,non_existent,non_existent,non_existent,non_existent,non_existent,non_existent,non_existent,non_existent,non_existent,non_existent,non_existent,non_existent,non_existent,non_existent,non_existent,non_existent,non_existent,non_existent,non_existent,non_existent,non_existent,non_existent,non_existent,non_existent,non_existent,non_existent,non_existent,non_existent,non_existent,non_existent,non_existent,non_existent,non_existent,non_existent,non_existent,non_existent,empty,empty,no_visit,empty,empty,empty,empty,empty,empty,empty,empty,empty,empty,empty,empty,empty,
CP,V,65,Mid,large,18,a,,,,NA,non_existent,non_existent,non_existent,non_existent,non_existent,non_existent,non_existent,non_existent,non_existent,non_existent,non_existent,non_existent,non_existent,non_existent,non_existent,non_existent,non_existent,non_existent,non_existent,non_existent,non_existent,non_existent,non_existent,non_existent,non_existent,non_existent,non_existent,non_existent,non_existent,non_existent,non_existent,non_existent,non_existent,non_existent,non_existent,non_existent,empty,empty,no_visit,empty,empty,empty,empty,empty,empty,empty,empty,empty,empty,empty,empty,empty,
CP,V,66,High,large,1,a,,,,NA,non_existent,non_existent,non_existent,non_existent,non_existent,non_existent,non_existent,non_existent,non_existent,non_existent,non_existent,non_existent,non_existent,non_existent,non_existent,non_existent,non_existent,non_existent,non_existent,non_existent,non_existent,non_existent,non_existent,non_existent,non_existent,non_existent,non_existent,non_existent,non_existent,non_existent,non_existent,non_existent,non_existent,non_existent,non_existent,non_existent,empty,empty,no_visit,empty,empty,empty,empty,empty,empty,empty,empty,empty,empty,empty,empty,empty,
CP,V,66,High,medium,2,a,,,,NA,non_existent,non_existent,non_existent,non_existent,non_existent,non_existent,non_existent,non_existent,non_existent,non_existent,non_existent,non_existent,non_existent,non_existent,non_existent,non_existent,non_existent,non_existent,non_existent,non_existent,non_existent,non_existent,non_existent,non_existent,non_existent,non_existent,non_existent,non_existent,non_existent,non_existent,non_existent,non_existent,non_existent,non_existent,non_existent,non_existent,empty,empty,no_visit,empty,empty,empty,empty,empty,empty,empty,empty,empty,empty,empty,empty,empty,
CP,V,66,High,small,3,a,,,,NA,non_existent,non_existent,non_existent,non_existent,non_existent,non_existent,non_existent,non_existent,non_existent,non_existent,non_existent,non_existent,non_existent,non_existent,non_existent,non_existent,non_existent,non_existent,non_existent,non_existent,non_existent,non_existent,non_existent,non_existent,non_existent,non_existent,non_existent,non_existent,non_existent,non_existent,non_existent,non_existent,non_existent,non_existent,non_existent,non_existent,empty,empty,no_visit,empty,empty,empty,empty,empty,empty,empty,empty,empty,empty,empty,empty,empty,
CP,V,66,High,medium ,4,a,,,,NA,non_existent,non_existent,non_existent,non_existent,non_existent,non_existent,non_existent,non_existent,non_existent,non_existent,non_existent,non_existent,non_existent,non_existent,non_existent,non_existent,non_existent,non_existent,non_existent,non_existent,non_existent,non_existent,non_existent,non_existent,non_existent,non_existent,non_existent,non_existent,non_existent,non_existent,non_existent,non_existent,non_existent,non_existent,non_existent,non_existent,empty,empty,no_visit,empty,empty,empty,empty,empty,empty,empty,empty,empty,empty,empty,empty,empty,
CP,V,66,High,medium ,5,a,,,,NA,non_existent,non_existent,non_existent,non_existent,non_existent,non_existent,non_existent,non_existent,non_existent,non_existent,non_existent,non_existent,non_existent,non_existent,non_existent,non_existent,non_existent,non_existent,non_existent,non_existent,non_existent,non_existent,non_existent,non_existent,non_existent,non_existent,non_existent,non_existent,non_existent,non_existent,non_existent,non_existent,non_existent,non_existent,non_existent,non_existent,empty,empty,no_visit,empty,empty,empty,empty,empty,empty,empty,empty,empty,empty,empty,empty,empty,
CP,V,66,High,medium ,6,a,,,,NA,non_existent,non_existent,non_existent,non_existent,non_existent,non_existent,non_existent,non_existent,non_existent,non_existent,non_existent,non_existent,non_existent,non_existent,non_existent,non_existent,non_existent,non_existent,non_existent,non_existent,non_existent,non_existent,non_existent,non_existent,non_existent,non_existent,non_existent,non_existent,non_existent,non_existent,non_existent,non_existent,non_existent,non_existent,non_existent,non_existent,empty,empty,no_visit,empty,empty,empty,empty,empty,empty,empty,empty,empty,empty,empty,empty,empty,
CP,V,66,High,large,7,a,,,,NA,non_existent,non_existent,non_existent,non_existent,non_existent,non_existent,non_existent,non_existent,non_existent,non_existent,non_existent,non_existent,non_existent,non_existent,non_existent,non_existent,non_existent,non_existent,non_existent,non_existent,non_existent,non_existent,non_existent,non_existent,non_existent,non_existent,non_existent,non_existent,non_existent,non_existent,non_existent,non_existent,non_existent,non_existent,non_existent,non_existent,empty,empty,no_visit,empty,empty,empty,empty,empty,empty,empty,empty,empty,empty,empty,empty,empty,
CP,V,66,High,medium ,8,a,,,,NA,non_existent,non_existent,non_existent,non_existent,non_existent,non_existent,non_existent,non_existent,non_existent,non_existent,non_existent,non_existent,non_existent,non_existent,non_existent,non_existent,non_existent,non_existent,non_existent,non_existent,non_existent,non_existent,non_existent,non_existent,non_existent,non_existent,non_existent,non_existent,non_existent,non_existent,non_existent,non_existent,non_existent,non_existent,non_existent,non_existent,empty,empty,no_visit,empty,empty,empty,empty,empty,empty,empty,empty,empty,empty,empty,empty,empty,
CP,V,66,High,large,9,a,,,,NA,non_existent,non_existent,non_existent,non_existent,non_existent,non_existent,non_existent,non_existent,non_existent,non_existent,non_existent,non_existent,non_existent,non_existent,non_existent,non_existent,non_existent,non_existent,non_existent,non_existent,non_existent,non_existent,non_existent,non_existent,non_existent,non_existent,non_existent,non_existent,non_existent,non_existent,non_existent,non_existent,non_existent,non_existent,non_existent,non_existent,empty,empty,no_visit,empty,empty,empty,empty,empty,empty,empty,empty,empty,empty,empty,empty,empty,
CP,V,66,High,large,10,a,,,,NA,non_existent,non_existent,non_existent,non_existent,non_existent,non_existent,non_existent,non_existent,non_existent,non_existent,non_existent,non_existent,non_existent,non_existent,non_existent,non_existent,non_existent,non_existent,non_existent,non_existent,non_existent,non_existent,non_existent,non_existent,non_existent,non_existent,non_existent,non_existent,non_existent,non_existent,non_existent,non_existent,non_existent,non_existent,non_existent,non_existent,empty,empty,no_visit,empty,empty,empty,empty,empty,empty,empty,empty,empty,empty,empty,empty,empty,
CP,V,66,High,medium ,11,a,,,,NA,non_existent,non_existent,non_existent,non_existent,non_existent,non_existent,non_existent,non_existent,non_existent,non_existent,non_existent,non_existent,non_existent,non_existent,non_existent,non_existent,non_existent,non_existent,non_existent,non_existent,non_existent,non_existent,non_existent,non_existent,non_existent,non_existent,non_existent,non_existent,non_existent,non_existent,non_existent,non_existent,non_existent,non_existent,non_existent,non_existent,empty,empty,no_visit,empty,empty,empty,empty,empty,empty,empty,empty,empty,empty,empty,empty,empty,
CP,V,66,High,medium ,12,a,,,,NA,non_existent,non_existent,non_existent,non_existent,non_existent,non_existent,non_existent,non_existent,non_existent,non_existent,non_existent,non_existent,non_existent,non_existent,non_existent,non_existent,non_existent,non_existent,non_existent,non_existent,non_existent,non_existent,non_existent,non_existent,non_existent,non_existent,non_existent,non_existent,non_existent,non_existent,non_existent,non_existent,non_existent,non_existent,non_existent,non_existent,empty,empty,no_visit,empty,empty,empty,empty,empty,empty,empty,empty,empty,empty,empty,empty,empty,
CP,V,66,High,large,13,a,,,,NA,non_existent,non_existent,non_existent,non_existent,non_existent,non_existent,non_existent,non_existent,non_existent,non_existent,non_existent,non_existent,non_existent,non_existent,non_existent,non_existent,non_existent,non_existent,non_existent,non_existent,non_existent,non_existent,non_existent,non_existent,non_existent,non_existent,non_existent,non_existent,non_existent,non_existent,non_existent,non_existent,non_existent,non_existent,non_existent,non_existent,empty,empty,no_visit,empty,empty,empty,empty,empty,empty,empty,empty,empty,empty,empty,empty,empty,
CP,V,66,High,medium ,14,a,,,,NA,non_existent,non_existent,non_existent,non_existent,non_existent,non_existent,non_existent,non_existent,non_existent,non_existent,non_existent,non_existent,non_existent,non_existent,non_existent,non_existent,non_existent,non_existent,non_existent,non_existent,non_existent,non_existent,non_existent,non_existent,non_existent,non_existent,non_existent,non_existent,non_existent,non_existent,non_existent,non_existent,non_existent,non_existent,non_existent,non_existent,empty,empty,no_visit,empty,empty,empty,empty,empty,empty,empty,empty,empty,empty,empty,empty,empty,
CP,V,66,High,medium ,15,a,,,,NA,non_existent,non_existent,non_existent,non_existent,non_existent,non_existent,non_existent,non_existent,non_existent,non_existent,non_existent,non_existent,non_existent,non_existent,non_existent,non_existent,non_existent,non_existent,non_existent,non_existent,non_existent,non_existent,non_existent,non_existent,non_existent,non_existent,non_existent,non_existent,non_existent,non_existent,non_existent,non_existent,non_existent,non_existent,non_existent,non_existent,empty,empty,no_visit,empty,empty,empty,empty,empty,empty,empty,empty,empty,empty,empty,empty,empty,
CP,V,66,High,small ,16,a,,,,NA,non_existent,non_existent,non_existent,non_existent,non_existent,non_existent,non_existent,non_existent,non_existent,non_existent,non_existent,non_existent,non_existent,non_existent,non_existent,non_existent,non_existent,non_existent,non_existent,non_existent,non_existent,non_existent,non_existent,non_existent,non_existent,non_existent,non_existent,non_existent,non_existent,non_existent,non_existent,non_existent,non_existent,non_existent,non_existent,non_existent,empty,empty,no_visit,empty,empty,empty,empty,empty,empty,empty,empty,empty,empty,empty,empty,empty,
CP,V,66,High,medium ,17,a,,,,NA,non_existent,non_existent,non_existent,non_existent,non_existent,non_existent,non_existent,non_existent,non_existent,non_existent,non_existent,non_existent,non_existent,non_existent,non_existent,non_existent,non_existent,non_existent,non_existent,non_existent,non_existent,non_existent,non_existent,non_existent,non_existent,non_existent,non_existent,non_existent,non_existent,non_existent,non_existent,non_existent,non_existent,non_existent,non_existent,non_existent,empty,empty,no_visit,empty,empty,empty,empty,empty,empty,empty,empty,empty,empty,empty,empty,empty,
CP,V,66,High,large,18,a,,,,NA,non_existent,non_existent,non_existent,non_existent,non_existent,non_existent,non_existent,non_existent,non_existent,non_existent,non_existent,non_existent,non_existent,non_existent,non_existent,non_existent,non_existent,non_existent,non_existent,non_existent,non_existent,non_existent,non_existent,non_existent,non_existent,non_existent,non_existent,non_existent,non_existent,non_existent,non_existent,non_existent,non_existent,non_existent,non_existent,non_existent,empty,empty,no_visit,empty,empty,empty,empty,empty,empty,empty,empty,empty,empty,empty,empty,empty,
CP,W,67,Low,medium ,1,a,,,,NA,non_existent,non_existent,non_existent,non_existent,non_existent,non_existent,non_existent,non_existent,non_existent,non_existent,non_existent,non_existent,non_existent,non_existent,non_existent,non_existent,non_existent,non_existent,non_existent,non_existent,non_existent,non_existent,non_existent,non_existent,non_existent,non_existent,non_existent,non_existent,non_existent,non_existent,non_existent,non_existent,non_existent,non_existent,non_existent,non_existent,empty,empty,no_visit,empty,empty,empty,empty,empty,empty,empty,empty,empty,empty,empty,empty,empty,
CP,W,67,Low,medium ,2,a,,,,NA,non_existent,non_existent,non_existent,non_existent,non_existent,non_existent,non_existent,non_existent,non_existent,non_existent,non_existent,non_existent,non_existent,non_existent,non_existent,non_existent,non_existent,non_existent,non_existent,non_existent,non_existent,non_existent,non_existent,non_existent,non_existent,non_existent,non_existent,non_existent,non_existent,non_existent,non_existent,non_existent,non_existent,non_existent,non_existent,non_existent,empty,empty,no_visit,empty,empty,empty,empty,empty,empty,empty,empty,empty,empty,empty,empty,empty,
CP,W,67,Low,medium ,3,a,,,,NA,non_existent,non_existent,non_existent,non_existent,non_existent,non_existent,non_existent,non_existent,non_existent,non_existent,non_existent,non_existent,non_existent,non_existent,non_existent,non_existent,non_existent,non_existent,non_existent,non_existent,non_existent,non_existent,non_existent,non_existent,non_existent,non_existent,non_existent,non_existent,non_existent,non_existent,non_existent,non_existent,non_existent,non_existent,non_existent,non_existent,empty,empty,no_visit,empty,empty,empty,empty,empty,empty,empty,empty,empty,empty,empty,empty,empty,
CP,W,67,Low,large,4,a,,,,NA,non_existent,non_existent,non_existent,non_existent,non_existent,non_existent,non_existent,non_existent,non_existent,non_existent,non_existent,non_existent,non_existent,non_existent,non_existent,non_existent,non_existent,non_existent,non_existent,non_existent,non_existent,non_existent,non_existent,non_existent,non_existent,non_existent,non_existent,non_existent,non_existent,non_existent,non_existent,non_existent,non_existent,non_existent,non_existent,non_existent,empty,empty,no_visit,empty,empty,empty,empty,empty,empty,empty,empty,empty,empty,empty,empty,empty,
CP,W,67,Low,large,5,a,,,,NA,non_existent,non_existent,non_existent,non_existent,non_existent,non_existent,non_existent,non_existent,non_existent,non_existent,non_existent,non_existent,non_existent,non_existent,non_existent,non_existent,non_existent,non_existent,non_existent,non_existent,non_existent,non_existent,non_existent,non_existent,non_existent,non_existent,non_existent,non_existent,non_existent,non_existent,non_existent,non_existent,non_existent,non_existent,non_existent,non_existent,empty,empty,no_visit,empty,empty,empty,empty,empty,empty,empty,empty,empty,empty,empty,empty,empty,
CP,W,67,Low,small,6,a,,,,NA,non_existent,non_existent,non_existent,non_existent,non_existent,non_existent,non_existent,non_existent,non_existent,non_existent,non_existent,non_existent,non_existent,non_existent,non_existent,non_existent,non_existent,non_existent,non_existent,non_existent,non_existent,non_existent,non_existent,non_existent,non_existent,non_existent,non_existent,non_existent,non_existent,non_existent,non_existent,non_existent,non_existent,non_existent,non_existent,non_existent,empty,empty,no_visit,empty,empty,empty,empty,empty,empty,empty,empty,empty,empty,empty,empty,empty,
CP,W,67,Low,large,7,a,,,,NA,non_existent,non_existent,non_existent,non_existent,non_existent,non_existent,non_existent,non_existent,non_existent,non_existent,non_existent,non_existent,non_existent,non_existent,non_existent,non_existent,non_existent,non_existent,non_existent,non_existent,non_existent,non_existent,non_existent,non_existent,non_existent,non_existent,non_existent,non_existent,non_existent,non_existent,non_existent,non_existent,non_existent,non_existent,non_existent,non_existent,empty,empty,no_visit,empty,empty,empty,empty,empty,empty,empty,empty,empty,empty,empty,empty,empty,
CP,W,67,Low,medium ,8,a,,,,NA,non_existent,non_existent,non_existent,non_existent,non_existent,non_existent,non_existent,non_existent,non_existent,non_existent,non_existent,non_existent,non_existent,non_existent,non_existent,non_existent,non_existent,non_existent,non_existent,non_existent,non_existent,non_existent,non_existent,non_existent,non_existent,non_existent,non_existent,non_existent,non_existent,non_existent,non_existent,non_existent,non_existent,non_existent,non_existent,non_existent,empty,empty,no_visit,empty,empty,empty,empty,empty,empty,empty,empty,empty,empty,empty,empty,empty,
CP,W,67,Low,medium ,9,a,,,,NA,non_existent,non_existent,non_existent,non_existent,non_existent,non_existent,non_existent,non_existent,non_existent,non_existent,non_existent,non_existent,non_existent,non_existent,non_existent,non_existent,non_existent,non_existent,non_existent,non_existent,non_existent,non_existent,non_existent,non_existent,non_existent,non_existent,non_existent,non_existent,non_existent,non_existent,non_existent,non_existent,non_existent,non_existent,non_existent,non_existent,empty,empty,no_visit,empty,empty,empty,empty,empty,empty,empty,empty,empty,empty,empty,empty,empty,
CP,W,67,Low,large,10,a,,,,NA,non_existent,non_existent,non_existent,non_existent,non_existent,non_existent,non_existent,non_existent,non_existent,non_existent,non_existent,non_existent,non_existent,non_existent,non_existent,non_existent,non_existent,non_existent,non_existent,non_existent,non_existent,non_existent,non_existent,non_existent,non_existent,non_existent,non_existent,non_existent,non_existent,non_existent,non_existent,non_existent,non_existent,non_existent,non_existent,non_existent,empty,empty,no_visit,empty,empty,empty,empty,empty,empty,empty,empty,empty,empty,empty,empty,empty,
CP,W,67,Low,medium ,11,a,,,,NA,non_existent,non_existent,non_existent,non_existent,non_existent,non_existent,non_existent,non_existent,non_existent,non_existent,non_existent,non_existent,non_existent,non_existent,non_existent,non_existent,non_existent,non_existent,non_existent,non_existent,non_existent,non_existent,non_existent,non_existent,non_existent,non_existent,non_existent,non_existent,non_existent,non_existent,non_existent,non_existent,non_existent,non_existent,non_existent,non_existent,empty,empty,no_visit,empty,empty,empty,empty,empty,empty,empty,empty,empty,empty,empty,empty,empty,
CP,W,67,Low,medium ,12,a,,,,NA,non_existent,non_existent,non_existent,non_existent,non_existent,non_existent,non_existent,non_existent,non_existent,non_existent,non_existent,non_existent,non_existent,non_existent,non_existent,non_existent,non_existent,non_existent,non_existent,non_existent,non_existent,non_existent,non_existent,non_existent,non_existent,non_existent,non_existent,non_existent,non_existent,non_existent,non_existent,non_existent,non_existent,non_existent,non_existent,non_existent,empty,empty,no_visit,empty,empty,empty,empty,empty,empty,empty,empty,empty,empty,empty,empty,empty,
CP,W,67,Low,large,13,a,,,,NA,non_existent,non_existent,non_existent,non_existent,non_existent,non_existent,non_existent,non_existent,non_existent,non_existent,non_existent,non_existent,non_existent,non_existent,non_existent,non_existent,non_existent,non_existent,non_existent,non_existent,non_existent,non_existent,non_existent,non_existent,non_existent,non_existent,non_existent,non_existent,non_existent,non_existent,non_existent,non_existent,non_existent,non_existent,non_existent,non_existent,empty,empty,no_visit,empty,empty,empty,empty,empty,empty,empty,empty,empty,empty,empty,empty,empty,
CP,W,67,Low,medium ,14,a,,,,NA,non_existent,non_existent,non_existent,non_existent,non_existent,non_existent,non_existent,non_existent,non_existent,non_existent,non_existent,non_existent,non_existent,non_existent,non_existent,non_existent,non_existent,non_existent,non_existent,non_existent,non_existent,non_existent,non_existent,non_existent,non_existent,non_existent,non_existent,non_existent,non_existent,non_existent,non_existent,non_existent,non_existent,non_existent,non_existent,non_existent,empty,empty,no_visit,empty,empty,empty,empty,empty,empty,empty,empty,empty,empty,empty,empty,empty,
CP,W,67,Low,medium ,15,a,,,,NA,non_existent,non_existent,non_existent,non_existent,non_existent,non_existent,non_existent,non_existent,non_existent,non_existent,non_existent,non_existent,non_existent,non_existent,non_existent,non_existent,non_existent,non_existent,non_existent,non_existent,non_existent,non_existent,non_existent,non_existent,non_existent,non_existent,non_existent,non_existent,non_existent,non_existent,non_existent,non_existent,non_existent,non_existent,non_existent,non_existent,empty,empty,no_visit,empty,empty,empty,empty,empty,empty,empty,empty,empty,empty,empty,empty,empty,
CP,W,67,Low,medium ,16,a,,,,NA,non_existent,non_existent,non_existent,non_existent,non_existent,non_existent,non_existent,non_existent,non_existent,non_existent,non_existent,non_existent,non_existent,non_existent,non_existent,non_existent,non_existent,non_existent,non_existent,non_existent,non_existent,non_existent,non_existent,non_existent,non_existent,non_existent,non_existent,non_existent,non_existent,non_existent,non_existent,non_existent,non_existent,non_existent,non_existent,non_existent,empty,empty,no_visit,empty,empty,empty,empty,empty,empty,empty,empty,empty,empty,empty,empty,empty,
CP,W,67,Low,small,17,a,,,,NA,non_existent,non_existent,non_existent,non_existent,non_existent,non_existent,non_existent,non_existent,non_existent,non_existent,non_existent,non_existent,non_existent,non_existent,non_existent,non_existent,non_existent,non_existent,non_existent,non_existent,non_existent,non_existent,non_existent,non_existent,non_existent,non_existent,non_existent,non_existent,non_existent,non_existent,non_existent,non_existent,non_existent,non_existent,non_existent,non_existent,empty,empty,no_visit,empty,empty,empty,empty,empty,empty,empty,empty,empty,empty,empty,empty,empty,
CP,W,67,Low,large,18,a,,,,NA,non_existent,non_existent,non_existent,non_existent,non_existent,non_existent,non_existent,non_existent,non_existent,non_existent,non_existent,non_existent,non_existent,non_existent,non_existent,non_existent,non_existent,non_existent,non_existent,non_existent,non_existent,non_existent,non_existent,non_existent,non_existent,non_existent,non_existent,non_existent,non_existent,non_existent,non_existent,non_existent,non_existent,non_existent,non_existent,non_existent,empty,empty,no_visit,empty,empty,empty,empty,empty,empty,empty,empty,empty,empty,empty,empty,empty,
CP,W,68,Mid,large,1,a,,,,NA,non_existent,non_existent,non_existent,non_existent,non_existent,non_existent,non_existent,non_existent,non_existent,non_existent,non_existent,non_existent,non_existent,non_existent,non_existent,non_existent,non_existent,non_existent,non_existent,non_existent,non_existent,non_existent,non_existent,non_existent,non_existent,non_existent,non_existent,non_existent,non_existent,non_existent,non_existent,non_existent,non_existent,non_existent,non_existent,non_existent,empty,empty,no_visit,empty,empty,empty,empty,empty,empty,empty,empty,empty,empty,empty,empty,empty,
CP,W,68,Mid,medium ,2,a,,,,NA,non_existent,non_existent,non_existent,non_existent,non_existent,non_existent,non_existent,non_existent,non_existent,non_existent,non_existent,non_existent,non_existent,non_existent,non_existent,non_existent,non_existent,non_existent,non_existent,non_existent,non_existent,non_existent,non_existent,non_existent,non_existent,non_existent,non_existent,non_existent,non_existent,non_existent,non_existent,non_existent,non_existent,non_existent,non_existent,non_existent,empty,empty,no_visit,empty,empty,empty,empty,empty,empty,empty,empty,empty,empty,empty,empty,empty,
CP,W,68,Mid,medium ,3,a,,,,NA,non_existent,non_existent,non_existent,non_existent,non_existent,non_existent,non_existent,non_existent,non_existent,non_existent,non_existent,non_existent,non_existent,non_existent,non_existent,non_existent,non_existent,non_existent,non_existent,non_existent,non_existent,non_existent,non_existent,non_existent,non_existent,non_existent,non_existent,non_existent,non_existent,non_existent,non_existent,non_existent,non_existent,non_existent,non_existent,non_existent,empty,empty,no_visit,empty,empty,empty,empty,empty,empty,empty,empty,empty,empty,empty,empty,empty,
CP,W,68,Mid,small ,4,a,,,,NA,non_existent,non_existent,non_existent,non_existent,non_existent,non_existent,non_existent,non_existent,non_existent,non_existent,non_existent,non_existent,non_existent,non_existent,non_existent,non_existent,non_existent,non_existent,non_existent,non_existent,non_existent,non_existent,non_existent,non_existent,non_existent,non_existent,non_existent,non_existent,non_existent,non_existent,non_existent,non_existent,non_existent,non_existent,non_existent,non_existent,empty,empty,no_visit,empty,empty,empty,empty,empty,empty,empty,empty,empty,empty,empty,empty,empty,
CP,W,68,Mid,medium ,5,a,,,,NA,non_existent,non_existent,non_existent,non_existent,non_existent,non_existent,non_existent,non_existent,non_existent,non_existent,non_existent,non_existent,non_existent,non_existent,non_existent,non_existent,non_existent,non_existent,non_existent,non_existent,non_existent,non_existent,non_existent,non_existent,non_existent,non_existent,non_existent,non_existent,non_existent,non_existent,non_existent,non_existent,non_existent,non_existent,non_existent,non_existent,empty,empty,no_visit,empty,empty,empty,empty,empty,empty,empty,empty,empty,empty,empty,empty,empty,
CP,W,68,Mid,large,6,a,,,,NA,non_existent,non_existent,non_existent,non_existent,non_existent,non_existent,non_existent,non_existent,non_existent,non_existent,non_existent,non_existent,non_existent,non_existent,non_existent,non_existent,non_existent,non_existent,non_existent,non_existent,non_existent,non_existent,non_existent,non_existent,non_existent,non_existent,non_existent,non_existent,non_existent,non_existent,non_existent,non_existent,non_existent,non_existent,non_existent,non_existent,empty,empty,no_visit,empty,empty,empty,empty,empty,empty,empty,empty,empty,empty,empty,empty,empty,
CP,W,68,Mid,medium ,7,a,,,,NA,non_existent,non_existent,non_existent,non_existent,non_existent,non_existent,non_existent,non_existent,non_existent,non_existent,non_existent,non_existent,non_existent,non_existent,non_existent,non_existent,non_existent,non_existent,non_existent,non_existent,non_existent,non_existent,non_existent,non_existent,non_existent,non_existent,non_existent,non_existent,non_existent,non_existent,non_existent,non_existent,non_existent,non_existent,non_existent,non_existent,empty,empty,no_visit,empty,empty,empty,empty,empty,empty,empty,empty,empty,empty,empty,empty,empty,
CP,W,68,Mid,medium ,8,a,,,,NA,non_existent,non_existent,non_existent,non_existent,non_existent,non_existent,non_existent,non_existent,non_existent,non_existent,non_existent,non_existent,non_existent,non_existent,non_existent,non_existent,non_existent,non_existent,non_existent,non_existent,non_existent,non_existent,non_existent,non_existent,non_existent,non_existent,non_existent,non_existent,non_existent,non_existent,non_existent,non_existent,non_existent,non_existent,non_existent,non_existent,empty,empty,no_visit,empty,empty,empty,empty,empty,empty,empty,empty,empty,empty,empty,empty,empty,
CP,W,68,Mid,large ,9,a,,,,NA,non_existent,non_existent,non_existent,non_existent,non_existent,non_existent,non_existent,non_existent,non_existent,non_existent,non_existent,non_existent,non_existent,non_existent,non_existent,non_existent,non_existent,non_existent,non_existent,non_existent,non_existent,non_existent,non_existent,non_existent,non_existent,non_existent,non_existent,non_existent,non_existent,non_existent,non_existent,non_existent,non_existent,non_existent,non_existent,non_existent,empty,empty,no_visit,empty,empty,empty,empty,empty,empty,empty,empty,empty,empty,empty,empty,empty,
CP,W,68,Mid,large ,10,a,,,,NA,non_existent,non_existent,non_existent,non_existent,non_existent,non_existent,non_existent,non_existent,non_existent,non_existent,non_existent,non_existent,non_existent,non_existent,non_existent,non_existent,non_existent,non_existent,non_existent,non_existent,non_existent,non_existent,non_existent,non_existent,non_existent,non_existent,non_existent,non_existent,non_existent,non_existent,non_existent,non_existent,non_existent,non_existent,non_existent,non_existent,empty,empty,no_visit,empty,empty,empty,empty,empty,empty,empty,empty,empty,empty,empty,empty,empty,
CP,W,68,Mid,medium ,11,a,,,,NA,non_existent,non_existent,non_existent,non_existent,non_existent,non_existent,non_existent,non_existent,non_existent,non_existent,non_existent,non_existent,non_existent,non_existent,non_existent,non_existent,non_existent,non_existent,non_existent,non_existent,non_existent,non_existent,non_existent,non_existent,non_existent,non_existent,non_existent,non_existent,non_existent,non_existent,non_existent,non_existent,non_existent,non_existent,non_existent,non_existent,empty,empty,no_visit,empty,empty,empty,empty,empty,empty,empty,empty,empty,empty,empty,empty,empty,
CP,W,68,Mid,large,12,a,,,,NA,non_existent,non_existent,non_existent,non_existent,non_existent,non_existent,non_existent,non_existent,non_existent,non_existent,non_existent,non_existent,non_existent,non_existent,non_existent,non_existent,non_existent,non_existent,non_existent,non_existent,non_existent,non_existent,non_existent,non_existent,non_existent,non_existent,non_existent,non_existent,non_existent,non_existent,non_existent,non_existent,non_existent,non_existent,non_existent,non_existent,empty,empty,no_visit,empty,empty,empty,empty,empty,empty,empty,empty,empty,empty,empty,empty,empty,
CP,W,68,Mid,medium ,13,a,,,,NA,non_existent,non_existent,non_existent,non_existent,non_existent,non_existent,non_existent,non_existent,non_existent,non_existent,non_existent,non_existent,non_existent,non_existent,non_existent,non_existent,non_existent,non_existent,non_existent,non_existent,non_existent,non_existent,non_existent,non_existent,non_existent,non_existent,non_existent,non_existent,non_existent,non_existent,non_existent,non_existent,non_existent,non_existent,non_existent,non_existent,empty,empty,no_visit,empty,empty,empty,empty,empty,empty,empty,empty,empty,empty,empty,empty,empty,
CP,W,68,Mid,medium ,14,a,,,,NA,non_existent,non_existent,non_existent,non_existent,non_existent,non_existent,non_existent,non_existent,non_existent,non_existent,non_existent,non_existent,non_existent,non_existent,non_existent,non_existent,non_existent,non_existent,non_existent,non_existent,non_existent,non_existent,non_existent,non_existent,non_existent,non_existent,non_existent,non_existent,non_existent,non_existent,non_existent,non_existent,non_existent,non_existent,non_existent,non_existent,empty,empty,no_visit,empty,empty,empty,empty,empty,empty,empty,empty,empty,empty,empty,empty,empty,
CP,W,68,Mid,medium ,15,a,,,,NA,non_existent,non_existent,non_existent,non_existent,non_existent,non_existent,non_existent,non_existent,non_existent,non_existent,non_existent,non_existent,non_existent,non_existent,non_existent,non_existent,non_existent,non_existent,non_existent,non_existent,non_existent,non_existent,non_existent,non_existent,non_existent,non_existent,non_existent,non_existent,non_existent,non_existent,non_existent,non_existent,non_existent,non_existent,non_existent,non_existent,empty,empty,no_visit,empty,empty,empty,empty,empty,empty,empty,empty,empty,empty,empty,empty,empty,
CP,W,68,Mid,small,16,a,,,,NA,non_existent,non_existent,non_existent,non_existent,non_existent,non_existent,non_existent,non_existent,non_existent,non_existent,non_existent,non_existent,non_existent,non_existent,non_existent,non_existent,non_existent,non_existent,non_existent,non_existent,non_existent,non_existent,non_existent,non_existent,non_existent,non_existent,non_existent,non_existent,non_existent,non_existent,non_existent,non_existent,non_existent,non_existent,non_existent,non_existent,empty,empty,no_visit,empty,empty,empty,empty,empty,empty,empty,empty,empty,empty,empty,empty,empty,
CP,W,68,Mid,medium ,17,a,,,,NA,non_existent,non_existent,non_existent,non_existent,non_existent,non_existent,non_existent,non_existent,non_existent,non_existent,non_existent,non_existent,non_existent,non_existent,non_existent,non_existent,non_existent,non_existent,non_existent,non_existent,non_existent,non_existent,non_existent,non_existent,non_existent,non_existent,non_existent,non_existent,non_existent,non_existent,non_existent,non_existent,non_existent,non_existent,non_existent,non_existent,empty,empty,no_visit,empty,empty,empty,empty,empty,empty,empty,empty,empty,empty,empty,empty,empty,
CP,W,68,Mid,large ,18,a,,,,NA,non_existent,non_existent,non_existent,non_existent,non_existent,non_existent,non_existent,non_existent,non_existent,non_existent,non_existent,non_existent,non_existent,non_existent,non_existent,non_existent,non_existent,non_existent,non_existent,non_existent,non_existent,non_existent,non_existent,non_existent,non_existent,non_existent,non_existent,non_existent,non_existent,non_existent,non_existent,non_existent,non_existent,non_existent,non_existent,non_existent,empty,empty,no_visit,empty,empty,empty,empty,empty,empty,empty,empty,empty,empty,empty,empty,empty,
CP,W,69,High,medium ,1,a,,,,NA,non_existent,non_existent,non_existent,non_existent,non_existent,non_existent,non_existent,non_existent,non_existent,non_existent,non_existent,non_existent,non_existent,non_existent,non_existent,non_existent,non_existent,non_existent,non_existent,non_existent,non_existent,non_existent,non_existent,non_existent,non_existent,non_existent,non_existent,non_existent,non_existent,non_existent,non_existent,non_existent,non_existent,non_existent,non_existent,non_existent,empty,empty,no_visit,empty,empty,empty,empty,empty,empty,empty,empty,empty,empty,empty,empty,empty,
CP,W,69,High,medium ,2,a,,,,NA,non_existent,non_existent,non_existent,non_existent,non_existent,non_existent,non_existent,non_existent,non_existent,non_existent,non_existent,non_existent,non_existent,non_existent,non_existent,non_existent,non_existent,non_existent,non_existent,non_existent,non_existent,non_existent,non_existent,non_existent,non_existent,non_existent,non_existent,non_existent,non_existent,non_existent,non_existent,non_existent,non_existent,non_existent,non_existent,non_existent,empty,empty,no_visit,empty,empty,empty,empty,empty,empty,empty,empty,empty,empty,empty,empty,empty,
CP,W,69,High,medium ,3,a,,,,NA,non_existent,non_existent,non_existent,non_existent,non_existent,non_existent,non_existent,non_existent,non_existent,non_existent,non_existent,non_existent,non_existent,non_existent,non_existent,non_existent,non_existent,non_existent,non_existent,non_existent,non_existent,non_existent,non_existent,non_existent,non_existent,non_existent,non_existent,non_existent,non_existent,non_existent,non_existent,non_existent,non_existent,non_existent,non_existent,non_existent,empty,empty,no_visit,empty,empty,empty,empty,empty,empty,empty,empty,empty,empty,empty,empty,empty,
CP,W,69,High,large,4,a,,,,NA,non_existent,non_existent,non_existent,non_existent,non_existent,non_existent,non_existent,non_existent,non_existent,non_existent,non_existent,non_existent,non_existent,non_existent,non_existent,non_existent,non_existent,non_existent,non_existent,non_existent,non_existent,non_existent,non_existent,non_existent,non_existent,non_existent,non_existent,non_existent,non_existent,non_existent,non_existent,non_existent,non_existent,non_existent,non_existent,non_existent,empty,empty,no_visit,empty,empty,empty,empty,empty,empty,empty,empty,empty,empty,empty,empty,empty,
CP,W,69,High,large,5,a,,,,NA,non_existent,non_existent,non_existent,non_existent,non_existent,non_existent,non_existent,non_existent,non_existent,non_existent,non_existent,non_existent,non_existent,non_existent,non_existent,non_existent,non_existent,non_existent,non_existent,non_existent,non_existent,non_existent,non_existent,non_existent,non_existent,non_existent,non_existent,non_existent,non_existent,non_existent,non_existent,non_existent,non_existent,non_existent,non_existent,non_existent,empty,empty,no_visit,empty,empty,empty,empty,empty,empty,empty,empty,empty,empty,empty,empty,empty,
CP,W,69,High,medium ,6,a,,,,NA,non_existent,non_existent,non_existent,non_existent,non_existent,non_existent,non_existent,non_existent,non_existent,non_existent,non_existent,non_existent,non_existent,non_existent,non_existent,non_existent,non_existent,non_existent,non_existent,non_existent,non_existent,non_existent,non_existent,non_existent,non_existent,non_existent,non_existent,non_existent,non_existent,non_existent,non_existent,non_existent,non_existent,non_existent,non_existent,non_existent,empty,empty,no_visit,empty,empty,empty,empty,empty,empty,empty,empty,empty,empty,empty,empty,empty,
CP,W,69,High,medium ,7,a,,,,NA,non_existent,non_existent,non_existent,non_existent,non_existent,non_existent,non_existent,non_existent,non_existent,non_existent,non_existent,non_existent,non_existent,non_existent,non_existent,non_existent,non_existent,non_existent,non_existent,non_existent,non_existent,non_existent,non_existent,non_existent,non_existent,non_existent,non_existent,non_existent,non_existent,non_existent,non_existent,non_existent,non_existent,non_existent,non_existent,non_existent,empty,empty,no_visit,empty,empty,empty,empty,empty,empty,empty,empty,empty,empty,empty,empty,empty,
CP,W,69,High,small,8,a,,,,NA,non_existent,non_existent,non_existent,non_existent,non_existent,non_existent,non_existent,non_existent,non_existent,non_existent,non_existent,non_existent,non_existent,non_existent,non_existent,non_existent,non_existent,non_existent,non_existent,non_existent,non_existent,non_existent,non_existent,non_existent,non_existent,non_existent,non_existent,non_existent,non_existent,non_existent,non_existent,non_existent,non_existent,non_existent,non_existent,non_existent,empty,empty,no_visit,empty,empty,empty,empty,empty,empty,empty,empty,empty,empty,empty,empty,empty,
CP,W,69,High,large,9,a,,,,NA,non_existent,non_existent,non_existent,non_existent,non_existent,non_existent,non_existent,non_existent,non_existent,non_existent,non_existent,non_existent,non_existent,non_existent,non_existent,non_existent,non_existent,non_existent,non_existent,non_existent,non_existent,non_existent,non_existent,non_existent,non_existent,non_existent,non_existent,non_existent,non_existent,non_existent,non_existent,non_existent,non_existent,non_existent,non_existent,non_existent,empty,empty,no_visit,empty,empty,empty,empty,empty,empty,empty,empty,empty,empty,empty,empty,empty,
CP,W,69,High,large,10,a,,,,NA,non_existent,non_existent,non_existent,non_existent,non_existent,non_existent,non_existent,non_existent,non_existent,non_existent,non_existent,non_existent,non_existent,non_existent,non_existent,non_existent,non_existent,non_existent,non_existent,non_existent,non_existent,non_existent,non_existent,non_existent,non_existent,non_existent,non_existent,non_existent,non_existent,non_existent,non_existent,non_existent,non_existent,non_existent,non_existent,non_existent,empty,empty,no_visit,empty,empty,empty,empty,empty,empty,empty,empty,empty,empty,empty,empty,empty,
CP,W,69,High,small,11,a,,,,NA,non_existent,non_existent,non_existent,non_existent,non_existent,non_existent,non_existent,non_existent,non_existent,non_existent,non_existent,non_existent,non_existent,non_existent,non_existent,non_existent,non_existent,non_existent,non_existent,non_existent,non_existent,non_existent,non_existent,non_existent,non_existent,non_existent,non_existent,non_existent,non_existent,non_existent,non_existent,non_existent,non_existent,non_existent,non_existent,non_existent,empty,empty,no_visit,empty,empty,empty,empty,empty,empty,empty,empty,empty,empty,empty,empty,empty,
CP,W,69,High,medium,12,a,,,,NA,non_existent,non_existent,non_existent,non_existent,non_existent,non_existent,non_existent,non_existent,non_existent,non_existent,non_existent,non_existent,non_existent,non_existent,non_existent,non_existent,non_existent,non_existent,non_existent,non_existent,non_existent,non_existent,non_existent,non_existent,non_existent,non_existent,non_existent,non_existent,non_existent,non_existent,non_existent,non_existent,non_existent,non_existent,non_existent,non_existent,empty,empty,no_visit,empty,empty,empty,empty,empty,empty,empty,empty,empty,empty,empty,empty,empty,
CP,W,69,High,medium,13,a,,,,NA,non_existent,non_existent,non_existent,non_existent,non_existent,non_existent,non_existent,non_existent,non_existent,non_existent,non_existent,non_existent,non_existent,non_existent,non_existent,non_existent,non_existent,non_existent,non_existent,non_existent,non_existent,non_existent,non_existent,non_existent,non_existent,non_existent,non_existent,non_existent,non_existent,non_existent,non_existent,non_existent,non_existent,non_existent,non_existent,non_existent,empty,empty,no_visit,empty,empty,empty,empty,empty,empty,empty,empty,empty,empty,empty,empty,empty,
CP,W,69,High,medium,14,a,,,,NA,non_existent,non_existent,non_existent,non_existent,non_existent,non_existent,non_existent,non_existent,non_existent,non_existent,non_existent,non_existent,non_existent,non_existent,non_existent,non_existent,non_existent,non_existent,non_existent,non_existent,non_existent,non_existent,non_existent,non_existent,non_existent,non_existent,non_existent,non_existent,non_existent,non_existent,non_existent,non_existent,non_existent,non_existent,non_existent,non_existent,empty,empty,no_visit,empty,empty,empty,empty,empty,empty,empty,empty,empty,empty,empty,empty,empty,
CP,W,69,High,medium,15,a,,,,NA,non_existent,non_existent,non_existent,non_existent,non_existent,non_existent,non_existent,non_existent,non_existent,non_existent,non_existent,non_existent,non_existent,non_existent,non_existent,non_existent,non_existent,non_existent,non_existent,non_existent,non_existent,non_existent,non_existent,non_existent,non_existent,non_existent,non_existent,non_existent,non_existent,non_existent,non_existent,non_existent,non_existent,non_existent,non_existent,non_existent,empty,empty,no_visit,empty,empty,empty,empty,empty,empty,empty,empty,empty,empty,empty,empty,empty,
CP,W,69,High,large,16,a,,,,NA,non_existent,non_existent,non_existent,non_existent,non_existent,non_existent,non_existent,non_existent,non_existent,non_existent,non_existent,non_existent,non_existent,non_existent,non_existent,non_existent,non_existent,non_existent,non_existent,non_existent,non_existent,non_existent,non_existent,non_existent,non_existent,non_existent,non_existent,non_existent,non_existent,non_existent,non_existent,non_existent,non_existent,non_existent,non_existent,non_existent,empty,empty,no_visit,empty,empty,empty,empty,empty,empty,empty,empty,empty,empty,empty,empty,empty,
CP,W,69,High,medium ,17,a,,,,NA,non_existent,non_existent,non_existent,non_existent,non_existent,non_existent,non_existent,non_existent,non_existent,non_existent,non_existent,non_existent,non_existent,non_existent,non_existent,non_existent,non_existent,non_existent,non_existent,non_existent,non_existent,non_existent,non_existent,non_existent,non_existent,non_existent,non_existent,non_existent,non_existent,non_existent,non_existent,non_existent,non_existent,non_existent,non_existent,non_existent,empty,empty,no_visit,empty,empty,empty,empty,empty,empty,empty,empty,empty,empty,empty,empty,empty,
CP,W,69,High,large,18,a,,,,NA,non_existent,non_existent,non_existent,non_existent,non_existent,non_existent,non_existent,non_existent,non_existent,non_existent,non_existent,non_existent,non_existent,non_existent,non_existent,non_existent,non_existent,non_existent,non_existent,non_existent,non_existent,non_existent,non_existent,non_existent,non_existent,non_existent,non_existent,non_existent,non_existent,non_existent,non_existent,non_existent,non_existent,non_existent,non_existent,non_existent,empty,empty,no_visit,empty,empty,empty,empty,empty,empty,empty,empty,empty,empty,empty,empty,empty,
CP,X,70,Low,large,1,a,,,,NA,non_existent,non_existent,non_existent,non_existent,non_existent,non_existent,non_existent,non_existent,non_existent,non_existent,non_existent,non_existent,non_existent,non_existent,non_existent,non_existent,non_existent,non_existent,non_existent,non_existent,non_existent,non_existent,non_existent,non_existent,non_existent,non_existent,non_existent,non_existent,non_existent,non_existent,non_existent,non_existent,non_existent,non_existent,non_existent,non_existent,empty,empty,no_visit,empty,empty,empty,empty,empty,empty,empty,empty,empty,empty,empty,empty,empty,
CP,X,70,Low,medium ,2,a,,,,NA,non_existent,non_existent,non_existent,non_existent,non_existent,non_existent,non_existent,non_existent,non_existent,non_existent,non_existent,non_existent,non_existent,non_existent,non_existent,non_existent,non_existent,non_existent,non_existent,non_existent,non_existent,non_existent,non_existent,non_existent,non_existent,non_existent,non_existent,non_existent,non_existent,non_existent,non_existent,non_existent,non_existent,non_existent,non_existent,non_existent,empty,empty,no_visit,empty,empty,empty,empty,empty,empty,empty,empty,empty,empty,empty,empty,empty,
CP,X,70,Low,medium ,3,a,,,,NA,non_existent,non_existent,non_existent,non_existent,non_existent,non_existent,non_existent,non_existent,non_existent,non_existent,non_existent,non_existent,non_existent,non_existent,non_existent,non_existent,non_existent,non_existent,non_existent,non_existent,non_existent,non_existent,non_existent,non_existent,non_existent,non_existent,non_existent,non_existent,non_existent,non_existent,non_existent,non_existent,non_existent,non_existent,non_existent,non_existent,empty,empty,no_visit,empty,empty,empty,empty,empty,empty,empty,empty,empty,empty,empty,empty,empty,
CP,X,70,Low,medium ,4,a,,,,NA,non_existent,non_existent,non_existent,non_existent,non_existent,non_existent,non_existent,non_existent,non_existent,non_existent,non_existent,non_existent,non_existent,non_existent,non_existent,non_existent,non_existent,non_existent,non_existent,non_existent,non_existent,non_existent,non_existent,non_existent,non_existent,non_existent,non_existent,non_existent,non_existent,non_existent,non_existent,non_existent,non_existent,non_existent,non_existent,non_existent,empty,empty,no_visit,empty,empty,empty,empty,empty,empty,empty,empty,empty,empty,empty,empty,empty,
CP,X,70,Low,small,5,a,,,,NA,non_existent,non_existent,non_existent,non_existent,non_existent,non_existent,non_existent,non_existent,non_existent,non_existent,non_existent,non_existent,non_existent,non_existent,non_existent,non_existent,non_existent,non_existent,non_existent,non_existent,non_existent,non_existent,non_existent,non_existent,non_existent,non_existent,non_existent,non_existent,non_existent,non_existent,non_existent,non_existent,non_existent,non_existent,non_existent,non_existent,empty,empty,no_visit,empty,empty,empty,empty,empty,empty,empty,empty,empty,empty,empty,empty,empty,
CP,X,70,Low,medium ,6,a,,,,NA,non_existent,non_existent,non_existent,non_existent,non_existent,non_existent,non_existent,non_existent,non_existent,non_existent,non_existent,non_existent,non_existent,non_existent,non_existent,non_existent,non_existent,non_existent,non_existent,non_existent,non_existent,non_existent,non_existent,non_existent,non_existent,non_existent,non_existent,non_existent,non_existent,non_existent,non_existent,non_existent,non_existent,non_existent,non_existent,non_existent,empty,empty,no_visit,empty,empty,empty,empty,empty,empty,empty,empty,empty,empty,empty,empty,empty,
CP,X,70,Low,large,7,a,,,,NA,non_existent,non_existent,non_existent,non_existent,non_existent,non_existent,non_existent,non_existent,non_existent,non_existent,non_existent,non_existent,non_existent,non_existent,non_existent,non_existent,non_existent,non_existent,non_existent,non_existent,non_existent,non_existent,non_existent,non_existent,non_existent,non_existent,non_existent,non_existent,non_existent,non_existent,non_existent,non_existent,non_existent,non_existent,non_existent,non_existent,empty,empty,no_visit,empty,empty,empty,empty,empty,empty,empty,empty,empty,empty,empty,empty,empty,
CP,X,70,Low,medium ,8,a,,,,NA,non_existent,non_existent,non_existent,non_existent,non_existent,non_existent,non_existent,non_existent,non_existent,non_existent,non_existent,non_existent,non_existent,non_existent,non_existent,non_existent,non_existent,non_existent,non_existent,non_existent,non_existent,non_existent,non_existent,non_existent,non_existent,non_existent,non_existent,non_existent,non_existent,non_existent,non_existent,non_existent,non_existent,non_existent,non_existent,non_existent,empty,empty,no_visit,empty,empty,empty,empty,empty,empty,empty,empty,empty,empty,empty,empty,empty,
CP,X,70,Low,large,9,a,,,,NA,non_existent,non_existent,non_existent,non_existent,non_existent,non_existent,non_existent,non_existent,non_existent,non_existent,non_existent,non_existent,non_existent,non_existent,non_existent,non_existent,non_existent,non_existent,non_existent,non_existent,non_existent,non_existent,non_existent,non_existent,non_existent,non_existent,non_existent,non_existent,non_existent,non_existent,non_existent,non_existent,non_existent,non_existent,non_existent,non_existent,empty,empty,no_visit,empty,empty,empty,empty,empty,empty,empty,empty,empty,empty,empty,empty,empty,
CP,X,70,Low,large,10,a,,,,NA,non_existent,non_existent,non_existent,non_existent,non_existent,non_existent,non_existent,non_existent,non_existent,non_existent,non_existent,non_existent,non_existent,non_existent,non_existent,non_existent,non_existent,non_existent,non_existent,non_existent,non_existent,non_existent,non_existent,non_existent,non_existent,non_existent,non_existent,non_existent,non_existent,non_existent,non_existent,non_existent,non_existent,non_existent,non_existent,non_existent,empty,empty,no_visit,empty,empty,empty,empty,empty,empty,empty,empty,empty,empty,empty,empty,empty,
CP,X,70,Low,small,11,a,,,,NA,non_existent,non_existent,non_existent,non_existent,non_existent,non_existent,non_existent,non_existent,non_existent,non_existent,non_existent,non_existent,non_existent,non_existent,non_existent,non_existent,non_existent,non_existent,non_existent,non_existent,non_existent,non_existent,non_existent,non_existent,non_existent,non_existent,non_existent,non_existent,non_existent,non_existent,non_existent,non_existent,non_existent,non_existent,non_existent,non_existent,empty,empty,no_visit,empty,empty,empty,empty,empty,empty,empty,empty,empty,empty,empty,empty,empty,
CP,X,70,Low,medium ,12,a,,,,NA,non_existent,non_existent,non_existent,non_existent,non_existent,non_existent,non_existent,non_existent,non_existent,non_existent,non_existent,non_existent,non_existent,non_existent,non_existent,non_existent,non_existent,non_existent,non_existent,non_existent,non_existent,non_existent,non_existent,non_existent,non_existent,non_existent,non_existent,non_existent,non_existent,non_existent,non_existent,non_existent,non_existent,non_existent,non_existent,non_existent,empty,empty,no_visit,empty,empty,empty,empty,empty,empty,empty,empty,empty,empty,empty,empty,empty,
CP,X,70,Low,medium ,13,a,,,,NA,non_existent,non_existent,non_existent,non_existent,non_existent,non_existent,non_existent,non_existent,non_existent,non_existent,non_existent,non_existent,non_existent,non_existent,non_existent,non_existent,non_existent,non_existent,non_existent,non_existent,non_existent,non_existent,non_existent,non_existent,non_existent,non_existent,non_existent,non_existent,non_existent,non_existent,non_existent,non_existent,non_existent,non_existent,non_existent,non_existent,empty,empty,no_visit,empty,empty,empty,empty,empty,empty,empty,empty,empty,empty,empty,empty,empty,
CP,X,70,Low,large,14,a,,,,NA,non_existent,non_existent,non_existent,non_existent,non_existent,non_existent,non_existent,non_existent,non_existent,non_existent,non_existent,non_existent,non_existent,non_existent,non_existent,non_existent,non_existent,non_existent,non_existent,non_existent,non_existent,non_existent,non_existent,non_existent,non_existent,non_existent,non_existent,non_existent,non_existent,non_existent,non_existent,non_existent,non_existent,non_existent,non_existent,non_existent,empty,empty,no_visit,empty,empty,empty,empty,empty,empty,empty,empty,empty,empty,empty,empty,empty,
CP,X,70,Low,medium,15,a,,,,NA,non_existent,non_existent,non_existent,non_existent,non_existent,non_existent,non_existent,non_existent,non_existent,non_existent,non_existent,non_existent,non_existent,non_existent,non_existent,non_existent,non_existent,non_existent,non_existent,non_existent,non_existent,non_existent,non_existent,non_existent,non_existent,non_existent,non_existent,non_existent,non_existent,non_existent,non_existent,non_existent,non_existent,non_existent,non_existent,non_existent,empty,empty,no_visit,empty,empty,empty,empty,empty,empty,empty,empty,empty,empty,empty,empty,empty,
CP,X,70,Low,medium,16,a,,,,NA,non_existent,non_existent,non_existent,non_existent,non_existent,non_existent,non_existent,non_existent,non_existent,non_existent,non_existent,non_existent,non_existent,non_existent,non_existent,non_existent,non_existent,non_existent,non_existent,non_existent,non_existent,non_existent,non_existent,non_existent,non_existent,non_existent,non_existent,non_existent,non_existent,non_existent,non_existent,non_existent,non_existent,non_existent,non_existent,non_existent,empty,empty,no_visit,empty,empty,empty,empty,empty,empty,empty,empty,empty,empty,empty,empty,empty,
CP,X,70,Low,medium,17,a,,,,NA,non_existent,non_existent,non_existent,non_existent,non_existent,non_existent,non_existent,non_existent,non_existent,non_existent,non_existent,non_existent,non_existent,non_existent,non_existent,non_existent,non_existent,non_existent,non_existent,non_existent,non_existent,non_existent,non_existent,non_existent,non_existent,non_existent,non_existent,non_existent,non_existent,non_existent,non_existent,non_existent,non_existent,non_existent,non_existent,non_existent,empty,empty,no_visit,empty,empty,empty,empty,empty,empty,empty,empty,empty,empty,empty,empty,empty,
CP,X,70,Low,large ,18,a,,,,NA,non_existent,non_existent,non_existent,non_existent,non_existent,non_existent,non_existent,non_existent,non_existent,non_existent,non_existent,non_existent,non_existent,non_existent,non_existent,non_existent,non_existent,non_existent,non_existent,non_existent,non_existent,non_existent,non_existent,non_existent,non_existent,non_existent,non_existent,non_existent,non_existent,non_existent,non_existent,non_existent,non_existent,non_existent,non_existent,non_existent,empty,empty,no_visit,empty,empty,empty,empty,empty,empty,empty,empty,empty,empty,empty,empty,empty,
CP,X,71,Mid,large,1,a,,,,NA,non_existent,non_existent,non_existent,non_existent,non_existent,non_existent,non_existent,non_existent,non_existent,non_existent,non_existent,non_existent,non_existent,non_existent,non_existent,non_existent,non_existent,non_existent,non_existent,non_existent,non_existent,non_existent,non_existent,non_existent,non_existent,non_existent,non_existent,non_existent,non_existent,non_existent,non_existent,non_existent,non_existent,non_existent,non_existent,non_existent,empty,empty,no_visit,empty,empty,empty,empty,empty,empty,empty,empty,empty,empty,empty,empty,empty,
CP,X,71,Mid,medium,2,a,,,,NA,non_existent,non_existent,non_existent,non_existent,non_existent,non_existent,non_existent,non_existent,non_existent,non_existent,non_existent,non_existent,non_existent,non_existent,non_existent,non_existent,non_existent,non_existent,non_existent,non_existent,non_existent,non_existent,non_existent,non_existent,non_existent,non_existent,non_existent,non_existent,non_existent,non_existent,non_existent,non_existent,non_existent,non_existent,non_existent,non_existent,empty,empty,no_visit,empty,empty,empty,empty,empty,empty,empty,empty,empty,empty,empty,empty,empty,
CP,X,71,Mid,medium,3,a,,,,NA,non_existent,non_existent,non_existent,non_existent,non_existent,non_existent,non_existent,non_existent,non_existent,non_existent,non_existent,non_existent,non_existent,non_existent,non_existent,non_existent,non_existent,non_existent,non_existent,non_existent,non_existent,non_existent,non_existent,non_existent,non_existent,non_existent,non_existent,non_existent,non_existent,non_existent,non_existent,non_existent,non_existent,non_existent,non_existent,non_existent,empty,empty,no_visit,empty,empty,empty,empty,empty,empty,empty,empty,empty,empty,empty,empty,empty,
CP,X,71,Mid,medium,4,a,,,,NA,non_existent,non_existent,non_existent,non_existent,non_existent,non_existent,non_existent,non_existent,non_existent,non_existent,non_existent,non_existent,non_existent,non_existent,non_existent,non_existent,non_existent,non_existent,non_existent,non_existent,non_existent,non_existent,non_existent,non_existent,non_existent,non_existent,non_existent,non_existent,non_existent,non_existent,non_existent,non_existent,non_existent,non_existent,non_existent,non_existent,empty,empty,no_visit,empty,empty,empty,empty,empty,empty,empty,empty,empty,empty,empty,empty,empty,
CP,X,71,Mid,medium,5,a,,,,NA,non_existent,non_existent,non_existent,non_existent,non_existent,non_existent,non_existent,non_existent,non_existent,non_existent,non_existent,non_existent,non_existent,non_existent,non_existent,non_existent,non_existent,non_existent,non_existent,non_existent,non_existent,non_existent,non_existent,non_existent,non_existent,non_existent,non_existent,non_existent,non_existent,non_existent,non_existent,non_existent,non_existent,non_existent,non_existent,non_existent,empty,empty,no_visit,empty,empty,empty,empty,empty,empty,empty,empty,empty,empty,empty,empty,empty,
CP,X,71,Mid,small,6,a,,,,NA,non_existent,non_existent,non_existent,non_existent,non_existent,non_existent,non_existent,non_existent,non_existent,non_existent,non_existent,non_existent,non_existent,non_existent,non_existent,non_existent,non_existent,non_existent,non_existent,non_existent,non_existent,non_existent,non_existent,non_existent,non_existent,non_existent,non_existent,non_existent,non_existent,non_existent,non_existent,non_existent,non_existent,non_existent,non_existent,non_existent,empty,empty,no_visit,empty,empty,empty,empty,empty,empty,empty,empty,empty,empty,empty,empty,empty,
CP,X,71,Mid,large,7,a,,,,NA,non_existent,non_existent,non_existent,non_existent,non_existent,non_existent,non_existent,non_existent,non_existent,non_existent,non_existent,non_existent,non_existent,non_existent,non_existent,non_existent,non_existent,non_existent,non_existent,non_existent,non_existent,non_existent,non_existent,non_existent,non_existent,non_existent,non_existent,non_existent,non_existent,non_existent,non_existent,non_existent,non_existent,non_existent,non_existent,non_existent,empty,empty,no_visit,empty,empty,empty,empty,empty,empty,empty,empty,empty,empty,empty,empty,empty,
CP,X,71,Mid,medium,8,a,,,,NA,non_existent,non_existent,non_existent,non_existent,non_existent,non_existent,non_existent,non_existent,non_existent,non_existent,non_existent,non_existent,non_existent,non_existent,non_existent,non_existent,non_existent,non_existent,non_existent,non_existent,non_existent,non_existent,non_existent,non_existent,non_existent,non_existent,non_existent,non_existent,non_existent,non_existent,non_existent,non_existent,non_existent,non_existent,non_existent,non_existent,empty,empty,no_visit,empty,empty,empty,empty,empty,empty,empty,empty,empty,empty,empty,empty,empty,
CP,X,71,Mid,large,9,a,,,,NA,non_existent,non_existent,non_existent,non_existent,non_existent,non_existent,non_existent,non_existent,non_existent,non_existent,non_existent,non_existent,non_existent,non_existent,non_existent,non_existent,non_existent,non_existent,non_existent,non_existent,non_existent,non_existent,non_existent,non_existent,non_existent,non_existent,non_existent,non_existent,non_existent,non_existent,non_existent,non_existent,non_existent,non_existent,non_existent,non_existent,empty,empty,no_visit,empty,empty,empty,empty,empty,empty,empty,empty,empty,empty,empty,empty,empty,
CP,X,71,Mid,large,10,a,,,,NA,non_existent,non_existent,non_existent,non_existent,non_existent,non_existent,non_existent,non_existent,non_existent,non_existent,non_existent,non_existent,non_existent,non_existent,non_existent,non_existent,non_existent,non_existent,non_existent,non_existent,non_existent,non_existent,non_existent,non_existent,non_existent,non_existent,non_existent,non_existent,non_existent,non_existent,non_existent,non_existent,non_existent,non_existent,non_existent,non_existent,empty,empty,no_visit,empty,empty,empty,empty,empty,empty,empty,empty,empty,empty,empty,empty,empty,
CP,X,71,Mid,small,11,a,,,,NA,non_existent,non_existent,non_existent,non_existent,non_existent,non_existent,non_existent,non_existent,non_existent,non_existent,non_existent,non_existent,non_existent,non_existent,non_existent,non_existent,non_existent,non_existent,non_existent,non_existent,non_existent,non_existent,non_existent,non_existent,non_existent,non_existent,non_existent,non_existent,non_existent,non_existent,non_existent,non_existent,non_existent,non_existent,non_existent,non_existent,empty,empty,no_visit,empty,empty,empty,empty,empty,empty,empty,empty,empty,empty,empty,empty,empty,
CP,X,71,Mid,medium,12,a,,,,NA,non_existent,non_existent,non_existent,non_existent,non_existent,non_existent,non_existent,non_existent,non_existent,non_existent,non_existent,non_existent,non_existent,non_existent,non_existent,non_existent,non_existent,non_existent,non_existent,non_existent,non_existent,non_existent,non_existent,non_existent,non_existent,non_existent,non_existent,non_existent,non_existent,non_existent,non_existent,non_existent,non_existent,non_existent,non_existent,non_existent,empty,empty,no_visit,empty,empty,empty,empty,empty,empty,empty,empty,empty,empty,empty,empty,empty,
CP,X,71,Mid,medium,13,a,,,,NA,non_existent,non_existent,non_existent,non_existent,non_existent,non_existent,non_existent,non_existent,non_existent,non_existent,non_existent,non_existent,non_existent,non_existent,non_existent,non_existent,non_existent,non_existent,non_existent,non_existent,non_existent,non_existent,non_existent,non_existent,non_existent,non_existent,non_existent,non_existent,non_existent,non_existent,non_existent,non_existent,non_existent,non_existent,non_existent,non_existent,empty,empty,no_visit,empty,empty,empty,empty,empty,empty,empty,empty,empty,empty,empty,empty,empty,
CP,X,71,Mid,medium,14,a,,,,NA,non_existent,non_existent,non_existent,non_existent,non_existent,non_existent,non_existent,non_existent,non_existent,non_existent,non_existent,non_existent,non_existent,non_existent,non_existent,non_existent,non_existent,non_existent,non_existent,non_existent,non_existent,non_existent,non_existent,non_existent,non_existent,non_existent,non_existent,non_existent,non_existent,non_existent,non_existent,non_existent,non_existent,non_existent,non_existent,non_existent,empty,empty,no_visit,empty,empty,empty,empty,empty,empty,empty,empty,empty,empty,empty,empty,empty,
CP,X,71,Mid,medium,15,a,,,,NA,non_existent,non_existent,non_existent,non_existent,non_existent,non_existent,non_existent,non_existent,non_existent,non_existent,non_existent,non_existent,non_existent,non_existent,non_existent,non_existent,non_existent,non_existent,non_existent,non_existent,non_existent,non_existent,non_existent,non_existent,non_existent,non_existent,non_existent,non_existent,non_existent,non_existent,non_existent,non_existent,non_existent,non_existent,non_existent,non_existent,empty,empty,no_visit,empty,empty,empty,empty,empty,empty,empty,empty,empty,empty,empty,empty,empty,
CP,X,71,Mid,large,16,a,,,,NA,non_existent,non_existent,non_existent,non_existent,non_existent,non_existent,non_existent,non_existent,non_existent,non_existent,non_existent,non_existent,non_existent,non_existent,non_existent,non_existent,non_existent,non_existent,non_existent,non_existent,non_existent,non_existent,non_existent,non_existent,non_existent,non_existent,non_existent,non_existent,non_existent,non_existent,non_existent,non_existent,non_existent,non_existent,non_existent,non_existent,empty,empty,no_visit,empty,empty,empty,empty,empty,empty,empty,empty,empty,empty,empty,empty,empty,
CP,X,71,Mid,medium,17,a,,,,NA,non_existent,non_existent,non_existent,non_existent,non_existent,non_existent,non_existent,non_existent,non_existent,non_existent,non_existent,non_existent,non_existent,non_existent,non_existent,non_existent,non_existent,non_existent,non_existent,non_existent,non_existent,non_existent,non_existent,non_existent,non_existent,non_existent,non_existent,non_existent,non_existent,non_existent,non_existent,non_existent,non_existent,non_existent,non_existent,non_existent,empty,empty,no_visit,empty,empty,empty,empty,empty,empty,empty,empty,empty,empty,empty,empty,empty,
CP,X,71,Mid,large,18,a,,,,NA,non_existent,non_existent,non_existent,non_existent,non_existent,non_existent,non_existent,non_existent,non_existent,non_existent,non_existent,non_existent,non_existent,non_existent,non_existent,non_existent,non_existent,non_existent,non_existent,non_existent,non_existent,non_existent,non_existent,non_existent,non_existent,non_existent,non_existent,non_existent,non_existent,non_existent,non_existent,non_existent,non_existent,non_existent,non_existent,non_existent,empty,empty,no_visit,empty,empty,empty,empty,empty,empty,empty,empty,empty,empty,empty,empty,empty,
CP,X,72,High,medium,1,a,,,,NA,non_existent,non_existent,non_existent,non_existent,non_existent,non_existent,non_existent,non_existent,non_existent,non_existent,non_existent,non_existent,non_existent,non_existent,non_existent,non_existent,non_existent,non_existent,non_existent,non_existent,non_existent,non_existent,non_existent,non_existent,non_existent,non_existent,non_existent,non_existent,non_existent,non_existent,non_existent,non_existent,non_existent,non_existent,non_existent,non_existent,empty,empty,no_visit,empty,empty,empty,empty,empty,empty,empty,empty,empty,empty,empty,empty,empty,
CP,X,72,High,large,2,a,,,,NA,non_existent,non_existent,non_existent,non_existent,non_existent,non_existent,non_existent,non_existent,non_existent,non_existent,non_existent,non_existent,non_existent,non_existent,non_existent,non_existent,non_existent,non_existent,non_existent,non_existent,non_existent,non_existent,non_existent,non_existent,non_existent,non_existent,non_existent,non_existent,non_existent,non_existent,non_existent,non_existent,non_existent,non_existent,non_existent,non_existent,empty,empty,no_visit,empty,empty,empty,empty,empty,empty,empty,empty,empty,empty,empty,empty,empty,
CP,X,72,High,medium,3,a,,,,NA,non_existent,non_existent,non_existent,non_existent,non_existent,non_existent,non_existent,non_existent,non_existent,non_existent,non_existent,non_existent,non_existent,non_existent,non_existent,non_existent,non_existent,non_existent,non_existent,non_existent,non_existent,non_existent,non_existent,non_existent,non_existent,non_existent,non_existent,non_existent,non_existent,non_existent,non_existent,non_existent,non_existent,non_existent,non_existent,non_existent,empty,empty,no_visit,empty,empty,empty,empty,empty,empty,empty,empty,empty,empty,empty,empty,empty,
CP,X,72,High,medium,4,a,,,,NA,non_existent,non_existent,non_existent,non_existent,non_existent,non_existent,non_existent,non_existent,non_existent,non_existent,non_existent,non_existent,non_existent,non_existent,non_existent,non_existent,non_existent,non_existent,non_existent,non_existent,non_existent,non_existent,non_existent,non_existent,non_existent,non_existent,non_existent,non_existent,non_existent,non_existent,non_existent,non_existent,non_existent,non_existent,non_existent,non_existent,empty,empty,no_visit,empty,empty,empty,empty,empty,empty,empty,empty,empty,empty,empty,empty,empty,
CP,X,72,High,medium,5,a,,,,NA,non_existent,non_existent,non_existent,non_existent,non_existent,non_existent,non_existent,non_existent,non_existent,non_existent,non_existent,non_existent,non_existent,non_existent,non_existent,non_existent,non_existent,non_existent,non_existent,non_existent,non_existent,non_existent,non_existent,non_existent,non_existent,non_existent,non_existent,non_existent,non_existent,non_existent,non_existent,non_existent,non_existent,non_existent,non_existent,non_existent,empty,empty,no_visit,empty,empty,empty,empty,empty,empty,empty,empty,empty,empty,empty,empty,empty,
CP,X,72,High,large,6,a,,,,NA,non_existent,non_existent,non_existent,non_existent,non_existent,non_existent,non_existent,non_existent,non_existent,non_existent,non_existent,non_existent,non_existent,non_existent,non_existent,non_existent,non_existent,non_existent,non_existent,non_existent,non_existent,non_existent,non_existent,non_existent,non_existent,non_existent,non_existent,non_existent,non_existent,non_existent,non_existent,non_existent,non_existent,non_existent,non_existent,non_existent,empty,empty,no_visit,empty,empty,empty,empty,empty,empty,empty,empty,empty,empty,empty,empty,empty,
CP,X,72,High,medium,7,a,,,,NA,non_existent,non_existent,non_existent,non_existent,non_existent,non_existent,non_existent,non_existent,non_existent,non_existent,non_existent,non_existent,non_existent,non_existent,non_existent,non_existent,non_existent,non_existent,non_existent,non_existent,non_existent,non_existent,non_existent,non_existent,non_existent,non_existent,non_existent,non_existent,non_existent,non_existent,non_existent,non_existent,non_existent,non_existent,non_existent,non_existent,empty,empty,no_visit,empty,empty,empty,empty,empty,empty,empty,empty,empty,empty,empty,empty,empty,
CP,X,72,High,large,8,a,,,,NA,non_existent,non_existent,non_existent,non_existent,non_existent,non_existent,non_existent,non_existent,non_existent,non_existent,non_existent,non_existent,non_existent,non_existent,non_existent,non_existent,non_existent,non_existent,non_existent,non_existent,non_existent,non_existent,non_existent,non_existent,non_existent,non_existent,non_existent,non_existent,non_existent,non_existent,non_existent,non_existent,non_existent,non_existent,non_existent,non_existent,empty,empty,no_visit,empty,empty,empty,empty,empty,empty,empty,empty,empty,empty,empty,empty,empty,
CP,X,72,High,small,9,a,,,,NA,non_existent,non_existent,non_existent,non_existent,non_existent,non_existent,non_existent,non_existent,non_existent,non_existent,non_existent,non_existent,non_existent,non_existent,non_existent,non_existent,non_existent,non_existent,non_existent,non_existent,non_existent,non_existent,non_existent,non_existent,non_existent,non_existent,non_existent,non_existent,non_existent,non_existent,non_existent,non_existent,non_existent,non_existent,non_existent,non_existent,empty,empty,no_visit,empty,empty,empty,empty,empty,empty,empty,empty,empty,empty,empty,empty,empty,
CP,X,72,High,large,10,a,,,,NA,non_existent,non_existent,non_existent,non_existent,non_existent,non_existent,non_existent,non_existent,non_existent,non_existent,non_existent,non_existent,non_existent,non_existent,non_existent,non_existent,non_existent,non_existent,non_existent,non_existent,non_existent,non_existent,non_existent,non_existent,non_existent,non_existent,non_existent,non_existent,non_existent,non_existent,non_existent,non_existent,non_existent,non_existent,non_existent,non_existent,empty,empty,no_visit,empty,empty,empty,empty,empty,empty,empty,empty,empty,empty,empty,empty,empty,
CP,X,72,High,medium,11,a,,,,NA,non_existent,non_existent,non_existent,non_existent,non_existent,non_existent,non_existent,non_existent,non_existent,non_existent,non_existent,non_existent,non_existent,non_existent,non_existent,non_existent,non_existent,non_existent,non_existent,non_existent,non_existent,non_existent,non_existent,non_existent,non_existent,non_existent,non_existent,non_existent,non_existent,non_existent,non_existent,non_existent,non_existent,non_existent,non_existent,non_existent,empty,empty,no_visit,empty,empty,empty,empty,empty,empty,empty,empty,empty,empty,empty,empty,empty,
CP,X,72,High,medium,12,a,,,,NA,non_existent,non_existent,non_existent,non_existent,non_existent,non_existent,non_existent,non_existent,non_existent,non_existent,non_existent,non_existent,non_existent,non_existent,non_existent,non_existent,non_existent,non_existent,non_existent,non_existent,non_existent,non_existent,non_existent,non_existent,non_existent,non_existent,non_existent,non_existent,non_existent,non_existent,non_existent,non_existent,non_existent,non_existent,non_existent,non_existent,empty,empty,no_visit,empty,empty,empty,empty,empty,empty,empty,empty,empty,empty,empty,empty,empty,
CP,X,72,High,medium,13,a,,,,NA,non_existent,non_existent,non_existent,non_existent,non_existent,non_existent,non_existent,non_existent,non_existent,non_existent,non_existent,non_existent,non_existent,non_existent,non_existent,non_existent,non_existent,non_existent,non_existent,non_existent,non_existent,non_existent,non_existent,non_existent,non_existent,non_existent,non_existent,non_existent,non_existent,non_existent,non_existent,non_existent,non_existent,non_existent,non_existent,non_existent,empty,empty,no_visit,empty,empty,empty,empty,empty,empty,empty,empty,empty,empty,empty,empty,empty,
CP,X,72,High,medium,14,a,,,,NA,non_existent,non_existent,non_existent,non_existent,non_existent,non_existent,non_existent,non_existent,non_existent,non_existent,non_existent,non_existent,non_existent,non_existent,non_existent,non_existent,non_existent,non_existent,non_existent,non_existent,non_existent,non_existent,non_existent,non_existent,non_existent,non_existent,non_existent,non_existent,non_existent,non_existent,non_existent,non_existent,non_existent,non_existent,non_existent,non_existent,empty,empty,no_visit,empty,empty,empty,empty,empty,empty,empty,empty,empty,empty,empty,empty,empty,
CP,X,72,High,large,15,a,,,,NA,non_existent,non_existent,non_existent,non_existent,non_existent,non_existent,non_existent,non_existent,non_existent,non_existent,non_existent,non_existent,non_existent,non_existent,non_existent,non_existent,non_existent,non_existent,non_existent,non_existent,non_existent,non_existent,non_existent,non_existent,non_existent,non_existent,non_existent,non_existent,non_existent,non_existent,non_existent,non_existent,non_existent,non_existent,non_existent,non_existent,empty,empty,no_visit,empty,empty,empty,empty,empty,empty,empty,empty,empty,empty,empty,empty,empty,
CP,X,72,High,medium,16,a,,,,NA,non_existent,non_existent,non_existent,non_existent,non_existent,non_existent,non_existent,non_existent,non_existent,non_existent,non_existent,non_existent,non_existent,non_existent,non_existent,non_existent,non_existent,non_existent,non_existent,non_existent,non_existent,non_existent,non_existent,non_existent,non_existent,non_existent,non_existent,non_existent,non_existent,non_existent,non_existent,non_existent,non_existent,non_existent,non_existent,non_existent,empty,empty,no_visit,empty,empty,empty,empty,empty,empty,empty,empty,empty,empty,empty,empty,empty,
CP,X,72,High,small,17,a,,,,NA,non_existent,non_existent,non_existent,non_existent,non_existent,non_existent,non_existent,non_existent,non_existent,non_existent,non_existent,non_existent,non_existent,non_existent,non_existent,non_existent,non_existent,non_existent,non_existent,non_existent,non_existent,non_existent,non_existent,non_existent,non_existent,non_existent,non_existent,non_existent,non_existent,non_existent,non_existent,non_existent,non_existent,non_existent,non_existent,non_existent,empty,empty,no_visit,empty,empty,empty,empty,empty,empty,empty,empty,empty,empty,empty,empty,empty,
CP,X,72,High,large,18,a,,,,NA,non_existent,non_existent,non_existent,non_existent,non_existent,non_existent,non_existent,non_existent,non_existent,non_existent,non_existent,non_existent,non_existent,non_existent,non_existent,non_existent,non_existent,non_existent,non_existent,non_existent,non_existent,non_existent,non_existent,non_existent,non_existent,non_existent,non_existent,non_existent,non_existent,non_existent,non_existent,non_existent,non_existent,non_existent,non_existent,non_existent,empty,empty,no_visit,empty,empty,empty,empty,empty,empty,empty,empty,empty,empty,empty,empty,empty,