"","Trapnest","Date","Nest_ID","Site","Subsite","Treatment","Cavity_number","Straw_ID","Filled_length_mm","Straw_length_mm","Cavity_ID","Status","Occupant","Good_days","Bee_choice","Available_prior","New_nests_os","New_nests_meg","New_nest_sum","Osmia_ps_prior","Osmia_no_ps_prior","Meg_ps_prior","Meg_no_ps_prior","Cumulative_par","Number_of_cells","Prop_cells_par","Par_in_trapnest","Prop_filled"
"1","trapnest_1",2023-06-05,"1_16a","BP","A","Low",16,"a",91,141,"1_16","2 cells","osmia",1,1,18,1,0,1,0,0,0,0,NA,NA,NA,0,0.645390070921986
"2","trapnest_1",2023-06-08,"1_16a","BP","A","Low",16,"a",91,141,"1_16","no change","osmia",2,NA,17,0,0,0,1,1,0,0,NA,NA,NA,0,0.645390070921986
"3","trapnest_1",2023-06-10,"1_16a","BP","A","Low",16,"a",91,141,"1_16","no change","osmia",0,NA,17,0,0,0,1,1,0,0,NA,NA,NA,0,0.645390070921986
"4","trapnest_1",2023-06-12,"1_16a","BP","A","Low",16,"a",91,141,"1_16","no change","osmia",1,NA,17,0,0,0,1,1,0,0,NA,NA,NA,0,0.645390070921986
"5","trapnest_1",2023-06-14,"1_16a","BP","A","Low",16,"a",91,141,"1_16","2 cells + end cap","osmia",0,NA,17,0,0,0,1,1,0,0,NA,NA,NA,0,0.645390070921986
"6","trapnest_12",2023-06-08,"12_11b","BP","D","High",11,"b",47.31,141.37,"12_11","1 cell","osmia",2,1,7,1,0,1,11,5,0,0,0,1,0,6,0.334653745490557
"7","trapnest_12",2023-06-10,"12_11b","BP","D","High",11,"b",47.31,141.37,"12_11","no change","osmia",0,NA,7,0,0,0,11,6,0,0,0,1,0,6,0.334653745490557
"8","trapnest_12",2023-06-12,"12_11b","BP","D","High",11,"b",47.31,141.37,"12_11","no change","osmia",1,NA,7,0,0,0,11,6,0,0,0,1,0,6,0.334653745490557
"9","trapnest_12",2023-06-14,"12_11b","BP","D","High",11,"b",47.31,141.37,"12_11","3 cells","osmia",0,NA,7,1,0,1,11,6,0,0,0,4,0,7,0.334653745490557
"10","trapnest_12",2023-06-16,"12_11b","BP","D","High",11,"b",47.31,141.37,"12_11","1 cell","osmia",1,NA,6,0,0,0,12,7,0,0,0,5,0,7,0.334653745490557
"11","trapnest_12",2023-06-20,"12_11b","BP","D","High",11,"b",47.31,141.37,"12_11","2 cells","osmia",3,NA,6.5,2,0,2,11.5,6.5,0,0,0,7,0,7,0.334653745490557
"12","trapnest_12",2023-06-23,"12_11b","BP","D","High",11,"b",47.31,141.37,"12_11","no change","osmia",3,NA,6,0,0,0,12,7,0,0,0,7,0,6,0.334653745490557
"13","trapnest_12",2023-06-29,"12_11b","BP","D","High",11,"b",47.31,141.37,"12_11","no change","osmia",1,NA,6,1,0,1,12,7,0,0,0,7,0,7,0.334653745490557
"14","trapnest_12",2023-06-02,"12_12b","BP","D","High",12,"b",57.04,106.02,"12_12","2 cells","osmia",2,1,7.5,2,0,2,10.5,3.5,0,0,2,2,1,5,0.538011695906433
"15","trapnest_12",2023-06-05,"12_12b","BP","D","High",12,"b",57.04,106.02,"12_12","4 cells + end cap","osmia",1,NA,7,0,0,0,11,5,0,0,5,6,0.833333333333333,5,0.538011695906433
"16","trapnest_12",2023-06-08,"12_12b","BP","D","High",12,"b",57.04,106.02,"12_12","no change","osmia",2,NA,7,1,0,1,11,5,0,0,5,6,0.833333333333333,6,0.538011695906433
"17","trapnest_12",2023-06-10,"12_12b","BP","D","High",12,"b",57.04,106.02,"12_12","no change","osmia",0,NA,7,0,0,0,11,6,0,0,5,6,0.833333333333333,6,0.538011695906433
"18","trapnest_12",2023-06-12,"12_12b","BP","D","High",12,"b",57.04,106.02,"12_12","no change","osmia",1,NA,7,0,0,0,11,6,0,0,5,6,0.833333333333333,6,0.538011695906433
"19","trapnest_12",2023-06-14,"12_12b","BP","D","High",12,"b",57.04,106.02,"12_12","no change","osmia",0,NA,7,1,0,1,11,6,0,0,5,6,0.833333333333333,7,0.538011695906433
"20","trapnest_12",2023-06-16,"12_12b","BP","D","High",12,"b",57.04,106.02,"12_12","no change","osmia",1,NA,6,0,0,0,12,7,0,0,5,6,0.833333333333333,7,0.538011695906433
"21","trapnest_12",2023-06-20,"12_12b","BP","D","High",12,"b",57.04,106.02,"12_12","no change","osmia",3,NA,6.5,2,0,2,11.5,6.5,0,0,5,6,0.833333333333333,7,0.538011695906433
"22","trapnest_12",2023-06-23,"12_12b","BP","D","High",12,"b",57.04,106.02,"12_12","no change","osmia",3,NA,6,0,0,0,12,7,0,0,5,6,0.833333333333333,6,0.538011695906433
"23","trapnest_12",2023-06-29,"12_12b","BP","D","High",12,"b",57.04,106.02,"12_12","no change","osmia",1,NA,6,1,0,1,12,7,0,0,5,6,0.833333333333333,7,0.538011695906433
"24","trapnest_12",2023-05-29,"12_15a","BP","D","High",15,"a",116.97,145.25,"12_15","7 cells","osmia",1,1,6.5,2,0,2,11.5,1.5,0,0,1,7,0.142857142857143,3,0.805301204819277
"25","trapnest_12",2023-05-31,"12_15a","BP","D","High",15,"a",116.97,145.25,"12_15","4 cells","osmia",2,NA,8.5,2,0,2,9.5,1.5,0,0,1,9,0.111111111111111,3,0.805301204819277
"26","trapnest_12",2023-06-02,"12_15a","BP","D","High",15,"a",116.97,145.25,"12_15","no change","osmia",2,NA,7.5,2,0,2,10.5,3.5,0,0,1,9,0.111111111111111,5,0.805301204819277
"27","trapnest_12",2023-06-05,"12_15a","BP","D","High",15,"a",116.97,145.25,"12_15","2 cells + end cap","osmia",1,NA,7,0,0,0,11,5,0,0,2,13,0.153846153846154,5,0.805301204819277
"28","trapnest_12",2023-06-08,"12_15a","BP","D","High",15,"a",116.97,145.25,"12_15","no change","osmia",2,NA,7,1,0,1,11,5,0,0,2,13,0.153846153846154,6,0.805301204819277
"29","trapnest_12",2023-06-10,"12_15a","BP","D","High",15,"a",116.97,145.25,"12_15","no change","osmia",0,NA,7,0,0,0,11,6,0,0,2,13,0.153846153846154,6,0.805301204819277
"30","trapnest_12",2023-06-12,"12_15a","BP","D","High",15,"a",116.97,145.25,"12_15","no change","osmia",1,NA,7,0,0,0,11,6,0,0,2,13,0.153846153846154,6,0.805301204819277
"31","trapnest_12",2023-06-14,"12_15a","BP","D","High",15,"a",116.97,145.25,"12_15","no change","osmia",0,NA,7,1,0,1,11,6,0,0,2,13,0.153846153846154,7,0.805301204819277
"32","trapnest_12",2023-06-16,"12_15a","BP","D","High",15,"a",116.97,145.25,"12_15","no change","osmia",1,NA,6,0,0,0,12,7,0,0,2,13,0.153846153846154,7,0.805301204819277
"33","trapnest_12",2023-06-20,"12_15a","BP","D","High",15,"a",116.97,145.25,"12_15","no change","osmia",3,NA,6.5,2,0,2,11.5,6.5,0,0,2,13,0.153846153846154,7,0.805301204819277
"34","trapnest_12",2023-06-23,"12_15a","BP","D","High",15,"a",116.97,145.25,"12_15","no change","osmia",3,NA,6,0,0,0,12,7,0,0,2,13,0.153846153846154,6,0.805301204819277
"35","trapnest_12",2023-06-29,"12_15a","BP","D","High",15,"a",116.97,145.25,"12_15","no change","osmia",1,NA,6,1,0,1,12,7,0,0,2,13,0.153846153846154,7,0.805301204819277
"36","trapnest_12",2023-06-29,"12_16a","BP","D","High",16,"a",5.27,143.33,"12_16","1 cell","osmia",1,1,6,1,0,1,12,7,0,0,0,1,0,7,0.0367682969371381
"37","trapnest_12",2023-06-02,"12_18a","BP","D","High",18,"a",83.98,144.81,"12_18","5 cells","osmia",2,1,7.5,2,0,2,10.5,3.5,0,0,0,5,0,5,0.579932325115669
"38","trapnest_12",2023-06-05,"12_18a","BP","D","High",18,"a",83.98,144.81,"12_18","7 cells","osmia",1,NA,7,0,0,0,11,5,0,0,0,9,0,5,0.579932325115669
"39","trapnest_12",2023-06-08,"12_18a","BP","D","High",18,"a",83.98,144.81,"12_18","no change","osmia",2,NA,7,1,0,1,11,5,0,0,0,9,0,6,0.579932325115669
"40","trapnest_12",2023-06-10,"12_18a","BP","D","High",18,"a",83.98,144.81,"12_18","no change","osmia",0,NA,7,0,0,0,11,6,0,0,0,9,0,6,0.579932325115669
"41","trapnest_12",2023-06-12,"12_18a","BP","D","High",18,"a",83.98,144.81,"12_18","no change","osmia",1,NA,7,0,0,0,11,6,0,0,0,9,0,6,0.579932325115669
"42","trapnest_12",2023-06-14,"12_18a","BP","D","High",18,"a",83.98,144.81,"12_18","1 cell + end cap","osmia",0,NA,7,1,0,1,11,6,0,0,0,13,0,7,0.579932325115669
"43","trapnest_12",2023-06-16,"12_18a","BP","D","High",18,"a",83.98,144.81,"12_18","no change","osmia",1,NA,6,0,0,0,12,7,0,0,0,13,0,7,0.579932325115669
"44","trapnest_12",2023-06-20,"12_18a","BP","D","High",18,"a",83.98,144.81,"12_18","no change","osmia",3,NA,6.5,2,0,2,11.5,6.5,0,0,0,13,0,7,0.579932325115669
"45","trapnest_12",2023-06-23,"12_18a","BP","D","High",18,"a",83.98,144.81,"12_18","no change","osmia",3,NA,6,0,0,0,12,7,0,0,0,13,0,6,0.579932325115669
"46","trapnest_12",2023-06-29,"12_18a","BP","D","High",18,"a",83.98,144.81,"12_18","no change","osmia",1,NA,6,1,0,1,12,7,0,0,0,13,0,7,0.579932325115669
"47","trapnest_12",2023-05-15,"12_5a","BP","D","High",5,"a",115.52,142.83,"12_5","2 cells","osmia",3,1,7,1,0,1,11,0,0,0,0,2,0,1,0.808793670797451
"48","trapnest_12",2023-05-16,"12_5a","BP","D","High",5,"a",115.52,142.83,"12_5","no change","osmia",1,NA,6,0,0,0,12,1,0,0,0,2,0,1,0.808793670797451
"49","trapnest_12",2023-05-17,"12_5a","BP","D","High",5,"a",115.52,142.83,"12_5","1 cell","osmia",1,NA,6,0,0,0,12,1,0,0,0,3,0,1,0.808793670797451
"50","trapnest_12",2023-05-19,"12_5a","BP","D","High",5,"a",115.52,142.83,"12_5","1 cell","osmia",2,NA,6,0,0,0,12,1,0,0,0,4,0,1,0.808793670797451
"51","trapnest_12",2023-05-21,"12_5a","BP","D","High",5,"a",115.52,142.83,"12_5","no change","osmia",1,NA,7,0,0,0,11,1,0,0,0,4,0,1,0.808793670797451
"52","trapnest_12",2023-05-22,"12_5a","BP","D","High",5,"a",115.52,142.83,"12_5","3 cells","osmia",1,NA,7,0,0,0,11,1,0,0,0,7,0,1,0.808793670797451
"53","trapnest_12",2023-05-23,"12_5a","BP","D","High",5,"a",115.52,142.83,"12_5","2 cells","osmia",1,NA,7,0,0,0,11,1,0,0,0,9,0,1,0.808793670797451
"54","trapnest_12",2023-05-26,"12_5a","BP","D","High",5,"a",115.52,142.83,"12_5","4 cells","osmia",2,NA,7,0,0,0,11,1,0,0,0,13,0,1,0.808793670797451
"55","trapnest_12",2023-05-28,"12_5a","BP","D","High",5,"a",115.52,142.83,"12_5","no change","osmia",2,NA,7,0,0,0,11,1,0,0,0,13,0,1,0.808793670797451
"56","trapnest_12",2023-05-29,"12_5a","BP","D","High",5,"a",115.52,142.83,"12_5","1 cell + end cap","osmia",1,NA,6.5,2,0,2,11.5,1.5,0,0,0,14,0,3,0.808793670797451
"57","trapnest_12",2023-05-31,"12_5a","BP","D","High",5,"a",115.52,142.83,"12_5","no change","osmia",2,NA,8.5,2,0,2,9.5,1.5,0,0,0,14,0,3,0.808793670797451
"58","trapnest_12",2023-06-02,"12_5a","BP","D","High",5,"a",115.52,142.83,"12_5","no change","osmia",2,NA,7.5,2,0,2,10.5,3.5,0,0,0,14,0,5,0.808793670797451
"59","trapnest_12",2023-06-05,"12_5a","BP","D","High",5,"a",115.52,142.83,"12_5","no change","osmia",1,NA,7,0,0,0,11,5,0,0,0,14,0,5,0.808793670797451
"60","trapnest_12",2023-06-08,"12_5a","BP","D","High",5,"a",115.52,142.83,"12_5","no change","osmia",2,NA,7,1,0,1,11,5,0,0,0,14,0,6,0.808793670797451
"61","trapnest_12",2023-06-10,"12_5a","BP","D","High",5,"a",115.52,142.83,"12_5","no change","osmia",0,NA,7,0,0,0,11,6,0,0,0,14,0,6,0.808793670797451
"62","trapnest_12",2023-06-12,"12_5a","BP","D","High",5,"a",115.52,142.83,"12_5","no change","osmia",1,NA,7,0,0,0,11,6,0,0,0,14,0,6,0.808793670797451
"63","trapnest_12",2023-06-14,"12_5a","BP","D","High",5,"a",115.52,142.83,"12_5","no change","osmia",0,NA,7,1,0,1,11,6,0,0,0,14,0,7,0.808793670797451
"64","trapnest_12",2023-06-16,"12_5a","BP","D","High",5,"a",115.52,142.83,"12_5","no change","osmia",1,NA,6,0,0,0,12,7,0,0,0,14,0,7,0.808793670797451
"65","trapnest_12",2023-06-20,"12_5a","BP","D","High",5,"a",115.52,142.83,"12_5","no change","osmia",3,NA,6.5,2,0,2,11.5,6.5,0,0,0,14,0,7,0.808793670797451
"66","trapnest_12",2023-05-29,"12_6b","BP","D","High",6,"b",103.97,143.76,"12_6","9 cells","osmia",1,1,6.5,2,0,2,11.5,1.5,0,0,0,9,0,3,0.723219254312743
"67","trapnest_12",2023-05-31,"12_6b","BP","D","High",6,"b",103.97,143.76,"12_6","6 cells","osmia",2,NA,8.5,2,0,2,9.5,1.5,0,0,0,15,0,3,0.723219254312743
"68","trapnest_12",2023-06-02,"12_6b","BP","D","High",6,"b",103.97,143.76,"12_6","no change","osmia",2,NA,7.5,2,0,2,10.5,3.5,0,0,0,15,0,5,0.723219254312743
"69","trapnest_12",2023-06-05,"12_6b","BP","D","High",6,"b",103.97,143.76,"12_6","end cap","osmia",1,NA,7,0,0,0,11,5,0,0,0,15,0,5,0.723219254312743
"70","trapnest_12",2023-06-08,"12_6b","BP","D","High",6,"b",103.97,143.76,"12_6","no change","osmia",2,NA,7,1,0,1,11,5,0,0,0,15,0,6,0.723219254312743
"71","trapnest_12",2023-06-10,"12_6b","BP","D","High",6,"b",103.97,143.76,"12_6","no change","osmia",0,NA,7,0,0,0,11,6,0,0,0,15,0,6,0.723219254312743
"72","trapnest_12",2023-06-12,"12_6b","BP","D","High",6,"b",103.97,143.76,"12_6","no change","osmia",1,NA,7,0,0,0,11,6,0,0,0,15,0,6,0.723219254312743
"73","trapnest_12",2023-06-14,"12_6b","BP","D","High",6,"b",103.97,143.76,"12_6","no change","osmia",0,NA,7,1,0,1,11,6,0,0,0,15,0,7,0.723219254312743
"74","trapnest_12",2023-06-16,"12_6b","BP","D","High",6,"b",103.97,143.76,"12_6","no change","osmia",1,NA,6,0,0,0,12,7,0,0,0,15,0,7,0.723219254312743
"75","trapnest_12",2023-06-20,"12_6c","BP","D","High",6,"c",51.58,143.84,"12_6","1 cell","osmia",3,1,6.5,2,0,2,11.5,6.5,0,0,1,1,1,7,0.358592880978865
"76","trapnest_12",2023-06-23,"12_6c","BP","D","High",6,"c",51.58,143.84,"12_6","6 cells","osmia",3,NA,6,0,0,0,12,7,0,0,5,7,0.714285714285714,6,0.358592880978865
"77","trapnest_12",2023-06-29,"12_6c","BP","D","High",6,"c",51.58,143.84,"12_6","end cap","osmia",1,NA,6,1,0,1,12,7,0,0,5,7,0.714285714285714,7,0.358592880978865
"78","trapnest_12",2023-06-14,"12_9b","BP","D","High",9,"b",21.9,130.53,"12_9","2 cells","osmia",0,1,7,1,0,1,11,6,0,0,1,2,0.5,7,0.167777522408642
"79","trapnest_12",2023-06-16,"12_9b","BP","D","High",9,"b",21.9,130.53,"12_9","1 cells + end cap","osmia",1,NA,6,0,0,0,12,7,0,0,1,3,0.333333333333333,7,0.167777522408642
"80","trapnest_12",2023-06-20,"12_9b","BP","D","High",9,"b",21.9,130.53,"12_9","no change","osmia",3,NA,6.5,2,0,2,11.5,6.5,0,0,1,3,0.333333333333333,7,0.167777522408642
"81","trapnest_12",2023-06-23,"12_9b","BP","D","High",9,"b",21.9,130.53,"12_9","no change","osmia",3,NA,6,0,0,0,12,7,0,0,1,3,0.333333333333333,6,0.167777522408642
"82","trapnest_12",2023-06-29,"12_9b","BP","D","High",9,"b",21.9,130.53,"12_9","no change","osmia",1,NA,6,1,0,1,12,7,0,0,1,3,0.333333333333333,7,0.167777522408642
"83","trapnest_13",2023-06-05,"13_11a","BP","E","Low",11,"a",41.44,140.51,"13_11","3 cells","osmia",1,1,13.5,2,0,2,4.5,4.5,0,0,2,3,0.666666666666667,6,0.294925628069177
"84","trapnest_13",2023-06-09,"13_11a","BP","E","Low",11,"a",41.44,140.51,"13_11","1 cell","osmia",0,NA,17,0,0,0,1,1,0,0,3,4,0.75,1,0.294925628069177
"85","trapnest_13",2023-06-10,"13_11a","BP","E","Low",11,"a",41.44,140.51,"13_11","no change","osmia",0,NA,17,0,0,0,1,1,0,0,3,4,0.75,1,0.294925628069177
"86","trapnest_13",2023-06-12,"13_11a","BP","E","Low",11,"a",41.44,140.51,"13_11","no change","osmia",1,NA,17,0,0,0,1,1,0,0,3,4,0.75,1,0.294925628069177
"87","trapnest_13",2023-06-14,"13_11a","BP","E","Low",11,"a",41.44,140.51,"13_11","end cap","osmia",0,NA,16,3,0,3,2,2,0,0,3,4,0.75,4,0.294925628069177
"88","trapnest_13",2023-05-29,"13_12a","BP","E","Low",12,"a",101,137,"13_12","2 cells","osmia",1,1,16,3,0,3,2,2,0,0,0,2,0,4,0.737226277372263
"89","trapnest_13",2023-05-31,"13_12a","BP","E","Low",12,"a",101,137,"13_12","4 cells","osmia",2,NA,16.5,4,0,4,1.5,1.5,0,0,1,6,0.166666666666667,4,0.737226277372263
"90","trapnest_13",2023-06-02,"13_12a","BP","E","Low",12,"a",101,137,"13_12","5 cells","osmia",2,NA,14.5,2,0,2,3.5,3.5,0,0,1,9,0.111111111111111,5,0.737226277372263
"91","trapnest_13",2023-06-05,"13_12a","BP","E","Low",12,"a",101,137,"13_12","1 cell + end cap","osmia",1,NA,13.5,2,0,2,4.5,4.5,0,0,1,12,0.0833333333333333,6,0.737226277372263
"92","trapnest_13",2023-06-14,"13_14a","BP","E","Low",14,"a",19.88,140.03,"13_14","2 cells + end cap","osmia",0,1,16,3,0,3,2,2,0,0,2,2,1,4,0.141969577947583
"93","trapnest_13",2023-06-14,"13_16a","BP","E","Low",16,"a",15.4,141.29,"13_16","2 cells + end cap","osmia",0,1,16,3,0,3,2,2,0,0,0,2,0,4,0.108995682638545
"94","trapnest_13",2023-06-14,"13_18a","BP","E","Low",18,"a",23.44,138.41,"13_18","2 cells","osmia",0,1,16,3,0,3,2,2,0,0,2,2,1,4,0.169351925438913
"95","trapnest_13",2023-06-16,"13_18a","BP","E","Low",18,"a",23.44,138.41,"13_18","1 cell","osmia",1,NA,17,1,0,1,1,1,0,0,3,3,1,2,0.169351925438913
"96","trapnest_13",2023-06-20,"13_18a","BP","E","Low",18,"a",23.44,138.41,"13_18","1 cell","osmia",3,NA,16,0,0,0,2,2,0,0,3,4,0.75,2,0.169351925438913
"97","trapnest_13",2023-06-23,"13_18a","BP","E","Low",18,"a",23.44,138.41,"13_18","no change","osmia",3,NA,16.5,0,2,2,1,1,0.5,0.5,3,4,0.75,1,0.169351925438913
"98","trapnest_13",2023-06-29,"13_18a","BP","E","Low",18,"a",23.44,138.41,"13_18","no change","osmia",1,NA,14,0,1,1,1,1,2,2,3,4,0.75,1,0.169351925438913
"99","trapnest_13",2023-05-23,"13_2a","BP","E","Low",2,"a",105.25,123.3,"13_2","2 cells","osmia",1,1,18,1,0,1,0,0,0,0,0,2,0,1,0.853609083536091
"100","trapnest_13",2023-05-26,"13_2a","BP","E","Low",2,"a",105.25,123.3,"13_2","5 cells","osmia",2,NA,17,0,0,0,1,1,0,0,0,7,0,1,0.853609083536091
"101","trapnest_13",2023-05-28,"13_2a","BP","E","Low",2,"a",105.25,123.3,"13_2","no change","osmia",2,NA,17,0,0,0,1,1,0,0,0,7,0,1,0.853609083536091
"102","trapnest_13",2023-05-29,"13_2a","BP","E","Low",2,"a",105.25,123.3,"13_2","5 cells + end cap","osmia",1,NA,16,3,0,3,2,2,0,0,0,9,0,4,0.853609083536091
"103","trapnest_13",2023-05-31,"13_2b","BP","E","Low",2,"b",34.05,146.25,"13_2","3 cells","osmia",2,1,16.5,4,0,4,1.5,1.5,0,0,0,3,0,4,0.232820512820513
"104","trapnest_13",2023-06-02,"13_2b","BP","E","Low",2,"b",34.05,146.25,"13_2","1 cells + end cap","osmia",2,NA,14.5,2,0,2,3.5,3.5,0,0,0,4,0,5,0.232820512820513
"105","trapnest_13",2023-06-05,"13_2b","BP","E","Low",2,"b",34.05,146.25,"13_2","no change","osmia",1,NA,13.5,2,0,2,4.5,4.5,0,0,0,4,0,6,0.232820512820513
"106","trapnest_13",2023-05-29,"13_4a","BP","E","Low",4,"a",75.74,150.06,"13_4","6 cells","osmia",1,1,16,3,0,3,2,2,0,0,0,6,0,4,0.50473144075703
"107","trapnest_13",2023-05-31,"13_4a","BP","E","Low",4,"a",75.74,150.06,"13_4","2 cells + end cap","osmia",2,NA,16.5,4,0,4,1.5,1.5,0,0,0,8,0,4,0.50473144075703
"108","trapnest_13",2023-06-02,"13_4b","BP","E","Low",4,"b",41.56,85.621,"13_4","4 cells","osmia",2,1,14.5,2,0,2,3.5,3.5,0,0,1,4,0.25,5,0.485394938157695
"109","trapnest_13",2023-06-05,"13_4b","BP","E","Low",4,"b",41.56,85.621,"13_4","no change","osmia",1,NA,13.5,2,0,2,4.5,4.5,0,0,1,4,0.25,6,0.485394938157695
"110","trapnest_13",2023-06-16,"13_5a","BP","E","Low",5,"a",9.55,150.06,"13_5","1 cell + end cap","osmia",1,1,17,1,0,1,1,1,0,0,1,1,1,2,0.0636412101825936
"111","trapnest_13",2023-06-20,"13_5a","BP","E","Low",5,"a",9.55,150.06,"13_5","no change","osmia",3,NA,16,0,0,0,2,2,0,0,1,1,1,2,0.0636412101825936
"112","trapnest_13",2023-05-29,"13_7a","BP","E","Low",7,"a",133.33,152.52,"13_7","9 cells","osmia",1,1,16,3,0,3,2,2,0,0,0,9,0,4,0.874180435352741
"113","trapnest_13",2023-05-31,"13_7a","BP","E","Low",7,"a",133.33,152.52,"13_7","7 cells","osmia",2,NA,16.5,4,0,4,1.5,1.5,0,0,0,16,0,4,0.874180435352741
"114","trapnest_13",2023-06-02,"13_7a","BP","E","Low",7,"a",133.33,152.52,"13_7","3 cells + end cap","osmia",2,NA,14.5,2,0,2,3.5,3.5,0,0,0,19,0,5,0.874180435352741
"115","trapnest_13",2023-06-05,"13_7b","BP","E","Low",7,"b",48.93,153,"13_7","4 cells + end cap","osmia",1,1,13.5,2,0,2,4.5,4.5,0,0,0,4,0,6,0.319803921568627
"116","trapnest_13",2023-06-02,"13_8a","BP","E","Low",8,"a",3.094,147.37,"13_8","3 cells","osmia",2,1,14.5,2,0,2,3.5,3.5,0,0,0,3,0,5,0.0209947750559815
"117","trapnest_13",2023-06-05,"13_8a","BP","E","Low",8,"a",3.094,147.37,"13_8","1 cell + end cap","osmia",1,NA,13.5,2,0,2,4.5,4.5,0,0,1,4,0.25,6,0.0209947750559815
"118","trapnest_14",2023-05-31,"14_10a","BP","E","Mid",10,"a",32.56,149.7,"14_10","3 cells","osmia",2,1,11.5,4,0,4,6.5,1.5,0,0,0,3,0,3,0.21750167000668
"119","trapnest_14",2023-06-02,"14_10a","BP","E","Mid",10,"a",32.56,149.7,"14_10","end cap","osmia",2,NA,12,1,0,1,6,3,0,0,0,3,0,2,0.21750167000668
"120","trapnest_14",2023-06-05,"14_10b","BP","E","Mid",10,"b",48.98,141.14,"14_10","6 cells + end cap","osmia",1,1,12,1,0,1,6,3,0,0,0,6,0,2,0.347031316423409
"121","trapnest_14",2023-06-09,"14_10b","BP","E","Mid",10,"b",48.98,141.14,"14_10","no change","osmia",0,NA,12,0,0,0,6,3,0,0,0,6,0,2,0.347031316423409
"122","trapnest_14",2023-06-10,"14_10b","BP","E","Mid",10,"b",48.98,141.14,"14_10","no change","osmia",0,NA,12,0,0,0,6,3,0,0,0,6,0,2,0.347031316423409
"123","trapnest_14",2023-06-12,"14_10b","BP","E","Mid",10,"b",48.98,141.14,"14_10","no change","osmia",1,NA,12,0,0,0,6,3,0,0,0,6,0,2,0.347031316423409
"124","trapnest_14",2023-06-14,"14_10b","BP","E","Mid",10,"b",48.98,141.14,"14_10","no change","osmia",0,NA,12,0,0,0,6,3,0,0,0,6,0,2,0.347031316423409
"125","trapnest_14",2023-06-16,"14_10b","BP","E","Mid",10,"b",48.98,141.14,"14_10","no change","osmia",1,NA,12,0,0,0,6,3,0,0,0,6,0,2,0.347031316423409
"126","trapnest_14",2023-06-20,"14_10b","BP","E","Mid",10,"b",48.98,141.14,"14_10","no change","osmia",3,NA,12,0,0,0,6,2,0,0,0,6,0,2,0.347031316423409
"127","trapnest_14",2023-06-23,"14_10b","BP","E","Mid",10,"b",48.98,141.14,"14_10","no change","osmia",3,NA,12,0,0,0,6,2,0,0,0,6,0,2,0.347031316423409
"128","trapnest_14",2023-06-29,"14_10b","BP","E","Mid",10,"b",48.98,141.14,"14_10","no change","osmia",1,NA,12,0,0,0,6,2,0,0,0,6,0,2,0.347031316423409
"129","trapnest_14",2023-05-29,"14_12a","BP","E","Mid",12,"a",76.22,145.71,"14_12","7 cells","osmia",1,1,13,1,0,1,5,0,0,0,2,7,0.285714285714286,1,0.523093816484799
"130","trapnest_14",2023-05-31,"14_12a","BP","E","Mid",12,"a",76.22,145.71,"14_12","1 cell + end cap","osmia",2,NA,11.5,4,0,4,6.5,1.5,0,0,2,8,0.25,3,0.523093816484799
"131","trapnest_14",2023-05-31,"14_16a","BP","E","Mid",16,"a",67.77,143.11,"14_16","2 cells","osmia",2,1,11.5,4,0,4,6.5,1.5,0,0,0,2,0,3,0.473551813290476
"132","trapnest_14",2023-06-02,"14_16a","BP","E","Mid",16,"a",67.77,143.11,"14_16","7 cells + end cap","osmia",2,NA,12,1,0,1,6,3,0,0,0,9,0,2,0.473551813290476
"133","trapnest_14",2023-06-05,"14_16a","BP","E","Mid",16,"a",67.77,143.11,"14_16","no change","osmia",1,NA,12,1,0,1,6,3,0,0,0,9,0,2,0.473551813290476
"134","trapnest_14",2023-06-09,"14_16a","BP","E","Mid",16,"a",67.77,143.11,"14_16","no change","osmia",0,NA,12,0,0,0,6,3,0,0,0,9,0,2,0.473551813290476
"135","trapnest_14",2023-06-10,"14_16a","BP","E","Mid",16,"a",67.77,143.11,"14_16","no change","osmia",0,NA,12,0,0,0,6,3,0,0,0,9,0,2,0.473551813290476
"136","trapnest_14",2023-06-12,"14_16a","BP","E","Mid",16,"a",67.77,143.11,"14_16","no change","osmia",1,NA,12,0,0,0,6,3,0,0,0,9,0,2,0.473551813290476
"137","trapnest_14",2023-06-14,"14_16a","BP","E","Mid",16,"a",67.77,143.11,"14_16","no change","osmia",0,NA,12,0,0,0,6,3,0,0,0,9,0,2,0.473551813290476
"138","trapnest_14",2023-06-16,"14_16a","BP","E","Mid",16,"a",67.77,143.11,"14_16","no change","osmia",1,NA,12,0,0,0,6,3,0,0,0,9,0,2,0.473551813290476
"139","trapnest_14",2023-06-20,"14_16a","BP","E","Mid",16,"a",67.77,143.11,"14_16","no change","osmia",3,NA,12,0,0,0,6,2,0,0,0,9,0,2,0.473551813290476
"140","trapnest_14",2023-06-23,"14_16a","BP","E","Mid",16,"a",67.77,143.11,"14_16","no change","osmia",3,NA,12,0,0,0,6,2,0,0,0,9,0,2,0.473551813290476
"141","trapnest_14",2023-06-29,"14_16a","BP","E","Mid",16,"a",67.77,143.11,"14_16","no change","osmia",1,NA,12,0,0,0,6,2,0,0,0,9,0,2,0.473551813290476
"142","trapnest_15",2023-05-15,"15_4a","BP","E","High",4,"a",10.75,143.02,"15_4","inner wall","osmia",3,1,7,1,0,1,11,0,0,0,NA,NA,NA,0,0.0751643126835408
"143","trapnest_15",2023-05-16,"15_4a","BP","E","High",4,"a",10.75,143.02,"15_4","no change","osmia",1,NA,6,0,0,0,12,1,0,0,NA,NA,NA,0,0.0751643126835408
"144","trapnest_15",2023-05-17,"15_4a","BP","E","High",4,"a",10.75,143.02,"15_4","1 cell + end cap","osmia",1,NA,6,1,0,1,12,1,0,0,1,1,1,1,0.0751643126835408
"145","trapnest_15",2023-05-19,"15_4a","BP","E","High",4,"a",10.75,143.02,"15_4","no change","osmia",2,NA,6,0,0,0,12,2,0,0,1,1,1,1,0.0751643126835408
"146","trapnest_15",2023-05-21,"15_4a","BP","E","High",4,"a",10.75,143.02,"15_4","no change","osmia",1,NA,7,0,0,0,11,1,0,0,1,1,1,1,0.0751643126835408
"147","trapnest_15",2023-05-22,"15_4a","BP","E","High",4,"a",10.75,143.02,"15_4","no change","osmia",1,NA,6.5,2,0,2,11.5,1.5,0,0,1,1,1,2,0.0751643126835408
"148","trapnest_15",2023-05-23,"15_4a","BP","E","High",4,"a",10.75,143.02,"15_4","no change","osmia",1,NA,7,0,0,0,11,3,0,0,1,1,1,2,0.0751643126835408
"149","trapnest_15",2023-05-26,"15_4a","BP","E","High",4,"a",10.75,143.02,"15_4","no change","osmia",2,NA,7,0,0,0,11,3,0,0,1,1,1,2,0.0751643126835408
"150","trapnest_15",2023-05-28,"15_4a","BP","E","High",4,"a",10.75,143.02,"15_4","no change","osmia",2,NA,7,0,0,0,11,3,0,0,1,1,1,2,0.0751643126835408
"151","trapnest_15",2023-05-29,"15_4a","BP","E","High",4,"a",10.75,143.02,"15_4","no change","osmia",1,NA,7,0,0,0,11,3,0,0,1,1,1,2,0.0751643126835408
"152","trapnest_15",2023-05-31,"15_4a","BP","E","High",4,"a",10.75,143.02,"15_4","no change","osmia",2,NA,7,0,0,0,11,2,0,0,1,1,1,2,0.0751643126835408
"153","trapnest_15",2023-06-02,"15_4a","BP","E","High",4,"a",10.75,143.02,"15_4","no change","osmia",2,NA,7,0,0,0,11,2,0,0,1,1,1,2,0.0751643126835408
"154","trapnest_15",2023-06-05,"15_4a","BP","E","High",4,"a",10.75,143.02,"15_4","no change","osmia",1,NA,7,0,0,0,11,2,0,0,1,1,1,2,0.0751643126835408
"155","trapnest_15",2023-06-09,"15_4a","BP","E","High",4,"a",10.75,143.02,"15_4","no change","osmia",0,NA,7,0,0,0,11,2,0,0,1,1,1,2,0.0751643126835408
"156","trapnest_15",2023-06-10,"15_4a","BP","E","High",4,"a",10.75,143.02,"15_4","no change","osmia",0,NA,7,0,0,0,11,2,0,0,1,1,1,2,0.0751643126835408
"157","trapnest_15",2023-06-12,"15_4a","BP","E","High",4,"a",10.75,143.02,"15_4","no change","osmia",1,NA,7,0,0,0,11,2,0,0,1,1,1,2,0.0751643126835408
"158","trapnest_15",2023-06-14,"15_4a","BP","E","High",4,"a",10.75,143.02,"15_4","no change","osmia",0,NA,7,0,0,0,11,2,0,0,1,1,1,2,0.0751643126835408
"159","trapnest_15",2023-06-16,"15_4a","BP","E","High",4,"a",10.75,143.02,"15_4","no change","osmia",1,NA,7,0,0,0,11,2,0,0,1,1,1,2,0.0751643126835408
"160","trapnest_15",2023-06-20,"15_4a","BP","E","High",4,"a",10.75,143.02,"15_4","no change","osmia",3,NA,7,0,0,0,11,2,0,0,1,1,1,2,0.0751643126835408
"161","trapnest_15",2023-05-22,"15_6b","BP","E","High",6,"b",8.77,144.32,"15_6","1 cell + end cap","osmia",1,1,6.5,2,0,2,11.5,1.5,0,0,0,1,0,2,0.0607677383592018
"162","trapnest_15",2023-05-23,"15_6b","BP","E","High",6,"b",8.77,144.32,"15_6","no change","osmia",1,NA,7,0,0,0,11,3,0,0,0,1,0,2,0.0607677383592018
"163","trapnest_15",2023-05-26,"15_6b","BP","E","High",6,"b",8.77,144.32,"15_6","no change","osmia",2,NA,7,0,0,0,11,3,0,0,0,1,0,2,0.0607677383592018
"164","trapnest_15",2023-05-28,"15_6b","BP","E","High",6,"b",8.77,144.32,"15_6","no change","osmia",2,NA,7,0,0,0,11,3,0,0,0,1,0,2,0.0607677383592018
"165","trapnest_15",2023-05-29,"15_6b","BP","E","High",6,"b",8.77,144.32,"15_6","no change","osmia",1,NA,7,0,0,0,11,3,0,0,0,1,0,2,0.0607677383592018
"166","trapnest_15",2023-05-31,"15_6b","BP","E","High",6,"b",8.77,144.32,"15_6","no change","osmia",2,NA,7,0,0,0,11,2,0,0,0,1,0,2,0.0607677383592018
"167","trapnest_15",2023-06-02,"15_6b","BP","E","High",6,"b",8.77,144.32,"15_6","no change","osmia",2,NA,7,0,0,0,11,2,0,0,0,1,0,2,0.0607677383592018
"168","trapnest_15",2023-06-05,"15_6b","BP","E","High",6,"b",8.77,144.32,"15_6","no change","osmia",1,NA,7,0,0,0,11,2,0,0,0,1,0,2,0.0607677383592018
"169","trapnest_15",2023-06-09,"15_6b","BP","E","High",6,"b",8.77,144.32,"15_6","no change","osmia",0,NA,7,0,0,0,11,2,0,0,0,1,0,2,0.0607677383592018
"170","trapnest_15",2023-06-10,"15_6b","BP","E","High",6,"b",8.77,144.32,"15_6","no change","osmia",0,NA,7,0,0,0,11,2,0,0,0,1,0,2,0.0607677383592018
"171","trapnest_15",2023-06-12,"15_6b","BP","E","High",6,"b",8.77,144.32,"15_6","no change","osmia",1,NA,7,0,0,0,11,2,0,0,0,1,0,2,0.0607677383592018
"172","trapnest_15",2023-06-14,"15_6b","BP","E","High",6,"b",8.77,144.32,"15_6","no change","osmia",0,NA,7,0,0,0,11,2,0,0,0,1,0,2,0.0607677383592018
"173","trapnest_15",2023-06-16,"15_6b","BP","E","High",6,"b",8.77,144.32,"15_6","no change","osmia",1,NA,7,0,0,0,11,2,0,0,0,1,0,2,0.0607677383592018
"174","trapnest_15",2023-06-20,"15_6b","BP","E","High",6,"b",8.77,144.32,"15_6","no change","osmia",3,NA,7,0,0,0,11,2,0,0,0,1,0,2,0.0607677383592018
"175","trapnest_15",2023-06-23,"15_6b","BP","E","High",6,"b",8.77,144.32,"15_6","no change","osmia",3,NA,8,0,1,1,10,1,0,0,0,1,0,1,0.0607677383592018
"176","trapnest_15",2023-06-29,"15_6b","BP","E","High",6,"b",8.77,144.32,"15_6","no change","osmia",1,NA,6,0,0,0,11,1,1,1,0,1,0,1,0.0607677383592018
"177","trapnest_16",2023-05-26,"16_11a","BP","F","Low",11,"a",44.25,149.85,"16_11","inner wall","osmia",2,1,16,1,0,1,2,2,0,0,NA,NA,NA,2,0.295295295295295
"178","trapnest_16",2023-05-28,"16_11a","BP","F","Low",11,"a",44.25,149.85,"16_11","no change","osmia",2,NA,16,0,0,0,2,2,0,0,NA,NA,NA,1,0.295295295295295
"179","trapnest_16",2023-05-29,"16_11a","BP","F","Low",11,"a",44.25,149.85,"16_11","no change","osmia",1,NA,14.5,4,0,4,3.5,3.5,0,0,NA,NA,NA,4,0.295295295295295
"180","trapnest_16",2023-05-31,"16_11a","BP","F","Low",11,"a",44.25,149.85,"16_11","no change","osmia",2,NA,14.5,4,0,4,3.5,3.5,0,0,NA,NA,NA,5,0.295295295295295
"181","trapnest_16",2023-06-02,"16_11a","BP","F","Low",11,"a",44.25,149.85,"16_11","6 cells + end cap","osmia",2,NA,15,1,0,1,3,3,0,0,5,6,0.833333333333333,4,0.295295295295295
"182","trapnest_16",2023-06-05,"16_11a","BP","F","Low",11,"a",44.25,149.85,"16_11","no change","osmia",1,NA,16,0,0,0,2,2,0,0,5,6,0.833333333333333,2,0.295295295295295
"183","trapnest_16",2023-05-29,"16_14a","BP","F","Low",14,"a",11.4,142.13,"16_14","2 cells","osmia",1,1,14.5,4,0,4,3.5,3.5,0,0,0,2,0,4,0.080208260043622
"184","trapnest_16",2023-05-31,"16_14a","BP","F","Low",14,"a",11.4,142.13,"16_14","5 cells + end cap","osmia",2,NA,14.5,4,0,4,3.5,3.5,0,0,0,7,0,5,0.080208260043622
"185","trapnest_16",2023-05-29,"16_1a","BP","F","Low",1,"a",7.13,140.01,"16_1","inner wall","osmia",1,1,14.5,4,0,4,3.5,3.5,0,0,NA,NA,NA,4,0.0509249339332905
"186","trapnest_16",2023-05-31,"16_1a","BP","F","Low",1,"a",7.13,140.01,"16_1","1 cell","osmia",2,NA,14.5,4,0,4,3.5,3.5,0,0,0,1,0,5,0.0509249339332905
"187","trapnest_16",2023-06-02,"16_1a","BP","F","Low",1,"a",7.13,140.01,"16_1","no change","osmia",2,NA,15,1,0,1,3,3,0,0,0,1,0,4,0.0509249339332905
"188","trapnest_16",2023-06-05,"16_1a","BP","F","Low",1,"a",7.13,140.01,"16_1","no change","osmia",1,NA,16,0,0,0,2,2,0,0,0,1,0,2,0.0509249339332905
"189","trapnest_16",2023-05-29,"16_3b","BP","F","Low",3,"b",65.59,143.64,"16_3","3 cells + end cap","osmia",1,1,14.5,4,0,4,3.5,3.5,0,0,0,3,0,4,0.456627680311891
"190","trapnest_16",2023-05-31,"16_3b","BP","F","Low",3,"b",65.59,143.64,"16_3","no change","osmia",2,NA,14.5,4,0,4,3.5,3.5,0,0,0,3,0,5,0.456627680311891
"191","trapnest_16",2023-05-12,"16_5a","BP","F","Low",5,"a",86.8,140.489,"16_5","1 cell","osmia",1,1,17,1,0,1,1,1,0,0,0,1,0,1,0.61784196627494
"192","trapnest_16",2023-05-15,"16_5a","BP","F","Low",5,"a",86.8,140.489,"16_5","5 cells","osmia",3,NA,17.5,2,0,2,0.5,0.5,0,0,0,6,0,2,0.61784196627494
"193","trapnest_16",2023-05-16,"16_5a","BP","F","Low",5,"a",86.8,140.489,"16_5","no change","osmia",1,NA,16,0,0,0,2,2,0,0,0,6,0,2,0.61784196627494
"194","trapnest_16",2023-05-17,"16_5a","BP","F","Low",5,"a",86.8,140.489,"16_5","1 cell","osmia",1,NA,16,0,0,0,2,2,0,0,0,7,0,2,0.61784196627494
"195","trapnest_16",2023-05-19,"16_5a","BP","F","Low",5,"a",86.8,140.489,"16_5","1 cell","osmia",2,NA,16,0,0,0,2,2,0,0,0,8,0,2,0.61784196627494
"196","trapnest_16",2023-05-21,"16_5a","BP","F","Low",5,"a",86.8,140.489,"16_5","no change","osmia",1,NA,16,0,0,0,2,2,0,0,0,8,0,2,0.61784196627494
"197","trapnest_16",2023-05-22,"16_5a","BP","F","Low",5,"a",86.8,140.489,"16_5","2 cells + end cap","osmia",1,NA,16,0,0,0,2,2,0,0,0,9,0,2,0.61784196627494
"198","trapnest_16",2023-05-23,"16_5b","BP","F","Low",5,"b",77,133,"16_5","2 cells","osmia",1,1,17,1,0,1,1,1,0,0,0,2,0,2,0.578947368421053
"199","trapnest_16",2023-05-26,"16_5b","BP","F","Low",5,"b",77,133,"16_5","4 cells","osmia",2,NA,16,1,0,1,2,2,0,0,0,6,0,2,0.578947368421053
"200","trapnest_16",2023-05-28,"16_5b","BP","F","Low",5,"b",77,133,"16_5","no change","osmia",2,NA,16,0,0,0,2,2,0,0,0,6,0,1,0.578947368421053
"201","trapnest_16",2023-05-29,"16_5b","BP","F","Low",5,"b",77,133,"16_5","2 cells + end cap","osmia",1,NA,14.5,4,0,4,3.5,3.5,0,0,0,8,0,4,0.578947368421053
"202","trapnest_16",2023-06-02,"16_5c","BP","F","Low",5,"c",19.57,142.88,"16_5","3 cells + end cap","osmia",2,1,15,1,0,1,3,3,0,0,1,3,0.333333333333333,4,0.136968085106383
"203","trapnest_16",2023-05-29,"16_6a","BP","F","Low",6,"a",41.41,142.06,"16_6","5 cells + end cap","osmia",1,1,14.5,4,0,4,3.5,3.5,0,0,0,3,0,4,0.291496550753203
"204","trapnest_16",2023-05-31,"16_6b","BP","F","Low",6,"b",58.2,150.21,"16_6","1 cell + end cap","osmia",2,1,14.5,4,0,4,3.5,3.5,0,0,0,1,0,5,0.387457559416816
"205","trapnest_16",2023-05-15,"16_8a","BP","F","Low",8,"a",26.95,123.63,"16_8","1 cell","osmia",3,1,17.5,2,0,2,0.5,0.5,0,0,1,1,1,2,0.217989161206827
"206","trapnest_16",2023-05-16,"16_8a","BP","F","Low",8,"a",26.95,123.63,"16_8","no change","osmia",1,NA,16,0,0,0,2,2,0,0,1,1,1,2,0.217989161206827
"207","trapnest_16",2023-05-17,"16_8a","BP","F","Low",8,"a",26.95,123.63,"16_8","1 cell","osmia",1,NA,16,0,0,0,2,2,0,0,2,2,1,2,0.217989161206827
"208","trapnest_16",2023-05-19,"16_8a","BP","F","Low",8,"a",26.95,123.63,"16_8","no change","osmia",2,NA,16,0,0,0,2,2,0,0,2,2,1,2,0.217989161206827
"209","trapnest_16",2023-05-21,"16_8a","BP","F","Low",8,"a",26.95,123.63,"16_8","no change","osmia",1,NA,16,0,0,0,2,2,0,0,2,2,1,2,0.217989161206827
"210","trapnest_16",2023-05-22,"16_8a","BP","F","Low",8,"a",26.95,123.63,"16_8","no change","osmia",1,NA,16,0,0,0,2,2,0,0,2,2,1,2,0.217989161206827
"211","trapnest_16",2023-05-23,"16_8a","BP","F","Low",8,"a",26.95,123.63,"16_8","no change","osmia",1,NA,17,1,0,1,1,1,0,0,2,2,1,2,0.217989161206827
"212","trapnest_16",2023-05-26,"16_8a","BP","F","Low",8,"a",26.95,123.63,"16_8","no change","osmia",2,NA,16,1,0,1,2,2,0,0,2,2,1,2,0.217989161206827
"213","trapnest_16",2023-05-31,"16_8b","BP","F","Low",8,"b",33.96,149.35,"16_8","2 cells","osmia",2,1,14.5,4,0,4,3.5,3.5,0,0,0,2,0,5,0.227385336457985
"214","trapnest_16",2023-06-02,"16_8b","BP","F","Low",8,"b",33.96,149.35,"16_8","1 cell + end cap","osmia",2,NA,15,1,0,1,3,3,0,0,0,3,0,4,0.227385336457985
"215","trapnest_17",2023-06-23,"17_13b","BP","F","Mid",13,"b",40.29,134.99,"17_13","5 cells + end cap","osmia",3,1,9,1,2,3,6,5,2.5,2.5,1,5,0.2,6,0.298466553078006
"216","trapnest_17",2023-06-29,"17_13b","BP","F","Mid",13,"b",40.29,134.99,"17_13","no change","osmia",1,NA,9,0,0,0,5,4,4,4,1,5,0.2,4,0.298466553078006
"217","trapnest_17",2023-05-26,"17_15a","BP","F","Mid",15,"a",74.49,146.51,"17_15","8 cells","osmia",2,1,12,1,0,1,6,0,0,0,0,8,0,1,0.508429458740018
"218","trapnest_17",2023-05-28,"17_15a","BP","F","Mid",15,"a",74.49,146.51,"17_15","no change","osmia",2,NA,11,0,0,0,7,1,0,0,0,8,0,1,0.508429458740018
"219","trapnest_17",2023-05-29,"17_15a","BP","F","Mid",15,"a",74.49,146.51,"17_15","no change","osmia",1,NA,10.5,2,0,2,7.5,1.5,0,0,0,8,0,2,0.508429458740018
"220","trapnest_17",2023-05-31,"17_15a","BP","F","Mid",15,"a",74.49,146.51,"17_15","5 cells + end cap","osmia",2,NA,12,0,0,0,6,3,0,0,0,9,0,2,0.508429458740018
"221","trapnest_17",2023-06-02,"17_15a","BP","F","Mid",15,"a",74.49,146.51,"17_15","no change","osmia",2,NA,11,3,0,3,7,4,0,0,0,9,0,3,0.508429458740018
"222","trapnest_17",2023-06-05,"17_15a","BP","F","Mid",15,"a",74.49,146.51,"17_15","no change","osmia",1,NA,11.5,2,0,2,6.5,5.5,0,0,0,9,0,5,0.508429458740018
"223","trapnest_17",2023-06-09,"17_15a","BP","F","Mid",15,"a",74.49,146.51,"17_15","no change","osmia",0,NA,11,0,0,0,7,6,0,0,0,9,0,4,0.508429458740018
"224","trapnest_17",2023-06-10,"17_15a","BP","F","Mid",15,"a",74.49,146.51,"17_15","no change","osmia",0,NA,11,0,0,0,7,6,0,0,0,9,0,4,0.508429458740018
"225","trapnest_17",2023-06-12,"17_15a","BP","F","Mid",15,"a",74.49,146.51,"17_15","no change","osmia",1,NA,11,0,0,0,7,6,0,0,0,9,0,4,0.508429458740018
"226","trapnest_17",2023-06-14,"17_15a","BP","F","Mid",15,"a",74.49,146.51,"17_15","no change","osmia",0,NA,11,0,1,1,7,6,0,0,0,9,0,5,0.508429458740018
"227","trapnest_17",2023-06-16,"17_15a","BP","F","Mid",15,"a",74.49,146.51,"17_15","no change","osmia",1,NA,10,0,0,0,7,6,1,1,0,9,0,5,0.508429458740018
"228","trapnest_17",2023-06-20,"17_15a","BP","F","Mid",15,"a",74.49,146.51,"17_15","no change","osmia",3,NA,11,0,1,1,6,5,1,1,0,9,0,5,0.508429458740018
"229","trapnest_17",2023-06-23,"17_15a","BP","F","Mid",15,"a",74.49,146.51,"17_15","no change","osmia",3,NA,9,1,2,3,6,5,2.5,2.5,0,9,0,6,0.508429458740018
"230","trapnest_17",2023-06-29,"17_15a","BP","F","Mid",15,"a",74.49,146.51,"17_15","no change","osmia",1,NA,9,0,0,0,5,4,4,4,0,9,0,4,0.508429458740018
"231","trapnest_17",2023-06-05,"17_16a","BP","F","Mid",16,"a",22.77,144.92,"17_16","3 cells","osmia",1,1,11.5,2,0,2,6.5,5.5,0,0,0,3,0,5,0.157121170300856
"232","trapnest_17",2023-06-09,"17_16a","BP","F","Mid",16,"a",22.77,144.92,"17_16","no change","osmia",0,NA,11,0,0,0,7,6,0,0,0,3,0,4,0.157121170300856
"233","trapnest_17",2023-06-10,"17_16a","BP","F","Mid",16,"a",22.77,144.92,"17_16","no change","osmia",0,NA,11,0,0,0,7,6,0,0,0,3,0,4,0.157121170300856
"234","trapnest_17",2023-06-12,"17_16a","BP","F","Mid",16,"a",22.77,144.92,"17_16","no change","osmia",1,NA,11,0,0,0,7,6,0,0,0,3,0,4,0.157121170300856
"235","trapnest_17",2023-06-14,"17_16a","BP","F","Mid",16,"a",22.77,144.92,"17_16","end cap","osmia",0,NA,11,0,1,1,7,6,0,0,0,3,0,5,0.157121170300856
"236","trapnest_17",2023-06-16,"17_16a","BP","F","Mid",16,"a",22.77,144.92,"17_16","no change","osmia",1,NA,10,0,0,0,7,6,1,1,0,3,0,5,0.157121170300856
"237","trapnest_17",2023-06-20,"17_16a","BP","F","Mid",16,"a",22.77,144.92,"17_16","no change","osmia",3,NA,11,0,1,1,6,5,1,1,0,3,0,5,0.157121170300856
"238","trapnest_17",2023-06-23,"17_16a","BP","F","Mid",16,"a",22.77,144.92,"17_16","no change","osmia",3,NA,9,1,2,3,6,5,2.5,2.5,0,3,0,6,0.157121170300856
"239","trapnest_17",2023-06-29,"17_16a","BP","F","Mid",16,"a",22.77,144.92,"17_16","no change","osmia",1,NA,9,0,0,0,5,4,4,4,0,3,0,4,0.157121170300856
"240","trapnest_17",2023-05-29,"17_17a","BP","F","Mid",17,"a",55.95,153.18,"17_17","4 cells","osmia",1,1,10.5,2,0,2,7.5,1.5,0,0,1,4,0.25,2,0.365256560908735
"241","trapnest_17",2023-05-31,"17_17a","BP","F","Mid",17,"a",55.95,153.18,"17_17","no change","osmia",2,NA,12,0,0,0,6,3,0,0,1,4,0.25,2,0.365256560908735
"242","trapnest_17",2023-06-02,"17_17a","BP","F","Mid",17,"a",55.95,153.18,"17_17","1 cell + end cap","osmia",2,NA,11,3,0,3,7,4,0,0,2,5,0.4,3,0.365256560908735
"243","trapnest_17",2023-06-05,"17_17b","BP","F","Mid",17,"b",24.4,139.02,"17_17","3 cells + end cap","osmia",1,1,11.5,2,0,2,6.5,5.5,0,0,2,3,0.666666666666667,5,0.175514314487124
"244","trapnest_17",2023-05-29,"17_18a","BP","F","Mid",18,"a",21.07,139.95,"17_18","inner wall","osmia",1,1,10.5,2,0,2,7.5,1.5,0,0,NA,NA,NA,2,0.150553769203287
"245","trapnest_17",2023-05-31,"17_18a","BP","F","Mid",18,"a",21.07,139.95,"17_18","no change","osmia",2,NA,12,0,0,0,6,3,0,0,NA,NA,NA,2,0.150553769203287
"246","trapnest_17",2023-06-02,"17_18a","BP","F","Mid",18,"a",21.07,139.95,"17_18","4 cells + end cap","osmia",2,NA,11,3,0,3,7,4,0,0,0,4,0,3,0.150553769203287
"247","trapnest_17",2023-06-05,"17_18a","BP","F","Mid",18,"a",21.07,139.95,"17_18","no change","osmia",1,NA,11.5,2,0,2,6.5,5.5,0,0,0,4,0,5,0.150553769203287
"248","trapnest_17",2023-06-09,"17_18a","BP","F","Mid",18,"a",21.07,139.95,"17_18","no change","osmia",0,NA,11,0,0,0,7,6,0,0,0,4,0,4,0.150553769203287
"249","trapnest_17",2023-06-10,"17_18a","BP","F","Mid",18,"a",21.07,139.95,"17_18","no change","osmia",0,NA,11,0,0,0,7,6,0,0,0,4,0,4,0.150553769203287
"250","trapnest_17",2023-06-12,"17_18a","BP","F","Mid",18,"a",21.07,139.95,"17_18","no change","osmia",1,NA,11,0,0,0,7,6,0,0,0,4,0,4,0.150553769203287
"251","trapnest_17",2023-06-14,"17_18a","BP","F","Mid",18,"a",21.07,139.95,"17_18","no change","osmia",0,NA,11,0,1,1,7,6,0,0,0,4,0,5,0.150553769203287
"252","trapnest_17",2023-06-16,"17_18a","BP","F","Mid",18,"a",21.07,139.95,"17_18","no change","osmia",1,NA,10,0,0,0,7,6,1,1,0,4,0,5,0.150553769203287
"253","trapnest_17",2023-06-20,"17_18a","BP","F","Mid",18,"a",21.07,139.95,"17_18","no change","osmia",3,NA,11,0,1,1,6,5,1,1,0,4,0,5,0.150553769203287
"254","trapnest_17",2023-06-23,"17_18a","BP","F","Mid",18,"a",21.07,139.95,"17_18","no change","osmia",3,NA,9,1,2,3,6,5,2.5,2.5,0,4,0,6,0.150553769203287
"255","trapnest_17",2023-06-02,"17_7a","BP","F","Mid",7,"a",2.9,145.32,"17_7","inner wall","osmia",2,1,11,3,0,3,7,4,0,0,NA,NA,NA,3,0.0199559592623176
"256","trapnest_17",2023-06-05,"17_7a","BP","F","Mid",7,"a",2.9,145.32,"17_7","no change","osmia",1,NA,11.5,2,0,2,6.5,5.5,0,0,NA,NA,NA,5,0.0199559592623176
"257","trapnest_17",2023-06-09,"17_7a","BP","F","Mid",7,"a",2.9,145.32,"17_7","no change","osmia",0,NA,11,0,0,0,7,6,0,0,NA,NA,NA,4,0.0199559592623176
"258","trapnest_17",2023-06-10,"17_7a","BP","F","Mid",7,"a",2.9,145.32,"17_7","no change","osmia",0,NA,11,0,0,0,7,6,0,0,NA,NA,NA,4,0.0199559592623176
"259","trapnest_17",2023-06-12,"17_7a","BP","F","Mid",7,"a",2.9,145.32,"17_7","no change","osmia",1,NA,11,0,0,0,7,6,0,0,NA,NA,NA,4,0.0199559592623176
"260","trapnest_17",2023-06-14,"17_7a","BP","F","Mid",7,"a",2.9,145.32,"17_7","end cap","osmia",0,NA,11,0,1,1,7,6,0,0,0,1,0,5,0.0199559592623176
"261","trapnest_17",2023-06-16,"17_7a","BP","F","Mid",7,"a",2.9,145.32,"17_7","no change","osmia",1,NA,10,0,0,0,7,6,1,1,0,1,0,5,0.0199559592623176
"262","trapnest_17",2023-06-20,"17_7a","BP","F","Mid",7,"a",2.9,145.32,"17_7","no change","osmia",3,NA,11,0,1,1,6,5,1,1,0,1,0,5,0.0199559592623176
"263","trapnest_17",2023-06-23,"17_7a","BP","F","Mid",7,"a",2.9,145.32,"17_7","no change","osmia",3,NA,9,1,2,3,6,5,2.5,2.5,0,1,0,6,0.0199559592623176
"264","trapnest_17",2023-06-02,"17_9a","BP","F","Mid",9,"a",78.68,149.03,"17_9","inner wall","osmia",2,1,11,3,0,3,7,4,0,0,NA,NA,NA,3,0.52794739314232
"265","trapnest_17",2023-06-05,"17_9a","BP","F","Mid",9,"a",78.68,149.03,"17_9","10 cells","osmia",1,NA,11.5,2,0,2,6.5,5.5,0,0,6,9,0.666666666666667,5,0.52794739314232
"266","trapnest_17",2023-06-09,"17_9a","BP","F","Mid",9,"a",78.68,149.03,"17_9","1 cell","osmia",0,NA,11,0,0,0,7,6,0,0,6,11,0.545454545454545,4,0.52794739314232
"267","trapnest_17",2023-06-10,"17_9a","BP","F","Mid",9,"a",78.68,149.03,"17_9","no change","osmia",0,NA,11,0,0,0,7,6,0,0,6,11,0.545454545454545,4,0.52794739314232
"268","trapnest_17",2023-06-12,"17_9a","BP","F","Mid",9,"a",78.68,149.03,"17_9","no change","osmia",1,NA,11,0,0,0,7,6,0,0,6,11,0.545454545454545,4,0.52794739314232
"269","trapnest_17",2023-06-14,"17_9a","BP","F","Mid",9,"a",78.68,149.03,"17_9","1 cell + end cap","osmia",0,NA,11,0,1,1,7,6,0,0,7,12,0.583333333333333,5,0.52794739314232
"270","trapnest_17",2023-06-16,"17_9a","BP","F","Mid",9,"a",78.68,149.03,"17_9","no change","osmia",1,NA,10,0,0,0,7,6,1,1,7,12,0.583333333333333,5,0.52794739314232
"271","trapnest_17",2023-06-20,"17_9a","BP","F","Mid",9,"a",78.68,149.03,"17_9","no change","osmia",3,NA,11,0,1,1,6,5,1,1,7,12,0.583333333333333,5,0.52794739314232
"272","trapnest_17",2023-06-23,"17_9a","BP","F","Mid",9,"a",78.68,149.03,"17_9","no change","osmia",3,NA,9,1,2,3,6,5,2.5,2.5,7,12,0.583333333333333,6,0.52794739314232
"273","trapnest_17",2023-06-29,"17_9a","BP","F","Mid",9,"a",78.68,149.03,"17_9","no change","osmia",1,NA,9,0,0,0,5,4,4,4,7,12,0.583333333333333,4,0.52794739314232
"274","trapnest_18",2023-06-05,"18_10b","BP","F","High",10,"b",17.79,144.44,"18_10","2 cell + end cap","osmia",1,1,5,1,0,1,13,5,0,0,0,2,0,6,0.123165328163944
"275","trapnest_18",2023-06-09,"18_10b","BP","F","High",10,"b",17.79,144.44,"18_10","no change","osmia",0,NA,5,0,0,0,13,6,0,0,0,2,0,6,0.123165328163944
"276","trapnest_18",2023-06-10,"18_10b","BP","F","High",10,"b",17.79,144.44,"18_10","no change","osmia",0,NA,5,0,0,0,13,6,0,0,0,2,0,6,0.123165328163944
"277","trapnest_18",2023-06-12,"18_10b","BP","F","High",10,"b",17.79,144.44,"18_10","no change","osmia",1,NA,5,0,0,0,13,6,0,0,0,2,0,6,0.123165328163944
"278","trapnest_18",2023-06-14,"18_10b","BP","F","High",10,"b",17.79,144.44,"18_10","no change","osmia",0,NA,5,0,0,0,13,6,0,0,0,2,0,6,0.123165328163944
"279","trapnest_18",2023-06-16,"18_10b","BP","F","High",10,"b",17.79,144.44,"18_10","no change","osmia",1,NA,5,0,0,0,13,6,0,0,0,2,0,6,0.123165328163944
"280","trapnest_18",2023-06-20,"18_10b","BP","F","High",10,"b",17.79,144.44,"18_10","no change","osmia",3,NA,5,0,0,0,13,6,0,0,0,2,0,6,0.123165328163944
"281","trapnest_18",2023-06-23,"18_10b","BP","F","High",10,"b",17.79,144.44,"18_10","no change","osmia",3,NA,4,0,0,0,13,6,0,0,0,2,0,6,0.123165328163944
"282","trapnest_18",2023-06-29,"18_10b","BP","F","High",10,"b",17.79,144.44,"18_10","no change","osmia",1,NA,2,0,0,0,11,6,0,0,0,2,0,6,0.123165328163944
"283","trapnest_18",2023-05-31,"18_12b","BP","F","High",12,"b",95.42,145.84,"18_12","7 cells","osmia",2,1,4.5,2,0,2,13.5,3.5,0,0,0,7,0,5,0.654278661546901
"284","trapnest_18",2023-06-02,"18_12b","BP","F","High",12,"b",95.42,145.84,"18_12","5 cells + end cap","osmia",2,NA,3,0,0,0,15,5,0,0,0,9,0,5,0.654278661546901
"285","trapnest_18",2023-06-05,"18_12b","BP","F","High",12,"b",95.42,145.84,"18_12","no change","osmia",1,NA,5,1,0,1,13,5,0,0,0,9,0,6,0.654278661546901
"286","trapnest_18",2023-06-09,"18_12b","BP","F","High",12,"b",95.42,145.84,"18_12","no change","osmia",0,NA,5,0,0,0,13,6,0,0,0,9,0,6,0.654278661546901
"287","trapnest_18",2023-06-10,"18_12b","BP","F","High",12,"b",95.42,145.84,"18_12","no change","osmia",0,NA,5,0,0,0,13,6,0,0,0,9,0,6,0.654278661546901
"288","trapnest_18",2023-06-12,"18_12b","BP","F","High",12,"b",95.42,145.84,"18_12","no change","osmia",1,NA,5,0,0,0,13,6,0,0,0,9,0,6,0.654278661546901
"289","trapnest_18",2023-06-14,"18_12b","BP","F","High",12,"b",95.42,145.84,"18_12","no change","osmia",0,NA,5,0,0,0,13,6,0,0,0,9,0,6,0.654278661546901
"290","trapnest_18",2023-06-16,"18_12b","BP","F","High",12,"b",95.42,145.84,"18_12","no change","osmia",1,NA,5,0,0,0,13,6,0,0,0,9,0,6,0.654278661546901
"291","trapnest_18",2023-06-20,"18_12b","BP","F","High",12,"b",95.42,145.84,"18_12","no change","osmia",3,NA,5,0,0,0,13,6,0,0,0,9,0,6,0.654278661546901
"292","trapnest_18",2023-06-23,"18_12b","BP","F","High",12,"b",95.42,145.84,"18_12","no change","osmia",3,NA,4,0,0,0,13,6,0,0,0,9,0,6,0.654278661546901
"293","trapnest_18",2023-06-29,"18_12b","BP","F","High",12,"b",95.42,145.84,"18_12","no change","osmia",1,NA,2,0,0,0,11,6,0,0,0,9,0,6,0.654278661546901
"294","trapnest_18",2023-05-29,"18_1a","BP","F","High",1,"a",27.2,142.7,"18_1","3 cells + end cap","osmia",1,1,5.5,4,0,4,12.5,1.5,0,0,0,3,0,4,0.190609670637701
"295","trapnest_18",2023-05-31,"18_1a","BP","F","High",1,"a",27.2,142.7,"18_1","no change","osmia",2,NA,4.5,2,0,2,13.5,3.5,0,0,0,3,0,5,0.190609670637701
"296","trapnest_18",2023-06-02,"18_1a","BP","F","High",1,"a",27.2,142.7,"18_1","no change","osmia",2,NA,3,0,0,0,15,5,0,0,0,3,0,5,0.190609670637701
"297","trapnest_18",2023-06-05,"18_1a","BP","F","High",1,"a",27.2,142.7,"18_1","no change","osmia",1,NA,5,1,0,1,13,5,0,0,0,3,0,6,0.190609670637701
"298","trapnest_18",2023-06-09,"18_1a","BP","F","High",1,"a",27.2,142.7,"18_1","no change","osmia",0,NA,5,0,0,0,13,6,0,0,0,3,0,6,0.190609670637701
"299","trapnest_18",2023-06-10,"18_1a","BP","F","High",1,"a",27.2,142.7,"18_1","no change","osmia",0,NA,5,0,0,0,13,6,0,0,0,3,0,6,0.190609670637701
"300","trapnest_18",2023-06-12,"18_1a","BP","F","High",1,"a",27.2,142.7,"18_1","no change","osmia",1,NA,5,0,0,0,13,6,0,0,0,3,0,6,0.190609670637701
"301","trapnest_18",2023-06-14,"18_1a","BP","F","High",1,"a",27.2,142.7,"18_1","no change","osmia",0,NA,5,0,0,0,13,6,0,0,0,3,0,6,0.190609670637701
"302","trapnest_18",2023-06-16,"18_1a","BP","F","High",1,"a",27.2,142.7,"18_1","no change","osmia",1,NA,5,0,0,0,13,6,0,0,0,3,0,6,0.190609670637701
"303","trapnest_18",2023-06-20,"18_1a","BP","F","High",1,"a",27.2,142.7,"18_1","no change","osmia",3,NA,5,0,0,0,13,6,0,0,0,3,0,6,0.190609670637701
"304","trapnest_18",2023-06-23,"18_1a","BP","F","High",1,"a",27.2,142.7,"18_1","no change","osmia",3,NA,4,0,0,0,13,6,0,0,0,3,0,6,0.190609670637701
"305","trapnest_18",2023-06-29,"18_1a","BP","F","High",1,"a",27.2,142.7,"18_1","no change","osmia",1,NA,2,0,0,0,11,6,0,0,0,3,0,6,0.190609670637701
"306","trapnest_18",2023-05-29,"18_5a","BP","F","High",5,"a",27.76,146.22,"18_5","5 cells","osmia",1,1,5.5,4,0,4,12.5,1.5,0,0,0,5,0,4,0.189850909588292
"307","trapnest_18",2023-05-31,"18_5a","BP","F","High",5,"a",27.76,146.22,"18_5","no change","osmia",2,NA,4.5,2,0,2,13.5,3.5,0,0,0,5,0,5,0.189850909588292
"308","trapnest_18",2023-06-02,"18_5a","BP","F","High",5,"a",27.76,146.22,"18_5","no change","osmia",2,NA,3,0,0,0,15,5,0,0,0,5,0,5,0.189850909588292
"309","trapnest_18",2023-06-05,"18_5a","BP","F","High",5,"a",27.76,146.22,"18_5","no change","osmia",1,NA,5,1,0,1,13,5,0,0,0,5,0,6,0.189850909588292
"310","trapnest_18",2023-06-09,"18_5a","BP","F","High",5,"a",27.76,146.22,"18_5","no change","osmia",0,NA,5,0,0,0,13,6,0,0,0,5,0,6,0.189850909588292
"311","trapnest_18",2023-06-10,"18_5a","BP","F","High",5,"a",27.76,146.22,"18_5","no change","osmia",0,NA,5,0,0,0,13,6,0,0,0,5,0,6,0.189850909588292
"312","trapnest_18",2023-06-12,"18_5a","BP","F","High",5,"a",27.76,146.22,"18_5","no change","osmia",1,NA,5,0,0,0,13,6,0,0,0,5,0,6,0.189850909588292
"313","trapnest_18",2023-06-14,"18_5a","BP","F","High",5,"a",27.76,146.22,"18_5","no change","osmia",0,NA,5,0,0,0,13,6,0,0,0,5,0,6,0.189850909588292
"314","trapnest_18",2023-06-16,"18_5a","BP","F","High",5,"a",27.76,146.22,"18_5","no change","osmia",1,NA,5,0,0,0,13,6,0,0,0,5,0,6,0.189850909588292
"315","trapnest_18",2023-06-20,"18_5a","BP","F","High",5,"a",27.76,146.22,"18_5","no change","osmia",3,NA,5,0,0,0,13,6,0,0,0,5,0,6,0.189850909588292
"316","trapnest_18",2023-06-23,"18_5a","BP","F","High",5,"a",27.76,146.22,"18_5","no change","osmia",3,NA,4,0,0,0,13,6,0,0,0,5,0,6,0.189850909588292
"317","trapnest_18",2023-06-29,"18_5a","BP","F","High",5,"a",27.76,146.22,"18_5","no change","osmia",1,NA,2,0,0,0,11,6,0,0,0,5,0,6,0.189850909588292
"318","trapnest_18",2023-05-29,"18_8a","BP","F","High",8,"a",78.55,148.55,"18_8","2 cells","osmia",1,1,5.5,4,0,4,12.5,1.5,0,0,0,2,0,4,0.528778189161898
"319","trapnest_18",2023-05-31,"18_8a","BP","F","High",8,"a",78.55,148.55,"18_8","6 cells","osmia",2,NA,4.5,2,0,2,13.5,3.5,0,0,0,8,0,5,0.528778189161898
"320","trapnest_18",2023-06-02,"18_8a","BP","F","High",8,"a",78.55,148.55,"18_8","2 cells + end cap","osmia",2,NA,3,0,0,0,15,5,0,0,0,9,0,5,0.528778189161898
"321","trapnest_18",2023-06-05,"18_8a","BP","F","High",8,"a",78.55,148.55,"18_8","no change","osmia",1,NA,5,1,0,1,13,5,0,0,0,9,0,6,0.528778189161898
"322","trapnest_18",2023-06-09,"18_8a","BP","F","High",8,"a",78.55,148.55,"18_8","no change","osmia",0,NA,5,0,0,0,13,6,0,0,0,9,0,6,0.528778189161898
"323","trapnest_18",2023-06-10,"18_8a","BP","F","High",8,"a",78.55,148.55,"18_8","no change","osmia",0,NA,5,0,0,0,13,6,0,0,0,9,0,6,0.528778189161898
"324","trapnest_18",2023-06-12,"18_8a","BP","F","High",8,"a",78.55,148.55,"18_8","no change","osmia",1,NA,5,0,0,0,13,6,0,0,0,9,0,6,0.528778189161898
"325","trapnest_18",2023-06-14,"18_8a","BP","F","High",8,"a",78.55,148.55,"18_8","no change","osmia",0,NA,5,0,0,0,13,6,0,0,0,9,0,6,0.528778189161898
"326","trapnest_18",2023-06-16,"18_8a","BP","F","High",8,"a",78.55,148.55,"18_8","no change","osmia",1,NA,5,0,0,0,13,6,0,0,0,9,0,6,0.528778189161898
"327","trapnest_18",2023-06-20,"18_8a","BP","F","High",8,"a",78.55,148.55,"18_8","no change","osmia",3,NA,5,0,0,0,13,6,0,0,0,9,0,6,0.528778189161898
"328","trapnest_18",2023-06-23,"18_8a","BP","F","High",8,"a",78.55,148.55,"18_8","no change","osmia",3,NA,4,0,0,0,13,6,0,0,0,9,0,6,0.528778189161898
"329","trapnest_18",2023-06-29,"18_8a","BP","F","High",8,"a",78.55,148.55,"18_8","no change","osmia",1,NA,2,0,0,0,11,6,0,0,0,9,0,6,0.528778189161898
"330","trapnest_19",2023-05-29,"19_8a","NN","G","Low",8,"a",30.46,139.14,"19_8","3 cells + end cap","osmia",1,1,17,1,0,1,1,1,0,0,3,3,1,1,0.218916199511284
"331","trapnest_19",2023-06-04,"19_8b","NN","G","Low",8,"b",18.39,139.95,"19_8","2 cells + end cap","osmia",3,1,18,1,0,1,0,0,0,0,0,1,0,1,0.131404072883173
"332","trapnest_19",2023-05-15,"19_9a","NN","G","Low",9,"a",74.4,143.3,"19_9","2 cells","osmia",3,1,18,1,0,1,0,0,0,0,NA,NA,NA,0,0.519190509420796
"333","trapnest_19",2023-05-16,"19_9a","NN","G","Low",9,"a",74.4,143.3,"19_9","no change","osmia",1,NA,17,0,0,0,1,1,0,0,NA,NA,NA,0,0.519190509420796
"334","trapnest_19",2023-05-18,"19_9a","NN","G","Low",9,"a",74.4,143.3,"19_9","no change","osmia",2,NA,17,0,0,0,1,1,0,0,NA,NA,NA,0,0.519190509420796
"335","trapnest_19",2023-05-19,"19_9a","NN","G","Low",9,"a",74.4,143.3,"19_9","no change","osmia",1,NA,17,0,0,0,1,1,0,0,NA,NA,NA,0,0.519190509420796
"336","trapnest_19",2023-05-21,"19_9a","NN","G","Low",9,"a",74.4,143.3,"19_9","no change","osmia",1,NA,17,0,0,0,1,1,0,0,NA,NA,NA,0,0.519190509420796
"337","trapnest_19",2023-05-22,"19_9a","NN","G","Low",9,"a",74.4,143.3,"19_9","3 cells","osmia",1,NA,17,0,0,0,1,1,0,0,NA,NA,NA,0,0.519190509420796
"338","trapnest_19",2023-05-25,"19_9a","NN","G","Low",9,"a",74.4,143.3,"19_9","5 cells","osmia",3,NA,17,0,0,0,1,1,0,0,NA,NA,NA,0,0.519190509420796
"339","trapnest_19",2023-05-26,"19_9a","NN","G","Low",9,"a",74.4,143.3,"19_9","end cap","osmia",1,NA,17,0,0,0,1,1,0,0,NA,NA,NA,0,0.519190509420796
"340","trapnest_19",2023-05-28,"19_9a","NN","G","Low",9,"a",74.4,143.3,"19_9","no change","osmia",2,NA,17,0,0,0,1,1,0,0,NA,NA,NA,0,0.519190509420796
"341","trapnest_19",2023-05-29,"19_9a","NN","G","Low",9,"a",74.4,143.3,"19_9","no change","osmia",1,NA,17,1,0,1,1,1,0,0,NA,NA,NA,1,0.519190509420796
"342","trapnest_2",2023-05-31,"2_15b","BP","A","Mid",15,"b",29,137.3,"2_15","3 cells + end cap","osmia",2,1,11,3,0,3,7,4,0,0,0,3,0,6,0.211216314639476
"343","trapnest_2",2023-05-29,"2_16b","BP","A","Mid",16,"b",42.06,140.65,"2_16","4 cells + end cap","osmia",1,1,11.5,2,0,2,6.5,1.5,0,0,2,4,0.5,3,0.299040170636331
"344","trapnest_2",2023-05-31,"2_16b","BP","A","Mid",16,"b",42.06,140.65,"2_16","no change","osmia",2,NA,11,3,0,3,7,4,0,0,2,4,0.5,6,0.299040170636331
"345","trapnest_2",2023-06-02,"2_16b","BP","A","Mid",16,"b",42.06,140.65,"2_16","no change","osmia",2,NA,10.5,2,0,2,7.5,4.5,0,0,2,4,0.5,4,0.299040170636331
"346","trapnest_2",2023-05-11,"2_18a","BP","A","Mid",18,"a",106.85,142.77,"2_18","inner wall","osmia",3,1,11.5,2,0,2,6.5,0.5,0,0,NA,NA,NA,0,0.748406527982069
"347","trapnest_2",2023-05-12,"2_18a","BP","A","Mid",18,"a",106.85,142.77,"2_18","no change","osmia",1,NA,10,0,0,0,8,2,0,0,NA,NA,NA,0,0.748406527982069
"348","trapnest_2",2023-05-15,"2_18a","BP","A","Mid",18,"a",106.85,142.77,"2_18","5 cells","osmia",3,NA,11,0,0,0,7,2,0,0,0,5,0,1,0.748406527982069
"349","trapnest_2",2023-05-16,"2_18a","BP","A","Mid",18,"a",106.85,142.77,"2_18","no change","osmia",1,NA,12,0,0,0,6,1,0,0,0,5,0,1,0.748406527982069
"350","trapnest_2",2023-05-17,"2_18a","BP","A","Mid",18,"a",106.85,142.77,"2_18","no change","osmia",1,NA,12,0,0,0,6,1,0,0,0,5,0,1,0.748406527982069
"351","trapnest_2",2023-05-19,"2_18a","BP","A","Mid",18,"a",106.85,142.77,"2_18","no change","osmia",2,NA,12,0,0,0,6,1,0,0,0,5,0,1,0.748406527982069
"352","trapnest_2",2023-05-21,"2_18a","BP","A","Mid",18,"a",106.85,142.77,"2_18","no change","osmia",1,NA,12,0,0,0,6,1,0,0,0,5,0,1,0.748406527982069
"353","trapnest_2",2023-05-22,"2_18a","BP","A","Mid",18,"a",106.85,142.77,"2_18","3 cells","osmia",1,NA,12,0,0,0,6,1,0,0,0,8,0,1,0.748406527982069
"354","trapnest_2",2023-05-23,"2_18a","BP","A","Mid",18,"a",106.85,142.77,"2_18","1 cell","osmia",1,NA,12,0,0,0,6,1,0,0,0,9,0,1,0.748406527982069
"355","trapnest_2",2023-05-26,"2_18a","BP","A","Mid",18,"a",106.85,142.77,"2_18","2 cells + end cap","osmia",2,NA,12,0,0,0,6,1,0,0,0,11,0,1,0.748406527982069
"356","trapnest_2",2023-05-28,"2_18a","BP","A","Mid",18,"a",106.85,142.77,"2_18","no change","osmia",2,NA,12,0,0,0,6,1,0,0,0,11,0,1,0.748406527982069
"357","trapnest_2",2023-05-29,"2_18a","BP","A","Mid",18,"a",106.85,142.77,"2_18","no change","osmia",1,NA,11.5,2,0,2,6.5,1.5,0,0,0,11,0,3,0.748406527982069
"358","trapnest_2",2023-05-31,"2_18a","BP","A","Mid",18,"a",106.85,142.77,"2_18","no change","osmia",2,NA,11,3,0,3,7,4,0,0,0,11,0,6,0.748406527982069
"359","trapnest_2",2023-05-29,"2_1a","BP","A","Mid",1,"a",21.51,147.24,"2_1","2 cells + end cap","osmia",1,1,11.5,2,0,2,6.5,1.5,0,0,2,2,1,3,0.146088019559902
"360","trapnest_2",2023-05-31,"2_1a","BP","A","Mid",1,"a",21.51,147.24,"2_1","no change","osmia",2,NA,11,3,0,3,7,4,0,0,2,2,1,6,0.146088019559902
"361","trapnest_2",2023-06-02,"2_1a","BP","A","Mid",1,"a",21.51,147.24,"2_1","no change","osmia",2,NA,10.5,2,0,2,7.5,4.5,0,0,2,2,1,4,0.146088019559902
"362","trapnest_2",2023-05-31,"2_7a","BP","A","Mid",7,"a",7.14,146.52,"2_7","1 cell","osmia",2,1,11,3,0,3,7,4,0,0,0,1,0,6,0.0487305487305487
"363","trapnest_2",2023-06-02,"2_7a","BP","A","Mid",7,"a",7.14,146.52,"2_7","no change","osmia",2,NA,10.5,2,0,2,7.5,4.5,0,0,0,1,0,4,0.0487305487305487
"364","trapnest_2",2023-06-05,"2_7a","BP","A","Mid",7,"a",7.14,146.52,"2_7","no change","osmia",1,NA,12,0,0,0,6,3,0,0,0,1,0,1,0.0487305487305487
"365","trapnest_2",2023-06-08,"2_7a","BP","A","Mid",7,"a",7.14,146.52,"2_7","no change","osmia",2,NA,10,0,0,0,8,3,0,0,0,1,0,1,0.0487305487305487
"366","trapnest_2",2023-06-10,"2_7a","BP","A","Mid",7,"a",7.14,146.52,"2_7","no change","osmia",0,NA,10,0,0,0,8,3,0,0,0,1,0,1,0.0487305487305487
"367","trapnest_2",2023-06-12,"2_7a","BP","A","Mid",7,"a",7.14,146.52,"2_7","no change","osmia",1,NA,10,0,0,0,8,3,0,0,0,1,0,1,0.0487305487305487
"368","trapnest_2",2023-06-14,"2_7a","BP","A","Mid",7,"a",7.14,146.52,"2_7","no change","osmia",0,NA,10,1,0,1,8,3,0,0,0,1,0,2,0.0487305487305487
"369","trapnest_2",2023-06-16,"2_7a","BP","A","Mid",7,"a",7.14,146.52,"2_7","no change","osmia",1,NA,9,0,0,0,9,4,0,0,0,1,0,2,0.0487305487305487
"370","trapnest_2",2023-06-20,"2_7a","BP","A","Mid",7,"a",7.14,146.52,"2_7","no change","osmia",3,NA,12,0,0,0,6,2,0,0,0,1,0,2,0.0487305487305487
"371","trapnest_2",2023-06-23,"2_7a","BP","A","Mid",7,"a",7.14,146.52,"2_7","no change","osmia",3,NA,12,0,0,0,6,2,0,0,0,1,0,2,0.0487305487305487
"372","trapnest_2",2023-06-29,"2_7a","BP","A","Mid",7,"a",7.14,146.52,"2_7","no change","osmia",1,NA,7,0,0,0,6,2,0,0,0,1,0,2,0.0487305487305487
"373","trapnest_2",2023-05-31,"2_9a","BP","A","Mid",9,"a",64.69,148.95,"2_9","6 cells","osmia",2,1,11,3,0,3,7,4,0,0,0,6,0,6,0.434306814367237
"374","trapnest_2",2023-06-02,"2_9a","BP","A","Mid",9,"a",64.69,148.95,"2_9","1 cell + end cap","osmia",2,NA,10.5,2,0,2,7.5,4.5,0,0,0,7,0,4,0.434306814367237
"375","trapnest_2",2023-06-14,"2_9b","BP","A","Mid",9,"b",5.98,138.76,"2_9","1 cell","osmia",0,1,10,1,0,1,8,3,0,0,0,1,0,2,0.0430959930815797
"376","trapnest_2",2023-06-16,"2_9b","BP","A","Mid",9,"b",5.98,138.76,"2_9","1 cell","osmia",1,NA,9,0,0,0,9,4,0,0,0,2,0,2,0.0430959930815797
"377","trapnest_2",2023-06-20,"2_9b","BP","A","Mid",9,"b",5.98,138.76,"2_9","no change","osmia",3,NA,12,0,0,0,6,2,0,0,0,2,0,2,0.0430959930815797
"378","trapnest_2",2023-06-23,"2_9b","BP","A","Mid",9,"b",5.98,138.76,"2_9","no change","osmia",3,NA,12,0,0,0,6,2,0,0,0,2,0,2,0.0430959930815797
"379","trapnest_2",2023-06-29,"2_9b","BP","A","Mid",9,"b",5.98,138.76,"2_9","no change","osmia",1,NA,7,0,0,0,6,2,0,0,0,2,0,2,0.0430959930815797
"380","trapnest_20",2023-06-01,"20_15a","NN","G","Mid",15,"a",10.45,144.11,"20_15","1 cell","osmia",1,1,11.5,2,0,2,6.5,2.5,0,0,0,1,0,4,0.0725140517660121
"381","trapnest_20",2023-06-04,"20_15a","NN","G","Mid",15,"a",10.45,144.11,"20_15","no change","osmia",3,NA,12,0,0,0,6,3,0,0,0,1,0,3,0.0725140517660121
"382","trapnest_20",2023-06-05,"20_15a","NN","G","Mid",15,"a",10.45,144.11,"20_15","no change","osmia",1,NA,12,0,0,0,6,3,0,0,0,1,0,3,0.0725140517660121
"383","trapnest_20",2023-06-08,"20_15a","NN","G","Mid",15,"a",10.45,144.11,"20_15","no change","osmia",2,NA,12,0,0,0,6,3,0,0,0,1,0,3,0.0725140517660121
"384","trapnest_20",2023-06-10,"20_15a","NN","G","Mid",15,"a",10.45,144.11,"20_15","no change","osmia",0,NA,12,0,0,0,6,3,0,0,0,1,0,3,0.0725140517660121
"385","trapnest_20",2023-06-11,"20_15a","NN","G","Mid",15,"a",10.45,144.11,"20_15","no change","osmia",1,NA,10,0,0,0,6,3,0,0,0,1,0,3,0.0725140517660121
"386","trapnest_20",2023-06-12,"20_15a","NN","G","Mid",15,"a",10.45,144.11,"20_15","no change","osmia",0,NA,10,0,0,0,6,3,0,0,0,1,0,3,0.0725140517660121
"387","trapnest_20",2023-06-15,"20_15a","NN","G","Mid",15,"a",10.45,144.11,"20_15","no change","osmia",0,NA,10,0,0,0,6,3,0,0,0,1,0,3,0.0725140517660121
"388","trapnest_20",2023-06-19,"20_15a","NN","G","Mid",15,"a",10.45,144.11,"20_15","no change","osmia",0,NA,10,0,0,0,6,3,0,0,0,1,0,3,0.0725140517660121
"389","trapnest_20",2023-06-22,"20_15a","NN","G","Mid",15,"a",10.45,144.11,"20_15","no change","osmia",3,NA,11,0,0,0,6,3,0,0,0,1,0,3,0.0725140517660121
"390","trapnest_20",2023-06-23,"20_15a","NN","G","Mid",15,"a",10.45,144.11,"20_15","no change","osmia",1,NA,11,0,0,0,6,3,0,0,0,1,0,3,0.0725140517660121
"391","trapnest_20",2023-06-30,"20_15a","NN","G","Mid",15,"a",10.45,144.11,"20_15","no change","osmia",1,NA,11,0,0,0,6,3,0,0,0,1,0,3,0.0725140517660121
"392","trapnest_20",2023-07-03,"20_15a","NN","G","Mid",15,"a",10.45,144.11,"20_15","no change","osmia",2,NA,12,0,0,0,6,3,0,0,0,1,0,3,0.0725140517660121
"393","trapnest_20",2023-07-04,"20_15a","NN","G","Mid",15,"a",10.45,144.11,"20_15","no change","osmia",1,NA,12,0,0,0,6,3,0,0,0,1,0,3,0.0725140517660121
"394","trapnest_20",2023-07-06,"20_15a","NN","G","Mid",15,"a",10.45,144.11,"20_15","no change","osmia",2,NA,12,0,0,0,6,3,0,0,0,1,0,3,0.0725140517660121
"395","trapnest_20",2023-05-29,"20_2a","NN","G","Mid",2,"a",96.03,149.23,"20_2","9 cells","osmia",1,1,11.5,2,0,2,6.5,0.5,0,0,3,9,0.333333333333333,2,0.643503317027407
"396","trapnest_20",2023-05-31,"20_2a","NN","G","Mid",2,"a",96.03,149.23,"20_2","5 cells","osmia",2,NA,13.5,2,0,2,4.5,0.5,0,0,4,14,0.285714285714286,2,0.643503317027407
"397","trapnest_20",2023-06-01,"20_2a","NN","G","Mid",2,"a",96.03,149.23,"20_2","end cap","osmia",1,NA,11.5,2,0,2,6.5,2.5,0,0,4,14,0.285714285714286,4,0.643503317027407
"398","trapnest_20",2023-06-04,"20_2a","NN","G","Mid",2,"a",96.03,149.23,"20_2","no change","osmia",3,NA,12,0,0,0,6,3,0,0,4,14,0.285714285714286,3,0.643503317027407
"399","trapnest_20",2023-06-05,"20_2a","NN","G","Mid",2,"a",96.03,149.23,"20_2","no change","osmia",1,NA,12,0,0,0,6,3,0,0,4,14,0.285714285714286,3,0.643503317027407
"400","trapnest_20",2023-06-08,"20_2a","NN","G","Mid",2,"a",96.03,149.23,"20_2","no change","osmia",2,NA,12,0,0,0,6,3,0,0,4,14,0.285714285714286,3,0.643503317027407
"401","trapnest_20",2023-06-10,"20_2a","NN","G","Mid",2,"a",96.03,149.23,"20_2","no change","osmia",0,NA,12,0,0,0,6,3,0,0,4,14,0.285714285714286,3,0.643503317027407
"402","trapnest_20",2023-06-11,"20_2a","NN","G","Mid",2,"a",96.03,149.23,"20_2","no change","osmia",1,NA,10,0,0,0,6,3,0,0,4,14,0.285714285714286,3,0.643503317027407
"403","trapnest_20",2023-06-12,"20_2a","NN","G","Mid",2,"a",96.03,149.23,"20_2","no change","osmia",0,NA,10,0,0,0,6,3,0,0,4,14,0.285714285714286,3,0.643503317027407
"404","trapnest_20",2023-06-15,"20_2a","NN","G","Mid",2,"a",96.03,149.23,"20_2","no change","osmia",0,NA,10,0,0,0,6,3,0,0,4,14,0.285714285714286,3,0.643503317027407
"405","trapnest_20",2023-06-19,"20_2a","NN","G","Mid",2,"a",96.03,149.23,"20_2","no change","osmia",0,NA,10,0,0,0,6,3,0,0,4,14,0.285714285714286,3,0.643503317027407
"406","trapnest_20",2023-06-22,"20_2a","NN","G","Mid",2,"a",96.03,149.23,"20_2","no change","osmia",3,NA,11,0,0,0,6,3,0,0,4,14,0.285714285714286,3,0.643503317027407
"407","trapnest_20",2023-06-23,"20_2a","NN","G","Mid",2,"a",96.03,149.23,"20_2","no change","osmia",1,NA,11,0,0,0,6,3,0,0,4,14,0.285714285714286,3,0.643503317027407
"408","trapnest_20",2023-06-30,"20_2a","NN","G","Mid",2,"a",96.03,149.23,"20_2","no change","osmia",1,NA,11,0,0,0,6,3,0,0,4,14,0.285714285714286,3,0.643503317027407
"409","trapnest_20",2023-07-03,"20_2a","NN","G","Mid",2,"a",96.03,149.23,"20_2","no change","osmia",2,NA,12,0,0,0,6,3,0,0,4,14,0.285714285714286,3,0.643503317027407
"410","trapnest_20",2023-07-04,"20_2a","NN","G","Mid",2,"a",96.03,149.23,"20_2","no change","osmia",1,NA,12,0,0,0,6,3,0,0,4,14,0.285714285714286,3,0.643503317027407
"411","trapnest_20",2023-07-06,"20_2a","NN","G","Mid",2,"a",96.03,149.23,"20_2","no change","osmia",2,NA,12,0,0,0,6,3,0,0,4,14,0.285714285714286,3,0.643503317027407
"412","trapnest_20",2023-06-01,"20_3b","NN","G","Mid",3,"b",41.3,142.17,"20_3","5 cells + end cap","osmia",1,1,11.5,2,0,2,6.5,2.5,0,0,0,5,0,4,0.290497291974397
"413","trapnest_20",2023-06-04,"20_3b","NN","G","Mid",3,"b",41.3,142.17,"20_3","no change","osmia",3,NA,12,0,0,0,6,3,0,0,0,5,0,3,0.290497291974397
"414","trapnest_20",2023-06-05,"20_3b","NN","G","Mid",3,"b",41.3,142.17,"20_3","no change","osmia",1,NA,12,0,0,0,6,3,0,0,0,5,0,3,0.290497291974397
"415","trapnest_20",2023-06-08,"20_3b","NN","G","Mid",3,"b",41.3,142.17,"20_3","no change","osmia",2,NA,12,0,0,0,6,3,0,0,0,5,0,3,0.290497291974397
"416","trapnest_20",2023-06-10,"20_3b","NN","G","Mid",3,"b",41.3,142.17,"20_3","no change","osmia",0,NA,12,0,0,0,6,3,0,0,0,5,0,3,0.290497291974397
"417","trapnest_20",2023-06-11,"20_3b","NN","G","Mid",3,"b",41.3,142.17,"20_3","no change","osmia",1,NA,10,0,0,0,6,3,0,0,0,5,0,3,0.290497291974397
"418","trapnest_20",2023-06-12,"20_3b","NN","G","Mid",3,"b",41.3,142.17,"20_3","no change","osmia",0,NA,10,0,0,0,6,3,0,0,0,5,0,3,0.290497291974397
"419","trapnest_20",2023-06-15,"20_3b","NN","G","Mid",3,"b",41.3,142.17,"20_3","no change","osmia",0,NA,10,0,0,0,6,3,0,0,0,5,0,3,0.290497291974397
"420","trapnest_20",2023-06-19,"20_3b","NN","G","Mid",3,"b",41.3,142.17,"20_3","no change","osmia",0,NA,10,0,0,0,6,3,0,0,0,5,0,3,0.290497291974397
"421","trapnest_20",2023-06-22,"20_3b","NN","G","Mid",3,"b",41.3,142.17,"20_3","no change","osmia",3,NA,11,0,0,0,6,3,0,0,0,5,0,3,0.290497291974397
"422","trapnest_20",2023-06-23,"20_3b","NN","G","Mid",3,"b",41.3,142.17,"20_3","no change","osmia",1,NA,11,0,0,0,6,3,0,0,0,5,0,3,0.290497291974397
"423","trapnest_20",2023-06-30,"20_3b","NN","G","Mid",3,"b",41.3,142.17,"20_3","no change","osmia",1,NA,11,0,0,0,6,3,0,0,0,5,0,3,0.290497291974397
"424","trapnest_20",2023-07-03,"20_3b","NN","G","Mid",3,"b",41.3,142.17,"20_3","no change","osmia",2,NA,12,0,0,0,6,3,0,0,0,5,0,3,0.290497291974397
"425","trapnest_20",2023-07-04,"20_3b","NN","G","Mid",3,"b",41.3,142.17,"20_3","no change","osmia",1,NA,12,0,0,0,6,3,0,0,0,5,0,3,0.290497291974397
"426","trapnest_20",2023-07-06,"20_3b","NN","G","Mid",3,"b",41.3,142.17,"20_3","no change","osmia",2,NA,12,0,0,0,6,3,0,0,0,5,0,3,0.290497291974397
"427","trapnest_20",2023-05-29,"20_5a","NN","G","Mid",5,"a",89.81,145.52,"20_5","8 cells","osmia",1,1,11.5,2,0,2,6.5,0.5,0,0,0,8,0,2,0.61716602528862
"428","trapnest_20",2023-05-31,"20_5a","NN","G","Mid",5,"a",89.81,145.52,"20_5","3 cells + end cap","osmia",2,NA,13.5,2,0,2,4.5,0.5,0,0,0,9,0,2,0.61716602528862
"429","trapnest_20",2023-06-01,"20_5a","NN","G","Mid",5,"a",89.81,145.52,"20_5","no change","osmia",1,NA,11.5,2,0,2,6.5,2.5,0,0,0,9,0,4,0.61716602528862
"430","trapnest_22",2023-06-19,"22_9a","NN","H","Low",9,"a",9.35,146.11,"22_9","1 cell","osmia",0,1,17,1,0,1,0,0,0,0,1,1,1,1,0.0639928820751488
"431","trapnest_22",2023-06-22,"22_9a","NN","H","Low",9,"a",9.35,146.11,"22_9","no change","osmia",3,NA,15,0,0,0,1,1,0,0,1,1,1,1,0.0639928820751488
"432","trapnest_22",2023-06-23,"22_9a","NN","H","Low",9,"a",9.35,146.11,"22_9","no change","osmia",1,NA,17,0,0,0,1,1,0,0,1,1,1,1,0.0639928820751488
"433","trapnest_22",2023-06-30,"22_9a","NN","H","Low",9,"a",9.35,146.11,"22_9","no change","osmia",1,NA,17,0,0,0,1,1,0,0,1,1,1,1,0.0639928820751488
"434","trapnest_22",2023-07-03,"22_9a","NN","H","Low",9,"a",9.35,146.11,"22_9","no change","osmia",2,NA,17,0,0,0,1,1,0,0,1,1,1,1,0.0639928820751488
"435","trapnest_22",2023-07-04,"22_9a","NN","H","Low",9,"a",9.35,146.11,"22_9","no change","osmia",1,NA,17,0,0,0,1,1,0,0,1,1,1,1,0.0639928820751488
"436","trapnest_24",2023-06-08,"24_10a","NN","H","High",10,"a",26.42,143.1,"24_10","1 cell","osmia",2,1,8,1,0,1,10,2,0,0,1,1,1,3,0.184626135569532
"437","trapnest_24",2023-06-10,"24_10a","NN","H","High",10,"a",26.42,143.1,"24_10","no change","osmia",0,NA,7,0,0,0,11,3,0,0,1,1,1,3,0.184626135569532
"438","trapnest_24",2023-06-11,"24_10a","NN","H","High",10,"a",26.42,143.1,"24_10","1 cell","osmia",1,NA,6,0,0,0,11,3,0,0,2,2,1,3,0.184626135569532
"439","trapnest_24",2023-06-12,"24_10a","NN","H","High",10,"a",26.42,143.1,"24_10","no change","osmia",0,NA,6,0,0,0,11,3,0,0,2,2,1,3,0.184626135569532
"440","trapnest_24",2023-06-15,"24_10a","NN","H","High",10,"a",26.42,143.1,"24_10","1 cell","osmia",0,NA,6,0,0,0,11,3,0,0,2,3,0.666666666666667,3,0.184626135569532
"441","trapnest_24",2023-06-19,"24_10a","NN","H","High",10,"a",26.42,143.1,"24_10","no change","osmia",0,NA,6,1,0,1,11,3,0,0,2,3,0.666666666666667,4,0.184626135569532
"442","trapnest_24",2023-06-22,"24_10a","NN","H","High",10,"a",26.42,143.1,"24_10","end cap","osmia",3,NA,6,0,0,0,12,4,0,0,2,3,0.666666666666667,4,0.184626135569532
"443","trapnest_24",2023-06-23,"24_10a","NN","H","High",10,"a",26.42,143.1,"24_10","no change","osmia",1,NA,6,0,0,0,12,4,0,0,2,3,0.666666666666667,4,0.184626135569532
"444","trapnest_24",2023-06-30,"24_10a","NN","H","High",10,"a",26.42,143.1,"24_10","no change","osmia",1,NA,5,1,0,1,12,4,0,0,2,3,0.666666666666667,5,0.184626135569532
"445","trapnest_24",2023-07-03,"24_10a","NN","H","High",10,"a",26.42,143.1,"24_10","no change","osmia",2,NA,5,0,0,0,12,5,0,0,2,3,0.666666666666667,5,0.184626135569532
"446","trapnest_24",2023-07-04,"24_10a","NN","H","High",10,"a",26.42,143.1,"24_10","no change","osmia",1,NA,5,0,0,0,12,5,0,0,2,3,0.666666666666667,5,0.184626135569532
"447","trapnest_24",2023-07-06,"24_10a","NN","H","High",10,"a",26.42,143.1,"24_10","no change","osmia",2,NA,4,0,0,0,12,5,0,0,2,3,0.666666666666667,5,0.184626135569532
"448","trapnest_24",2023-06-30,"24_12a","NN","H","High",12,"a",11.84,144.44,"24_12","2 cells + end cap","osmia",1,1,5,1,0,1,12,4,0,0,1,2,0.5,5,0.0819717529770147
"449","trapnest_24",2023-07-03,"24_12a","NN","H","High",12,"a",11.84,144.44,"24_12","no change","osmia",2,NA,5,0,0,0,12,5,0,0,1,2,0.5,5,0.0819717529770147
"450","trapnest_24",2023-07-04,"24_12a","NN","H","High",12,"a",11.84,144.44,"24_12","no change","osmia",1,NA,5,0,0,0,12,5,0,0,1,2,0.5,5,0.0819717529770147
"451","trapnest_24",2023-07-06,"24_12a","NN","H","High",12,"a",11.84,144.44,"24_12","no change","osmia",2,NA,4,0,0,0,12,5,0,0,1,2,0.5,5,0.0819717529770147
"452","trapnest_24",2023-06-04,"24_2a","NN","H","High",2,"a",48.72,138.64,"24_2","5 cells","osmia",3,1,7,1,0,1,11,1,0,0,1,5,0.2,2,0.351413733410271
"453","trapnest_24",2023-06-05,"24_2a","NN","H","High",2,"a",48.72,138.64,"24_2","no change","osmia",1,NA,8,0,0,0,10,2,0,0,1,5,0.2,2,0.351413733410271
"454","trapnest_24",2023-06-08,"24_2a","NN","H","High",2,"a",48.72,138.64,"24_2","1 cell","osmia",2,NA,8,1,0,1,10,2,0,0,2,6,0.333333333333333,3,0.351413733410271
"455","trapnest_24",2023-06-10,"24_2a","NN","H","High",2,"a",48.72,138.64,"24_2","no change","osmia",0,NA,7,0,0,0,11,3,0,0,2,6,0.333333333333333,3,0.351413733410271
"456","trapnest_24",2023-06-11,"24_2a","NN","H","High",2,"a",48.72,138.64,"24_2","end cap","osmia",1,NA,6,0,0,0,11,3,0,0,2,6,0.333333333333333,3,0.351413733410271
"457","trapnest_24",2023-06-12,"24_2a","NN","H","High",2,"a",48.72,138.64,"24_2","no change","osmia",0,NA,6,0,0,0,11,3,0,0,2,6,0.333333333333333,3,0.351413733410271
"458","trapnest_24",2023-06-15,"24_2a","NN","H","High",2,"a",48.72,138.64,"24_2","no change","osmia",0,NA,6,0,0,0,11,3,0,0,2,6,0.333333333333333,3,0.351413733410271
"459","trapnest_24",2023-06-19,"24_2a","NN","H","High",2,"a",48.72,138.64,"24_2","no change","osmia",0,NA,6,1,0,1,11,3,0,0,2,6,0.333333333333333,4,0.351413733410271
"460","trapnest_24",2023-06-22,"24_2a","NN","H","High",2,"a",48.72,138.64,"24_2","no change","osmia",3,NA,6,0,0,0,12,4,0,0,2,6,0.333333333333333,4,0.351413733410271
"461","trapnest_24",2023-06-23,"24_2a","NN","H","High",2,"a",48.72,138.64,"24_2","no change","osmia",1,NA,6,0,0,0,12,4,0,0,2,6,0.333333333333333,4,0.351413733410271
"462","trapnest_24",2023-06-30,"24_2a","NN","H","High",2,"a",48.72,138.64,"24_2","no change","osmia",1,NA,5,1,0,1,12,4,0,0,2,6,0.333333333333333,5,0.351413733410271
"463","trapnest_24",2023-07-03,"24_2a","NN","H","High",2,"a",48.72,138.64,"24_2","no change","osmia",2,NA,5,0,0,0,12,5,0,0,2,6,0.333333333333333,5,0.351413733410271
"464","trapnest_24",2023-07-04,"24_2a","NN","H","High",2,"a",48.72,138.64,"24_2","no change","osmia",1,NA,5,0,0,0,12,5,0,0,2,6,0.333333333333333,5,0.351413733410271
"465","trapnest_24",2023-07-06,"24_2a","NN","H","High",2,"a",48.72,138.64,"24_2","no change","osmia",2,NA,4,0,0,0,12,5,0,0,2,6,0.333333333333333,5,0.351413733410271
"466","trapnest_24",2023-06-19,"24_3b","NN","H","High",3,"b",28.02,137.27,"24_3","1 cell","osmia",0,1,6,1,0,1,11,3,0,0,1,1,1,4,0.204123260727034
"467","trapnest_24",2023-06-22,"24_3b","NN","H","High",3,"b",28.02,137.27,"24_3","2 cells","osmia",3,NA,6,0,0,0,12,4,0,0,3,3,1,4,0.204123260727034
"468","trapnest_24",2023-06-23,"24_3b","NN","H","High",3,"b",28.02,137.27,"24_3","no change","osmia",1,NA,6,0,0,0,12,4,0,0,3,3,1,4,0.204123260727034
"469","trapnest_24",2023-06-30,"24_3b","NN","H","High",3,"b",28.02,137.27,"24_3","end cap","osmia",1,NA,5,1,0,1,12,4,0,0,3,3,1,5,0.204123260727034
"470","trapnest_24",2023-07-03,"24_3b","NN","H","High",3,"b",28.02,137.27,"24_3","no change","osmia",2,NA,5,0,0,0,12,5,0,0,3,3,1,5,0.204123260727034
"471","trapnest_24",2023-07-04,"24_3b","NN","H","High",3,"b",28.02,137.27,"24_3","no change","osmia",1,NA,5,0,0,0,12,5,0,0,3,3,1,5,0.204123260727034
"472","trapnest_24",2023-07-06,"24_3b","NN","H","High",3,"b",28.02,137.27,"24_3","no change","osmia",2,NA,4,0,0,0,12,5,0,0,3,3,1,5,0.204123260727034
"473","trapnest_24",2023-06-01,"24_7b","NN","H","High",7,"b",70.92,140.17,"24_7","3 cells","osmia",1,1,7,1,0,1,11,1,0,0,0,3,0,1,0.50595705215096
"474","trapnest_24",2023-06-04,"24_7b","NN","H","High",7,"b",70.92,140.17,"24_7","5 cells","osmia",3,NA,7,1,0,1,11,1,0,0,2,8,0.25,2,0.50595705215096
"475","trapnest_24",2023-06-05,"24_7b","NN","H","High",7,"b",70.92,140.17,"24_7","no change","osmia",1,NA,8,0,0,0,10,2,0,0,2,8,0.25,2,0.50595705215096
"476","trapnest_24",2023-06-08,"24_7b","NN","H","High",7,"b",70.92,140.17,"24_7","end cap","osmia",2,NA,8,1,0,1,10,2,0,0,2,8,0.25,3,0.50595705215096
"477","trapnest_24",2023-06-10,"24_7b","NN","H","High",7,"b",70.92,140.17,"24_7","no change","osmia",0,NA,7,0,0,0,11,3,0,0,2,8,0.25,3,0.50595705215096
"478","trapnest_24",2023-06-11,"24_7b","NN","H","High",7,"b",70.92,140.17,"24_7","no change","osmia",1,NA,6,0,0,0,11,3,0,0,2,8,0.25,3,0.50595705215096
"479","trapnest_24",2023-06-12,"24_7b","NN","H","High",7,"b",70.92,140.17,"24_7","no change","osmia",0,NA,6,0,0,0,11,3,0,0,2,8,0.25,3,0.50595705215096
"480","trapnest_24",2023-06-15,"24_7b","NN","H","High",7,"b",70.92,140.17,"24_7","no change","osmia",0,NA,6,0,0,0,11,3,0,0,2,8,0.25,3,0.50595705215096
"481","trapnest_24",2023-06-19,"24_7b","NN","H","High",7,"b",70.92,140.17,"24_7","no change","osmia",0,NA,6,1,0,1,11,3,0,0,2,8,0.25,4,0.50595705215096
"482","trapnest_24",2023-06-22,"24_7b","NN","H","High",7,"b",70.92,140.17,"24_7","no change","osmia",3,NA,6,0,0,0,12,4,0,0,2,8,0.25,4,0.50595705215096
"483","trapnest_24",2023-06-23,"24_7b","NN","H","High",7,"b",70.92,140.17,"24_7","no change","osmia",1,NA,6,0,0,0,12,4,0,0,2,8,0.25,4,0.50595705215096
"484","trapnest_24",2023-06-30,"24_7b","NN","H","High",7,"b",70.92,140.17,"24_7","no change","osmia",1,NA,5,1,0,1,12,4,0,0,2,8,0.25,5,0.50595705215096
"485","trapnest_24",2023-07-03,"24_7b","NN","H","High",7,"b",70.92,140.17,"24_7","no change","osmia",2,NA,5,0,0,0,12,5,0,0,2,8,0.25,5,0.50595705215096
"486","trapnest_24",2023-07-04,"24_7b","NN","H","High",7,"b",70.92,140.17,"24_7","no change","osmia",1,NA,5,0,0,0,12,5,0,0,2,8,0.25,5,0.50595705215096
"487","trapnest_24",2023-07-06,"24_7b","NN","H","High",7,"b",70.92,140.17,"24_7","no change","osmia",2,NA,4,0,0,0,12,5,0,0,2,8,0.25,5,0.50595705215096
"488","trapnest_25",2023-06-04,"25_11a","NN","I","Low",11,"a",88.22,148.7,"25_11","6 cells","osmia",3,1,13.5,2,0,2,4.5,4.5,0,0,NA,NA,NA,4,0.593275050437122
"489","trapnest_25",2023-06-05,"25_11a","NN","I","Low",11,"a",88.22,148.7,"25_11","no change","osmia",1,NA,16,0,0,0,2,2,0,0,NA,NA,NA,1,0.593275050437122
"490","trapnest_25",2023-06-08,"25_11a","NN","I","Low",11,"a",88.22,148.7,"25_11","2 cells","osmia",2,NA,16,1,0,1,2,2,0,0,NA,NA,NA,2,0.593275050437122
"491","trapnest_25",2023-06-10,"25_11a","NN","I","Low",11,"a",88.22,148.7,"25_11","no change","osmia",0,NA,15,0,0,0,3,3,0,0,NA,NA,NA,2,0.593275050437122
"492","trapnest_25",2023-06-11,"25_11a","NN","I","Low",11,"a",88.22,148.7,"25_11","1 cell + end cap","osmia",1,NA,15,0,0,0,3,3,0,0,NA,NA,NA,2,0.593275050437122
"493","trapnest_25",2023-06-12,"25_11a","NN","I","Low",11,"a",88.22,148.7,"25_11","no change","osmia",0,NA,16,0,0,0,2,2,0,0,NA,NA,NA,1,0.593275050437122
"494","trapnest_25",2023-06-15,"25_11a","NN","I","Low",11,"a",88.22,148.7,"25_11","pseudo","osmia",0,NA,15,3,0,3,3,2,0,0,NA,NA,NA,4,0.593275050437122
"495","trapnest_25",2023-05-29,"25_13a","NN","I","Low",13,"a",108.83,148.8,"25_13","3 cells","osmia",1,1,16,3,0,3,2,2,0,0,0,3,0,2,0.73138440860215
"496","trapnest_25",2023-05-31,"25_13a","NN","I","Low",13,"a",108.83,148.8,"25_13","4 cells","osmia",2,NA,15.5,4,0,4,2.5,2.5,0,0,0,7,0,2,0.73138440860215
"497","trapnest_25",2023-06-01,"25_13a","NN","I","Low",13,"a",108.83,148.8,"25_13","4 cells","osmia",1,NA,14,1,0,1,4,4,0,0,0,9,0,3,0.73138440860215
"498","trapnest_25",2023-06-04,"25_13a","NN","I","Low",13,"a",108.83,148.8,"25_13","end cap","osmia",3,NA,13.5,2,0,2,4.5,4.5,0,0,0,9,0,4,0.73138440860215
"499","trapnest_25",2023-06-08,"25_16a","NN","I","Low",16,"a",74.15,143.66,"25_16","7 cells","osmia",2,1,16,1,0,1,2,2,0,0,0,7,0,2,0.516149241264096
"500","trapnest_25",2023-06-10,"25_16a","NN","I","Low",16,"a",74.15,143.66,"25_16","no change","osmia",0,NA,15,0,0,0,3,3,0,0,0,7,0,2,0.516149241264096
"501","trapnest_25",2023-06-11,"25_16a","NN","I","Low",16,"a",74.15,143.66,"25_16","end cap +","osmia",1,NA,15,0,0,0,3,3,0,0,0,7,0,2,0.516149241264096
"502","trapnest_25",2023-05-31,"25_1a","NN","I","Low",1,"a",59.44,149.61,"25_1","inner wall","osmia",2,1,15.5,4,0,4,2.5,2.5,0,0,NA,NA,NA,2,0.397299645745605
"503","trapnest_25",2023-06-01,"25_1a","NN","I","Low",1,"a",59.44,149.61,"25_1","6 cells","osmia",1,NA,14,1,0,1,4,4,0,0,NA,NA,NA,3,0.397299645745605
"504","trapnest_25",2023-06-04,"25_1a","NN","I","Low",1,"a",59.44,149.61,"25_1","2 cells + end cap","osmia",3,NA,13.5,2,0,2,4.5,4.5,0,0,NA,NA,NA,4,0.397299645745605
"505","trapnest_25",2023-06-15,"25_1b","NN","I","Low",1,"b",37.62,143.46,"25_1","1 cell","osmia",0,1,15,3,0,3,3,2,0,0,1,1,1,4,0.262233375156838
"506","trapnest_25",2023-06-19,"25_1b","NN","I","Low",1,"b",37.62,143.46,"25_1","no change","osmia",0,NA,15,0,0,0,3,3,0,0,1,1,1,3,0.262233375156838
"507","trapnest_25",2023-06-22,"25_1b","NN","I","Low",1,"b",37.62,143.46,"25_1","end cap","osmia",3,NA,16,1,0,1,2,2,0,0,1,1,1,3,0.262233375156838
"508","trapnest_25",2023-05-29,"25_3a","NN","I","Low",3,"a",111.2,111.2,"25_3","3 cells","osmia",1,1,16,3,0,3,2,2,0,0,0,3,0,2,1
"509","trapnest_25",2023-05-31,"25_3a","NN","I","Low",3,"a",111.2,111.2,"25_3","4 cells","osmia",2,NA,15.5,4,0,4,2.5,2.5,0,0,0,7,0,2,1
"510","trapnest_25",2023-06-01,"25_3a","NN","I","Low",3,"a",111.2,111.2,"25_3","4 cells","osmia",1,NA,14,1,0,1,4,4,0,0,0,9,0,3,1
"511","trapnest_25",2023-06-04,"25_3a","NN","I","Low",3,"a",111.2,111.2,"25_3","1 cell + end cap","osmia",3,NA,13.5,2,0,2,4.5,4.5,0,0,0,12,0,4,1
"512","trapnest_25",2023-06-15,"25_3b","NN","I","Low",3,"b",20.96,140.64,"25_3","2 cells","osmia",0,1,15,3,0,3,3,2,0,0,2,2,1,4,0.149032992036405
"513","trapnest_25",2023-06-19,"25_3b","NN","I","Low",3,"b",20.96,140.64,"25_3","end cap","osmia",0,NA,15,0,0,0,3,3,0,0,2,2,1,3,0.149032992036405
"514","trapnest_25",2023-06-22,"25_3c","NN","I","Low",3,"c",5.21,134.1,"25_3","1 cell","osmia",3,1,16,1,0,1,2,2,0,0,0,1,0,3,0.0388516032811335
"515","trapnest_25",2023-06-23,"25_3c","NN","I","Low",3,"c",5.21,134.1,"25_3","no change","osmia",1,NA,16,0,0,0,2,2,0,0,0,1,0,2,0.0388516032811335
"516","trapnest_25",2023-06-30,"25_3c","NN","I","Low",3,"c",5.21,134.1,"25_3","no change","osmia",1,NA,14,0,0,0,2,2,0,0,0,1,0,2,0.0388516032811335
"517","trapnest_25",2023-07-03,"25_3c","NN","I","Low",3,"c",5.21,134.1,"25_3","no change","osmia",2,NA,14,0,0,0,2,2,0,0,0,1,0,2,0.0388516032811335
"518","trapnest_25",2023-07-04,"25_3c","NN","I","Low",3,"c",5.21,134.1,"25_3","no change","osmia",1,NA,12,0,0,0,2,2,0,0,0,1,0,2,0.0388516032811335
"519","trapnest_25",2023-05-29,"25_4a","NN","I","Low",4,"a",50.46,148.66,"25_4","no change","osmia",1,NA,16,3,0,3,2,2,0,0,NA,NA,NA,2,0.339432261536392
"520","trapnest_25",2023-05-31,"25_4a","NN","I","Low",4,"a",50.46,148.66,"25_4","no change","osmia",2,NA,15.5,4,0,4,2.5,2.5,0,0,NA,NA,NA,2,0.339432261536392
"521","trapnest_25",2023-06-01,"25_4a","NN","I","Low",4,"a",50.46,148.66,"25_4","1 cell","osmia",1,NA,14,1,0,1,4,4,0,0,0,1,0,3,0.339432261536392
"522","trapnest_25",2023-06-04,"25_4a","NN","I","Low",4,"a",50.46,148.66,"25_4","6 cells + end cap","osmia",3,NA,13.5,2,0,2,4.5,4.5,0,0,0,7,0,4,0.339432261536392
"523","trapnest_25",2023-06-15,"25_4b","NN","I","Low",4,"b",20.99,142.81,"25_4","1 cell","osmia",0,1,15,3,0,3,3,2,0,0,1,1,1,4,0.146978502905959
"524","trapnest_25",2023-06-19,"25_4b","NN","I","Low",4,"b",20.99,142.81,"25_4","1 cell","osmia",0,NA,15,0,0,0,3,3,0,0,1,2,0.5,3,0.146978502905959
"525","trapnest_25",2023-06-22,"25_4b","NN","I","Low",4,"b",20.99,142.81,"25_4","end cap","osmia",3,NA,16,1,0,1,2,2,0,0,1,2,0.5,3,0.146978502905959
"526","trapnest_25",2023-06-23,"25_4b","NN","I","Low",4,"b",20.99,142.81,"25_4","no change","osmia",1,NA,16,0,0,0,2,2,0,0,1,2,0.5,2,0.146978502905959
"527","trapnest_25",2023-06-30,"25_4b","NN","I","Low",4,"b",20.99,142.81,"25_4","no change","osmia",1,NA,14,0,0,0,2,2,0,0,1,2,0.5,2,0.146978502905959
"528","trapnest_25",2023-07-03,"25_4b","NN","I","Low",4,"b",20.99,142.81,"25_4","no change","osmia",2,NA,14,0,0,0,2,2,0,0,1,2,0.5,2,0.146978502905959
"529","trapnest_25",2023-07-04,"25_4b","NN","I","Low",4,"b",20.99,142.81,"25_4","no change","osmia",1,NA,12,0,0,0,2,2,0,0,1,2,0.5,2,0.146978502905959
"530","trapnest_25",2023-07-06,"25_4b","NN","I","Low",4,"b",20.99,142.81,"25_4","no change","osmia",2,NA,13,0,0,0,1,1,0,0,1,2,0.5,1,0.146978502905959
"531","trapnest_25",2023-05-29,"25_6a","NN","I","Low",6,"a",119.74,151.74,"25_6","7 cells","osmia",1,1,16,3,0,3,2,2,0,0,NA,NA,NA,2,0.789112956372743
"532","trapnest_25",2023-05-31,"25_6a","NN","I","Low",6,"a",119.74,151.74,"25_6","6 cells","osmia",2,NA,15.5,4,0,4,2.5,2.5,0,0,NA,NA,NA,2,0.789112956372743
"533","trapnest_25",2023-06-01,"25_6a","NN","I","Low",6,"a",119.74,151.74,"25_6","3 cells + end cap","osmia",1,NA,14,1,0,1,4,4,0,0,NA,NA,NA,3,0.789112956372743
"534","trapnest_25",2023-06-04,"25_6b","NN","I","Low",6,"b",58.79,136.32,"25_6","1 cell","osmia",3,1,13.5,2,0,2,4.5,4.5,0,0,0,1,0,4,0.431264671361502
"535","trapnest_25",2023-06-05,"25_6b","NN","I","Low",6,"b",58.79,136.32,"25_6","no change","osmia",1,NA,16,0,0,0,2,2,0,0,0,1,0,1,0.431264671361502
"536","trapnest_25",2023-06-08,"25_6b","NN","I","Low",6,"b",58.79,136.32,"25_6","4 cells","osmia",2,NA,16,1,0,1,2,2,0,0,0,5,0,2,0.431264671361502
"537","trapnest_25",2023-06-10,"25_6b","NN","I","Low",6,"b",58.79,136.32,"25_6","no change","osmia",0,NA,15,0,0,0,3,3,0,0,0,5,0,2,0.431264671361502
"538","trapnest_25",2023-06-11,"25_6b","NN","I","Low",6,"b",58.79,136.32,"25_6","3 cells","osmia",1,NA,15,0,0,0,3,3,0,0,1,8,0.125,2,0.431264671361502
"539","trapnest_25",2023-06-12,"25_6b","NN","I","Low",6,"b",58.79,136.32,"25_6","no change","osmia",0,NA,16,0,0,0,2,2,0,0,1,8,0.125,1,0.431264671361502
"540","trapnest_25",2023-06-15,"25_6b","NN","I","Low",6,"b",58.79,136.32,"25_6","end cap","osmia",0,NA,15,3,0,3,3,2,0,0,1,8,0.125,4,0.431264671361502
"541","trapnest_28",2023-05-29,"28_17a","NN","J","Low",17,"a",18.3,146.85,"28_17","3 cells + end cap","osmia",1,1,18,1,0,1,0,0,0,0,1,3,0.333333333333333,1,0.12461695607763
"542","trapnest_28",2023-06-22,"28_3a","NN","J","Low",3,"a",30.81,144.79,"28_3","2 cells","osmia",3,1,17,1,0,1,0,0,0,0,2,2,1,1,0.212790938600732
"543","trapnest_28",2023-06-23,"28_3a","NN","J","Low",3,"a",30.81,144.79,"28_3","no change","osmia",1,NA,15,0,0,0,1,1,0,0,2,2,1,1,0.212790938600732
"544","trapnest_28",2023-06-30,"28_3a","NN","J","Low",3,"a",30.81,144.79,"28_3","2 cells + end cap","osmia",1,NA,13,0,0,0,1,1,0,0,4,4,1,1,0.212790938600732
"545","trapnest_29",2023-05-31,"29_1b","NN","J","Mid",1,"b",54.16,125.67,"29_1","1 cell","osmia",2,1,12,1,0,1,6,2,0,0,0,1,0,1,0.430970000795735
"546","trapnest_29",2023-06-01,"29_1b","NN","J","Mid",1,"b",54.16,125.67,"29_1","3 cells","osmia",1,NA,13,1,0,1,5,1,0,0,2,4,0.5,1,0.430970000795735
"547","trapnest_29",2023-06-04,"29_1b","NN","J","Mid",1,"b",54.16,125.67,"29_1","no change","osmia",3,NA,12,0,0,0,6,2,0,0,2,4,0.5,1,0.430970000795735
"548","trapnest_29",2023-06-05,"29_1b","NN","J","Mid",1,"b",54.16,125.67,"29_1","no change","osmia",1,NA,12,0,0,0,6,2,0,0,2,4,0.5,1,0.430970000795735
"549","trapnest_29",2023-06-08,"29_1b","NN","J","Mid",1,"b",54.16,125.67,"29_1","no change","osmia",2,NA,12,0,0,0,6,2,0,0,2,4,0.5,1,0.430970000795735
"550","trapnest_29",2023-06-10,"29_1b","NN","J","Mid",1,"b",54.16,125.67,"29_1","no change","osmia",0,NA,12,0,0,0,6,2,0,0,2,4,0.5,1,0.430970000795735
"551","trapnest_29",2023-06-11,"29_1b","NN","J","Mid",1,"b",54.16,125.67,"29_1","no change","osmia",1,NA,11,0,0,0,6,2,0,0,2,4,0.5,1,0.430970000795735
"552","trapnest_29",2023-06-12,"29_1b","NN","J","Mid",1,"b",54.16,125.67,"29_1","no change","osmia",0,NA,11,0,0,0,6,2,0,0,2,4,0.5,1,0.430970000795735
"553","trapnest_29",2023-06-15,"29_1b","NN","J","Mid",1,"b",54.16,125.67,"29_1","no change","osmia",0,NA,11,0,0,0,6,2,0,0,2,4,0.5,1,0.430970000795735
"554","trapnest_29",2023-06-19,"29_1b","NN","J","Mid",1,"b",54.16,125.67,"29_1","no change","osmia",0,NA,10,0,0,0,6,2,0,0,2,4,0.5,1,0.430970000795735
"555","trapnest_29",2023-06-22,"29_1b","NN","J","Mid",1,"b",54.16,125.67,"29_1","no change","osmia",3,NA,10,0,0,0,6,1,0,0,2,4,0.5,1,0.430970000795735
"556","trapnest_29",2023-06-23,"29_1b","NN","J","Mid",1,"b",54.16,125.67,"29_1","no change","osmia",1,NA,10,0,0,0,6,1,0,0,2,4,0.5,1,0.430970000795735
"557","trapnest_29",2023-06-30,"29_1b","NN","J","Mid",1,"b",54.16,125.67,"29_1","no change","osmia",1,NA,10,0,0,0,6,1,0,0,2,4,0.5,1,0.430970000795735
"558","trapnest_29",2023-07-03,"29_1b","NN","J","Mid",1,"b",54.16,125.67,"29_1","no change","osmia",2,NA,11,0,0,0,6,1,0,0,2,4,0.5,1,0.430970000795735
"559","trapnest_29",2023-07-04,"29_1b","NN","J","Mid",1,"b",54.16,125.67,"29_1","no change","osmia",1,NA,11,0,0,0,6,1,0,0,2,4,0.5,1,0.430970000795735
"560","trapnest_29",2023-07-06,"29_1b","NN","J","Mid",1,"b",54.16,125.67,"29_1","no change","osmia",2,NA,11,0,0,0,6,1,0,0,2,4,0.5,1,0.430970000795735
"561","trapnest_29",2023-05-18,"29_4a","NN","J","Mid",4,"a",88.6,142.9,"29_4","1 cell","osmia",2,1,12,1,0,1,6,0,0,0,NA,NA,NA,0,0.62001399580126
"562","trapnest_29",2023-05-19,"29_4a","NN","J","Mid",4,"a",88.6,142.9,"29_4","2 cells","osmia",1,NA,11,0,0,0,7,1,0,0,NA,NA,NA,0,0.62001399580126
"563","trapnest_29",2023-05-21,"29_4a","NN","J","Mid",4,"a",88.6,142.9,"29_4","no change","osmia",1,NA,11,0,0,0,7,1,0,0,NA,NA,NA,0,0.62001399580126
"564","trapnest_29",2023-05-22,"29_4a","NN","J","Mid",4,"a",88.6,142.9,"29_4","2 cells","osmia",1,NA,11,0,0,0,7,1,0,0,NA,NA,NA,0,0.62001399580126
"565","trapnest_29",2023-05-25,"29_4a","NN","J","Mid",4,"a",88.6,142.9,"29_4","no change","osmia",3,NA,12,1,0,1,6,1,0,0,NA,NA,NA,0,0.62001399580126
"566","trapnest_29",2023-05-26,"29_4a","NN","J","Mid",4,"a",88.6,142.9,"29_4","no change","osmia",1,NA,12,0,0,0,6,2,0,0,NA,NA,NA,0,0.62001399580126
"567","trapnest_29",2023-05-28,"29_4a","NN","J","Mid",4,"a",88.6,142.9,"29_4","no change","osmia",2,NA,12,0,0,0,6,2,0,0,NA,NA,NA,0,0.62001399580126
"568","trapnest_29",2023-05-29,"29_4a","NN","J","Mid",4,"a",88.6,142.9,"29_4","no change","osmia",1,NA,12,0,0,0,6,2,0,0,NA,NA,NA,0,0.62001399580126
"569","trapnest_29",2023-05-31,"29_4a","NN","J","Mid",4,"a",88.6,142.9,"29_4","2 cells + end cap","osmia",2,NA,12,1,0,1,6,2,0,0,NA,NA,NA,1,0.62001399580126
"570","trapnest_29",2023-06-01,"29_4a","NN","J","Mid",4,"a",88.6,142.9,"29_4","no change","osmia",1,NA,13,1,0,1,5,1,0,0,NA,NA,NA,1,0.62001399580126
"571","trapnest_29",2023-06-04,"29_4a","NN","J","Mid",4,"a",88.6,142.9,"29_4","no change","osmia",3,NA,12,0,0,0,6,2,0,0,NA,NA,NA,1,0.62001399580126
"572","trapnest_29",2023-06-05,"29_4a","NN","J","Mid",4,"a",88.6,142.9,"29_4","no change","osmia",1,NA,12,0,0,0,6,2,0,0,NA,NA,NA,1,0.62001399580126
"573","trapnest_29",2023-06-08,"29_4a","NN","J","Mid",4,"a",88.6,142.9,"29_4","no change","osmia",2,NA,12,0,0,0,6,2,0,0,NA,NA,NA,1,0.62001399580126
"574","trapnest_29",2023-06-10,"29_4a","NN","J","Mid",4,"a",88.6,142.9,"29_4","no change","osmia",0,NA,12,0,0,0,6,2,0,0,NA,NA,NA,1,0.62001399580126
"575","trapnest_29",2023-06-11,"29_4a","NN","J","Mid",4,"a",88.6,142.9,"29_4","no change","osmia",1,NA,11,0,0,0,6,2,0,0,NA,NA,NA,1,0.62001399580126
"576","trapnest_29",2023-06-12,"29_4a","NN","J","Mid",4,"a",88.6,142.9,"29_4","no change","osmia",0,NA,11,0,0,0,6,2,0,0,NA,NA,NA,1,0.62001399580126
"577","trapnest_29",2023-06-15,"29_4a","NN","J","Mid",4,"a",88.6,142.9,"29_4","no change","osmia",0,NA,11,0,0,0,6,2,0,0,NA,NA,NA,1,0.62001399580126
"578","trapnest_29",2023-06-19,"29_4a","NN","J","Mid",4,"a",88.6,142.9,"29_4","no change","osmia",0,NA,10,0,0,0,6,2,0,0,NA,NA,NA,1,0.62001399580126
"579","trapnest_29",2023-05-25,"29_7a","NN","J","Mid",7,"a",124.59,147.7,"29_7","1 cell","osmia",3,1,12,1,0,1,6,1,0,0,NA,NA,NA,0,0.843534190927556
"580","trapnest_29",2023-05-26,"29_7a","NN","J","Mid",7,"a",124.59,147.7,"29_7","1 cell","osmia",1,NA,12,0,0,0,6,2,0,0,NA,NA,NA,0,0.843534190927556
"581","trapnest_29",2023-05-28,"29_7a","NN","J","Mid",7,"a",124.59,147.7,"29_7","no change","osmia",2,NA,12,0,0,0,6,2,0,0,NA,NA,NA,0,0.843534190927556
"582","trapnest_29",2023-05-29,"29_7a","NN","J","Mid",7,"a",124.59,147.7,"29_7","5 cells","osmia",1,NA,12,0,0,0,6,2,0,0,NA,NA,NA,0,0.843534190927556
"583","trapnest_29",2023-05-31,"29_7a","NN","J","Mid",7,"a",124.59,147.7,"29_7","2 cells + end cap","osmia",2,NA,12,1,0,1,6,2,0,0,NA,NA,NA,1,0.843534190927556
"584","trapnest_3",2023-06-02,"3_11b","BP","A","High",11,"b",18.88,141.84,"3_11","2 cells + end cap","osmia",2,1,7,3,0,3,11,5,0,0,1,2,0.5,5,0.133107727016356
"585","trapnest_3",2023-06-05,"3_11b","BP","A","High",11,"b",18.88,141.84,"3_11","no change","osmia",1,NA,5,0,0,0,13,7,0,0,1,2,0.5,5,0.133107727016356
"586","trapnest_3",2023-06-08,"3_11b","BP","A","High",11,"b",18.88,141.84,"3_11","no change","osmia",2,NA,7,0,0,0,11,6,0,0,1,2,0.5,4,0.133107727016356
"587","trapnest_3",2023-06-10,"3_11b","BP","A","High",11,"b",18.88,141.84,"3_11","no change","osmia",0,NA,7,0,0,0,11,6,0,0,1,2,0.5,4,0.133107727016356
"588","trapnest_3",2023-06-12,"3_11b","BP","A","High",11,"b",18.88,141.84,"3_11","no change","osmia",1,NA,7,0,0,0,11,6,0,0,1,2,0.5,4,0.133107727016356
"589","trapnest_3",2023-06-14,"3_11b","BP","A","High",11,"b",18.88,141.84,"3_11","no change","osmia",0,NA,7,0,0,0,11,6,0,0,1,2,0.5,4,0.133107727016356
"590","trapnest_3",2023-06-16,"3_11b","BP","A","High",11,"b",18.88,141.84,"3_11","no change","osmia",1,NA,7,1,0,1,11,6,0,0,1,2,0.5,5,0.133107727016356
"591","trapnest_3",2023-06-20,"3_11b","BP","A","High",11,"b",18.88,141.84,"3_11","no change","osmia",3,NA,7,0,0,0,11,6,0,0,1,2,0.5,5,0.133107727016356
"592","trapnest_3",2023-06-23,"3_11b","BP","A","High",11,"b",18.88,141.84,"3_11","no change","osmia",3,NA,6,0,0,0,11,6,0,0,1,2,0.5,5,0.133107727016356
"593","trapnest_3",2023-06-29,"3_11b","BP","A","High",11,"b",18.88,141.84,"3_11","no change","osmia",1,NA,5,0,0,0,11,6,0,0,1,2,0.5,5,0.133107727016356
"594","trapnest_3",2023-05-29,"3_13b","BP","A","High",13,"b",35,140,"3_13","1 cell","osmia",1,1,7,1,0,1,11,2,0,0,NA,NA,NA,2,0.25
"595","trapnest_3",2023-05-31,"3_13b","BP","A","High",13,"b",35,140,"3_13","no change","osmia",2,NA,6,1,0,1,12,3,0,0,NA,NA,NA,3,0.25
"596","trapnest_3",2023-06-02,"3_13b","BP","A","High",13,"b",35,140,"3_13","4 cells + end cap","osmia",2,NA,7,3,0,3,11,5,0,0,NA,NA,NA,5,0.25
"597","trapnest_3",2023-06-05,"3_13b","BP","A","High",13,"b",35,140,"3_13","no change","osmia",1,NA,5,0,0,0,13,7,0,0,NA,NA,NA,5,0.25
"598","trapnest_3",2023-06-08,"3_13b","BP","A","High",13,"b",35,140,"3_13","no change","osmia",2,NA,7,0,0,0,11,6,0,0,NA,NA,NA,4,0.25
"599","trapnest_3",2023-06-10,"3_13b","BP","A","High",13,"b",35,140,"3_13","no change","osmia",0,NA,7,0,0,0,11,6,0,0,NA,NA,NA,4,0.25
"600","trapnest_3",2023-06-12,"3_13b","BP","A","High",13,"b",35,140,"3_13","no change","osmia",1,NA,7,0,0,0,11,6,0,0,NA,NA,NA,4,0.25
"601","trapnest_3",2023-06-14,"3_13b","BP","A","High",13,"b",35,140,"3_13","no change","osmia",0,NA,7,0,0,0,11,6,0,0,NA,NA,NA,4,0.25
"602","trapnest_3",2023-06-16,"3_13b","BP","A","High",13,"b",35,140,"3_13","no change","osmia",1,NA,7,1,0,1,11,6,0,0,NA,NA,NA,5,0.25
"603","trapnest_3",2023-06-20,"3_13b","BP","A","High",13,"b",35,140,"3_13","no change","osmia",3,NA,7,0,0,0,11,6,0,0,NA,NA,NA,5,0.25
"604","trapnest_3",2023-06-23,"3_13b","BP","A","High",13,"b",35,140,"3_13","no change","osmia",3,NA,6,0,0,0,11,6,0,0,NA,NA,NA,5,0.25
"605","trapnest_3",2023-06-29,"3_13b","BP","A","High",13,"b",35,140,"3_13","no change","osmia",1,NA,5,0,0,0,11,6,0,0,NA,NA,NA,5,0.25
"606","trapnest_3",2023-05-26,"3_14a","BP","A","High",14,"a",8.71,142.78,"3_14","2 cells","osmia",2,1,7,1,0,1,11,1,0,0,1,2,0.5,2,0.0610029415884578
"607","trapnest_3",2023-05-28,"3_14a","BP","A","High",14,"a",8.71,142.78,"3_14","end cap","osmia",2,NA,7,0,0,0,11,2,0,0,1,2,0.5,2,0.0610029415884578
"608","trapnest_3",2023-05-29,"3_14a","BP","A","High",14,"a",8.71,142.78,"3_14","no change","osmia",1,NA,7,1,0,1,11,2,0,0,1,2,0.5,2,0.0610029415884578
"609","trapnest_3",2023-05-31,"3_14a","BP","A","High",14,"a",8.71,142.78,"3_14","no change","osmia",2,NA,6,1,0,1,12,3,0,0,1,2,0.5,3,0.0610029415884578
"610","trapnest_3",2023-06-02,"3_14a","BP","A","High",14,"a",8.71,142.78,"3_14","no change","osmia",2,NA,7,3,0,3,11,5,0,0,1,2,0.5,5,0.0610029415884578
"611","trapnest_3",2023-06-05,"3_14a","BP","A","High",14,"a",8.71,142.78,"3_14","no change","osmia",1,NA,5,0,0,0,13,7,0,0,1,2,0.5,5,0.0610029415884578
"612","trapnest_3",2023-06-02,"3_16b","BP","A","High",16,"b",4.82,143.88,"3_16","1 cell","osmia",2,1,7,3,0,3,11,5,0,0,0,1,0,5,0.0335001390047262
"613","trapnest_3",2023-06-05,"3_16b","BP","A","High",16,"b",4.82,143.88,"3_16","no change","osmia",1,NA,5,0,0,0,13,7,0,0,0,1,0,5,0.0335001390047262
"614","trapnest_3",2023-06-08,"3_16b","BP","A","High",16,"b",4.82,143.88,"3_16","no change","osmia",2,NA,7,0,0,0,11,6,0,0,0,1,0,4,0.0335001390047262
"615","trapnest_3",2023-06-10,"3_16b","BP","A","High",16,"b",4.82,143.88,"3_16","no change","osmia",0,NA,7,0,0,0,11,6,0,0,0,1,0,4,0.0335001390047262
"616","trapnest_3",2023-06-12,"3_16b","BP","A","High",16,"b",4.82,143.88,"3_16","no change","osmia",1,NA,7,0,0,0,11,6,0,0,0,1,0,4,0.0335001390047262
"617","trapnest_3",2023-06-14,"3_16b","BP","A","High",16,"b",4.82,143.88,"3_16","no change","osmia",0,NA,7,0,0,0,11,6,0,0,0,1,0,4,0.0335001390047262
"618","trapnest_3",2023-06-16,"3_16b","BP","A","High",16,"b",4.82,143.88,"3_16","no change","osmia",1,NA,7,1,0,1,11,6,0,0,0,1,0,5,0.0335001390047262
"619","trapnest_3",2023-06-20,"3_16b","BP","A","High",16,"b",4.82,143.88,"3_16","no change","osmia",3,NA,7,0,0,0,11,6,0,0,0,1,0,5,0.0335001390047262
"620","trapnest_3",2023-06-23,"3_16b","BP","A","High",16,"b",4.82,143.88,"3_16","no change","osmia",3,NA,6,0,0,0,11,6,0,0,0,1,0,5,0.0335001390047262
"621","trapnest_3",2023-06-29,"3_16b","BP","A","High",16,"b",4.82,143.88,"3_16","no change","osmia",1,NA,5,0,0,0,11,6,0,0,0,1,0,5,0.0335001390047262
"622","trapnest_3",2023-05-23,"3_18a","BP","A","High",18,"a",61.17,144.35,"3_18","1 cell","osmia",1,1,7,1,0,1,11,0,0,0,0,1,0,1,0.423761690335989
"623","trapnest_3",2023-05-26,"3_18a","BP","A","High",18,"a",61.17,144.35,"3_18","3 cells","osmia",2,NA,7,1,0,1,11,1,0,0,0,4,0,2,0.423761690335989
"624","trapnest_3",2023-05-28,"3_18a","BP","A","High",18,"a",61.17,144.35,"3_18","no change","osmia",2,NA,7,0,0,0,11,2,0,0,0,4,0,2,0.423761690335989
"625","trapnest_3",2023-05-29,"3_18a","BP","A","High",18,"a",61.17,144.35,"3_18","4 cells + end cap","osmia",1,NA,7,1,0,1,11,2,0,0,0,8,0,2,0.423761690335989
"626","trapnest_3",2023-05-31,"3_18a","BP","A","High",18,"a",61.17,144.35,"3_18","no change","osmia",2,NA,6,1,0,1,12,3,0,0,0,8,0,3,0.423761690335989
"627","trapnest_3",2023-06-02,"3_18a","BP","A","High",18,"a",61.17,144.35,"3_18","no change","osmia",2,NA,7,3,0,3,11,5,0,0,0,8,0,5,0.423761690335989
"628","trapnest_3",2023-06-05,"3_18a","BP","A","High",18,"a",61.17,144.35,"3_18","no change","osmia",1,NA,5,0,0,0,13,7,0,0,0,8,0,5,0.423761690335989
"629","trapnest_3",2023-06-08,"3_18a","BP","A","High",18,"a",61.17,144.35,"3_18","no change","osmia",2,NA,7,0,0,0,11,6,0,0,0,8,0,4,0.423761690335989
"630","trapnest_3",2023-06-10,"3_18a","BP","A","High",18,"a",61.17,144.35,"3_18","no change","osmia",0,NA,7,0,0,0,11,6,0,0,0,8,0,4,0.423761690335989
"631","trapnest_3",2023-06-12,"3_18a","BP","A","High",18,"a",61.17,144.35,"3_18","no change","osmia",1,NA,7,0,0,0,11,6,0,0,0,8,0,4,0.423761690335989
"632","trapnest_3",2023-06-14,"3_18a","BP","A","High",18,"a",61.17,144.35,"3_18","no change","osmia",0,NA,7,0,0,0,11,6,0,0,0,8,0,4,0.423761690335989
"633","trapnest_3",2023-06-16,"3_18a","BP","A","High",18,"a",61.17,144.35,"3_18","no change","osmia",1,NA,7,1,0,1,11,6,0,0,0,8,0,5,0.423761690335989
"634","trapnest_3",2023-06-20,"3_18a","BP","A","High",18,"a",61.17,144.35,"3_18","no change","osmia",3,NA,7,0,0,0,11,6,0,0,0,8,0,5,0.423761690335989
"635","trapnest_3",2023-06-23,"3_18a","BP","A","High",18,"a",61.17,144.35,"3_18","no change","osmia",3,NA,6,0,0,0,11,6,0,0,0,8,0,5,0.423761690335989
"636","trapnest_3",2023-06-29,"3_18a","BP","A","High",18,"a",61.17,144.35,"3_18","no change","osmia",1,NA,5,0,0,0,11,6,0,0,0,8,0,5,0.423761690335989
"637","trapnest_3",2023-05-31,"3_2a","BP","A","High",2,"a",46.68,142.17,"3_2","2 cells","osmia",2,1,6,1,0,1,12,3,0,0,0,2,0,3,0.328339312091159
"638","trapnest_3",2023-06-02,"3_2a","BP","A","High",2,"a",46.68,142.17,"3_2","3 cells + end cap","osmia",2,NA,7,3,0,3,11,5,0,0,0,5,0,5,0.328339312091159
"639","trapnest_3",2023-06-05,"3_2a","BP","A","High",2,"a",46.68,142.17,"3_2","no change","osmia",1,NA,5,0,0,0,13,7,0,0,0,5,0,5,0.328339312091159
"640","trapnest_3",2023-06-08,"3_2a","BP","A","High",2,"a",46.68,142.17,"3_2","no change","osmia",2,NA,7,0,0,0,11,6,0,0,0,5,0,4,0.328339312091159
"641","trapnest_3",2023-06-10,"3_2a","BP","A","High",2,"a",46.68,142.17,"3_2","no change","osmia",0,NA,7,0,0,0,11,6,0,0,0,5,0,4,0.328339312091159
"642","trapnest_3",2023-06-12,"3_2a","BP","A","High",2,"a",46.68,142.17,"3_2","no change","osmia",1,NA,7,0,0,0,11,6,0,0,0,5,0,4,0.328339312091159
"643","trapnest_3",2023-06-14,"3_2a","BP","A","High",2,"a",46.68,142.17,"3_2","no change","osmia",0,NA,7,0,0,0,11,6,0,0,0,5,0,4,0.328339312091159
"644","trapnest_3",2023-06-16,"3_2a","BP","A","High",2,"a",46.68,142.17,"3_2","no change","osmia",1,NA,7,1,0,1,11,6,0,0,0,5,0,5,0.328339312091159
"645","trapnest_3",2023-06-20,"3_2a","BP","A","High",2,"a",46.68,142.17,"3_2","no change","osmia",3,NA,7,0,0,0,11,6,0,0,0,5,0,5,0.328339312091159
"646","trapnest_3",2023-06-23,"3_2a","BP","A","High",2,"a",46.68,142.17,"3_2","no change","osmia",3,NA,6,0,0,0,11,6,0,0,0,5,0,5,0.328339312091159
"647","trapnest_3",2023-06-29,"3_2a","BP","A","High",2,"a",46.68,142.17,"3_2","no change","osmia",1,NA,5,0,0,0,11,6,0,0,0,5,0,5,0.328339312091159
"648","trapnest_3",2023-06-16,"3_9b","BP","A","High",9,"b",72.46,139.75,"3_9","1 cell","osmia",1,1,7,1,0,1,11,6,0,0,0,1,0,5,0.518497316636852
"649","trapnest_3",2023-06-20,"3_9b","BP","A","High",9,"b",72.46,139.75,"3_9","no change","osmia",3,NA,7,0,0,0,11,6,0,0,0,1,0,5,0.518497316636852
"650","trapnest_3",2023-06-23,"3_9b","BP","A","High",9,"b",72.46,139.75,"3_9","3 cells","osmia",3,NA,6,0,0,0,11,6,0,0,0,4,0,5,0.518497316636852
"651","trapnest_3",2023-06-29,"3_9b","BP","A","High",9,"b",72.46,139.75,"3_9","6 cells","osmia",1,NA,5,0,0,0,11,6,0,0,0,9,0,5,0.518497316636852
"652","trapnest_32",2023-06-01,"32_8b","NN","K","Mid",8,"b",17.37,61.84,"32_8","2 cells + end cap","osmia",1,1,11,1,0,1,7,4,0,0,0,2,0,1,0.280886157826649
"653","trapnest_32",2023-06-04,"32_8b","NN","K","Mid",8,"b",17.37,61.84,"32_8","no change","osmia",3,NA,11,0,0,0,7,2,0,0,0,2,0,1,0.280886157826649
"654","trapnest_32",2023-06-05,"32_8b","NN","K","Mid",8,"b",17.37,61.84,"32_8","no change","osmia",1,NA,12,0,0,0,6,2,0,0,0,2,0,1,0.280886157826649
"655","trapnest_32",2023-06-08,"32_8b","NN","K","Mid",8,"b",17.37,61.84,"32_8","no change","osmia",2,NA,12,0,0,0,6,2,0,0,0,2,0,1,0.280886157826649
"656","trapnest_32",2023-06-10,"32_8b","NN","K","Mid",8,"b",17.37,61.84,"32_8","no change","osmia",0,NA,12,0,0,0,6,2,0,0,0,2,0,1,0.280886157826649
"657","trapnest_32",2023-06-11,"32_8b","NN","K","Mid",8,"b",17.37,61.84,"32_8","no change","osmia",1,NA,12,0,0,0,6,2,0,0,0,2,0,1,0.280886157826649
"658","trapnest_32",2023-06-12,"32_8b","NN","K","Mid",8,"b",17.37,61.84,"32_8","no change","osmia",0,NA,12,0,0,0,6,2,0,0,0,2,0,1,0.280886157826649
"659","trapnest_32",2023-06-15,"32_8b","NN","K","Mid",8,"b",17.37,61.84,"32_8","no change","osmia",0,NA,11,0,0,0,6,2,0,0,0,2,0,1,0.280886157826649
"660","trapnest_32",2023-06-19,"32_8b","NN","K","Mid",8,"b",17.37,61.84,"32_8","no change","osmia",0,NA,11,0,0,0,6,2,0,0,0,2,0,1,0.280886157826649
"661","trapnest_32",2023-06-22,"32_8b","NN","K","Mid",8,"b",17.37,61.84,"32_8","no change","osmia",3,NA,11,0,0,0,6,2,0,0,0,2,0,1,0.280886157826649
"662","trapnest_32",2023-06-23,"32_8b","NN","K","Mid",8,"b",17.37,61.84,"32_8","no change","osmia",1,NA,11,0,0,0,6,2,0,0,0,2,0,1,0.280886157826649
"663","trapnest_32",2023-06-30,"32_8b","NN","K","Mid",8,"b",17.37,61.84,"32_8","no change","osmia",1,NA,9,0,0,0,6,2,0,0,0,2,0,1,0.280886157826649
"664","trapnest_32",2023-07-03,"32_8b","NN","K","Mid",8,"b",17.37,61.84,"32_8","no change","osmia",2,NA,11,0,0,0,6,1,0,0,0,2,0,1,0.280886157826649
"665","trapnest_32",2023-07-04,"32_8b","NN","K","Mid",8,"b",17.37,61.84,"32_8","no change","osmia",1,NA,10,0,0,0,6,1,0,0,0,2,0,1,0.280886157826649
"666","trapnest_32",2023-07-06,"32_8b","NN","K","Mid",8,"b",17.37,61.84,"32_8","no change","osmia",2,NA,9,0,0,0,6,1,0,0,0,2,0,1,0.280886157826649
"667","trapnest_35",2023-06-22,"35_7a","NN","L","Mid",7,"a",4.98,141.88,"35_7","1 cell","osmia",3,1,8,1,0,1,6,1,0,0,0,1,0,2,0.0351000845785171
"668","trapnest_35",2023-06-23,"35_7a","NN","L","Mid",7,"a",4.98,141.88,"35_7","no change","osmia",1,NA,8,0,0,0,7,2,0,0,0,1,0,2,0.0351000845785171
"669","trapnest_35",2023-06-30,"35_7a","NN","L","Mid",7,"a",4.98,141.88,"35_7","no change","osmia",1,NA,6,0,0,0,7,2,0,0,0,1,0,2,0.0351000845785171
"670","trapnest_35",2023-07-03,"35_7a","NN","L","Mid",7,"a",4.98,141.88,"35_7","no change","osmia",2,NA,10,0,0,0,6,2,0,0,0,1,0,2,0.0351000845785171
"671","trapnest_35",2023-07-04,"35_7a","NN","L","Mid",7,"a",4.98,141.88,"35_7","non-target nest completed","osmia",1,NA,10,0,0,0,6,2,0,0,0,1,0,2,0.0351000845785171
"672","trapnest_35",2023-07-06,"35_7a","NN","L","Mid",7,"a",4.98,141.88,"35_7","no change","osmia",2,NA,12,1,0,1,6,2,0,0,0,1,0,3,0.0351000845785171
"673","trapnest_35",2023-07-06,"35_9c","NN","L","Mid",9,"c",9.77,144.43,"35_9","1 cell","osmia",2,1,12,1,0,1,6,2,0,0,0,1,0,3,0.0676452260610676
"674","trapnest_36",2023-06-04,"36_13b","NN","L","High",13,"b",38.51,140.74,"36_13","3 cells + end cap","osmia",3,1,7,1,0,1,11,6,0,0,0,3,0,6,0.27362512434276
"675","trapnest_36",2023-06-05,"36_13b","NN","L","High",13,"b",38.51,140.74,"36_13","no change","osmia",1,NA,7,0,0,0,11,6,0,0,0,3,0,6,0.27362512434276
"676","trapnest_36",2023-06-08,"36_13b","NN","L","High",13,"b",38.51,140.74,"36_13","no change","osmia",2,NA,7,1,0,1,11,6,0,0,0,3,0,7,0.27362512434276
"677","trapnest_36",2023-06-10,"36_13b","NN","L","High",13,"b",38.51,140.74,"36_13","no change","osmia",0,NA,7,0,0,0,11,7,0,0,0,3,0,7,0.27362512434276
"678","trapnest_36",2023-06-11,"36_13b","NN","L","High",13,"b",38.51,140.74,"36_13","no change","osmia",1,NA,7,0,0,0,11,7,0,0,0,3,0,7,0.27362512434276
"679","trapnest_36",2023-06-12,"36_13b","NN","L","High",13,"b",38.51,140.74,"36_13","no change","osmia",0,NA,7,0,0,0,11,7,0,0,0,3,0,7,0.27362512434276
"680","trapnest_36",2023-06-15,"36_13b","NN","L","High",13,"b",38.51,140.74,"36_13","no change","osmia",0,NA,7,0,0,0,11,7,0,0,0,3,0,7,0.27362512434276
"681","trapnest_36",2023-06-19,"36_13b","NN","L","High",13,"b",38.51,140.74,"36_13","no change","osmia",0,NA,7,0,0,0,11,7,0,0,0,3,0,7,0.27362512434276
"682","trapnest_36",2023-06-22,"36_13b","NN","L","High",13,"b",38.51,140.74,"36_13","no change","osmia",3,NA,6,1,0,1,11,7,0,0,0,3,0,8,0.27362512434276
"683","trapnest_36",2023-06-23,"36_13b","NN","L","High",13,"b",38.51,140.74,"36_13","no change","osmia",1,NA,6,0,0,0,11,7,0,0,0,3,0,7,0.27362512434276
"684","trapnest_36",2023-06-30,"36_13b","NN","L","High",13,"b",38.51,140.74,"36_13","no change","osmia",1,NA,5,0,0,0,11,7,0,0,0,3,0,7,0.27362512434276
"685","trapnest_36",2023-07-03,"36_13b","NN","L","High",13,"b",38.51,140.74,"36_13","no change","osmia",2,NA,6,0,0,0,11,7,0,0,0,3,0,7,0.27362512434276
"686","trapnest_36",2023-07-04,"36_13b","NN","L","High",13,"b",38.51,140.74,"36_13","no change","osmia",1,NA,5,0,0,0,11,7,0,0,0,3,0,7,0.27362512434276
"687","trapnest_36",2023-07-06,"36_13b","NN","L","High",13,"b",38.51,140.74,"36_13","no change","osmia",2,NA,7,0,0,0,11,7,0,0,0,3,0,7,0.27362512434276
"688","trapnest_36",2023-06-08,"36_15b","NN","L","High",15,"b",12.03,143.21,"36_15","2 cells","osmia",2,1,7,1,0,1,11,6,0,0,0,2,0,7,0.0840025137909364
"689","trapnest_36",2023-06-10,"36_15b","NN","L","High",15,"b",12.03,143.21,"36_15","no change","osmia",0,NA,7,0,0,0,11,7,0,0,0,2,0,7,0.0840025137909364
"690","trapnest_36",2023-06-11,"36_15b","NN","L","High",15,"b",12.03,143.21,"36_15","no change","osmia",1,NA,7,0,0,0,11,7,0,0,0,2,0,7,0.0840025137909364
"691","trapnest_36",2023-06-12,"36_15b","NN","L","High",15,"b",12.03,143.21,"36_15","no change","osmia",0,NA,7,0,0,0,11,7,0,0,0,2,0,7,0.0840025137909364
"692","trapnest_36",2023-06-15,"36_15b","NN","L","High",15,"b",12.03,143.21,"36_15","no change","osmia",0,NA,7,0,0,0,11,7,0,0,0,2,0,7,0.0840025137909364
"693","trapnest_36",2023-06-19,"36_15b","NN","L","High",15,"b",12.03,143.21,"36_15","no change","osmia",0,NA,7,0,0,0,11,7,0,0,0,2,0,7,0.0840025137909364
"694","trapnest_36",2023-06-22,"36_15b","NN","L","High",15,"b",12.03,143.21,"36_15","no change","osmia",3,NA,6,1,0,1,11,7,0,0,0,2,0,8,0.0840025137909364
"695","trapnest_36",2023-06-23,"36_15b","NN","L","High",15,"b",12.03,143.21,"36_15","no change","osmia",1,NA,6,0,0,0,11,7,0,0,0,2,0,7,0.0840025137909364
"696","trapnest_36",2023-06-30,"36_15b","NN","L","High",15,"b",12.03,143.21,"36_15","no change","osmia",1,NA,5,0,0,0,11,7,0,0,0,2,0,7,0.0840025137909364
"697","trapnest_36",2023-07-03,"36_15b","NN","L","High",15,"b",12.03,143.21,"36_15","no change","osmia",2,NA,6,0,0,0,11,7,0,0,0,2,0,7,0.0840025137909364
"698","trapnest_36",2023-07-04,"36_15b","NN","L","High",15,"b",12.03,143.21,"36_15","no change","osmia",1,NA,5,0,0,0,11,7,0,0,0,2,0,7,0.0840025137909364
"699","trapnest_36",2023-07-06,"36_15b","NN","L","High",15,"b",12.03,143.21,"36_15","no change","osmia",2,NA,7,0,0,0,11,7,0,0,0,2,0,7,0.0840025137909364
"700","trapnest_36",2023-05-29,"36_1a","NN","L","High",1,"a",86.14,144.22,"36_1","1 cell","osmia",1,1,6.5,2,0,2,11.5,0.5,0,0,0,1,0,2,0.597281930384135
"701","trapnest_36",2023-05-31,"36_1a","NN","L","High",1,"a",86.14,144.22,"36_1","5 cells","osmia",2,NA,6,5,0,5,12,3,0,0,0,6,0,4,0.597281930384135
"702","trapnest_36",2023-06-01,"36_1a","NN","L","High",1,"a",86.14,144.22,"36_1","3 cells + end cap","osmia",1,NA,5,0,0,0,13,6,0,0,0,9,0,4,0.597281930384135
"703","trapnest_36",2023-06-04,"36_1a","NN","L","High",1,"a",86.14,144.22,"36_1","no change","osmia",3,NA,7,1,0,1,11,6,0,0,0,9,0,6,0.597281930384135
"704","trapnest_36",2023-06-05,"36_1a","NN","L","High",1,"a",86.14,144.22,"36_1","no change","osmia",1,NA,7,0,0,0,11,6,0,0,0,9,0,6,0.597281930384135
"705","trapnest_36",2023-06-08,"36_1a","NN","L","High",1,"a",86.14,144.22,"36_1","no change","osmia",2,NA,7,1,0,1,11,6,0,0,0,9,0,7,0.597281930384135
"706","trapnest_36",2023-06-10,"36_1a","NN","L","High",1,"a",86.14,144.22,"36_1","no change","osmia",0,NA,7,0,0,0,11,7,0,0,0,9,0,7,0.597281930384135
"707","trapnest_36",2023-06-11,"36_1a","NN","L","High",1,"a",86.14,144.22,"36_1","no change","osmia",1,NA,7,0,0,0,11,7,0,0,0,9,0,7,0.597281930384135
"708","trapnest_36",2023-06-12,"36_1a","NN","L","High",1,"a",86.14,144.22,"36_1","no change","osmia",0,NA,7,0,0,0,11,7,0,0,0,9,0,7,0.597281930384135
"709","trapnest_36",2023-06-15,"36_1a","NN","L","High",1,"a",86.14,144.22,"36_1","no change","osmia",0,NA,7,0,0,0,11,7,0,0,0,9,0,7,0.597281930384135
"710","trapnest_36",2023-06-19,"36_1a","NN","L","High",1,"a",86.14,144.22,"36_1","no change","osmia",0,NA,7,0,0,0,11,7,0,0,0,9,0,7,0.597281930384135
"711","trapnest_36",2023-06-22,"36_1a","NN","L","High",1,"a",86.14,144.22,"36_1","no change","osmia",3,NA,6,1,0,1,11,7,0,0,0,9,0,8,0.597281930384135
"712","trapnest_36",2023-06-23,"36_1a","NN","L","High",1,"a",86.14,144.22,"36_1","no change","osmia",1,NA,6,0,0,0,11,7,0,0,0,9,0,7,0.597281930384135
"713","trapnest_36",2023-06-30,"36_1a","NN","L","High",1,"a",86.14,144.22,"36_1","no change","osmia",1,NA,5,0,0,0,11,7,0,0,0,9,0,7,0.597281930384135
"714","trapnest_36",2023-07-03,"36_1a","NN","L","High",1,"a",86.14,144.22,"36_1","no change","osmia",2,NA,6,0,0,0,11,7,0,0,0,9,0,7,0.597281930384135
"715","trapnest_36",2023-07-04,"36_1a","NN","L","High",1,"a",86.14,144.22,"36_1","no change","osmia",1,NA,5,0,0,0,11,7,0,0,0,9,0,7,0.597281930384135
"716","trapnest_36",2023-07-06,"36_1a","NN","L","High",1,"a",86.14,144.22,"36_1","no change","osmia",2,NA,7,0,0,0,11,7,0,0,0,9,0,7,0.597281930384135
"717","trapnest_36",2023-05-31,"36_3b","NN","L","High",3,"b",81.83,148.15,"36_3","inner wall","osmia",2,1,6,5,0,5,12,3,0,0,NA,NA,NA,4,0.552345595680054
"718","trapnest_36",2023-06-01,"36_3b","NN","L","High",3,"b",81.83,148.15,"36_3","no change","osmia",1,NA,5,0,0,0,13,6,0,0,NA,NA,NA,4,0.552345595680054
"719","trapnest_36",2023-06-04,"36_3b","NN","L","High",3,"b",81.83,148.15,"36_3","4 cells","osmia",3,NA,7,1,0,1,11,6,0,0,0,4,0,6,0.552345595680054
"720","trapnest_36",2023-06-05,"36_3b","NN","L","High",3,"b",81.83,148.15,"36_3","no change","osmia",1,NA,7,0,0,0,11,6,0,0,0,4,0,6,0.552345595680054
"721","trapnest_36",2023-06-08,"36_3b","NN","L","High",3,"b",81.83,148.15,"36_3","2 cells","osmia",2,NA,7,1,0,1,11,6,0,0,0,6,0,7,0.552345595680054
"722","trapnest_36",2023-06-10,"36_3b","NN","L","High",3,"b",81.83,148.15,"36_3","no change","osmia",0,NA,7,0,0,0,11,7,0,0,0,6,0,7,0.552345595680054
"723","trapnest_36",2023-06-11,"36_3b","NN","L","High",3,"b",81.83,148.15,"36_3","2 cells","osmia",1,NA,7,0,0,0,11,7,0,0,0,8,0,7,0.552345595680054
"724","trapnest_36",2023-06-12,"36_3b","NN","L","High",3,"b",81.83,148.15,"36_3","no change","osmia",0,NA,7,0,0,0,11,7,0,0,0,8,0,7,0.552345595680054
"725","trapnest_36",2023-06-15,"36_3b","NN","L","High",3,"b",81.83,148.15,"36_3","1 cell + end cap","osmia",0,NA,7,0,0,0,11,7,0,0,0,9,0,7,0.552345595680054
"726","trapnest_36",2023-06-19,"36_3b","NN","L","High",3,"b",81.83,148.15,"36_3","no change","osmia",0,NA,7,0,0,0,11,7,0,0,0,9,0,7,0.552345595680054
"727","trapnest_36",2023-06-22,"36_3b","NN","L","High",3,"b",81.83,148.15,"36_3","no change","osmia",3,NA,6,1,0,1,11,7,0,0,0,9,0,8,0.552345595680054
"728","trapnest_36",2023-06-23,"36_3b","NN","L","High",3,"b",81.83,148.15,"36_3","no change","osmia",1,NA,6,0,0,0,11,7,0,0,0,9,0,7,0.552345595680054
"729","trapnest_36",2023-06-30,"36_3b","NN","L","High",3,"b",81.83,148.15,"36_3","no change","osmia",1,NA,5,0,0,0,11,7,0,0,0,9,0,7,0.552345595680054
"730","trapnest_36",2023-07-03,"36_3b","NN","L","High",3,"b",81.83,148.15,"36_3","no change","osmia",2,NA,6,0,0,0,11,7,0,0,0,9,0,7,0.552345595680054
"731","trapnest_36",2023-07-04,"36_3b","NN","L","High",3,"b",81.83,148.15,"36_3","no change","osmia",1,NA,5,0,0,0,11,7,0,0,0,9,0,7,0.552345595680054
"732","trapnest_36",2023-07-06,"36_3b","NN","L","High",3,"b",81.83,148.15,"36_3","no change","osmia",2,NA,7,0,0,0,11,7,0,0,0,9,0,7,0.552345595680054
"733","trapnest_36",2023-05-31,"36_4b","NN","L","High",4,"b",60.97,136.39,"36_4","1 cell","osmia",2,1,6,5,0,5,12,3,0,0,0,1,0,4,0.447026908131095
"734","trapnest_36",2023-06-01,"36_4b","NN","L","High",4,"b",60.97,136.39,"36_4","4 cells","osmia",1,NA,5,0,0,0,13,6,0,0,1,5,0.2,4,0.447026908131095
"735","trapnest_36",2023-06-04,"36_4b","NN","L","High",4,"b",60.97,136.39,"36_4","1 cell + end cap","osmia",3,NA,7,1,0,1,11,6,0,0,1,6,0.166666666666667,6,0.447026908131095
"736","trapnest_36",2023-06-05,"36_4b","NN","L","High",4,"b",60.97,136.39,"36_4","no change","osmia",1,NA,7,0,0,0,11,6,0,0,1,6,0.166666666666667,6,0.447026908131095
"737","trapnest_36",2023-06-08,"36_4b","NN","L","High",4,"b",60.97,136.39,"36_4","no change","osmia",2,NA,7,1,0,1,11,6,0,0,1,6,0.166666666666667,7,0.447026908131095
"738","trapnest_36",2023-06-10,"36_4b","NN","L","High",4,"b",60.97,136.39,"36_4","no change","osmia",0,NA,7,0,0,0,11,7,0,0,1,6,0.166666666666667,7,0.447026908131095
"739","trapnest_36",2023-06-11,"36_4b","NN","L","High",4,"b",60.97,136.39,"36_4","no change","osmia",1,NA,7,0,0,0,11,7,0,0,1,6,0.166666666666667,7,0.447026908131095
"740","trapnest_36",2023-06-12,"36_4b","NN","L","High",4,"b",60.97,136.39,"36_4","no change","osmia",0,NA,7,0,0,0,11,7,0,0,1,6,0.166666666666667,7,0.447026908131095
"741","trapnest_36",2023-06-15,"36_4b","NN","L","High",4,"b",60.97,136.39,"36_4","no change","osmia",0,NA,7,0,0,0,11,7,0,0,1,6,0.166666666666667,7,0.447026908131095
"742","trapnest_36",2023-06-19,"36_4b","NN","L","High",4,"b",60.97,136.39,"36_4","no change","osmia",0,NA,7,0,0,0,11,7,0,0,1,6,0.166666666666667,7,0.447026908131095
"743","trapnest_36",2023-06-22,"36_4b","NN","L","High",4,"b",60.97,136.39,"36_4","no change","osmia",3,NA,6,1,0,1,11,7,0,0,1,6,0.166666666666667,8,0.447026908131095
"744","trapnest_36",2023-06-23,"36_4b","NN","L","High",4,"b",60.97,136.39,"36_4","no change","osmia",1,NA,6,0,0,0,11,7,0,0,1,6,0.166666666666667,7,0.447026908131095
"745","trapnest_36",2023-06-30,"36_4b","NN","L","High",4,"b",60.97,136.39,"36_4","no change","osmia",1,NA,5,0,0,0,11,7,0,0,1,6,0.166666666666667,7,0.447026908131095
"746","trapnest_36",2023-07-03,"36_4b","NN","L","High",4,"b",60.97,136.39,"36_4","no change","osmia",2,NA,6,0,0,0,11,7,0,0,1,6,0.166666666666667,7,0.447026908131095
"747","trapnest_36",2023-07-04,"36_4b","NN","L","High",4,"b",60.97,136.39,"36_4","no change","osmia",1,NA,5,0,0,0,11,7,0,0,1,6,0.166666666666667,7,0.447026908131095
"748","trapnest_36",2023-07-06,"36_4b","NN","L","High",4,"b",60.97,136.39,"36_4","no change","osmia",2,NA,7,0,0,0,11,7,0,0,1,6,0.166666666666667,7,0.447026908131095
"749","trapnest_36",2023-05-29,"36_6a","NN","L","High",6,"a",48,146.43,"36_6","1 cell","osmia",1,1,6.5,2,0,2,11.5,0.5,0,0,0,1,0,2,0.32780167998361
"750","trapnest_36",2023-05-31,"36_6a","NN","L","High",6,"a",48,146.43,"36_6","no change","osmia",2,NA,6,5,0,5,12,3,0,0,0,1,0,4,0.32780167998361
"751","trapnest_36",2023-06-01,"36_6a","NN","L","High",6,"a",48,146.43,"36_6","1 cell","osmia",1,NA,5,0,0,0,13,6,0,0,1,2,0.5,4,0.32780167998361
"752","trapnest_36",2023-06-04,"36_6a","NN","L","High",6,"a",48,146.43,"36_6","4 cells","osmia",3,NA,7,1,0,1,11,6,0,0,2,4,0.5,6,0.32780167998361
"753","trapnest_36",2023-06-05,"36_6a","NN","L","High",6,"a",48,146.43,"36_6","no change","osmia",1,NA,7,0,0,0,11,6,0,0,2,4,0.5,6,0.32780167998361
"754","trapnest_36",2023-06-08,"36_6a","NN","L","High",6,"a",48,146.43,"36_6","no change","osmia",2,NA,7,1,0,1,11,6,0,0,2,4,0.5,7,0.32780167998361
"755","trapnest_36",2023-06-10,"36_6a","NN","L","High",6,"a",48,146.43,"36_6","no change","osmia",0,NA,7,0,0,0,11,7,0,0,2,4,0.5,7,0.32780167998361
"756","trapnest_36",2023-06-11,"36_6a","NN","L","High",6,"a",48,146.43,"36_6","no change","osmia",1,NA,7,0,0,0,11,7,0,0,2,4,0.5,7,0.32780167998361
"757","trapnest_36",2023-06-12,"36_6a","NN","L","High",6,"a",48,146.43,"36_6","no change","osmia",0,NA,7,0,0,0,11,7,0,0,2,4,0.5,7,0.32780167998361
"758","trapnest_36",2023-06-15,"36_6a","NN","L","High",6,"a",48,146.43,"36_6","no change","osmia",0,NA,7,0,0,0,11,7,0,0,2,4,0.5,7,0.32780167998361
"759","trapnest_36",2023-06-19,"36_6a","NN","L","High",6,"a",48,146.43,"36_6","end cap","osmia",0,NA,7,0,0,0,11,7,0,0,2,4,0.5,7,0.32780167998361
"760","trapnest_36",2023-06-22,"36_6a","NN","L","High",6,"a",48,146.43,"36_6","no change","osmia",3,NA,6,1,0,1,11,7,0,0,2,4,0.5,8,0.32780167998361
"761","trapnest_36",2023-06-22,"36_8b","NN","L","High",8,"b",9.14,138.49,"36_8","1 cell","osmia",3,1,6,1,0,1,11,7,0,0,0,1,0,8,0.0659975449490938
"762","trapnest_36",2023-06-23,"36_8b","NN","L","High",8,"b",9.14,138.49,"36_8","no change","osmia",1,NA,6,0,0,0,11,7,0,0,0,1,0,7,0.0659975449490938
"763","trapnest_36",2023-06-30,"36_8b","NN","L","High",8,"b",9.14,138.49,"36_8","1 cell","osmia",1,NA,5,0,0,0,11,7,0,0,0,2,0,7,0.0659975449490938
"764","trapnest_36",2023-07-03,"36_8b","NN","L","High",8,"b",9.14,138.49,"36_8","no change","osmia",2,NA,6,0,0,0,11,7,0,0,0,2,0,7,0.0659975449490938
"765","trapnest_36",2023-07-04,"36_8b","NN","L","High",8,"b",9.14,138.49,"36_8","no change","osmia",1,NA,5,0,0,0,11,7,0,0,0,2,0,7,0.0659975449490938
"766","trapnest_36",2023-07-06,"36_8b","NN","L","High",8,"b",9.14,138.49,"36_8","no change","osmia",2,NA,7,0,0,0,11,7,0,0,0,2,0,7,0.0659975449490938
"767","trapnest_36",2023-05-31,"36_9a","NN","L","High",9,"a",29.63,143.68,"36_9","2 cells","osmia",2,1,6,5,0,5,12,3,0,0,1,2,0.5,4,0.206222160356347
"768","trapnest_36",2023-06-01,"36_9a","NN","L","High",9,"a",29.63,143.68,"36_9","no change","osmia",1,NA,5,0,0,0,13,6,0,0,1,2,0.5,4,0.206222160356347
"769","trapnest_36",2023-06-04,"36_9a","NN","L","High",9,"a",29.63,143.68,"36_9","no change","osmia",3,NA,7,1,0,1,11,6,0,0,1,2,0.5,6,0.206222160356347
"770","trapnest_36",2023-06-05,"36_9a","NN","L","High",9,"a",29.63,143.68,"36_9","no change","osmia",1,NA,7,0,0,0,11,6,0,0,1,2,0.5,6,0.206222160356347
"771","trapnest_36",2023-06-08,"36_9a","NN","L","High",9,"a",29.63,143.68,"36_9","no change","osmia",2,NA,7,1,0,1,11,6,0,0,1,2,0.5,7,0.206222160356347
"772","trapnest_36",2023-06-10,"36_9a","NN","L","High",9,"a",29.63,143.68,"36_9","no change","osmia",0,NA,7,0,0,0,11,7,0,0,1,2,0.5,7,0.206222160356347
"773","trapnest_36",2023-06-11,"36_9a","NN","L","High",9,"a",29.63,143.68,"36_9","no change","osmia",1,NA,7,0,0,0,11,7,0,0,1,2,0.5,7,0.206222160356347
"774","trapnest_36",2023-06-12,"36_9a","NN","L","High",9,"a",29.63,143.68,"36_9","no change","osmia",0,NA,7,0,0,0,11,7,0,0,1,2,0.5,7,0.206222160356347
"775","trapnest_36",2023-06-15,"36_9a","NN","L","High",9,"a",29.63,143.68,"36_9","no change","osmia",0,NA,7,0,0,0,11,7,0,0,1,2,0.5,7,0.206222160356347
"776","trapnest_36",2023-06-19,"36_9a","NN","L","High",9,"a",29.63,143.68,"36_9","no change","osmia",0,NA,7,0,0,0,11,7,0,0,1,2,0.5,7,0.206222160356347
"777","trapnest_36",2023-06-22,"36_9a","NN","L","High",9,"a",29.63,143.68,"36_9","end cap","osmia",3,NA,6,1,0,1,11,7,0,0,1,2,0.5,8,0.206222160356347
"778","trapnest_36",2023-06-23,"36_9a","NN","L","High",9,"a",29.63,143.68,"36_9","no change","osmia",1,NA,6,0,0,0,11,7,0,0,1,2,0.5,7,0.206222160356347
"779","trapnest_36",2023-06-30,"36_9a","NN","L","High",9,"a",29.63,143.68,"36_9","no change","osmia",1,NA,5,0,0,0,11,7,0,0,1,2,0.5,7,0.206222160356347
"780","trapnest_36",2023-07-03,"36_9a","NN","L","High",9,"a",29.63,143.68,"36_9","no change","osmia",2,NA,6,0,0,0,11,7,0,0,1,2,0.5,7,0.206222160356347
"781","trapnest_36",2023-07-04,"36_9a","NN","L","High",9,"a",29.63,143.68,"36_9","no change","osmia",1,NA,5,0,0,0,11,7,0,0,1,2,0.5,7,0.206222160356347
"782","trapnest_36",2023-07-06,"36_9a","NN","L","High",9,"a",29.63,143.68,"36_9","no change","osmia",2,NA,7,0,0,0,11,7,0,0,1,2,0.5,7,0.206222160356347
"783","trapnest_4",2023-06-23,"4_8a","BP","B","Low",8,"a",139.8,139.8,"4_8","4 cells","osmia",3,1,15,1,0,1,0,0,0,0,0,4,0,1,1
"784","trapnest_4",2023-06-29,"4_8a","BP","B","Low",8,"a",139.8,139.8,"4_8","4 cells + end cap","osmia",1,NA,15,0,0,0,1,1,0,0,0,8,0,1,1
"785","trapnest_5",2023-06-02,"5_18a","BP","B","Mid",18,"a",24.8,143.69,"5_18","3 cells","osmia",2,1,12,1,0,1,6,1,0,0,1,3,0.333333333333333,1,0.17259377827267
"786","trapnest_5",2023-06-05,"5_18a","BP","B","Mid",18,"a",24.8,143.69,"5_18","end cap","osmia",1,NA,12,0,0,0,6,2,0,0,1,3,0.333333333333333,1,0.17259377827267
"787","trapnest_5",2023-06-08,"5_18a","BP","B","Mid",18,"a",24.8,143.69,"5_18","no change","osmia",2,NA,12,0,0,0,6,2,0,0,1,3,0.333333333333333,1,0.17259377827267
"788","trapnest_5",2023-06-10,"5_18a","BP","B","Mid",18,"a",24.8,143.69,"5_18","no change","osmia",0,NA,12,0,0,0,6,2,0,0,1,3,0.333333333333333,1,0.17259377827267
"789","trapnest_5",2023-06-12,"5_18a","BP","B","Mid",18,"a",24.8,143.69,"5_18","no change","osmia",1,NA,12,0,0,0,6,2,0,0,1,3,0.333333333333333,1,0.17259377827267
"790","trapnest_5",2023-06-14,"5_18a","BP","B","Mid",18,"a",24.8,143.69,"5_18","no change","osmia",0,NA,12,0,0,0,6,2,0,0,1,3,0.333333333333333,1,0.17259377827267
"791","trapnest_5",2023-06-16,"5_18a","BP","B","Mid",18,"a",24.8,143.69,"5_18","no change","osmia",1,NA,12,0,0,0,6,2,0,0,1,3,0.333333333333333,1,0.17259377827267
"792","trapnest_5",2023-06-20,"5_18a","BP","B","Mid",18,"a",24.8,143.69,"5_18","no change","osmia",3,NA,12,0,1,1,6,2,0,0,1,3,0.333333333333333,1,0.17259377827267
"793","trapnest_5",2023-05-29,"5_9a","BP","B","Mid",9,"a",71,146,"5_9","1 cell","osmia",1,1,12,1,0,1,6,0,0,0,NA,NA,NA,0,0.486301369863014
"794","trapnest_5",2023-05-31,"5_9a","BP","B","Mid",9,"a",71,146,"5_9","5 cells","osmia",2,NA,13,1,0,1,5,0,0,0,NA,NA,NA,0,0.486301369863014
"795","trapnest_5",2023-06-02,"5_9a","BP","B","Mid",9,"a",71,146,"5_9","2 cells + end cap","osmia",2,NA,12,1,0,1,6,1,0,0,NA,NA,NA,1,0.486301369863014
"796","trapnest_5",2023-06-05,"5_9a","BP","B","Mid",9,"a",71,146,"5_9","no change","osmia",1,NA,12,0,0,0,6,2,0,0,NA,NA,NA,1,0.486301369863014
"797","trapnest_5",2023-06-08,"5_9a","BP","B","Mid",9,"a",71,146,"5_9","no change","osmia",2,NA,12,0,0,0,6,2,0,0,NA,NA,NA,1,0.486301369863014
"798","trapnest_5",2023-06-10,"5_9a","BP","B","Mid",9,"a",71,146,"5_9","no change","osmia",0,NA,12,0,0,0,6,2,0,0,NA,NA,NA,1,0.486301369863014
"799","trapnest_5",2023-06-12,"5_9a","BP","B","Mid",9,"a",71,146,"5_9","no change","osmia",1,NA,12,0,0,0,6,2,0,0,NA,NA,NA,1,0.486301369863014
"800","trapnest_5",2023-06-14,"5_9a","BP","B","Mid",9,"a",71,146,"5_9","no change","osmia",0,NA,12,0,0,0,6,2,0,0,NA,NA,NA,1,0.486301369863014
"801","trapnest_5",2023-06-16,"5_9a","BP","B","Mid",9,"a",71,146,"5_9","no change","osmia",1,NA,12,0,0,0,6,2,0,0,NA,NA,NA,1,0.486301369863014
"802","trapnest_5",2023-06-20,"5_9a","BP","B","Mid",9,"a",71,146,"5_9","no change","osmia",3,NA,12,0,1,1,6,2,0,0,NA,NA,NA,1,0.486301369863014
"803","trapnest_50",2023-07-04,"50_12a","BP","Q","Mid",12,"a",15,143.4,"50_12","1 cell","osmia",1,1,9.5,1,1,2,0,0,6,0,0,1,0,1,0.104602510460251
"804","trapnest_50",2023-07-07,"50_12a","BP","Q","Mid",12,"a",15,143.4,"50_12","no change","osmia",3,NA,7,0,0,0,1,1,6,1,0,1,0,1,0.104602510460251
"805","trapnest_50",2023-07-10,"50_12a","BP","Q","Mid",12,"a",15,143.4,"50_12","no change","osmia",1,NA,5,0,0,0,1,1,6,1,0,1,0,1,0.104602510460251
"806","trapnest_51",2023-07-04,"51_4a","BP","Q","High",4,"a",13.86,130.28,"51_4","1 cell","osmia",1,1,7,1,0,1,0,0,11,0,0,1,0,1,0.106386245010746
"807","trapnest_51",2023-07-07,"51_4a","BP","Q","High",4,"a",13.86,130.28,"51_4","no change","osmia",3,NA,6,0,0,0,1,1,11,0,0,1,0,1,0.106386245010746
"808","trapnest_51",2023-07-10,"51_4a","BP","Q","High",4,"a",13.86,130.28,"51_4","no change","osmia",1,NA,6,0,0,0,1,1,11,0,0,1,0,1,0.106386245010746
"809","trapnest_6",2023-06-20,"6_13b","BP","B","High",13,"b",69.56,144.68,"6_13","2 cells","osmia",3,1,7,1,0,1,11,5,0,0,NA,NA,NA,3,0.480785181089301
"810","trapnest_6",2023-06-23,"6_13b","BP","B","High",13,"b",69.56,144.68,"6_13","no change","osmia",3,NA,6,0,0,0,12,6,0,0,0,2,0,4,0.480785181089301
"811","trapnest_6",2023-06-29,"6_13b","BP","B","High",13,"b",69.56,144.68,"6_13","4 cells","osmia",1,NA,6,0,0,0,12,6,0,0,0,6,0,4,0.480785181089301
"812","trapnest_6",2023-05-31,"6_14a","BP","B","High",14,"a",22.27,144.29,"6_14","1 cell","osmia",2,1,6.5,4,0,4,11.5,1.5,0,0,0,1,0,3,0.154341950239102
"813","trapnest_6",2023-06-02,"6_14a","BP","B","High",14,"a",22.27,144.29,"6_14","no change","osmia",2,NA,8,0,0,0,10,4,0,0,0,1,0,2,0.154341950239102
"814","trapnest_6",2023-06-05,"6_14a","BP","B","High",14,"a",22.27,144.29,"6_14","1 cell","osmia",1,NA,7,1,0,1,11,4,0,0,0,2,0,3,0.154341950239102
"815","trapnest_6",2023-06-08,"6_14a","BP","B","High",14,"a",22.27,144.29,"6_14","1 cell","osmia",2,NA,7,0,0,0,11,5,0,0,0,3,0,3,0.154341950239102
"816","trapnest_6",2023-06-10,"6_14a","BP","B","High",14,"a",22.27,144.29,"6_14","no change","osmia",0,NA,7,0,0,0,11,5,0,0,0,3,0,3,0.154341950239102
"817","trapnest_6",2023-06-12,"6_14a","BP","B","High",14,"a",22.27,144.29,"6_14","no change","osmia",1,NA,7,0,0,0,11,5,0,0,0,3,0,3,0.154341950239102
"818","trapnest_6",2023-06-14,"6_14a","BP","B","High",14,"a",22.27,144.29,"6_14","no change","osmia",0,NA,7,0,0,0,11,5,0,0,0,3,0,3,0.154341950239102
"819","trapnest_6",2023-06-16,"6_14a","BP","B","High",14,"a",22.27,144.29,"6_14","end cap","osmia",1,NA,7,0,0,0,11,5,0,0,0,3,0,3,0.154341950239102
"820","trapnest_6",2023-06-20,"6_14a","BP","B","High",14,"a",22.27,144.29,"6_14","no change","osmia",3,NA,7,1,0,1,11,5,0,0,0,3,0,3,0.154341950239102
"821","trapnest_6",2023-06-23,"6_14a","BP","B","High",14,"a",22.27,144.29,"6_14","no change","osmia",3,NA,6,0,0,0,12,6,0,0,0,3,0,4,0.154341950239102
"822","trapnest_6",2023-06-29,"6_14a","BP","B","High",14,"a",22.27,144.29,"6_14","no change","osmia",1,NA,6,0,0,0,12,6,0,0,0,3,0,4,0.154341950239102
"823","trapnest_6",2023-05-31,"6_15a","BP","B","High",15,"a",81.61,138.87,"6_15","1 cell","osmia",2,1,6.5,4,0,4,11.5,1.5,0,0,0,1,0,3,0.58767192338158
"824","trapnest_6",2023-06-02,"6_15a","BP","B","High",15,"a",81.61,138.87,"6_15","6 cells","osmia",2,NA,8,0,0,0,10,4,0,0,2,7,0.285714285714286,2,0.58767192338158
"825","trapnest_6",2023-06-05,"6_15a","BP","B","High",15,"a",81.61,138.87,"6_15","5 cells + end cap","osmia",1,NA,7,1,0,1,11,4,0,0,5,9,0.555555555555556,3,0.58767192338158
"826","trapnest_6",2023-06-08,"6_15a","BP","B","High",15,"a",81.61,138.87,"6_15","no change","osmia",2,NA,7,0,0,0,11,5,0,0,5,9,0.555555555555556,3,0.58767192338158
"827","trapnest_6",2023-06-10,"6_15a","BP","B","High",15,"a",81.61,138.87,"6_15","no change","osmia",0,NA,7,0,0,0,11,5,0,0,5,9,0.555555555555556,3,0.58767192338158
"828","trapnest_6",2023-06-12,"6_15a","BP","B","High",15,"a",81.61,138.87,"6_15","no change","osmia",1,NA,7,0,0,0,11,5,0,0,5,9,0.555555555555556,3,0.58767192338158
"829","trapnest_6",2023-06-14,"6_15a","BP","B","High",15,"a",81.61,138.87,"6_15","no change","osmia",0,NA,7,0,0,0,11,5,0,0,5,9,0.555555555555556,3,0.58767192338158
"830","trapnest_6",2023-06-16,"6_15a","BP","B","High",15,"a",81.61,138.87,"6_15","no change","osmia",1,NA,7,0,0,0,11,5,0,0,5,9,0.555555555555556,3,0.58767192338158
"831","trapnest_6",2023-06-20,"6_15a","BP","B","High",15,"a",81.61,138.87,"6_15","no change","osmia",3,NA,7,1,0,1,11,5,0,0,5,9,0.555555555555556,3,0.58767192338158
"832","trapnest_6",2023-06-23,"6_15a","BP","B","High",15,"a",81.61,138.87,"6_15","no change","osmia",3,NA,6,0,0,0,12,6,0,0,5,9,0.555555555555556,4,0.58767192338158
"833","trapnest_6",2023-06-29,"6_15a","BP","B","High",15,"a",81.61,138.87,"6_15","no change","osmia",1,NA,6,0,0,0,12,6,0,0,5,9,0.555555555555556,4,0.58767192338158
"834","trapnest_6",2023-05-29,"6_17a","BP","B","High",17,"a",87,129,"6_17","inner wall","osmia",1,1,7,1,0,1,11,0,0,0,NA,NA,NA,0,0.674418604651163
"835","trapnest_6",2023-05-31,"6_17a","BP","B","High",17,"a",87,129,"6_17","5 cells","osmia",2,NA,6.5,4,0,4,11.5,1.5,0,0,NA,NA,NA,3,0.674418604651163
"836","trapnest_6",2023-06-02,"6_17a","BP","B","High",17,"a",87,129,"6_17","5 cells","osmia",2,NA,8,0,0,0,10,4,0,0,NA,NA,NA,2,0.674418604651163
"837","trapnest_6",2023-06-05,"6_17a","BP","B","High",17,"a",87,129,"6_17","1 cell + end cap","osmia",1,NA,7,1,0,1,11,4,0,0,NA,NA,NA,3,0.674418604651163
"838","trapnest_6",2023-06-08,"6_17a","BP","B","High",17,"a",87,129,"6_17","no change","osmia",2,NA,7,0,0,0,11,5,0,0,NA,NA,NA,3,0.674418604651163
"839","trapnest_6",2023-06-10,"6_17a","BP","B","High",17,"a",87,129,"6_17","no change","osmia",0,NA,7,0,0,0,11,5,0,0,NA,NA,NA,3,0.674418604651163
"840","trapnest_6",2023-06-12,"6_17a","BP","B","High",17,"a",87,129,"6_17","no change","osmia",1,NA,7,0,0,0,11,5,0,0,NA,NA,NA,3,0.674418604651163
"841","trapnest_6",2023-06-14,"6_17a","BP","B","High",17,"a",87,129,"6_17","no change","osmia",0,NA,7,0,0,0,11,5,0,0,NA,NA,NA,3,0.674418604651163
"842","trapnest_6",2023-06-16,"6_17a","BP","B","High",17,"a",87,129,"6_17","no change","osmia",1,NA,7,0,0,0,11,5,0,0,NA,NA,NA,3,0.674418604651163
"843","trapnest_6",2023-06-20,"6_17a","BP","B","High",17,"a",87,129,"6_17","no change","osmia",3,NA,7,1,0,1,11,5,0,0,NA,NA,NA,3,0.674418604651163
"844","trapnest_6",2023-06-23,"6_17a","BP","B","High",17,"a",87,129,"6_17","no change","osmia",3,NA,6,0,0,0,12,6,0,0,NA,NA,NA,4,0.674418604651163
"845","trapnest_6",2023-06-29,"6_17a","BP","B","High",17,"a",87,129,"6_17","no change","osmia",1,NA,6,0,0,0,12,6,0,0,NA,NA,NA,4,0.674418604651163
"846","trapnest_6",2023-06-05,"6_5b","BP","B","High",5,"b",17.78,135.46,"6_5","1 cell","osmia",1,1,7,1,0,1,11,4,0,0,0,1,0,3,0.131256459471431
"847","trapnest_6",2023-06-08,"6_5b","BP","B","High",5,"b",17.78,135.46,"6_5","no change","osmia",2,NA,7,0,0,0,11,5,0,0,0,1,0,3,0.131256459471431
"848","trapnest_6",2023-06-10,"6_5b","BP","B","High",5,"b",17.78,135.46,"6_5","no change","osmia",0,NA,7,0,0,0,11,5,0,0,0,1,0,3,0.131256459471431
"849","trapnest_6",2023-06-12,"6_5b","BP","B","High",5,"b",17.78,135.46,"6_5","no change","osmia",1,NA,7,0,0,0,11,5,0,0,0,1,0,3,0.131256459471431
"850","trapnest_6",2023-06-14,"6_5b","BP","B","High",5,"b",17.78,135.46,"6_5","no change","osmia",0,NA,7,0,0,0,11,5,0,0,0,1,0,3,0.131256459471431
"851","trapnest_6",2023-06-16,"6_5b","BP","B","High",5,"b",17.78,135.46,"6_5","1 cell + end cap","osmia",1,NA,7,0,0,0,11,5,0,0,0,2,0,3,0.131256459471431
"852","trapnest_6",2023-06-20,"6_5b","BP","B","High",5,"b",17.78,135.46,"6_5","no change","osmia",3,NA,7,1,0,1,11,5,0,0,0,2,0,3,0.131256459471431
"853","trapnest_6",2023-06-23,"6_5b","BP","B","High",5,"b",17.78,135.46,"6_5","no change","osmia",3,NA,6,0,0,0,12,6,0,0,0,2,0,4,0.131256459471431
"854","trapnest_6",2023-06-29,"6_5b","BP","B","High",5,"b",17.78,135.46,"6_5","no change","osmia",1,NA,6,0,0,0,12,6,0,0,0,2,0,4,0.131256459471431
"855","trapnest_6",2023-05-31,"6_9b","BP","B","High",9,"b",39,145,"6_9","5 cells + end cap","osmia",2,1,6.5,4,0,4,11.5,1.5,0,0,NA,NA,NA,3,0.268965517241379
"856","trapnest_6",2023-06-02,"6_9b","BP","B","High",9,"b",39,145,"6_9","no change","osmia",2,NA,8,0,0,0,10,4,0,0,NA,NA,NA,2,0.268965517241379
"857","trapnest_6",2023-06-05,"6_9b","BP","B","High",9,"b",39,145,"6_9","no change","osmia",1,NA,7,1,0,1,11,4,0,0,NA,NA,NA,3,0.268965517241379
"858","trapnest_6",2023-06-08,"6_9b","BP","B","High",9,"b",39,145,"6_9","no change","osmia",2,NA,7,0,0,0,11,5,0,0,NA,NA,NA,3,0.268965517241379
"859","trapnest_6",2023-06-10,"6_9b","BP","B","High",9,"b",39,145,"6_9","no change","osmia",0,NA,7,0,0,0,11,5,0,0,NA,NA,NA,3,0.268965517241379
"860","trapnest_6",2023-06-12,"6_9b","BP","B","High",9,"b",39,145,"6_9","no change","osmia",1,NA,7,0,0,0,11,5,0,0,NA,NA,NA,3,0.268965517241379
"861","trapnest_6",2023-06-14,"6_9b","BP","B","High",9,"b",39,145,"6_9","no change","osmia",0,NA,7,0,0,0,11,5,0,0,NA,NA,NA,3,0.268965517241379
"862","trapnest_6",2023-06-16,"6_9b","BP","B","High",9,"b",39,145,"6_9","no change","osmia",1,NA,7,0,0,0,11,5,0,0,NA,NA,NA,3,0.268965517241379
"863","trapnest_6",2023-06-20,"6_9b","BP","B","High",9,"b",39,145,"6_9","no change","osmia",3,NA,7,1,0,1,11,5,0,0,NA,NA,NA,3,0.268965517241379
"864","trapnest_6",2023-06-23,"6_9b","BP","B","High",9,"b",39,145,"6_9","no change","osmia",3,NA,6,0,0,0,12,6,0,0,NA,NA,NA,4,0.268965517241379
"865","trapnest_6",2023-06-29,"6_9b","BP","B","High",9,"b",39,145,"6_9","no change","osmia",1,NA,6,0,0,0,12,6,0,0,NA,NA,NA,4,0.268965517241379
"866","trapnest_62",2023-07-05,"62_15a","CP","U","Mid",15,"a",28.11,144,"62_15","2 cells","osmia",1,1,12,1,0,1,0,0,6,0,0,1,0,1,0.195208333333333
"867","trapnest_62",2023-07-07,"62_15a","CP","U","Mid",15,"a",28.11,144,"62_15","2 cells","osmia",2,NA,11,0,0,0,1,1,6,0,0,1,0,1,0.195208333333333
"868","trapnest_62",2023-07-10,"62_15a","CP","U","Mid",15,"a",28.11,144,"62_15","no change","osmia",1,NA,11,0,0,0,1,1,6,0,0,1,0,1,0.195208333333333
"869","trapnest_62",2023-07-12,"62_15a","CP","U","Mid",15,"a",28.11,144,"62_15","no change","osmia",1,NA,10,0,0,0,1,1,6,0,0,1,0,1,0.195208333333333
"870","trapnest_62",2023-07-14,"62_15a","CP","U","Mid",15,"a",28.11,144,"62_15","no change","osmia",1,NA,10,0,0,0,1,1,6,0,0,1,0,1,0.195208333333333
"871","trapnest_64",2023-07-05,"64_14a","CP","V","Low",14,"a",105.32,142.31,"64_14","2 cells","osmia",1,1,18,1,0,1,0,0,0,0,0,3,0,1,0.740074485278617
"872","trapnest_64",2023-07-07,"64_14a","CP","V","Low",14,"a",105.32,142.31,"64_14","5 cells","osmia",2,NA,16,0,0,0,1,1,0,0,0,7,0,1,0.740074485278617
"873","trapnest_64",2023-07-10,"64_14a","CP","V","Low",14,"a",105.32,142.31,"64_14","4 cells","osmia",1,NA,16,0,0,0,1,1,0,0,0,9,0,1,0.740074485278617
"874","trapnest_64",2023-07-12,"64_14a","CP","V","Low",14,"a",105.32,142.31,"64_14","non-target nest completed","osmia",1,NA,15,0,0,0,1,1,0,0,0,9,0,1,0.740074485278617
"875","trapnest_7",2023-05-29,"7_12a","BP","C","Low",12,"a",8.67,142.14,"7_12","1 cell","osmia",1,1,15.5,5,1,6,2,2,0,0,0,1,0,5,0.0609962009286619
"876","trapnest_7",2023-05-31,"7_12a","BP","C","Low",12,"a",8.67,142.14,"7_12","no change","osmia",2,NA,15.5,3,1,4,2,2,0,0,0,1,0,4,0.0609962009286619
"877","trapnest_7",2023-06-02,"7_12a","BP","C","Low",12,"a",8.67,142.14,"7_12","no change","osmia",2,NA,13,0,1,1,4,4,1,1,0,1,0,4,0.0609962009286619
"878","trapnest_7",2023-05-29,"7_14a","BP","C","Low",14,"a",138.07,138.07,"7_14","2 cells","osmia",1,1,15.5,5,1,6,2,2,0,0,0,2,0,5,1
"879","trapnest_7",2023-05-31,"7_14a","BP","C","Low",14,"a",138.07,138.07,"7_14","6 cells","osmia",2,NA,15.5,3,1,4,2,2,0,0,0,8,0,4,1
"880","trapnest_7",2023-06-02,"7_14a","BP","C","Low",14,"a",138.07,138.07,"7_14","5 cells","osmia",2,NA,13,0,1,1,4,4,1,1,0,9,0,4,1
"881","trapnest_7",2023-06-05,"7_14a","BP","C","Low",14,"a",138.07,138.07,"7_14","6 cells + end cap","osmia",1,NA,13.5,0,2,2,3,3,1.5,1.5,0,19,0,3,1
"882","trapnest_7",2023-06-08,"7_14a","BP","C","Low",14,"a",138.07,138.07,"7_14","no change","osmia",2,NA,13,1,0,1,2,2,3,3,0,19,0,2,1
"883","trapnest_7",2023-05-29,"7_15a","BP","C","Low",15,"a",83.82,146.73,"7_15","4 cells","osmia",1,1,15.5,5,1,6,2,2,0,0,0,4,0,5,0.571253322428951
"884","trapnest_7",2023-05-31,"7_15a","BP","C","Low",15,"a",83.82,146.73,"7_15","5 cells","osmia",2,NA,15.5,3,1,4,2,2,0,0,0,9,0,4,0.571253322428951
"885","trapnest_7",2023-06-02,"7_15a","BP","C","Low",15,"a",83.82,146.73,"7_15","5 cells + end cap","osmia",2,NA,13,0,1,1,4,4,1,1,0,14,0,4,0.571253322428951
"886","trapnest_7",2023-06-05,"7_15a","BP","C","Low",15,"a",83.82,146.73,"7_15","no change","osmia",1,NA,13.5,0,2,2,3,3,1.5,1.5,0,14,0,3,0.571253322428951
"887","trapnest_7",2023-05-29,"7_17a","BP","C","Low",17,"a",37.42,148.86,"7_17","5 cells + end cap","osmia",1,1,15.5,5,1,6,2,2,0,0,1,5,0.2,5,0.251377132876528
"888","trapnest_7",2023-05-22,"7_3a","BP","C","Low",3,"a",24.54,151.22,"7_3","1 cell","osmia",1,1,18,1,0,1,0,0,0,0,0,1,0,1,0.162280121677027
"889","trapnest_7",2023-05-23,"7_3a","BP","C","Low",3,"a",24.54,151.22,"7_3","1 cell","osmia",1,NA,18,1,0,1,0,0,0,0,0,2,0,1,0.162280121677027
"890","trapnest_7",2023-05-31,"7_3b","BP","C","Low",3,"b",66.62,139.07,"7_3","3 cells","osmia",2,1,15.5,3,1,4,2,2,0,0,0,3,0,4,0.479039332710146
"891","trapnest_7",2023-06-02,"7_3b","BP","C","Low",3,"b",66.62,139.07,"7_3","3 cells","osmia",2,NA,13,0,1,1,4,4,1,1,0,6,0,4,0.479039332710146
"892","trapnest_7",2023-06-05,"7_3b","BP","C","Low",3,"b",66.62,139.07,"7_3","3 cells + end cap","osmia",1,NA,13.5,0,2,2,3,3,1.5,1.5,0,9,0,3,0.479039332710146
"893","trapnest_7",2023-06-08,"7_3b","BP","C","Low",3,"b",66.62,139.07,"7_3","no change","osmia",2,NA,13,1,0,1,2,2,3,3,0,9,0,2,0.479039332710146
"894","trapnest_7",2023-06-14,"7_3c","BP","C","Low",3,"c",2.55,138.37,"7_3","inner wall + end cap","osmia",0,1,13.5,1,1,2,1,1,3,3,0,1,0,1,0.0184288501842885
"895","trapnest_7",2023-06-23,"7_9a","BP","C","Low",9,"a",16.75,147.02,"7_9","3 cells","osmia",3,1,14.5,1,1,2,0,0,2,2,0,3,0,1,0.113930077540471
"896","trapnest_7",2023-06-29,"7_9a","BP","C","Low",9,"a",16.75,147.02,"7_9","no change","osmia",1,NA,13,0,5,5,1,1,4,4,0,3,0,1,0.113930077540471
"897","trapnest_8",2023-05-23,"8_12a","BP","C","Mid",12,"a",59.29,147.64,"8_12","inner wall","osmia",1,1,12.5,2,0,2,5.5,0.5,0,0,NA,NA,NA,1,0.401584936331617
"898","trapnest_8",2023-05-26,"8_12a","BP","C","Mid",12,"a",59.29,147.64,"8_12","6 cells","osmia",2,NA,11,1,0,1,7,2,0,0,1,6,0.166666666666667,3,0.401584936331617
"899","trapnest_8",2023-05-28,"8_12a","BP","C","Mid",12,"a",59.29,147.64,"8_12","no change","osmia",2,NA,10,0,0,0,8,3,0,0,1,6,0.166666666666667,3,0.401584936331617
"900","trapnest_8",2023-05-29,"8_12a","BP","C","Mid",12,"a",59.29,147.64,"8_12","3 cells","osmia",1,NA,10,1,0,1,8,3,0,0,1,9,0.111111111111111,4,0.401584936331617
"901","trapnest_8",2023-05-31,"8_12a","BP","C","Mid",12,"a",59.29,147.64,"8_12","2 cells + end cap","osmia",2,NA,11,0,0,0,7,4,0,0,1,11,0.0909090909090909,4,0.401584936331617
"902","trapnest_8",2023-06-02,"8_12a","BP","C","Mid",12,"a",59.29,147.64,"8_12","no change","osmia",2,NA,12,0,0,0,6,3,0,0,1,11,0.0909090909090909,3,0.401584936331617
"903","trapnest_8",2023-06-05,"8_12a","BP","C","Mid",12,"a",59.29,147.64,"8_12","no change","osmia",1,NA,11,0,0,0,6,2,0,0,1,11,0.0909090909090909,2,0.401584936331617
"904","trapnest_8",2023-06-08,"8_12a","BP","C","Mid",12,"a",59.29,147.64,"8_12","no change","osmia",2,NA,11,0,0,0,6,2,0,0,1,11,0.0909090909090909,2,0.401584936331617
"905","trapnest_8",2023-06-10,"8_12a","BP","C","Mid",12,"a",59.29,147.64,"8_12","no change","osmia",0,NA,11,0,0,0,6,2,0,0,1,11,0.0909090909090909,2,0.401584936331617
"906","trapnest_8",2023-06-12,"8_12a","BP","C","Mid",12,"a",59.29,147.64,"8_12","no change","osmia",1,NA,11,0,0,0,6,2,0,0,1,11,0.0909090909090909,2,0.401584936331617
"907","trapnest_8",2023-06-14,"8_12a","BP","C","Mid",12,"a",59.29,147.64,"8_12","no change","osmia",0,NA,11,0,0,0,6,2,0,0,1,11,0.0909090909090909,2,0.401584936331617
"908","trapnest_8",2023-06-16,"8_12a","BP","C","Mid",12,"a",59.29,147.64,"8_12","no change","osmia",1,NA,11,0,0,0,6,2,0,0,1,11,0.0909090909090909,2,0.401584936331617
"909","trapnest_8",2023-06-20,"8_12a","BP","C","Mid",12,"a",59.29,147.64,"8_12","no change","osmia",3,NA,11,0,0,0,6,2,0,0,1,11,0.0909090909090909,2,0.401584936331617
"910","trapnest_8",2023-06-23,"8_12a","BP","C","Mid",12,"a",59.29,147.64,"8_12","no change","osmia",3,NA,10,0,0,0,6,2,0,0,1,11,0.0909090909090909,2,0.401584936331617
"911","trapnest_8",2023-06-29,"8_12a","BP","C","Mid",12,"a",59.29,147.64,"8_12","no change","osmia",1,NA,10.5,0,2,2,6,2,0.5,0.5,1,11,0.0909090909090909,2,0.401584936331617
"912","trapnest_8",2023-05-26,"8_16a","BP","C","Mid",16,"a",73.97,142.42,"8_16","4 cells","osmia",2,1,11,1,0,1,7,2,0,0,1,4,0.25,3,0.51937930066002
"913","trapnest_8",2023-05-28,"8_16a","BP","C","Mid",16,"a",73.97,142.42,"8_16","no change","osmia",2,NA,10,0,0,0,8,3,0,0,1,4,0.25,3,0.51937930066002
"914","trapnest_8",2023-05-29,"8_16a","BP","C","Mid",16,"a",73.97,142.42,"8_16","3 cells","osmia",1,NA,10,1,0,1,8,3,0,0,1,7,0.142857142857143,4,0.51937930066002
"915","trapnest_8",2023-05-31,"8_16a","BP","C","Mid",16,"a",73.97,142.42,"8_16","end cap","osmia",2,NA,11,0,0,0,7,4,0,0,1,7,0.142857142857143,4,0.51937930066002
"916","trapnest_8",2023-06-02,"8_16a","BP","C","Mid",16,"a",73.97,142.42,"8_16","no change","osmia",2,NA,12,0,0,0,6,3,0,0,1,7,0.142857142857143,3,0.51937930066002
"917","trapnest_8",2023-06-05,"8_16a","BP","C","Mid",16,"a",73.97,142.42,"8_16","no change","osmia",1,NA,11,0,0,0,6,2,0,0,1,7,0.142857142857143,2,0.51937930066002
"918","trapnest_8",2023-06-08,"8_16a","BP","C","Mid",16,"a",73.97,142.42,"8_16","no change","osmia",2,NA,11,0,0,0,6,2,0,0,1,7,0.142857142857143,2,0.51937930066002
"919","trapnest_8",2023-06-10,"8_16a","BP","C","Mid",16,"a",73.97,142.42,"8_16","no change","osmia",0,NA,11,0,0,0,6,2,0,0,1,7,0.142857142857143,2,0.51937930066002
"920","trapnest_8",2023-06-12,"8_16a","BP","C","Mid",16,"a",73.97,142.42,"8_16","no change","osmia",1,NA,11,0,0,0,6,2,0,0,1,7,0.142857142857143,2,0.51937930066002
"921","trapnest_8",2023-06-14,"8_16a","BP","C","Mid",16,"a",73.97,142.42,"8_16","no change","osmia",0,NA,11,0,0,0,6,2,0,0,1,7,0.142857142857143,2,0.51937930066002
"922","trapnest_8",2023-06-16,"8_16a","BP","C","Mid",16,"a",73.97,142.42,"8_16","no change","osmia",1,NA,11,0,0,0,6,2,0,0,1,7,0.142857142857143,2,0.51937930066002
"923","trapnest_8",2023-06-20,"8_16a","BP","C","Mid",16,"a",73.97,142.42,"8_16","no change","osmia",3,NA,11,0,0,0,6,2,0,0,1,7,0.142857142857143,2,0.51937930066002
"924","trapnest_8",2023-06-23,"8_16a","BP","C","Mid",16,"a",73.97,142.42,"8_16","no change","osmia",3,NA,10,0,0,0,6,2,0,0,1,7,0.142857142857143,2,0.51937930066002
"925","trapnest_8",2023-06-29,"8_16a","BP","C","Mid",16,"a",73.97,142.42,"8_16","no change","osmia",1,NA,10.5,0,2,2,6,2,0.5,0.5,1,7,0.142857142857143,2,0.51937930066002
"926","trapnest_8",2023-05-29,"8_2a","BP","C","Mid",2,"a",17.28,145.88,"8_2","2 cells","osmia",1,1,10,1,0,1,8,3,0,0,0,2,0,4,0.118453523443927
"927","trapnest_8",2023-05-31,"8_2a","BP","C","Mid",2,"a",17.28,145.88,"8_2","no change","osmia",2,NA,11,0,0,0,7,4,0,0,0,2,0,4,0.118453523443927
"928","trapnest_8",2023-06-02,"8_2a","BP","C","Mid",2,"a",17.28,145.88,"8_2","no change","osmia",2,NA,12,0,0,0,6,3,0,0,0,2,0,3,0.118453523443927
"929","trapnest_8",2023-05-22,"8_3a","BP","C","Mid",3,"a",59.6,147.13,"8_3","3 cells","osmia",1,1,12,1,0,1,6,0,0,0,3,3,1,1,0.405083939373343
"930","trapnest_8",2023-05-23,"8_3a","BP","C","Mid",3,"a",59.6,147.13,"8_3","3 cells","osmia",1,NA,12.5,2,0,2,5.5,0.5,0,0,4,6,0.666666666666667,1,0.405083939373343
"931","trapnest_8",2023-05-26,"8_3a","BP","C","Mid",3,"a",59.6,147.13,"8_3","no change","osmia",2,NA,11,1,0,1,7,2,0,0,4,6,0.666666666666667,3,0.405083939373343
"932","trapnest_8",2023-05-28,"8_3a","BP","C","Mid",3,"a",59.6,147.13,"8_3","no change","osmia",2,NA,10,0,0,0,8,3,0,0,4,6,0.666666666666667,3,0.405083939373343
"933","trapnest_8",2023-05-29,"8_3a","BP","C","Mid",3,"a",59.6,147.13,"8_3","end cap","osmia",1,NA,10,1,0,1,8,3,0,0,4,6,0.666666666666667,4,0.405083939373343
"934","trapnest_8",2023-05-31,"8_3a","BP","C","Mid",3,"a",59.6,147.13,"8_3","no change","osmia",2,NA,11,0,0,0,7,4,0,0,4,6,0.666666666666667,4,0.405083939373343
"935","trapnest_9",2023-06-05,"9_5a","BP","C","High",5,"a",70.8,146.38,"9_5","8 cells","osmia",1,1,6.5,1,1,2,11,2,0,0,0,8,0,3,0.483672632873343
"936","trapnest_9",2023-06-08,"9_5a","BP","C","High",5,"a",70.8,146.38,"9_5","1 cell","osmia",2,NA,6.5,0,2,2,10,3,1.5,1.5,0,9,0,3,0.483672632873343
"937","trapnest_9",2023-06-10,"9_5a","BP","C","High",5,"a",70.8,146.38,"9_5","no change","osmia",0,NA,5,0,0,0,10,3,3,3,0,9,0,3,0.483672632873343
"938","trapnest_9",2023-06-12,"9_5a","BP","C","High",5,"a",70.8,146.38,"9_5","no change","osmia",1,NA,5,0,0,0,10,3,3,3,0,9,0,3,0.483672632873343
"939","trapnest_9",2023-06-14,"9_5a","BP","C","High",5,"a",70.8,146.38,"9_5","3 cells + end cap","osmia",0,NA,3,0,0,0,10,3,3,3,0,12,0,3,0.483672632873343
"940","trapnest_9",2023-06-16,"9_5a","BP","C","High",5,"a",70.8,146.38,"9_5","no change","osmia",1,NA,4,0,0,0,11,3,1,1,0,12,0,3,0.483672632873343
"941","trapnest_9",2023-06-20,"9_5a","BP","C","High",5,"a",70.8,146.38,"9_5","no change","osmia",3,NA,2,0,1,1,11,3,1,1,0,12,0,3,0.483672632873343
"942","trapnest_9",2023-06-23,"9_5a","BP","C","High",5,"a",70.8,146.38,"9_5","no change","osmia",3,NA,1,0,0,0,10,3,1,1,0,12,0,3,0.483672632873343
"943","trapnest_9",2023-06-29,"9_5a","BP","C","High",5,"a",70.8,146.38,"9_5","no change","osmia",1,NA,4,0,0,0,10,3,1,1,0,12,0,3,0.483672632873343
"944","trapnest_9",2023-05-22,"9_8a","BP","C","High",8,"a",82.48,150.77,"9_8","2 cells","osmia",1,1,7,1,0,1,11,0,0,0,1,2,0.5,1,0.54705843337534
"945","trapnest_9",2023-05-23,"9_8a","BP","C","High",8,"a",82.48,150.77,"9_8","2 cells","osmia",1,NA,8,1,0,1,10,0,0,0,1,4,0.25,1,0.54705843337534
"946","trapnest_9",2023-05-26,"9_8a","BP","C","High",8,"a",82.48,150.77,"9_8","4 cells","osmia",2,NA,7,0,0,0,11,1,0,0,1,8,0.125,1,0.54705843337534
"947","trapnest_9",2023-05-28,"9_8a","BP","C","High",8,"a",82.48,150.77,"9_8","no change","osmia",2,NA,7,0,0,0,11,1,0,0,1,8,0.125,1,0.54705843337534
"948","trapnest_9",2023-05-29,"9_8a","BP","C","High",8,"a",82.48,150.77,"9_8","1 cell + end cap","osmia",1,NA,7,1,0,1,11,1,0,0,2,9,0.222222222222222,1,0.54705843337534
"949","trapnest_9",2023-05-31,"9_8a","BP","C","High",8,"a",82.48,150.77,"9_8","no change","osmia",2,NA,8,1,0,1,10,1,0,0,2,9,0.222222222222222,2,0.54705843337534
"950","trapnest_9",2023-06-02,"9_8a","BP","C","High",8,"a",82.48,150.77,"9_8","no change","osmia",2,NA,7,0,0,0,11,2,0,0,2,9,0.222222222222222,2,0.54705843337534
"951","trapnest_9",2023-06-05,"9_8a","BP","C","High",8,"a",82.48,150.77,"9_8","no change","osmia",1,NA,6.5,1,1,2,11,2,0,0,2,9,0.222222222222222,3,0.54705843337534
"952","trapnest_9",2023-06-08,"9_8a","BP","C","High",8,"a",82.48,150.77,"9_8","no change","osmia",2,NA,6.5,0,2,2,10,3,1.5,1.5,2,9,0.222222222222222,3,0.54705843337534
"953","trapnest_9",2023-06-10,"9_8a","BP","C","High",8,"a",82.48,150.77,"9_8","no change","osmia",0,NA,5,0,0,0,10,3,3,3,2,9,0.222222222222222,3,0.54705843337534
"954","trapnest_9",2023-06-12,"9_8a","BP","C","High",8,"a",82.48,150.77,"9_8","no change","osmia",1,NA,5,0,0,0,10,3,3,3,2,9,0.222222222222222,3,0.54705843337534
"955","trapnest_9",2023-06-14,"9_8a","BP","C","High",8,"a",82.48,150.77,"9_8","no change","osmia",0,NA,3,0,0,0,10,3,3,3,2,9,0.222222222222222,3,0.54705843337534
"956","trapnest_9",2023-06-16,"9_8a","BP","C","High",8,"a",82.48,150.77,"9_8","no change","osmia",1,NA,4,0,0,0,11,3,1,1,2,9,0.222222222222222,3,0.54705843337534
"957","trapnest_9",2023-06-20,"9_8a","BP","C","High",8,"a",82.48,150.77,"9_8","no change","osmia",3,NA,2,0,1,1,11,3,1,1,2,9,0.222222222222222,3,0.54705843337534
"958","trapnest_9",2023-06-23,"9_8a","BP","C","High",8,"a",82.48,150.77,"9_8","no change","osmia",3,NA,1,0,0,0,10,3,1,1,2,9,0.222222222222222,3,0.54705843337534
"959","trapnest_9",2023-06-29,"9_8a","BP","C","High",8,"a",82.48,150.77,"9_8","no change","osmia",1,NA,4,0,0,0,10,3,1,1,2,9,0.222222222222222,3,0.54705843337534
"960","trapnest_9",2023-05-29,"9_9b","BP","C","High",9,"b",104.11,150.1,"9_9","inner wall","osmia",1,1,7,1,0,1,11,1,0,0,NA,NA,NA,1,0.693604263824117
"961","trapnest_9",2023-05-31,"9_9b","BP","C","High",9,"b",104.11,150.1,"9_9","5 cells","osmia",2,NA,8,1,0,1,10,1,0,0,0,5,0,2,0.693604263824117
"962","trapnest_9",2023-06-02,"9_9b","BP","C","High",9,"b",104.11,150.1,"9_9","7 cells","osmia",2,NA,7,0,0,0,11,2,0,0,0,9,0,2,0.693604263824117
"963","trapnest_9",2023-06-05,"9_9b","BP","C","High",9,"b",104.11,150.1,"9_9","3 cells + end cap","osmia",1,NA,6.5,1,1,2,11,2,0,0,0,15,0,3,0.693604263824117
"964","trapnest_9",2023-06-08,"9_9b","BP","C","High",9,"b",104.11,150.1,"9_9","no change","osmia",2,NA,6.5,0,2,2,10,3,1.5,1.5,0,15,0,3,0.693604263824117
"965","trapnest_9",2023-06-10,"9_9b","BP","C","High",9,"b",104.11,150.1,"9_9","no change","osmia",0,NA,5,0,0,0,10,3,3,3,0,15,0,3,0.693604263824117
"966","trapnest_9",2023-06-12,"9_9b","BP","C","High",9,"b",104.11,150.1,"9_9","no change","osmia",1,NA,5,0,0,0,10,3,3,3,0,15,0,3,0.693604263824117
"967","trapnest_9",2023-06-14,"9_9b","BP","C","High",9,"b",104.11,150.1,"9_9","no change","osmia",0,NA,3,0,0,0,10,3,3,3,0,15,0,3,0.693604263824117
"968","trapnest_9",2023-06-16,"9_9b","BP","C","High",9,"b",104.11,150.1,"9_9","no change","osmia",1,NA,4,0,0,0,11,3,1,1,0,15,0,3,0.693604263824117
"969","trapnest_9",2023-06-20,"9_9b","BP","C","High",9,"b",104.11,150.1,"9_9","no change","osmia",3,NA,2,0,1,1,11,3,1,1,0,15,0,3,0.693604263824117
"970","trapnest_9",2023-06-23,"9_9b","BP","C","High",9,"b",104.11,150.1,"9_9","no change","osmia",3,NA,1,0,0,0,10,3,1,1,0,15,0,3,0.693604263824117
"971","trapnest_9",2023-06-29,"9_9b","BP","C","High",9,"b",104.11,150.1,"9_9","no change","osmia",1,NA,4,0,0,0,10,3,1,1,0,15,0,3,0.693604263824117
