"","...1","Trapnest","Date","Site","Subsite","Treatment","Cavity_number","Straw_ID","Cavity_ID","Nest_ID","Filled_length_mm","Straw_length_mm","Status","Occupant","Good_days","Bee_choice","Available_prior","New_nests_os","New_nests_meg","New_nest_sum","Osmia_ps_prior","Osmia_no_ps_prior","Meg_ps_prior","Meg_no_ps_prior","Cumulative_par","Number_of_cells","Prop_cells_par","Par_in_trapnest","Sealed","Day_of_year","Prop_filled"
"1",153,"trapnest_1",2023-06-05,"BP","A","Low",16,"a","1_16","1_16a",91,141,"2 cells","osmia",1,1,18,1,0,1,0,0,0,0,NA,NA,NA,0,"not sealed",156,0.645390070921986
"2",154,"trapnest_1",2023-06-08,"BP","A","Low",16,"a","1_16","1_16a",91,141,"no change","osmia",2,NA,17,0,0,0,1,1,0,0,NA,NA,NA,0,"not sealed",159,0.645390070921986
"3",155,"trapnest_1",2023-06-10,"BP","A","Low",16,"a","1_16","1_16a",91,141,"no change","osmia",0,NA,17,0,0,0,1,1,0,0,NA,NA,NA,0,"not sealed",161,0.645390070921986
"4",156,"trapnest_1",2023-06-12,"BP","A","Low",16,"a","1_16","1_16a",91,141,"no change","osmia",1,NA,17,0,0,0,1,1,0,0,NA,NA,NA,0,"not sealed",163,0.645390070921986
"5",157,"trapnest_1",2023-06-14,"BP","A","Low",16,"a","1_16","1_16a",91,141,"2 cells + end cap","osmia",0,NA,17,0,0,0,1,1,0,0,NA,NA,NA,0,"sealed",165,0.645390070921986
"6",1279,"trapnest_12",2023-06-08,"BP","D","High",11,"b","12_11","12_11b",47.31,141.37,"1 cell","osmia",2,1,7,1,0,1,11,5,0,0,0,1,0,6,"not sealed",159,0.334653745490557
"7",1280,"trapnest_12",2023-06-10,"BP","D","High",11,"b","12_11","12_11b",47.31,141.37,"no change","osmia",0,NA,7,0,0,0,11,6,0,0,0,1,0,6,"not sealed",161,0.334653745490557
"8",1281,"trapnest_12",2023-06-12,"BP","D","High",11,"b","12_11","12_11b",47.31,141.37,"no change","osmia",1,NA,7,0,0,0,11,6,0,0,0,1,0,6,"not sealed",163,0.334653745490557
"9",1282,"trapnest_12",2023-06-14,"BP","D","High",11,"b","12_11","12_11b",47.31,141.37,"3 cells","osmia",0,NA,7,1,0,1,11,6,0,0,0,4,0,7,"not sealed",165,0.334653745490557
"10",1283,"trapnest_12",2023-06-16,"BP","D","High",11,"b","12_11","12_11b",47.31,141.37,"1 cell","osmia",1,NA,6,0,0,0,12,7,0,0,0,5,0,7,"not sealed",167,0.334653745490557
"11",1284,"trapnest_12",2023-06-20,"BP","D","High",11,"b","12_11","12_11b",47.31,141.37,"2 cells","osmia",3,NA,6.5,2,0,2,11.5,6.5,0,0,0,7,0,7,"not sealed",171,0.334653745490557
"12",1285,"trapnest_12",2023-06-23,"BP","D","High",11,"b","12_11","12_11b",47.31,141.37,"no change","osmia",3,NA,6,0,0,0,12,7,0,0,0,7,0,6,"not sealed",174,0.334653745490557
"13",1286,"trapnest_12",2023-06-29,"BP","D","High",11,"b","12_11","12_11b",47.31,141.37,"no change","osmia",1,NA,6,1,0,1,12,7,0,0,0,7,0,7,"not sealed",180,0.334653745490557
"14",1300,"trapnest_12",2023-06-02,"BP","D","High",12,"b","12_12","12_12b",57.04,106.02,"2 cells","osmia",2,1,7.5,2,0,2,10.5,3.5,0,0,2,2,1,5,"not sealed",153,0.538011695906433
"15",1301,"trapnest_12",2023-06-05,"BP","D","High",12,"b","12_12","12_12b",57.04,106.02,"4 cells + end cap","osmia",1,NA,7,0,0,0,11,5,0,0,5,6,0.833333333333333,5,"sealed",156,0.538011695906433
"16",1302,"trapnest_12",2023-06-08,"BP","D","High",12,"b","12_12","12_12b",57.04,106.02,"no change","osmia",2,NA,7,1,0,1,11,5,0,0,5,6,0.833333333333333,6,"sealed",159,0.538011695906433
"17",1303,"trapnest_12",2023-06-10,"BP","D","High",12,"b","12_12","12_12b",57.04,106.02,"no change","osmia",0,NA,7,0,0,0,11,6,0,0,5,6,0.833333333333333,6,"sealed",161,0.538011695906433
"18",1304,"trapnest_12",2023-06-12,"BP","D","High",12,"b","12_12","12_12b",57.04,106.02,"no change","osmia",1,NA,7,0,0,0,11,6,0,0,5,6,0.833333333333333,6,"sealed",163,0.538011695906433
"19",1305,"trapnest_12",2023-06-14,"BP","D","High",12,"b","12_12","12_12b",57.04,106.02,"no change","osmia",0,NA,7,1,0,1,11,6,0,0,5,6,0.833333333333333,7,"sealed",165,0.538011695906433
"20",1306,"trapnest_12",2023-06-16,"BP","D","High",12,"b","12_12","12_12b",57.04,106.02,"no change","osmia",1,NA,6,0,0,0,12,7,0,0,5,6,0.833333333333333,7,"sealed",167,0.538011695906433
"21",1307,"trapnest_12",2023-06-20,"BP","D","High",12,"b","12_12","12_12b",57.04,106.02,"no change","osmia",3,NA,6.5,2,0,2,11.5,6.5,0,0,5,6,0.833333333333333,7,"sealed",171,0.538011695906433
"22",1308,"trapnest_12",2023-06-23,"BP","D","High",12,"b","12_12","12_12b",57.04,106.02,"no change","osmia",3,NA,6,0,0,0,12,7,0,0,5,6,0.833333333333333,6,"sealed",174,0.538011695906433
"23",1309,"trapnest_12",2023-06-29,"BP","D","High",12,"b","12_12","12_12b",57.04,106.02,"no change","osmia",1,NA,6,1,0,1,12,7,0,0,5,6,0.833333333333333,7,"sealed",180,0.538011695906433
"24",1367,"trapnest_12",2023-05-29,"BP","D","High",15,"a","12_15","12_15a",116.97,145.25,"7 cells","osmia",1,1,6.5,2,0,2,11.5,1.5,0,0,1,7,0.142857142857143,3,"not sealed",149,0.805301204819277
"25",1368,"trapnest_12",2023-05-31,"BP","D","High",15,"a","12_15","12_15a",116.97,145.25,"4 cells","osmia",2,NA,8.5,2,0,2,9.5,1.5,0,0,1,9,0.111111111111111,3,"not sealed",151,0.805301204819277
"26",1369,"trapnest_12",2023-06-02,"BP","D","High",15,"a","12_15","12_15a",116.97,145.25,"no change","osmia",2,NA,7.5,2,0,2,10.5,3.5,0,0,1,9,0.111111111111111,5,"not sealed",153,0.805301204819277
"27",1370,"trapnest_12",2023-06-05,"BP","D","High",15,"a","12_15","12_15a",116.97,145.25,"2 cells + end cap","osmia",1,NA,7,0,0,0,11,5,0,0,2,9,0.222222222222222,5,"sealed",156,0.805301204819277
"28",1371,"trapnest_12",2023-06-08,"BP","D","High",15,"a","12_15","12_15a",116.97,145.25,"no change","osmia",2,NA,7,1,0,1,11,5,0,0,2,9,0.222222222222222,6,"sealed",159,0.805301204819277
"29",1372,"trapnest_12",2023-06-10,"BP","D","High",15,"a","12_15","12_15a",116.97,145.25,"no change","osmia",0,NA,7,0,0,0,11,6,0,0,2,9,0.222222222222222,6,"sealed",161,0.805301204819277
"30",1373,"trapnest_12",2023-06-12,"BP","D","High",15,"a","12_15","12_15a",116.97,145.25,"no change","osmia",1,NA,7,0,0,0,11,6,0,0,2,9,0.222222222222222,6,"sealed",163,0.805301204819277
"31",1374,"trapnest_12",2023-06-14,"BP","D","High",15,"a","12_15","12_15a",116.97,145.25,"no change","osmia",0,NA,7,1,0,1,11,6,0,0,2,9,0.222222222222222,7,"sealed",165,0.805301204819277
"32",1375,"trapnest_12",2023-06-16,"BP","D","High",15,"a","12_15","12_15a",116.97,145.25,"no change","osmia",1,NA,6,0,0,0,12,7,0,0,2,9,0.222222222222222,7,"sealed",167,0.805301204819277
"33",1376,"trapnest_12",2023-06-20,"BP","D","High",15,"a","12_15","12_15a",116.97,145.25,"no change","osmia",3,NA,6.5,2,0,2,11.5,6.5,0,0,2,9,0.222222222222222,7,"sealed",171,0.805301204819277
"34",1377,"trapnest_12",2023-06-23,"BP","D","High",15,"a","12_15","12_15a",116.97,145.25,"no change","osmia",3,NA,6,0,0,0,12,7,0,0,2,9,0.222222222222222,6,"sealed",174,0.805301204819277
"35",1378,"trapnest_12",2023-06-29,"BP","D","High",15,"a","12_15","12_15a",116.97,145.25,"no change","osmia",1,NA,6,1,0,1,12,7,0,0,2,9,0.222222222222222,7,"sealed",180,0.805301204819277
"36",1401,"trapnest_12",2023-06-29,"BP","D","High",16,"a","12_16","12_16a",5.27,143.33,"1 cell","osmia",1,1,6,1,0,1,12,7,0,0,0,1,0,7,"not sealed",180,0.0367682969371381
"37",1438,"trapnest_12",2023-06-02,"BP","D","High",18,"a","12_18","12_18a",83.98,144.81,"5 cells","osmia",2,1,7.5,2,0,2,10.5,3.5,0,0,0,5,0,5,"not sealed",153,0.579932325115669
"38",1439,"trapnest_12",2023-06-05,"BP","D","High",18,"a","12_18","12_18a",83.98,144.81,"7 cells","osmia",1,NA,7,0,0,0,11,5,0,0,0,9,0,5,"not sealed",156,0.579932325115669
"39",1440,"trapnest_12",2023-06-08,"BP","D","High",18,"a","12_18","12_18a",83.98,144.81,"no change","osmia",2,NA,7,1,0,1,11,5,0,0,0,9,0,6,"not sealed",159,0.579932325115669
"40",1441,"trapnest_12",2023-06-10,"BP","D","High",18,"a","12_18","12_18a",83.98,144.81,"no change","osmia",0,NA,7,0,0,0,11,6,0,0,0,9,0,6,"not sealed",161,0.579932325115669
"41",1442,"trapnest_12",2023-06-12,"BP","D","High",18,"a","12_18","12_18a",83.98,144.81,"no change","osmia",1,NA,7,0,0,0,11,6,0,0,0,9,0,6,"not sealed",163,0.579932325115669
"42",1443,"trapnest_12",2023-06-14,"BP","D","High",18,"a","12_18","12_18a",83.98,144.81,"1 cell + end cap","osmia",0,NA,7,1,0,1,11,6,0,0,0,9,0,7,"sealed",165,0.579932325115669
"43",1444,"trapnest_12",2023-06-16,"BP","D","High",18,"a","12_18","12_18a",83.98,144.81,"no change","osmia",1,NA,6,0,0,0,12,7,0,0,0,9,0,7,"sealed",167,0.579932325115669
"44",1445,"trapnest_12",2023-06-20,"BP","D","High",18,"a","12_18","12_18a",83.98,144.81,"no change","osmia",3,NA,6.5,2,0,2,11.5,6.5,0,0,0,9,0,7,"sealed",171,0.579932325115669
"45",1446,"trapnest_12",2023-06-23,"BP","D","High",18,"a","12_18","12_18a",83.98,144.81,"no change","osmia",3,NA,6,0,0,0,12,7,0,0,0,9,0,6,"sealed",174,0.579932325115669
"46",1447,"trapnest_12",2023-06-29,"BP","D","High",18,"a","12_18","12_18a",83.98,144.81,"no change","osmia",1,NA,6,1,0,1,12,7,0,0,0,9,0,7,"sealed",180,0.579932325115669
"47",1542,"trapnest_12",2023-05-15,"BP","D","High",5,"a","12_5","12_5a",115.52,142.83,"2 cells","osmia",3,1,7,1,0,1,11,0,0,0,0,2,0,1,"not sealed",135,0.808793670797451
"48",1543,"trapnest_12",2023-05-16,"BP","D","High",5,"a","12_5","12_5a",115.52,142.83,"no change","osmia",1,NA,6,0,0,0,12,1,0,0,0,2,0,1,"not sealed",136,0.808793670797451
"49",1544,"trapnest_12",2023-05-17,"BP","D","High",5,"a","12_5","12_5a",115.52,142.83,"1 cell","osmia",1,NA,6,0,0,0,12,1,0,0,0,3,0,1,"not sealed",137,0.808793670797451
"50",1545,"trapnest_12",2023-05-19,"BP","D","High",5,"a","12_5","12_5a",115.52,142.83,"1 cell","osmia",2,NA,6,0,0,0,12,1,0,0,0,4,0,1,"not sealed",139,0.808793670797451
"51",1546,"trapnest_12",2023-05-21,"BP","D","High",5,"a","12_5","12_5a",115.52,142.83,"no change","osmia",1,NA,7,0,0,0,11,1,0,0,0,4,0,1,"not sealed",141,0.808793670797451
"52",1547,"trapnest_12",2023-05-22,"BP","D","High",5,"a","12_5","12_5a",115.52,142.83,"3 cells","osmia",1,NA,7,0,0,0,11,1,0,0,0,7,0,1,"not sealed",142,0.808793670797451
"53",1548,"trapnest_12",2023-05-23,"BP","D","High",5,"a","12_5","12_5a",115.52,142.83,"2 cells","osmia",1,NA,7,0,0,0,11,1,0,0,0,9,0,1,"not sealed",143,0.808793670797451
"54",1549,"trapnest_12",2023-05-26,"BP","D","High",5,"a","12_5","12_5a",115.52,142.83,"4 cells","osmia",2,NA,7,0,0,0,11,1,0,0,0,9,0,1,"not sealed",146,0.808793670797451
"55",1550,"trapnest_12",2023-05-28,"BP","D","High",5,"a","12_5","12_5a",115.52,142.83,"no change","osmia",2,NA,7,0,0,0,11,1,0,0,0,9,0,1,"not sealed",148,0.808793670797451
"56",1551,"trapnest_12",2023-05-29,"BP","D","High",5,"a","12_5","12_5a",115.52,142.83,"1 cell + end cap","osmia",1,NA,6.5,2,0,2,11.5,1.5,0,0,0,9,0,3,"sealed",149,0.808793670797451
"57",1552,"trapnest_12",2023-05-31,"BP","D","High",5,"a","12_5","12_5a",115.52,142.83,"no change","osmia",2,NA,8.5,2,0,2,9.5,1.5,0,0,0,9,0,3,"sealed",151,0.808793670797451
"58",1553,"trapnest_12",2023-06-02,"BP","D","High",5,"a","12_5","12_5a",115.52,142.83,"no change","osmia",2,NA,7.5,2,0,2,10.5,3.5,0,0,0,9,0,5,"sealed",153,0.808793670797451
"59",1554,"trapnest_12",2023-06-05,"BP","D","High",5,"a","12_5","12_5a",115.52,142.83,"no change","osmia",1,NA,7,0,0,0,11,5,0,0,0,9,0,5,"sealed",156,0.808793670797451
"60",1555,"trapnest_12",2023-06-08,"BP","D","High",5,"a","12_5","12_5a",115.52,142.83,"no change","osmia",2,NA,7,1,0,1,11,5,0,0,0,9,0,6,"sealed",159,0.808793670797451
"61",1556,"trapnest_12",2023-06-10,"BP","D","High",5,"a","12_5","12_5a",115.52,142.83,"no change","osmia",0,NA,7,0,0,0,11,6,0,0,0,9,0,6,"sealed",161,0.808793670797451
"62",1557,"trapnest_12",2023-06-12,"BP","D","High",5,"a","12_5","12_5a",115.52,142.83,"no change","osmia",1,NA,7,0,0,0,11,6,0,0,0,9,0,6,"sealed",163,0.808793670797451
"63",1558,"trapnest_12",2023-06-14,"BP","D","High",5,"a","12_5","12_5a",115.52,142.83,"no change","osmia",0,NA,7,1,0,1,11,6,0,0,0,9,0,7,"sealed",165,0.808793670797451
"64",1559,"trapnest_12",2023-06-16,"BP","D","High",5,"a","12_5","12_5a",115.52,142.83,"no change","osmia",1,NA,6,0,0,0,12,7,0,0,0,9,0,7,"sealed",167,0.808793670797451
"65",1560,"trapnest_12",2023-06-20,"BP","D","High",5,"a","12_5","12_5a",115.52,142.83,"no change","osmia",3,NA,6.5,2,0,2,11.5,6.5,0,0,0,9,0,7,"sealed",171,0.808793670797451
"66",1574,"trapnest_12",2023-05-29,"BP","D","High",6,"b","12_6","12_6b",103.97,143.76,"9 cells","osmia",1,1,6.5,2,0,2,11.5,1.5,0,0,0,9,0,3,"not sealed",149,0.723219254312743
"67",1575,"trapnest_12",2023-05-31,"BP","D","High",6,"b","12_6","12_6b",103.97,143.76,"6 cells","osmia",2,NA,8.5,2,0,2,9.5,1.5,0,0,0,9,0,3,"not sealed",151,0.723219254312743
"68",1576,"trapnest_12",2023-06-02,"BP","D","High",6,"b","12_6","12_6b",103.97,143.76,"no change","osmia",2,NA,7.5,2,0,2,10.5,3.5,0,0,0,9,0,5,"not sealed",153,0.723219254312743
"69",1577,"trapnest_12",2023-06-05,"BP","D","High",6,"b","12_6","12_6b",103.97,143.76,"end cap","osmia",1,NA,7,0,0,0,11,5,0,0,0,9,0,5,"sealed",156,0.723219254312743
"70",1578,"trapnest_12",2023-06-08,"BP","D","High",6,"b","12_6","12_6b",103.97,143.76,"no change","osmia",2,NA,7,1,0,1,11,5,0,0,0,9,0,6,"sealed",159,0.723219254312743
"71",1579,"trapnest_12",2023-06-10,"BP","D","High",6,"b","12_6","12_6b",103.97,143.76,"no change","osmia",0,NA,7,0,0,0,11,6,0,0,0,9,0,6,"sealed",161,0.723219254312743
"72",1580,"trapnest_12",2023-06-12,"BP","D","High",6,"b","12_6","12_6b",103.97,143.76,"no change","osmia",1,NA,7,0,0,0,11,6,0,0,0,9,0,6,"sealed",163,0.723219254312743
"73",1581,"trapnest_12",2023-06-14,"BP","D","High",6,"b","12_6","12_6b",103.97,143.76,"no change","osmia",0,NA,7,1,0,1,11,6,0,0,0,9,0,7,"sealed",165,0.723219254312743
"74",1582,"trapnest_12",2023-06-16,"BP","D","High",6,"b","12_6","12_6b",103.97,143.76,"no change","osmia",1,NA,6,0,0,0,12,7,0,0,0,9,0,7,"sealed",167,0.723219254312743
"75",1583,"trapnest_12",2023-06-20,"BP","D","High",6,"c","12_6","12_6c",51.58,143.84,"1 cell","osmia",3,1,6.5,2,0,2,11.5,6.5,0,0,1,1,1,7,"not sealed",171,0.358592880978865
"76",1584,"trapnest_12",2023-06-23,"BP","D","High",6,"c","12_6","12_6c",51.58,143.84,"6 cells","osmia",3,NA,6,0,0,0,12,7,0,0,5,7,0.714285714285714,6,"not sealed",174,0.358592880978865
"77",1585,"trapnest_12",2023-06-29,"BP","D","High",6,"c","12_6","12_6c",51.58,143.84,"end cap","osmia",1,NA,6,1,0,1,12,7,0,0,5,7,0.714285714285714,7,"sealed",180,0.358592880978865
"78",1650,"trapnest_12",2023-06-14,"BP","D","High",9,"b","12_9","12_9b",21.9,130.53,"2 cells","osmia",0,1,7,1,0,1,11,6,0,0,1,2,0.5,7,"not sealed",165,0.167777522408642
"79",1651,"trapnest_12",2023-06-16,"BP","D","High",9,"b","12_9","12_9b",21.9,130.53,"1 cells + end cap","osmia",1,NA,6,0,0,0,12,7,0,0,1,3,0.333333333333333,7,"sealed",167,0.167777522408642
"80",1652,"trapnest_12",2023-06-20,"BP","D","High",9,"b","12_9","12_9b",21.9,130.53,"no change","osmia",3,NA,6.5,2,0,2,11.5,6.5,0,0,1,3,0.333333333333333,7,"sealed",171,0.167777522408642
"81",1653,"trapnest_12",2023-06-23,"BP","D","High",9,"b","12_9","12_9b",21.9,130.53,"no change","osmia",3,NA,6,0,0,0,12,7,0,0,1,3,0.333333333333333,6,"sealed",174,0.167777522408642
"82",1654,"trapnest_12",2023-06-29,"BP","D","High",9,"b","12_9","12_9b",21.9,130.53,"no change","osmia",1,NA,6,1,0,1,12,7,0,0,1,3,0.333333333333333,7,"sealed",180,0.167777522408642
"83",1692,"trapnest_13",2023-06-05,"BP","E","Low",11,"a","13_11","13_11a",41.44,140.51,"3 cells","osmia",1,1,13.5,2,0,2,4.5,4.5,0,0,2,3,0.666666666666667,6,"not sealed",156,0.294925628069177
"84",1693,"trapnest_13",2023-06-09,"BP","E","Low",11,"a","13_11","13_11a",41.44,140.51,"1 cell","osmia",0,NA,17,0,0,0,1,1,0,0,3,4,0.75,1,"not sealed",160,0.294925628069177
"85",1694,"trapnest_13",2023-06-10,"BP","E","Low",11,"a","13_11","13_11a",41.44,140.51,"no change","osmia",0,NA,17,0,0,0,1,1,0,0,3,4,0.75,1,"not sealed",161,0.294925628069177
"86",1695,"trapnest_13",2023-06-12,"BP","E","Low",11,"a","13_11","13_11a",41.44,140.51,"no change","osmia",1,NA,17,0,0,0,1,1,0,0,3,4,0.75,1,"not sealed",163,0.294925628069177
"87",1696,"trapnest_13",2023-06-14,"BP","E","Low",11,"a","13_11","13_11a",41.44,140.51,"end cap","osmia",0,NA,16,3,0,3,2,2,0,0,3,4,0.75,4,"sealed",165,0.294925628069177
"88",1712,"trapnest_13",2023-05-29,"BP","E","Low",12,"a","13_12","13_12a",101,137,"2 cells","osmia",1,1,16,3,0,3,2,2,0,0,0,2,0,4,"not sealed",149,0.737226277372263
"89",1713,"trapnest_13",2023-05-31,"BP","E","Low",12,"a","13_12","13_12a",101,137,"4 cells","osmia",2,NA,16.5,4,0,4,1.5,1.5,0,0,1,6,0.166666666666667,4,"not sealed",151,0.737226277372263
"90",1714,"trapnest_13",2023-06-02,"BP","E","Low",12,"a","13_12","13_12a",101,137,"5 cells","osmia",2,NA,14.5,2,0,2,3.5,3.5,0,0,1,9,0.111111111111111,5,"not sealed",153,0.737226277372263
"91",1715,"trapnest_13",2023-06-05,"BP","E","Low",12,"a","13_12","13_12a",101,137,"1 cell + end cap","osmia",1,NA,13.5,2,0,2,4.5,4.5,0,0,1,9,0.111111111111111,6,"sealed",156,0.737226277372263
"92",1745,"trapnest_13",2023-06-23,"BP","E","Low",13,"a","13_13","13_13a",119.8,139.2,"5 cells","megachile",3,1,16.5,0,2,2,1,1,0.5,0.5,NA,NA,NA,1,"not sealed",174,0.860632183908046
"93",1746,"trapnest_13",2023-06-29,"BP","E","Low",13,"a","13_13","13_13a",119.8,139.2,"6 cells","megachile",1,NA,14,0,1,1,1,1,2,2,NA,NA,NA,1,"not sealed",180,0.860632183908046
"94",1765,"trapnest_13",2023-06-14,"BP","E","Low",14,"a","13_14","13_14a",19.88,140.03,"2 cells + end cap","osmia",0,1,16,3,0,3,2,2,0,0,2,2,1,4,"sealed",165,0.141969577947583
"95",1811,"trapnest_13",2023-06-14,"BP","E","Low",16,"a","13_16","13_16a",15.4,141.29,"2 cells + end cap","osmia",0,1,16,3,0,3,2,2,0,0,0,2,0,4,"sealed",165,0.108995682638545
"96",1857,"trapnest_13",2023-06-14,"BP","E","Low",18,"a","13_18","13_18a",23.44,138.41,"2 cells","osmia",0,1,16,3,0,3,2,2,0,0,2,2,1,4,"not sealed",165,0.169351925438913
"97",1858,"trapnest_13",2023-06-16,"BP","E","Low",18,"a","13_18","13_18a",23.44,138.41,"1 cell","osmia",1,NA,17,1,0,1,1,1,0,0,3,3,1,2,"not sealed",167,0.169351925438913
"98",1859,"trapnest_13",2023-06-20,"BP","E","Low",18,"a","13_18","13_18a",23.44,138.41,"1 cell","osmia",3,NA,16,0,0,0,2,2,0,0,3,4,0.75,2,"not sealed",171,0.169351925438913
"99",1860,"trapnest_13",2023-06-23,"BP","E","Low",18,"a","13_18","13_18a",23.44,138.41,"no change","osmia",3,NA,16.5,0,2,2,1,1,0.5,0.5,3,4,0.75,1,"not sealed",174,0.169351925438913
"100",1861,"trapnest_13",2023-06-29,"BP","E","Low",18,"a","13_18","13_18a",23.44,138.41,"no change","osmia",1,NA,14,0,1,1,1,1,2,2,3,4,0.75,1,"not sealed",180,0.169351925438913
"101",1892,"trapnest_13",2023-05-23,"BP","E","Low",2,"a","13_2","13_2a",105.25,123.3,"2 cells","osmia",1,1,18,1,0,1,0,0,0,0,0,2,0,1,"not sealed",143,0.853609083536091
"102",1893,"trapnest_13",2023-05-26,"BP","E","Low",2,"a","13_2","13_2a",105.25,123.3,"5 cells","osmia",2,NA,17,0,0,0,1,1,0,0,0,7,0,1,"not sealed",146,0.853609083536091
"103",1894,"trapnest_13",2023-05-28,"BP","E","Low",2,"a","13_2","13_2a",105.25,123.3,"no change","osmia",2,NA,17,0,0,0,1,1,0,0,0,7,0,1,"not sealed",148,0.853609083536091
"104",1895,"trapnest_13",2023-05-29,"BP","E","Low",2,"a","13_2","13_2a",105.25,123.3,"5 cells + end cap","osmia",1,NA,16,3,0,3,2,2,0,0,0,9,0,4,"sealed",149,0.853609083536091
"105",1896,"trapnest_13",2023-05-31,"BP","E","Low",2,"b","13_2","13_2b",34.05,146.25,"3 cells","osmia",2,1,16.5,4,0,4,1.5,1.5,0,0,0,3,0,4,"not sealed",151,0.232820512820513
"106",1897,"trapnest_13",2023-06-02,"BP","E","Low",2,"b","13_2","13_2b",34.05,146.25,"1 cells + end cap","osmia",2,NA,14.5,2,0,2,3.5,3.5,0,0,0,4,0,5,"sealed",153,0.232820512820513
"107",1898,"trapnest_13",2023-06-05,"BP","E","Low",2,"b","13_2","13_2b",34.05,146.25,"no change","osmia",1,NA,13.5,2,0,2,4.5,4.5,0,0,0,4,0,6,"sealed",156,0.232820512820513
"108",1941,"trapnest_13",2023-05-29,"BP","E","Low",4,"a","13_4","13_4a",75.74,150.06,"6 cells","osmia",1,1,16,3,0,3,2,2,0,0,0,6,0,4,"not sealed",149,0.50473144075703
"109",1942,"trapnest_13",2023-05-31,"BP","E","Low",4,"a","13_4","13_4a",75.74,150.06,"2 cells + end cap","osmia",2,NA,16.5,4,0,4,1.5,1.5,0,0,0,8,0,4,"sealed",151,0.50473144075703
"110",1943,"trapnest_13",2023-06-02,"BP","E","Low",4,"b","13_4","13_4b",41.56,85.621,"4 cells","osmia",2,1,14.5,2,0,2,3.5,3.5,0,0,1,4,0.25,5,"not sealed",153,0.485394938157695
"111",1944,"trapnest_13",2023-06-05,"BP","E","Low",4,"b","13_4","13_4b",41.56,85.621,"no change","osmia",1,NA,13.5,2,0,2,4.5,4.5,0,0,1,4,0.25,6,"not sealed",156,0.485394938157695
"112",1972,"trapnest_13",2023-06-16,"BP","E","Low",5,"a","13_5","13_5a",9.55,150.06,"1 cell + end cap","osmia",1,1,17,1,0,1,1,1,0,0,1,1,1,2,"sealed",167,0.0636412101825936
"113",1973,"trapnest_13",2023-06-20,"BP","E","Low",5,"a","13_5","13_5a",9.55,150.06,"no change","osmia",3,NA,16,0,0,0,2,2,0,0,1,1,1,2,"sealed",171,0.0636412101825936
"114",1997,"trapnest_13",2023-06-23,"BP","E","Low",6,"a","13_6","13_6a",119.72,141.9,"6 cells","megachile",3,1,16.5,0,2,2,1,1,0.5,0.5,NA,NA,NA,1,"not sealed",174,0.84369274136716
"115",1998,"trapnest_13",2023-06-29,"BP","E","Low",6,"a","13_6","13_6a",119.72,141.9,"no change","megachile",1,NA,14,0,1,1,1,1,2,2,NA,NA,NA,1,"not sealed",180,0.84369274136716
"116",2010,"trapnest_13",2023-05-29,"BP","E","Low",7,"a","13_7","13_7a",133.33,152.52,"9 cells","osmia",1,1,16,3,0,3,2,2,0,0,0,9,0,4,"not sealed",149,0.874180435352741
"117",2011,"trapnest_13",2023-05-31,"BP","E","Low",7,"a","13_7","13_7a",133.33,152.52,"7 cells","osmia",2,NA,16.5,4,0,4,1.5,1.5,0,0,0,9,0,4,"not sealed",151,0.874180435352741
"118",2012,"trapnest_13",2023-06-02,"BP","E","Low",7,"a","13_7","13_7a",133.33,152.52,"3 cells + end cap","osmia",2,NA,14.5,2,0,2,3.5,3.5,0,0,0,9,0,5,"sealed",153,0.874180435352741
"119",2013,"trapnest_13",2023-06-05,"BP","E","Low",7,"b","13_7","13_7b",48.93,153,"4 cells + end cap","osmia",1,1,13.5,2,0,2,4.5,4.5,0,0,0,4,0,6,"sealed",156,0.319803921568627
"120",2035,"trapnest_13",2023-06-02,"BP","E","Low",8,"a","13_8","13_8a",3.094,147.37,"3 cells","osmia",2,1,14.5,2,0,2,3.5,3.5,0,0,0,3,0,5,"not sealed",153,0.0209947750559815
"121",2036,"trapnest_13",2023-06-05,"BP","E","Low",8,"a","13_8","13_8a",3.094,147.37,"1 cell + end cap","osmia",1,NA,13.5,2,0,2,4.5,4.5,0,0,1,4,0.25,6,"sealed",156,0.0209947750559815
"122",2067,"trapnest_13",2023-06-29,"BP","E","Low",9,"a","13_9","13_9a",46.21,140.44,"4 cells?","megachile",1,1,14,0,1,1,1,1,2,2,NA,NA,NA,1,"not sealed",180,0.32903731130732
"123",2080,"trapnest_14",2023-05-31,"BP","E","Mid",10,"a","14_10","14_10a",32.56,149.7,"3 cells","osmia",2,1,11.5,4,0,4,6.5,1.5,0,0,0,3,0,3,"not sealed",151,0.21750167000668
"124",2081,"trapnest_14",2023-06-02,"BP","E","Mid",10,"a","14_10","14_10a",32.56,149.7,"end cap","osmia",2,NA,12,1,0,1,6,3,0,0,0,3,0,2,"sealed",153,0.21750167000668
"125",2082,"trapnest_14",2023-06-05,"BP","E","Mid",10,"b","14_10","14_10b",48.98,141.14,"6 cells + end cap","osmia",1,1,12,1,0,1,6,3,0,0,0,6,0,2,"sealed",156,0.347031316423409
"126",2083,"trapnest_14",2023-06-09,"BP","E","Mid",10,"b","14_10","14_10b",48.98,141.14,"no change","osmia",0,NA,12,0,0,0,6,3,0,0,0,6,0,2,"sealed",160,0.347031316423409
"127",2084,"trapnest_14",2023-06-10,"BP","E","Mid",10,"b","14_10","14_10b",48.98,141.14,"no change","osmia",0,NA,12,0,0,0,6,3,0,0,0,6,0,2,"sealed",161,0.347031316423409
"128",2085,"trapnest_14",2023-06-12,"BP","E","Mid",10,"b","14_10","14_10b",48.98,141.14,"no change","osmia",1,NA,12,0,0,0,6,3,0,0,0,6,0,2,"sealed",163,0.347031316423409
"129",2086,"trapnest_14",2023-06-14,"BP","E","Mid",10,"b","14_10","14_10b",48.98,141.14,"no change","osmia",0,NA,12,0,0,0,6,3,0,0,0,6,0,2,"sealed",165,0.347031316423409
"130",2087,"trapnest_14",2023-06-16,"BP","E","Mid",10,"b","14_10","14_10b",48.98,141.14,"no change","osmia",1,NA,12,0,0,0,6,3,0,0,0,6,0,2,"sealed",167,0.347031316423409
"131",2088,"trapnest_14",2023-06-20,"BP","E","Mid",10,"b","14_10","14_10b",48.98,141.14,"no change","osmia",3,NA,12,0,0,0,6,2,0,0,0,6,0,2,"sealed",171,0.347031316423409
"132",2089,"trapnest_14",2023-06-23,"BP","E","Mid",10,"b","14_10","14_10b",48.98,141.14,"no change","osmia",3,NA,12,0,0,0,6,2,0,0,0,6,0,2,"sealed",174,0.347031316423409
"133",2090,"trapnest_14",2023-06-29,"BP","E","Mid",10,"b","14_10","14_10b",48.98,141.14,"no change","osmia",1,NA,12,0,0,0,6,2,0,0,0,6,0,2,"sealed",180,0.347031316423409
"134",2125,"trapnest_14",2023-05-29,"BP","E","Mid",12,"a","14_12","14_12a",76.22,145.71,"7 cells","osmia",1,1,13,1,0,1,5,0,0,0,2,7,0.285714285714286,1,"not sealed",149,0.523093816484799
"135",2126,"trapnest_14",2023-05-31,"BP","E","Mid",12,"a","14_12","14_12a",76.22,145.71,"1 cell + end cap","osmia",2,NA,11.5,4,0,4,6.5,1.5,0,0,2,8,0.25,3,"sealed",151,0.523093816484799
"136",2218,"trapnest_14",2023-05-31,"BP","E","Mid",16,"a","14_16","14_16a",67.77,143.11,"2 cells","osmia",2,1,11.5,4,0,4,6.5,1.5,0,0,0,2,0,3,"not sealed",151,0.473551813290476
"137",2219,"trapnest_14",2023-06-02,"BP","E","Mid",16,"a","14_16","14_16a",67.77,143.11,"7 cells + end cap","osmia",2,NA,12,1,0,1,6,3,0,0,0,9,0,2,"sealed",153,0.473551813290476
"138",2220,"trapnest_14",2023-06-05,"BP","E","Mid",16,"a","14_16","14_16a",67.77,143.11,"no change","osmia",1,NA,12,1,0,1,6,3,0,0,0,9,0,2,"sealed",156,0.473551813290476
"139",2221,"trapnest_14",2023-06-09,"BP","E","Mid",16,"a","14_16","14_16a",67.77,143.11,"no change","osmia",0,NA,12,0,0,0,6,3,0,0,0,9,0,2,"sealed",160,0.473551813290476
"140",2222,"trapnest_14",2023-06-10,"BP","E","Mid",16,"a","14_16","14_16a",67.77,143.11,"no change","osmia",0,NA,12,0,0,0,6,3,0,0,0,9,0,2,"sealed",161,0.473551813290476
"141",2223,"trapnest_14",2023-06-12,"BP","E","Mid",16,"a","14_16","14_16a",67.77,143.11,"no change","osmia",1,NA,12,0,0,0,6,3,0,0,0,9,0,2,"sealed",163,0.473551813290476
"142",2224,"trapnest_14",2023-06-14,"BP","E","Mid",16,"a","14_16","14_16a",67.77,143.11,"no change","osmia",0,NA,12,0,0,0,6,3,0,0,0,9,0,2,"sealed",165,0.473551813290476
"143",2225,"trapnest_14",2023-06-16,"BP","E","Mid",16,"a","14_16","14_16a",67.77,143.11,"no change","osmia",1,NA,12,0,0,0,6,3,0,0,0,9,0,2,"sealed",167,0.473551813290476
"144",2226,"trapnest_14",2023-06-20,"BP","E","Mid",16,"a","14_16","14_16a",67.77,143.11,"no change","osmia",3,NA,12,0,0,0,6,2,0,0,0,9,0,2,"sealed",171,0.473551813290476
"145",2227,"trapnest_14",2023-06-23,"BP","E","Mid",16,"a","14_16","14_16a",67.77,143.11,"no change","osmia",3,NA,12,0,0,0,6,2,0,0,0,9,0,2,"sealed",174,0.473551813290476
"146",2228,"trapnest_14",2023-06-29,"BP","E","Mid",16,"a","14_16","14_16a",67.77,143.11,"no change","osmia",1,NA,12,0,0,0,6,2,0,0,0,9,0,2,"sealed",180,0.473551813290476
"147",2664,"trapnest_15",2023-06-23,"BP","E","High",17,"a","15_17","15_17a",45.22,145.5,"4 cells","megachile",3,1,8,0,1,1,10,1,0,0,NA,NA,NA,1,"not sealed",174,0.310790378006873
"148",2665,"trapnest_15",2023-06-29,"BP","E","High",17,"a","15_17","15_17a",45.22,145.5,"no change","megachile",1,NA,6,0,0,0,11,1,1,1,NA,NA,NA,1,"not sealed",180,0.310790378006873
"149",2760,"trapnest_15",2023-05-15,"BP","E","High",4,"a","15_4","15_4a",10.75,143.02,"inner wall","osmia",3,1,7,1,0,1,11,0,0,0,NA,NA,NA,0,"not sealed",135,0.0751643126835408
"150",2761,"trapnest_15",2023-05-16,"BP","E","High",4,"a","15_4","15_4a",10.75,143.02,"no change","osmia",1,NA,6,0,0,0,12,1,0,0,NA,NA,NA,0,"not sealed",136,0.0751643126835408
"151",2762,"trapnest_15",2023-05-17,"BP","E","High",4,"a","15_4","15_4a",10.75,143.02,"1 cell + end cap","osmia",1,NA,6,1,0,1,12,1,0,0,1,1,1,1,"sealed",137,0.0751643126835408
"152",2763,"trapnest_15",2023-05-19,"BP","E","High",4,"a","15_4","15_4a",10.75,143.02,"no change","osmia",2,NA,6,0,0,0,12,2,0,0,1,1,1,1,"sealed",139,0.0751643126835408
"153",2764,"trapnest_15",2023-05-21,"BP","E","High",4,"a","15_4","15_4a",10.75,143.02,"no change","osmia",1,NA,7,0,0,0,11,1,0,0,1,1,1,1,"sealed",141,0.0751643126835408
"154",2765,"trapnest_15",2023-05-22,"BP","E","High",4,"a","15_4","15_4a",10.75,143.02,"no change","osmia",1,NA,6.5,2,0,2,11.5,1.5,0,0,1,1,1,2,"sealed",142,0.0751643126835408
"155",2766,"trapnest_15",2023-05-23,"BP","E","High",4,"a","15_4","15_4a",10.75,143.02,"no change","osmia",1,NA,7,0,0,0,11,3,0,0,1,1,1,2,"sealed",143,0.0751643126835408
"156",2767,"trapnest_15",2023-05-26,"BP","E","High",4,"a","15_4","15_4a",10.75,143.02,"no change","osmia",2,NA,7,0,0,0,11,3,0,0,1,1,1,2,"sealed",146,0.0751643126835408
"157",2768,"trapnest_15",2023-05-28,"BP","E","High",4,"a","15_4","15_4a",10.75,143.02,"no change","osmia",2,NA,7,0,0,0,11,3,0,0,1,1,1,2,"sealed",148,0.0751643126835408
"158",2769,"trapnest_15",2023-05-29,"BP","E","High",4,"a","15_4","15_4a",10.75,143.02,"no change","osmia",1,NA,7,0,0,0,11,3,0,0,1,1,1,2,"sealed",149,0.0751643126835408
"159",2770,"trapnest_15",2023-05-31,"BP","E","High",4,"a","15_4","15_4a",10.75,143.02,"no change","osmia",2,NA,7,0,0,0,11,2,0,0,1,1,1,2,"sealed",151,0.0751643126835408
"160",2771,"trapnest_15",2023-06-02,"BP","E","High",4,"a","15_4","15_4a",10.75,143.02,"no change","osmia",2,NA,7,0,0,0,11,2,0,0,1,1,1,2,"sealed",153,0.0751643126835408
"161",2772,"trapnest_15",2023-06-05,"BP","E","High",4,"a","15_4","15_4a",10.75,143.02,"no change","osmia",1,NA,7,0,0,0,11,2,0,0,1,1,1,2,"sealed",156,0.0751643126835408
"162",2773,"trapnest_15",2023-06-09,"BP","E","High",4,"a","15_4","15_4a",10.75,143.02,"no change","osmia",0,NA,7,0,0,0,11,2,0,0,1,1,1,2,"sealed",160,0.0751643126835408
"163",2774,"trapnest_15",2023-06-10,"BP","E","High",4,"a","15_4","15_4a",10.75,143.02,"no change","osmia",0,NA,7,0,0,0,11,2,0,0,1,1,1,2,"sealed",161,0.0751643126835408
"164",2775,"trapnest_15",2023-06-12,"BP","E","High",4,"a","15_4","15_4a",10.75,143.02,"no change","osmia",1,NA,7,0,0,0,11,2,0,0,1,1,1,2,"sealed",163,0.0751643126835408
"165",2776,"trapnest_15",2023-06-14,"BP","E","High",4,"a","15_4","15_4a",10.75,143.02,"no change","osmia",0,NA,7,0,0,0,11,2,0,0,1,1,1,2,"sealed",165,0.0751643126835408
"166",2777,"trapnest_15",2023-06-16,"BP","E","High",4,"a","15_4","15_4a",10.75,143.02,"no change","osmia",1,NA,7,0,0,0,11,2,0,0,1,1,1,2,"sealed",167,0.0751643126835408
"167",2778,"trapnest_15",2023-06-20,"BP","E","High",4,"a","15_4","15_4a",10.75,143.02,"no change","osmia",3,NA,7,0,0,0,11,2,0,0,1,1,1,2,"sealed",171,0.0751643126835408
"168",2811,"trapnest_15",2023-05-22,"BP","E","High",6,"b","15_6","15_6b",8.77,144.32,"1 cell + end cap","osmia",1,1,6.5,2,0,2,11.5,1.5,0,0,0,1,0,2,"sealed",142,0.0607677383592018
"169",2812,"trapnest_15",2023-05-23,"BP","E","High",6,"b","15_6","15_6b",8.77,144.32,"no change","osmia",1,NA,7,0,0,0,11,3,0,0,0,1,0,2,"sealed",143,0.0607677383592018
"170",2813,"trapnest_15",2023-05-26,"BP","E","High",6,"b","15_6","15_6b",8.77,144.32,"no change","osmia",2,NA,7,0,0,0,11,3,0,0,0,1,0,2,"sealed",146,0.0607677383592018
"171",2814,"trapnest_15",2023-05-28,"BP","E","High",6,"b","15_6","15_6b",8.77,144.32,"no change","osmia",2,NA,7,0,0,0,11,3,0,0,0,1,0,2,"sealed",148,0.0607677383592018
"172",2815,"trapnest_15",2023-05-29,"BP","E","High",6,"b","15_6","15_6b",8.77,144.32,"no change","osmia",1,NA,7,0,0,0,11,3,0,0,0,1,0,2,"sealed",149,0.0607677383592018
"173",2816,"trapnest_15",2023-05-31,"BP","E","High",6,"b","15_6","15_6b",8.77,144.32,"no change","osmia",2,NA,7,0,0,0,11,2,0,0,0,1,0,2,"sealed",151,0.0607677383592018
"174",2817,"trapnest_15",2023-06-02,"BP","E","High",6,"b","15_6","15_6b",8.77,144.32,"no change","osmia",2,NA,7,0,0,0,11,2,0,0,0,1,0,2,"sealed",153,0.0607677383592018
"175",2818,"trapnest_15",2023-06-05,"BP","E","High",6,"b","15_6","15_6b",8.77,144.32,"no change","osmia",1,NA,7,0,0,0,11,2,0,0,0,1,0,2,"sealed",156,0.0607677383592018
"176",2819,"trapnest_15",2023-06-09,"BP","E","High",6,"b","15_6","15_6b",8.77,144.32,"no change","osmia",0,NA,7,0,0,0,11,2,0,0,0,1,0,2,"sealed",160,0.0607677383592018
"177",2820,"trapnest_15",2023-06-10,"BP","E","High",6,"b","15_6","15_6b",8.77,144.32,"no change","osmia",0,NA,7,0,0,0,11,2,0,0,0,1,0,2,"sealed",161,0.0607677383592018
"178",2821,"trapnest_15",2023-06-12,"BP","E","High",6,"b","15_6","15_6b",8.77,144.32,"no change","osmia",1,NA,7,0,0,0,11,2,0,0,0,1,0,2,"sealed",163,0.0607677383592018
"179",2822,"trapnest_15",2023-06-14,"BP","E","High",6,"b","15_6","15_6b",8.77,144.32,"no change","osmia",0,NA,7,0,0,0,11,2,0,0,0,1,0,2,"sealed",165,0.0607677383592018
"180",2823,"trapnest_15",2023-06-16,"BP","E","High",6,"b","15_6","15_6b",8.77,144.32,"no change","osmia",1,NA,7,0,0,0,11,2,0,0,0,1,0,2,"sealed",167,0.0607677383592018
"181",2824,"trapnest_15",2023-06-20,"BP","E","High",6,"b","15_6","15_6b",8.77,144.32,"no change","osmia",3,NA,7,0,0,0,11,2,0,0,0,1,0,2,"sealed",171,0.0607677383592018
"182",2825,"trapnest_15",2023-06-23,"BP","E","High",6,"b","15_6","15_6b",8.77,144.32,"no change","osmia",3,NA,8,0,1,1,10,1,0,0,0,1,0,1,"sealed",174,0.0607677383592018
"183",2826,"trapnest_15",2023-06-29,"BP","E","High",6,"b","15_6","15_6b",8.77,144.32,"no change","osmia",1,NA,6,0,0,0,11,1,1,1,0,1,0,1,"sealed",180,0.0607677383592018
"184",2928,"trapnest_16",2023-05-26,"BP","F","Low",11,"a","16_11","16_11a",44.25,149.85,"inner wall","osmia",2,1,16,1,0,1,2,2,0,0,NA,NA,NA,2,"not sealed",146,0.295295295295295
"185",2929,"trapnest_16",2023-05-28,"BP","F","Low",11,"a","16_11","16_11a",44.25,149.85,"no change","osmia",2,NA,16,0,0,0,2,2,0,0,NA,NA,NA,1,"not sealed",148,0.295295295295295
"186",2930,"trapnest_16",2023-05-29,"BP","F","Low",11,"a","16_11","16_11a",44.25,149.85,"no change","osmia",1,NA,14.5,4,0,4,3.5,3.5,0,0,NA,NA,NA,4,"not sealed",149,0.295295295295295
"187",2931,"trapnest_16",2023-05-31,"BP","F","Low",11,"a","16_11","16_11a",44.25,149.85,"no change","osmia",2,NA,14.5,4,0,4,3.5,3.5,0,0,NA,NA,NA,5,"not sealed",151,0.295295295295295
"188",2932,"trapnest_16",2023-06-02,"BP","F","Low",11,"a","16_11","16_11a",44.25,149.85,"6 cells + end cap","osmia",2,NA,15,1,0,1,3,3,0,0,5,6,0.833333333333333,4,"sealed",153,0.295295295295295
"189",2933,"trapnest_16",2023-06-05,"BP","F","Low",11,"a","16_11","16_11a",44.25,149.85,"no change","osmia",1,NA,16,0,0,0,2,2,0,0,5,6,0.833333333333333,2,"sealed",156,0.295295295295295
"190",2999,"trapnest_16",2023-05-29,"BP","F","Low",14,"a","16_14","16_14a",11.4,142.13,"2 cells","osmia",1,1,14.5,4,0,4,3.5,3.5,0,0,0,2,0,4,"not sealed",149,0.080208260043622
"191",3000,"trapnest_16",2023-05-31,"BP","F","Low",14,"a","16_14","16_14a",11.4,142.13,"5 cells + end cap","osmia",2,NA,14.5,4,0,4,3.5,3.5,0,0,0,7,0,5,"sealed",151,0.080208260043622
"192",3114,"trapnest_16",2023-05-29,"BP","F","Low",1,"a","16_1","16_1a",7.13,140.01,"inner wall","osmia",1,1,14.5,4,0,4,3.5,3.5,0,0,NA,NA,NA,4,"not sealed",149,0.0509249339332905
"193",3115,"trapnest_16",2023-05-31,"BP","F","Low",1,"a","16_1","16_1a",7.13,140.01,"1 cell","osmia",2,NA,14.5,4,0,4,3.5,3.5,0,0,0,1,0,5,"not sealed",151,0.0509249339332905
"194",3116,"trapnest_16",2023-06-02,"BP","F","Low",1,"a","16_1","16_1a",7.13,140.01,"no change","osmia",2,NA,15,1,0,1,3,3,0,0,0,1,0,4,"not sealed",153,0.0509249339332905
"195",3117,"trapnest_16",2023-06-05,"BP","F","Low",1,"a","16_1","16_1a",7.13,140.01,"no change","osmia",1,NA,16,0,0,0,2,2,0,0,0,1,0,2,"not sealed",156,0.0509249339332905
"196",3160,"trapnest_16",2023-05-29,"BP","F","Low",3,"b","16_3","16_3b",65.59,143.64,"3 cells + end cap","osmia",1,1,14.5,4,0,4,3.5,3.5,0,0,0,3,0,4,"sealed",149,0.456627680311891
"197",3161,"trapnest_16",2023-05-31,"BP","F","Low",3,"b","16_3","16_3b",65.59,143.64,"no change","osmia",2,NA,14.5,4,0,4,3.5,3.5,0,0,0,3,0,5,"sealed",151,0.456627680311891
"198",3196,"trapnest_16",2023-05-12,"BP","F","Low",5,"a","16_5","16_5a",86.8,140.489,"1 cell","osmia",1,1,17,1,0,1,1,1,0,0,0,1,0,1,"not sealed",132,0.61784196627494
"199",3197,"trapnest_16",2023-05-15,"BP","F","Low",5,"a","16_5","16_5a",86.8,140.489,"5 cells","osmia",3,NA,17.5,2,0,2,0.5,0.5,0,0,0,6,0,2,"not sealed",135,0.61784196627494
"200",3198,"trapnest_16",2023-05-16,"BP","F","Low",5,"a","16_5","16_5a",86.8,140.489,"no change","osmia",1,NA,16,0,0,0,2,2,0,0,0,6,0,2,"not sealed",136,0.61784196627494
"201",3199,"trapnest_16",2023-05-17,"BP","F","Low",5,"a","16_5","16_5a",86.8,140.489,"1 cell","osmia",1,NA,16,0,0,0,2,2,0,0,0,7,0,2,"not sealed",137,0.61784196627494
"202",3200,"trapnest_16",2023-05-19,"BP","F","Low",5,"a","16_5","16_5a",86.8,140.489,"1 cell","osmia",2,NA,16,0,0,0,2,2,0,0,0,8,0,2,"not sealed",139,0.61784196627494
"203",3201,"trapnest_16",2023-05-21,"BP","F","Low",5,"a","16_5","16_5a",86.8,140.489,"no change","osmia",1,NA,16,0,0,0,2,2,0,0,0,8,0,2,"not sealed",141,0.61784196627494
"204",3202,"trapnest_16",2023-05-22,"BP","F","Low",5,"a","16_5","16_5a",86.8,140.489,"2 cells + end cap","osmia",1,NA,16,0,0,0,2,2,0,0,0,9,0,2,"sealed",142,0.61784196627494
"205",3203,"trapnest_16",2023-05-23,"BP","F","Low",5,"b","16_5","16_5b",77,133,"2 cells","osmia",1,1,17,1,0,1,1,1,0,0,0,2,0,2,"not sealed",143,0.578947368421053
"206",3204,"trapnest_16",2023-05-26,"BP","F","Low",5,"b","16_5","16_5b",77,133,"4 cells","osmia",2,NA,16,1,0,1,2,2,0,0,0,6,0,2,"not sealed",146,0.578947368421053
"207",3205,"trapnest_16",2023-05-28,"BP","F","Low",5,"b","16_5","16_5b",77,133,"no change","osmia",2,NA,16,0,0,0,2,2,0,0,0,6,0,1,"not sealed",148,0.578947368421053
"208",3206,"trapnest_16",2023-05-29,"BP","F","Low",5,"b","16_5","16_5b",77,133,"2 cells + end cap","osmia",1,NA,14.5,4,0,4,3.5,3.5,0,0,0,8,0,4,"sealed",149,0.578947368421053
"209",3208,"trapnest_16",2023-06-02,"BP","F","Low",5,"c","16_5","16_5c",19.57,142.88,"3 cells + end cap","osmia",2,1,15,1,0,1,3,3,0,0,1,3,0.333333333333333,4,"sealed",153,0.136968085106383
"210",3229,"trapnest_16",2023-05-29,"BP","F","Low",6,"a","16_6","16_6a",41.41,142.06,"5 cells + end cap","osmia",1,1,14.5,4,0,4,3.5,3.5,0,0,0,3,0,4,"sealed",149,0.291496550753203
"211",3230,"trapnest_16",2023-05-31,"BP","F","Low",6,"b","16_6","16_6b",58.2,150.21,"1 cell + end cap","osmia",2,1,14.5,4,0,4,3.5,3.5,0,0,0,1,0,5,"sealed",151,0.387457559416816
"212",3265,"trapnest_16",2023-05-15,"BP","F","Low",8,"a","16_8","16_8a",26.95,123.63,"1 cell","osmia",3,1,17.5,2,0,2,0.5,0.5,0,0,1,1,1,2,"not sealed",135,0.217989161206827
"213",3266,"trapnest_16",2023-05-16,"BP","F","Low",8,"a","16_8","16_8a",26.95,123.63,"no change","osmia",1,NA,16,0,0,0,2,2,0,0,1,1,1,2,"not sealed",136,0.217989161206827
"214",3267,"trapnest_16",2023-05-17,"BP","F","Low",8,"a","16_8","16_8a",26.95,123.63,"1 cell","osmia",1,NA,16,0,0,0,2,2,0,0,2,2,1,2,"not sealed",137,0.217989161206827
"215",3268,"trapnest_16",2023-05-19,"BP","F","Low",8,"a","16_8","16_8a",26.95,123.63,"no change","osmia",2,NA,16,0,0,0,2,2,0,0,2,2,1,2,"not sealed",139,0.217989161206827
"216",3269,"trapnest_16",2023-05-21,"BP","F","Low",8,"a","16_8","16_8a",26.95,123.63,"no change","osmia",1,NA,16,0,0,0,2,2,0,0,2,2,1,2,"not sealed",141,0.217989161206827
"217",3270,"trapnest_16",2023-05-22,"BP","F","Low",8,"a","16_8","16_8a",26.95,123.63,"no change","osmia",1,NA,16,0,0,0,2,2,0,0,2,2,1,2,"not sealed",142,0.217989161206827
"218",3271,"trapnest_16",2023-05-23,"BP","F","Low",8,"a","16_8","16_8a",26.95,123.63,"no change","osmia",1,NA,17,1,0,1,1,1,0,0,2,2,1,2,"not sealed",143,0.217989161206827
"219",3272,"trapnest_16",2023-05-26,"BP","F","Low",8,"a","16_8","16_8a",26.95,123.63,"no change","osmia",2,NA,16,1,0,1,2,2,0,0,2,2,1,2,"not sealed",146,0.217989161206827
"220",3275,"trapnest_16",2023-05-31,"BP","F","Low",8,"b","16_8","16_8b",33.96,149.35,"2 cells","osmia",2,1,14.5,4,0,4,3.5,3.5,0,0,0,2,0,5,"not sealed",151,0.227385336457985
"221",3276,"trapnest_16",2023-06-02,"BP","F","Low",8,"b","16_8","16_8b",33.96,149.35,"1 cell + end cap","osmia",2,NA,15,1,0,1,3,3,0,0,0,3,0,4,"sealed",153,0.227385336457985
"222",3330,"trapnest_17",2023-06-23,"BP","F","Mid",10,"b","17_10","17_10b",9.1,132.75,"1 cell","megachile",3,1,9,1,2,3,6,5,2.5,2.5,NA,NA,NA,6,"not sealed",174,0.0685499058380414
"223",3331,"trapnest_17",2023-06-29,"BP","F","Mid",10,"b","17_10","17_10b",9.1,132.75,"no change","megachile",1,NA,9,0,0,0,5,4,4,4,NA,NA,NA,4,"not sealed",180,0.0685499058380414
"224",3352,"trapnest_17",2023-06-20,"BP","F","Mid",11,"b","17_11","17_11b",101.72,146.29,"4 cells","megachile",3,1,11,0,1,1,6,5,1,1,NA,NA,NA,5,"not sealed",171,0.695331191469
"225",3353,"trapnest_17",2023-06-23,"BP","F","Mid",11,"b","17_11","17_11b",101.72,146.29,"4 cells","megachile",3,NA,9,1,2,3,6,5,2.5,2.5,NA,NA,NA,6,"not sealed",174,0.695331191469
"226",3354,"trapnest_17",2023-06-29,"BP","F","Mid",11,"b","17_11","17_11b",101.72,146.29,"no change","megachile",1,NA,9,0,0,0,5,4,4,4,NA,NA,NA,4,"not sealed",180,0.695331191469
"227",3399,"trapnest_17",2023-06-23,"BP","F","Mid",13,"b","17_13","17_13b",40.29,134.99,"5 cells + end cap","osmia",3,1,9,1,2,3,6,5,2.5,2.5,1,5,0.2,6,"sealed",174,0.298466553078006
"228",3400,"trapnest_17",2023-06-29,"BP","F","Mid",13,"b","17_13","17_13b",40.29,134.99,"no change","osmia",1,NA,9,0,0,0,5,4,4,4,1,5,0.2,4,"sealed",180,0.298466553078006
"229",3433,"trapnest_17",2023-05-26,"BP","F","Mid",15,"a","17_15","17_15a",74.49,146.51,"8 cells","osmia",2,1,12,1,0,1,6,0,0,0,0,8,0,1,"not sealed",146,0.508429458740018
"230",3434,"trapnest_17",2023-05-28,"BP","F","Mid",15,"a","17_15","17_15a",74.49,146.51,"no change","osmia",2,NA,11,0,0,0,7,1,0,0,0,8,0,1,"not sealed",148,0.508429458740018
"231",3435,"trapnest_17",2023-05-29,"BP","F","Mid",15,"a","17_15","17_15a",74.49,146.51,"no change","osmia",1,NA,10.5,2,0,2,7.5,1.5,0,0,0,8,0,2,"not sealed",149,0.508429458740018
"232",3436,"trapnest_17",2023-05-31,"BP","F","Mid",15,"a","17_15","17_15a",74.49,146.51,"5 cells + end cap","osmia",2,NA,12,0,0,0,6,3,0,0,0,9,0,2,"sealed",151,0.508429458740018
"233",3437,"trapnest_17",2023-06-02,"BP","F","Mid",15,"a","17_15","17_15a",74.49,146.51,"no change","osmia",2,NA,11,3,0,3,7,4,0,0,0,9,0,3,"sealed",153,0.508429458740018
"234",3438,"trapnest_17",2023-06-05,"BP","F","Mid",15,"a","17_15","17_15a",74.49,146.51,"no change","osmia",1,NA,11.5,2,0,2,6.5,5.5,0,0,0,9,0,5,"sealed",156,0.508429458740018
"235",3439,"trapnest_17",2023-06-09,"BP","F","Mid",15,"a","17_15","17_15a",74.49,146.51,"no change","osmia",0,NA,11,0,0,0,7,6,0,0,0,9,0,4,"sealed",160,0.508429458740018
"236",3440,"trapnest_17",2023-06-10,"BP","F","Mid",15,"a","17_15","17_15a",74.49,146.51,"no change","osmia",0,NA,11,0,0,0,7,6,0,0,0,9,0,4,"sealed",161,0.508429458740018
"237",3441,"trapnest_17",2023-06-12,"BP","F","Mid",15,"a","17_15","17_15a",74.49,146.51,"no change","osmia",1,NA,11,0,0,0,7,6,0,0,0,9,0,4,"sealed",163,0.508429458740018
"238",3442,"trapnest_17",2023-06-14,"BP","F","Mid",15,"a","17_15","17_15a",74.49,146.51,"no change","osmia",0,NA,11,0,1,1,7,6,0,0,0,9,0,5,"sealed",165,0.508429458740018
"239",3443,"trapnest_17",2023-06-16,"BP","F","Mid",15,"a","17_15","17_15a",74.49,146.51,"no change","osmia",1,NA,10,0,0,0,7,6,1,1,0,9,0,5,"sealed",167,0.508429458740018
"240",3444,"trapnest_17",2023-06-20,"BP","F","Mid",15,"a","17_15","17_15a",74.49,146.51,"no change","osmia",3,NA,11,0,1,1,6,5,1,1,0,9,0,5,"sealed",171,0.508429458740018
"241",3445,"trapnest_17",2023-06-23,"BP","F","Mid",15,"a","17_15","17_15a",74.49,146.51,"no change","osmia",3,NA,9,1,2,3,6,5,2.5,2.5,0,9,0,6,"sealed",174,0.508429458740018
"242",3446,"trapnest_17",2023-06-29,"BP","F","Mid",15,"a","17_15","17_15a",74.49,146.51,"no change","osmia",1,NA,9,0,0,0,5,4,4,4,0,9,0,4,"sealed",180,0.508429458740018
"243",3461,"trapnest_17",2023-06-05,"BP","F","Mid",16,"a","17_16","17_16a",22.77,144.92,"3 cells","osmia",1,1,11.5,2,0,2,6.5,5.5,0,0,0,3,0,5,"not sealed",156,0.157121170300856
"244",3462,"trapnest_17",2023-06-09,"BP","F","Mid",16,"a","17_16","17_16a",22.77,144.92,"no change","osmia",0,NA,11,0,0,0,7,6,0,0,0,3,0,4,"not sealed",160,0.157121170300856
"245",3463,"trapnest_17",2023-06-10,"BP","F","Mid",16,"a","17_16","17_16a",22.77,144.92,"no change","osmia",0,NA,11,0,0,0,7,6,0,0,0,3,0,4,"not sealed",161,0.157121170300856
"246",3464,"trapnest_17",2023-06-12,"BP","F","Mid",16,"a","17_16","17_16a",22.77,144.92,"no change","osmia",1,NA,11,0,0,0,7,6,0,0,0,3,0,4,"not sealed",163,0.157121170300856
"247",3465,"trapnest_17",2023-06-14,"BP","F","Mid",16,"a","17_16","17_16a",22.77,144.92,"end cap","osmia",0,NA,11,0,1,1,7,6,0,0,0,3,0,5,"sealed",165,0.157121170300856
"248",3466,"trapnest_17",2023-06-16,"BP","F","Mid",16,"a","17_16","17_16a",22.77,144.92,"no change","osmia",1,NA,10,0,0,0,7,6,1,1,0,3,0,5,"sealed",167,0.157121170300856
"249",3467,"trapnest_17",2023-06-20,"BP","F","Mid",16,"a","17_16","17_16a",22.77,144.92,"no change","osmia",3,NA,11,0,1,1,6,5,1,1,0,3,0,5,"sealed",171,0.157121170300856
"250",3468,"trapnest_17",2023-06-23,"BP","F","Mid",16,"a","17_16","17_16a",22.77,144.92,"no change","osmia",3,NA,9,1,2,3,6,5,2.5,2.5,0,3,0,6,"sealed",174,0.157121170300856
"251",3469,"trapnest_17",2023-06-29,"BP","F","Mid",16,"a","17_16","17_16a",22.77,144.92,"no change","osmia",1,NA,9,0,0,0,5,4,4,4,0,3,0,4,"sealed",180,0.157121170300856
"252",3481,"trapnest_17",2023-05-29,"BP","F","Mid",17,"a","17_17","17_17a",55.95,153.18,"4 cells","osmia",1,1,10.5,2,0,2,7.5,1.5,0,0,1,4,0.25,2,"not sealed",149,0.365256560908735
"253",3482,"trapnest_17",2023-05-31,"BP","F","Mid",17,"a","17_17","17_17a",55.95,153.18,"no change","osmia",2,NA,12,0,0,0,6,3,0,0,1,4,0.25,2,"not sealed",151,0.365256560908735
"254",3483,"trapnest_17",2023-06-02,"BP","F","Mid",17,"a","17_17","17_17a",55.95,153.18,"1 cell + end cap","osmia",2,NA,11,3,0,3,7,4,0,0,2,5,0.4,3,"sealed",153,0.365256560908735
"255",3484,"trapnest_17",2023-06-05,"BP","F","Mid",17,"b","17_17","17_17b",24.4,139.02,"3 cells + end cap","osmia",1,1,11.5,2,0,2,6.5,5.5,0,0,2,3,0.666666666666667,5,"sealed",156,0.175514314487124
"256",3504,"trapnest_17",2023-05-29,"BP","F","Mid",18,"a","17_18","17_18a",21.07,139.95,"inner wall","osmia",1,1,10.5,2,0,2,7.5,1.5,0,0,NA,NA,NA,2,"not sealed",149,0.150553769203287
"257",3505,"trapnest_17",2023-05-31,"BP","F","Mid",18,"a","17_18","17_18a",21.07,139.95,"no change","osmia",2,NA,12,0,0,0,6,3,0,0,NA,NA,NA,2,"not sealed",151,0.150553769203287
"258",3506,"trapnest_17",2023-06-02,"BP","F","Mid",18,"a","17_18","17_18a",21.07,139.95,"4 cells + end cap","osmia",2,NA,11,3,0,3,7,4,0,0,0,4,0,3,"sealed",153,0.150553769203287
"259",3507,"trapnest_17",2023-06-05,"BP","F","Mid",18,"a","17_18","17_18a",21.07,139.95,"no change","osmia",1,NA,11.5,2,0,2,6.5,5.5,0,0,0,4,0,5,"sealed",156,0.150553769203287
"260",3508,"trapnest_17",2023-06-09,"BP","F","Mid",18,"a","17_18","17_18a",21.07,139.95,"no change","osmia",0,NA,11,0,0,0,7,6,0,0,0,4,0,4,"sealed",160,0.150553769203287
"261",3509,"trapnest_17",2023-06-10,"BP","F","Mid",18,"a","17_18","17_18a",21.07,139.95,"no change","osmia",0,NA,11,0,0,0,7,6,0,0,0,4,0,4,"sealed",161,0.150553769203287
"262",3510,"trapnest_17",2023-06-12,"BP","F","Mid",18,"a","17_18","17_18a",21.07,139.95,"no change","osmia",1,NA,11,0,0,0,7,6,0,0,0,4,0,4,"sealed",163,0.150553769203287
"263",3511,"trapnest_17",2023-06-14,"BP","F","Mid",18,"a","17_18","17_18a",21.07,139.95,"no change","osmia",0,NA,11,0,1,1,7,6,0,0,0,4,0,5,"sealed",165,0.150553769203287
"264",3512,"trapnest_17",2023-06-16,"BP","F","Mid",18,"a","17_18","17_18a",21.07,139.95,"no change","osmia",1,NA,10,0,0,0,7,6,1,1,0,4,0,5,"sealed",167,0.150553769203287
"265",3513,"trapnest_17",2023-06-20,"BP","F","Mid",18,"a","17_18","17_18a",21.07,139.95,"no change","osmia",3,NA,11,0,1,1,6,5,1,1,0,4,0,5,"sealed",171,0.150553769203287
"266",3514,"trapnest_17",2023-06-23,"BP","F","Mid",18,"a","17_18","17_18a",21.07,139.95,"no change","osmia",3,NA,9,1,2,3,6,5,2.5,2.5,0,4,0,6,"sealed",174,0.150553769203287
"267",3534,"trapnest_17",2023-06-14,"BP","F","Mid",1,"b","17_1","17_1b",101.33,143.69,"2 cells","megachile",0,1,11,0,1,1,7,6,0,0,NA,NA,NA,5,"not sealed",165,0.70519869162781
"268",3535,"trapnest_17",2023-06-16,"BP","F","Mid",1,"b","17_1","17_1b",101.33,143.69,"2 cells","megachile",1,NA,10,0,0,0,7,6,1,1,NA,NA,NA,5,"not sealed",167,0.70519869162781
"269",3536,"trapnest_17",2023-06-20,"BP","F","Mid",1,"b","17_1","17_1b",101.33,143.69,"1 cell","megachile",3,NA,11,0,1,1,6,5,1,1,NA,NA,NA,5,"not sealed",171,0.70519869162781
"270",3537,"trapnest_17",2023-06-23,"BP","F","Mid",1,"b","17_1","17_1b",101.33,143.69,"1 cell","megachile",3,NA,9,1,2,3,6,5,2.5,2.5,NA,NA,NA,6,"not sealed",174,0.70519869162781
"271",3538,"trapnest_17",2023-06-29,"BP","F","Mid",1,"b","17_1","17_1b",101.33,143.69,"no change","megachile",1,NA,9,0,0,0,5,4,4,4,NA,NA,NA,4,"not sealed",180,0.70519869162781
"272",3583,"trapnest_17",2023-06-23,"BP","F","Mid",3,"a","17_3","17_3a",25.45,139.37,"1 cell","megachile",3,1,9,1,2,3,6,5,2.5,2.5,NA,NA,NA,6,"not sealed",174,0.182607447800818
"273",3584,"trapnest_17",2023-06-29,"BP","F","Mid",3,"a","17_3","17_3a",25.45,139.37,"1 cell","megachile",1,NA,9,0,0,0,5,4,4,4,NA,NA,NA,4,"not sealed",180,0.182607447800818
"274",3667,"trapnest_17",2023-06-02,"BP","F","Mid",7,"a","17_7","17_7a",2.9,145.32,"inner wall","osmia",2,1,11,3,0,3,7,4,0,0,NA,NA,NA,3,"not sealed",153,0.0199559592623176
"275",3668,"trapnest_17",2023-06-05,"BP","F","Mid",7,"a","17_7","17_7a",2.9,145.32,"no change","osmia",1,NA,11.5,2,0,2,6.5,5.5,0,0,NA,NA,NA,5,"not sealed",156,0.0199559592623176
"276",3669,"trapnest_17",2023-06-09,"BP","F","Mid",7,"a","17_7","17_7a",2.9,145.32,"no change","osmia",0,NA,11,0,0,0,7,6,0,0,NA,NA,NA,4,"not sealed",160,0.0199559592623176
"277",3670,"trapnest_17",2023-06-10,"BP","F","Mid",7,"a","17_7","17_7a",2.9,145.32,"no change","osmia",0,NA,11,0,0,0,7,6,0,0,NA,NA,NA,4,"not sealed",161,0.0199559592623176
"278",3671,"trapnest_17",2023-06-12,"BP","F","Mid",7,"a","17_7","17_7a",2.9,145.32,"no change","osmia",1,NA,11,0,0,0,7,6,0,0,NA,NA,NA,4,"not sealed",163,0.0199559592623176
"279",3672,"trapnest_17",2023-06-14,"BP","F","Mid",7,"a","17_7","17_7a",2.9,145.32,"end cap","osmia",0,NA,11,0,1,1,7,6,0,0,0,1,0,5,"sealed",165,0.0199559592623176
"280",3673,"trapnest_17",2023-06-16,"BP","F","Mid",7,"a","17_7","17_7a",2.9,145.32,"no change","osmia",1,NA,10,0,0,0,7,6,1,1,0,1,0,5,"sealed",167,0.0199559592623176
"281",3674,"trapnest_17",2023-06-20,"BP","F","Mid",7,"a","17_7","17_7a",2.9,145.32,"no change","osmia",3,NA,11,0,1,1,6,5,1,1,0,1,0,5,"sealed",171,0.0199559592623176
"282",3675,"trapnest_17",2023-06-23,"BP","F","Mid",7,"a","17_7","17_7a",2.9,145.32,"no change","osmia",3,NA,9,1,2,3,6,5,2.5,2.5,0,1,0,6,"sealed",174,0.0199559592623176
"283",3713,"trapnest_17",2023-06-02,"BP","F","Mid",9,"a","17_9","17_9a",78.68,149.03,"inner wall","osmia",2,1,11,3,0,3,7,4,0,0,NA,NA,NA,3,"not sealed",153,0.52794739314232
"284",3714,"trapnest_17",2023-06-05,"BP","F","Mid",9,"a","17_9","17_9a",78.68,149.03,"10 cells","osmia",1,NA,11.5,2,0,2,6.5,5.5,0,0,6,9,0.666666666666667,5,"not sealed",156,0.52794739314232
"285",3715,"trapnest_17",2023-06-09,"BP","F","Mid",9,"a","17_9","17_9a",78.68,149.03,"1 cell","osmia",0,NA,11,0,0,0,7,6,0,0,6,9,0.666666666666667,4,"not sealed",160,0.52794739314232
"286",3716,"trapnest_17",2023-06-10,"BP","F","Mid",9,"a","17_9","17_9a",78.68,149.03,"no change","osmia",0,NA,11,0,0,0,7,6,0,0,6,9,0.666666666666667,4,"not sealed",161,0.52794739314232
"287",3717,"trapnest_17",2023-06-12,"BP","F","Mid",9,"a","17_9","17_9a",78.68,149.03,"no change","osmia",1,NA,11,0,0,0,7,6,0,0,6,9,0.666666666666667,4,"not sealed",163,0.52794739314232
"288",3718,"trapnest_17",2023-06-14,"BP","F","Mid",9,"a","17_9","17_9a",78.68,149.03,"1 cell + end cap","osmia",0,NA,11,0,1,1,7,6,0,0,7,9,0.777777777777778,5,"sealed",165,0.52794739314232
"289",3719,"trapnest_17",2023-06-16,"BP","F","Mid",9,"a","17_9","17_9a",78.68,149.03,"no change","osmia",1,NA,10,0,0,0,7,6,1,1,7,9,0.777777777777778,5,"sealed",167,0.52794739314232
"290",3720,"trapnest_17",2023-06-20,"BP","F","Mid",9,"a","17_9","17_9a",78.68,149.03,"no change","osmia",3,NA,11,0,1,1,6,5,1,1,7,9,0.777777777777778,5,"sealed",171,0.52794739314232
"291",3721,"trapnest_17",2023-06-23,"BP","F","Mid",9,"a","17_9","17_9a",78.68,149.03,"no change","osmia",3,NA,9,1,2,3,6,5,2.5,2.5,7,9,0.777777777777778,6,"sealed",174,0.52794739314232
"292",3722,"trapnest_17",2023-06-29,"BP","F","Mid",9,"a","17_9","17_9a",78.68,149.03,"no change","osmia",1,NA,9,0,0,0,5,4,4,4,7,9,0.777777777777778,4,"sealed",180,0.52794739314232
"293",3737,"trapnest_18",2023-06-05,"BP","F","High",10,"b","18_10","18_10b",17.79,144.44,"2 cell + end cap","osmia",1,1,5,1,0,1,13,5,0,0,0,2,0,6,"sealed",156,0.123165328163944
"294",3738,"trapnest_18",2023-06-09,"BP","F","High",10,"b","18_10","18_10b",17.79,144.44,"no change","osmia",0,NA,5,0,0,0,13,6,0,0,0,2,0,6,"sealed",160,0.123165328163944
"295",3739,"trapnest_18",2023-06-10,"BP","F","High",10,"b","18_10","18_10b",17.79,144.44,"no change","osmia",0,NA,5,0,0,0,13,6,0,0,0,2,0,6,"sealed",161,0.123165328163944
"296",3740,"trapnest_18",2023-06-12,"BP","F","High",10,"b","18_10","18_10b",17.79,144.44,"no change","osmia",1,NA,5,0,0,0,13,6,0,0,0,2,0,6,"sealed",163,0.123165328163944
"297",3741,"trapnest_18",2023-06-14,"BP","F","High",10,"b","18_10","18_10b",17.79,144.44,"no change","osmia",0,NA,5,0,0,0,13,6,0,0,0,2,0,6,"sealed",165,0.123165328163944
"298",3742,"trapnest_18",2023-06-16,"BP","F","High",10,"b","18_10","18_10b",17.79,144.44,"no change","osmia",1,NA,5,0,0,0,13,6,0,0,0,2,0,6,"sealed",167,0.123165328163944
"299",3743,"trapnest_18",2023-06-20,"BP","F","High",10,"b","18_10","18_10b",17.79,144.44,"no change","osmia",3,NA,5,0,0,0,13,6,0,0,0,2,0,6,"sealed",171,0.123165328163944
"300",3744,"trapnest_18",2023-06-23,"BP","F","High",10,"b","18_10","18_10b",17.79,144.44,"no change","osmia",3,NA,4,0,0,0,13,6,0,0,0,2,0,6,"sealed",174,0.123165328163944
"301",3745,"trapnest_18",2023-06-29,"BP","F","High",10,"b","18_10","18_10b",17.79,144.44,"no change","osmia",1,NA,2,0,0,0,11,6,0,0,0,2,0,6,"sealed",180,0.123165328163944
"302",3781,"trapnest_18",2023-05-31,"BP","F","High",12,"b","18_12","18_12b",95.42,145.84,"7 cells","osmia",2,1,4.5,2,0,2,13.5,3.5,0,0,0,7,0,5,"not sealed",151,0.654278661546901
"303",3782,"trapnest_18",2023-06-02,"BP","F","High",12,"b","18_12","18_12b",95.42,145.84,"5 cells + end cap","osmia",2,NA,3,0,0,0,15,5,0,0,0,9,0,5,"sealed",153,0.654278661546901
"304",3783,"trapnest_18",2023-06-05,"BP","F","High",12,"b","18_12","18_12b",95.42,145.84,"no change","osmia",1,NA,5,1,0,1,13,5,0,0,0,9,0,6,"sealed",156,0.654278661546901
"305",3784,"trapnest_18",2023-06-09,"BP","F","High",12,"b","18_12","18_12b",95.42,145.84,"no change","osmia",0,NA,5,0,0,0,13,6,0,0,0,9,0,6,"sealed",160,0.654278661546901
"306",3785,"trapnest_18",2023-06-10,"BP","F","High",12,"b","18_12","18_12b",95.42,145.84,"no change","osmia",0,NA,5,0,0,0,13,6,0,0,0,9,0,6,"sealed",161,0.654278661546901
"307",3786,"trapnest_18",2023-06-12,"BP","F","High",12,"b","18_12","18_12b",95.42,145.84,"no change","osmia",1,NA,5,0,0,0,13,6,0,0,0,9,0,6,"sealed",163,0.654278661546901
"308",3787,"trapnest_18",2023-06-14,"BP","F","High",12,"b","18_12","18_12b",95.42,145.84,"no change","osmia",0,NA,5,0,0,0,13,6,0,0,0,9,0,6,"sealed",165,0.654278661546901
"309",3788,"trapnest_18",2023-06-16,"BP","F","High",12,"b","18_12","18_12b",95.42,145.84,"no change","osmia",1,NA,5,0,0,0,13,6,0,0,0,9,0,6,"sealed",167,0.654278661546901
"310",3789,"trapnest_18",2023-06-20,"BP","F","High",12,"b","18_12","18_12b",95.42,145.84,"no change","osmia",3,NA,5,0,0,0,13,6,0,0,0,9,0,6,"sealed",171,0.654278661546901
"311",3790,"trapnest_18",2023-06-23,"BP","F","High",12,"b","18_12","18_12b",95.42,145.84,"no change","osmia",3,NA,4,0,0,0,13,6,0,0,0,9,0,6,"sealed",174,0.654278661546901
"312",3791,"trapnest_18",2023-06-29,"BP","F","High",12,"b","18_12","18_12b",95.42,145.84,"no change","osmia",1,NA,2,0,0,0,11,6,0,0,0,9,0,6,"sealed",180,0.654278661546901
"313",3938,"trapnest_18",2023-05-29,"BP","F","High",1,"a","18_1","18_1a",27.2,142.7,"3 cells + end cap","osmia",1,1,5.5,4,0,4,12.5,1.5,0,0,0,3,0,4,"sealed",149,0.190609670637701
"314",3939,"trapnest_18",2023-05-31,"BP","F","High",1,"a","18_1","18_1a",27.2,142.7,"no change","osmia",2,NA,4.5,2,0,2,13.5,3.5,0,0,0,3,0,5,"sealed",151,0.190609670637701
"315",3940,"trapnest_18",2023-06-02,"BP","F","High",1,"a","18_1","18_1a",27.2,142.7,"no change","osmia",2,NA,3,0,0,0,15,5,0,0,0,3,0,5,"sealed",153,0.190609670637701
"316",3941,"trapnest_18",2023-06-05,"BP","F","High",1,"a","18_1","18_1a",27.2,142.7,"no change","osmia",1,NA,5,1,0,1,13,5,0,0,0,3,0,6,"sealed",156,0.190609670637701
"317",3942,"trapnest_18",2023-06-09,"BP","F","High",1,"a","18_1","18_1a",27.2,142.7,"no change","osmia",0,NA,5,0,0,0,13,6,0,0,0,3,0,6,"sealed",160,0.190609670637701
"318",3943,"trapnest_18",2023-06-10,"BP","F","High",1,"a","18_1","18_1a",27.2,142.7,"no change","osmia",0,NA,5,0,0,0,13,6,0,0,0,3,0,6,"sealed",161,0.190609670637701
"319",3944,"trapnest_18",2023-06-12,"BP","F","High",1,"a","18_1","18_1a",27.2,142.7,"no change","osmia",1,NA,5,0,0,0,13,6,0,0,0,3,0,6,"sealed",163,0.190609670637701
"320",3945,"trapnest_18",2023-06-14,"BP","F","High",1,"a","18_1","18_1a",27.2,142.7,"no change","osmia",0,NA,5,0,0,0,13,6,0,0,0,3,0,6,"sealed",165,0.190609670637701
"321",3946,"trapnest_18",2023-06-16,"BP","F","High",1,"a","18_1","18_1a",27.2,142.7,"no change","osmia",1,NA,5,0,0,0,13,6,0,0,0,3,0,6,"sealed",167,0.190609670637701
"322",3947,"trapnest_18",2023-06-20,"BP","F","High",1,"a","18_1","18_1a",27.2,142.7,"no change","osmia",3,NA,5,0,0,0,13,6,0,0,0,3,0,6,"sealed",171,0.190609670637701
"323",3948,"trapnest_18",2023-06-23,"BP","F","High",1,"a","18_1","18_1a",27.2,142.7,"no change","osmia",3,NA,4,0,0,0,13,6,0,0,0,3,0,6,"sealed",174,0.190609670637701
"324",3949,"trapnest_18",2023-06-29,"BP","F","High",1,"a","18_1","18_1a",27.2,142.7,"no change","osmia",1,NA,2,0,0,0,11,6,0,0,0,3,0,6,"sealed",180,0.190609670637701
"325",4028,"trapnest_18",2023-05-29,"BP","F","High",5,"a","18_5","18_5a",27.76,146.22,"5 cells","osmia",1,1,5.5,4,0,4,12.5,1.5,0,0,0,5,0,4,"not sealed",149,0.189850909588292
"326",4029,"trapnest_18",2023-05-31,"BP","F","High",5,"a","18_5","18_5a",27.76,146.22,"no change","osmia",2,NA,4.5,2,0,2,13.5,3.5,0,0,0,5,0,5,"not sealed",151,0.189850909588292
"327",4030,"trapnest_18",2023-06-02,"BP","F","High",5,"a","18_5","18_5a",27.76,146.22,"no change","osmia",2,NA,3,0,0,0,15,5,0,0,0,5,0,5,"not sealed",153,0.189850909588292
"328",4031,"trapnest_18",2023-06-05,"BP","F","High",5,"a","18_5","18_5a",27.76,146.22,"no change","osmia",1,NA,5,1,0,1,13,5,0,0,0,5,0,6,"not sealed",156,0.189850909588292
"329",4032,"trapnest_18",2023-06-09,"BP","F","High",5,"a","18_5","18_5a",27.76,146.22,"no change","osmia",0,NA,5,0,0,0,13,6,0,0,0,5,0,6,"not sealed",160,0.189850909588292
"330",4033,"trapnest_18",2023-06-10,"BP","F","High",5,"a","18_5","18_5a",27.76,146.22,"no change","osmia",0,NA,5,0,0,0,13,6,0,0,0,5,0,6,"not sealed",161,0.189850909588292
"331",4034,"trapnest_18",2023-06-12,"BP","F","High",5,"a","18_5","18_5a",27.76,146.22,"no change","osmia",1,NA,5,0,0,0,13,6,0,0,0,5,0,6,"not sealed",163,0.189850909588292
"332",4035,"trapnest_18",2023-06-14,"BP","F","High",5,"a","18_5","18_5a",27.76,146.22,"no change","osmia",0,NA,5,0,0,0,13,6,0,0,0,5,0,6,"not sealed",165,0.189850909588292
"333",4036,"trapnest_18",2023-06-16,"BP","F","High",5,"a","18_5","18_5a",27.76,146.22,"no change","osmia",1,NA,5,0,0,0,13,6,0,0,0,5,0,6,"not sealed",167,0.189850909588292
"334",4037,"trapnest_18",2023-06-20,"BP","F","High",5,"a","18_5","18_5a",27.76,146.22,"no change","osmia",3,NA,5,0,0,0,13,6,0,0,0,5,0,6,"not sealed",171,0.189850909588292
"335",4038,"trapnest_18",2023-06-23,"BP","F","High",5,"a","18_5","18_5a",27.76,146.22,"no change","osmia",3,NA,4,0,0,0,13,6,0,0,0,5,0,6,"not sealed",174,0.189850909588292
"336",4039,"trapnest_18",2023-06-29,"BP","F","High",5,"a","18_5","18_5a",27.76,146.22,"no change","osmia",1,NA,2,0,0,0,11,6,0,0,0,5,0,6,"not sealed",180,0.189850909588292
"337",4097,"trapnest_18",2023-05-29,"BP","F","High",8,"a","18_8","18_8a",78.55,148.55,"2 cells","osmia",1,1,5.5,4,0,4,12.5,1.5,0,0,0,2,0,4,"not sealed",149,0.528778189161898
"338",4098,"trapnest_18",2023-05-31,"BP","F","High",8,"a","18_8","18_8a",78.55,148.55,"6 cells","osmia",2,NA,4.5,2,0,2,13.5,3.5,0,0,0,8,0,5,"not sealed",151,0.528778189161898
"339",4099,"trapnest_18",2023-06-02,"BP","F","High",8,"a","18_8","18_8a",78.55,148.55,"2 cells + end cap","osmia",2,NA,3,0,0,0,15,5,0,0,0,9,0,5,"sealed",153,0.528778189161898
"340",4100,"trapnest_18",2023-06-05,"BP","F","High",8,"a","18_8","18_8a",78.55,148.55,"no change","osmia",1,NA,5,1,0,1,13,5,0,0,0,9,0,6,"sealed",156,0.528778189161898
"341",4101,"trapnest_18",2023-06-09,"BP","F","High",8,"a","18_8","18_8a",78.55,148.55,"no change","osmia",0,NA,5,0,0,0,13,6,0,0,0,9,0,6,"sealed",160,0.528778189161898
"342",4102,"trapnest_18",2023-06-10,"BP","F","High",8,"a","18_8","18_8a",78.55,148.55,"no change","osmia",0,NA,5,0,0,0,13,6,0,0,0,9,0,6,"sealed",161,0.528778189161898
"343",4103,"trapnest_18",2023-06-12,"BP","F","High",8,"a","18_8","18_8a",78.55,148.55,"no change","osmia",1,NA,5,0,0,0,13,6,0,0,0,9,0,6,"sealed",163,0.528778189161898
"344",4104,"trapnest_18",2023-06-14,"BP","F","High",8,"a","18_8","18_8a",78.55,148.55,"no change","osmia",0,NA,5,0,0,0,13,6,0,0,0,9,0,6,"sealed",165,0.528778189161898
"345",4105,"trapnest_18",2023-06-16,"BP","F","High",8,"a","18_8","18_8a",78.55,148.55,"no change","osmia",1,NA,5,0,0,0,13,6,0,0,0,9,0,6,"sealed",167,0.528778189161898
"346",4106,"trapnest_18",2023-06-20,"BP","F","High",8,"a","18_8","18_8a",78.55,148.55,"no change","osmia",3,NA,5,0,0,0,13,6,0,0,0,9,0,6,"sealed",171,0.528778189161898
"347",4107,"trapnest_18",2023-06-23,"BP","F","High",8,"a","18_8","18_8a",78.55,148.55,"no change","osmia",3,NA,4,0,0,0,13,6,0,0,0,9,0,6,"sealed",174,0.528778189161898
"348",4108,"trapnest_18",2023-06-29,"BP","F","High",8,"a","18_8","18_8a",78.55,148.55,"no change","osmia",1,NA,2,0,0,0,11,6,0,0,0,9,0,6,"sealed",180,0.528778189161898
"349",4599,"trapnest_19",2023-05-29,"NN","G","Low",8,"a","19_8","19_8a",30.46,139.14,"3 cells + end cap","osmia",1,1,17,1,0,1,1,1,0,0,3,3,1,1,"sealed",149,0.218916199511284
"350",4602,"trapnest_19",2023-06-04,"NN","G","Low",8,"b","19_8","19_8b",18.39,139.95,"2 cells + end cap","osmia",3,1,18,1,0,1,0,0,0,0,0,1,0,1,"sealed",155,0.131404072883173
"351",4619,"trapnest_19",2023-05-15,"NN","G","Low",9,"a","19_9","19_9a",74.4,143.3,"2 cells","osmia",3,1,18,1,0,1,0,0,0,0,NA,NA,NA,0,"not sealed",135,0.519190509420796
"352",4620,"trapnest_19",2023-05-16,"NN","G","Low",9,"a","19_9","19_9a",74.4,143.3,"no change","osmia",1,NA,17,0,0,0,1,1,0,0,NA,NA,NA,0,"not sealed",136,0.519190509420796
"353",4621,"trapnest_19",2023-05-18,"NN","G","Low",9,"a","19_9","19_9a",74.4,143.3,"no change","osmia",2,NA,17,0,0,0,1,1,0,0,NA,NA,NA,0,"not sealed",138,0.519190509420796
"354",4622,"trapnest_19",2023-05-19,"NN","G","Low",9,"a","19_9","19_9a",74.4,143.3,"no change","osmia",1,NA,17,0,0,0,1,1,0,0,NA,NA,NA,0,"not sealed",139,0.519190509420796
"355",4623,"trapnest_19",2023-05-21,"NN","G","Low",9,"a","19_9","19_9a",74.4,143.3,"no change","osmia",1,NA,17,0,0,0,1,1,0,0,NA,NA,NA,0,"not sealed",141,0.519190509420796
"356",4624,"trapnest_19",2023-05-22,"NN","G","Low",9,"a","19_9","19_9a",74.4,143.3,"3 cells","osmia",1,NA,17,0,0,0,1,1,0,0,NA,NA,NA,0,"not sealed",142,0.519190509420796
"357",4625,"trapnest_19",2023-05-25,"NN","G","Low",9,"a","19_9","19_9a",74.4,143.3,"5 cells","osmia",3,NA,17,0,0,0,1,1,0,0,NA,NA,NA,0,"not sealed",145,0.519190509420796
"358",4626,"trapnest_19",2023-05-26,"NN","G","Low",9,"a","19_9","19_9a",74.4,143.3,"end cap","osmia",1,NA,17,0,0,0,1,1,0,0,NA,NA,NA,0,"sealed",146,0.519190509420796
"359",4627,"trapnest_19",2023-05-28,"NN","G","Low",9,"a","19_9","19_9a",74.4,143.3,"no change","osmia",2,NA,17,0,0,0,1,1,0,0,NA,NA,NA,0,"sealed",148,0.519190509420796
"360",4628,"trapnest_19",2023-05-29,"NN","G","Low",9,"a","19_9","19_9a",74.4,143.3,"no change","osmia",1,NA,17,1,0,1,1,1,0,0,NA,NA,NA,1,"sealed",149,0.519190509420796
"361",4766,"trapnest_2",2023-05-31,"BP","A","Mid",15,"b","2_15","2_15b",29,137.3,"3 cells + end cap","osmia",2,1,11,3,0,3,7,4,0,0,0,3,0,6,"sealed",151,0.211216314639476
"362",4788,"trapnest_2",2023-05-29,"BP","A","Mid",16,"b","2_16","2_16b",42.06,140.65,"4 cells + end cap","osmia",1,1,11.5,2,0,2,6.5,1.5,0,0,2,4,0.5,3,"sealed",149,0.299040170636331
"363",4789,"trapnest_2",2023-05-31,"BP","A","Mid",16,"b","2_16","2_16b",42.06,140.65,"no change","osmia",2,NA,11,3,0,3,7,4,0,0,2,4,0.5,6,"sealed",151,0.299040170636331
"364",4790,"trapnest_2",2023-06-02,"BP","A","Mid",16,"b","2_16","2_16b",42.06,140.65,"no change","osmia",2,NA,10.5,2,0,2,7.5,4.5,0,0,2,4,0.5,4,"sealed",153,0.299040170636331
"365",4822,"trapnest_2",2023-05-11,"BP","A","Mid",18,"a","2_18","2_18a",106.85,142.77,"inner wall","osmia",3,1,11.5,2,0,2,6.5,0.5,0,0,NA,NA,NA,0,"not sealed",131,0.748406527982069
"366",4823,"trapnest_2",2023-05-12,"BP","A","Mid",18,"a","2_18","2_18a",106.85,142.77,"no change","osmia",1,NA,10,0,0,0,8,2,0,0,NA,NA,NA,0,"not sealed",132,0.748406527982069
"367",4824,"trapnest_2",2023-05-15,"BP","A","Mid",18,"a","2_18","2_18a",106.85,142.77,"5 cells","osmia",3,NA,11,0,0,0,7,2,0,0,0,5,0,1,"not sealed",135,0.748406527982069
"368",4825,"trapnest_2",2023-05-16,"BP","A","Mid",18,"a","2_18","2_18a",106.85,142.77,"no change","osmia",1,NA,12,0,0,0,6,1,0,0,0,5,0,1,"not sealed",136,0.748406527982069
"369",4826,"trapnest_2",2023-05-17,"BP","A","Mid",18,"a","2_18","2_18a",106.85,142.77,"no change","osmia",1,NA,12,0,0,0,6,1,0,0,0,5,0,1,"not sealed",137,0.748406527982069
"370",4827,"trapnest_2",2023-05-19,"BP","A","Mid",18,"a","2_18","2_18a",106.85,142.77,"no change","osmia",2,NA,12,0,0,0,6,1,0,0,0,5,0,1,"not sealed",139,0.748406527982069
"371",4828,"trapnest_2",2023-05-21,"BP","A","Mid",18,"a","2_18","2_18a",106.85,142.77,"no change","osmia",1,NA,12,0,0,0,6,1,0,0,0,5,0,1,"not sealed",141,0.748406527982069
"372",4829,"trapnest_2",2023-05-22,"BP","A","Mid",18,"a","2_18","2_18a",106.85,142.77,"3 cells","osmia",1,NA,12,0,0,0,6,1,0,0,0,8,0,1,"not sealed",142,0.748406527982069
"373",4830,"trapnest_2",2023-05-23,"BP","A","Mid",18,"a","2_18","2_18a",106.85,142.77,"1 cell","osmia",1,NA,12,0,0,0,6,1,0,0,0,9,0,1,"not sealed",143,0.748406527982069
"374",4831,"trapnest_2",2023-05-26,"BP","A","Mid",18,"a","2_18","2_18a",106.85,142.77,"2 cells + end cap","osmia",2,NA,12,0,0,0,6,1,0,0,0,9,0,1,"sealed",146,0.748406527982069
"375",4832,"trapnest_2",2023-05-28,"BP","A","Mid",18,"a","2_18","2_18a",106.85,142.77,"no change","osmia",2,NA,12,0,0,0,6,1,0,0,0,9,0,1,"sealed",148,0.748406527982069
"376",4833,"trapnest_2",2023-05-29,"BP","A","Mid",18,"a","2_18","2_18a",106.85,142.77,"no change","osmia",1,NA,11.5,2,0,2,6.5,1.5,0,0,0,9,0,3,"sealed",149,0.748406527982069
"377",4834,"trapnest_2",2023-05-31,"BP","A","Mid",18,"a","2_18","2_18a",106.85,142.77,"no change","osmia",2,NA,11,3,0,3,7,4,0,0,0,9,0,6,"sealed",151,0.748406527982069
"378",4856,"trapnest_2",2023-05-29,"BP","A","Mid",1,"a","2_1","2_1a",21.51,147.24,"2 cells + end cap","osmia",1,1,11.5,2,0,2,6.5,1.5,0,0,2,2,1,3,"sealed",149,0.146088019559902
"379",4857,"trapnest_2",2023-05-31,"BP","A","Mid",1,"a","2_1","2_1a",21.51,147.24,"no change","osmia",2,NA,11,3,0,3,7,4,0,0,2,2,1,6,"sealed",151,0.146088019559902
"380",4858,"trapnest_2",2023-06-02,"BP","A","Mid",1,"a","2_1","2_1a",21.51,147.24,"no change","osmia",2,NA,10.5,2,0,2,7.5,4.5,0,0,2,2,1,4,"sealed",153,0.146088019559902
"381",4993,"trapnest_2",2023-05-31,"BP","A","Mid",7,"a","2_7","2_7a",7.14,146.52,"1 cell","osmia",2,1,11,3,0,3,7,4,0,0,0,1,0,6,"not sealed",151,0.0487305487305487
"382",4994,"trapnest_2",2023-06-02,"BP","A","Mid",7,"a","2_7","2_7a",7.14,146.52,"no change","osmia",2,NA,10.5,2,0,2,7.5,4.5,0,0,0,1,0,4,"not sealed",153,0.0487305487305487
"383",4995,"trapnest_2",2023-06-05,"BP","A","Mid",7,"a","2_7","2_7a",7.14,146.52,"no change","osmia",1,NA,12,0,0,0,6,3,0,0,0,1,0,1,"not sealed",156,0.0487305487305487
"384",4996,"trapnest_2",2023-06-08,"BP","A","Mid",7,"a","2_7","2_7a",7.14,146.52,"no change","osmia",2,NA,10,0,0,0,8,3,0,0,0,1,0,1,"not sealed",159,0.0487305487305487
"385",4997,"trapnest_2",2023-06-10,"BP","A","Mid",7,"a","2_7","2_7a",7.14,146.52,"no change","osmia",0,NA,10,0,0,0,8,3,0,0,0,1,0,1,"not sealed",161,0.0487305487305487
"386",4998,"trapnest_2",2023-06-12,"BP","A","Mid",7,"a","2_7","2_7a",7.14,146.52,"no change","osmia",1,NA,10,0,0,0,8,3,0,0,0,1,0,1,"not sealed",163,0.0487305487305487
"387",4999,"trapnest_2",2023-06-14,"BP","A","Mid",7,"a","2_7","2_7a",7.14,146.52,"no change","osmia",0,NA,10,1,0,1,8,3,0,0,0,1,0,2,"not sealed",165,0.0487305487305487
"388",5000,"trapnest_2",2023-06-16,"BP","A","Mid",7,"a","2_7","2_7a",7.14,146.52,"no change","osmia",1,NA,9,0,0,0,9,4,0,0,0,1,0,2,"not sealed",167,0.0487305487305487
"389",5001,"trapnest_2",2023-06-20,"BP","A","Mid",7,"a","2_7","2_7a",7.14,146.52,"no change","osmia",3,NA,12,0,0,0,6,2,0,0,0,1,0,2,"not sealed",171,0.0487305487305487
"390",5002,"trapnest_2",2023-06-23,"BP","A","Mid",7,"a","2_7","2_7a",7.14,146.52,"no change","osmia",3,NA,12,0,0,0,6,2,0,0,0,1,0,2,"not sealed",174,0.0487305487305487
"391",5003,"trapnest_2",2023-06-29,"BP","A","Mid",7,"a","2_7","2_7a",7.14,146.52,"no change","osmia",1,NA,7,0,0,0,6,2,0,0,0,1,0,2,"not sealed",180,0.0487305487305487
"392",5039,"trapnest_2",2023-05-31,"BP","A","Mid",9,"a","2_9","2_9a",64.69,148.95,"6 cells","osmia",2,1,11,3,0,3,7,4,0,0,0,6,0,6,"not sealed",151,0.434306814367237
"393",5040,"trapnest_2",2023-06-02,"BP","A","Mid",9,"a","2_9","2_9a",64.69,148.95,"1 cell + end cap","osmia",2,NA,10.5,2,0,2,7.5,4.5,0,0,0,7,0,4,"sealed",153,0.434306814367237
"394",5045,"trapnest_2",2023-06-14,"BP","A","Mid",9,"b","2_9","2_9b",5.98,138.76,"1 cell","osmia",0,1,10,1,0,1,8,3,0,0,0,1,0,2,"not sealed",165,0.0430959930815797
"395",5046,"trapnest_2",2023-06-16,"BP","A","Mid",9,"b","2_9","2_9b",5.98,138.76,"1 cell","osmia",1,NA,9,0,0,0,9,4,0,0,0,2,0,2,"not sealed",167,0.0430959930815797
"396",5047,"trapnest_2",2023-06-20,"BP","A","Mid",9,"b","2_9","2_9b",5.98,138.76,"no change","osmia",3,NA,12,0,0,0,6,2,0,0,0,2,0,2,"not sealed",171,0.0430959930815797
"397",5048,"trapnest_2",2023-06-23,"BP","A","Mid",9,"b","2_9","2_9b",5.98,138.76,"no change","osmia",3,NA,12,0,0,0,6,2,0,0,0,2,0,2,"not sealed",174,0.0430959930815797
"398",5049,"trapnest_2",2023-06-29,"BP","A","Mid",9,"b","2_9","2_9b",5.98,138.76,"no change","osmia",1,NA,7,0,0,0,6,2,0,0,0,2,0,2,"not sealed",180,0.0430959930815797
"399",5205,"trapnest_20",2023-06-01,"NN","G","Mid",15,"a","20_15","20_15a",10.45,144.11,"1 cell","osmia",1,1,11.5,2,0,2,6.5,2.5,0,0,0,1,0,4,"not sealed",152,0.0725140517660121
"400",5206,"trapnest_20",2023-06-04,"NN","G","Mid",15,"a","20_15","20_15a",10.45,144.11,"no change","osmia",3,NA,12,0,0,0,6,3,0,0,0,1,0,3,"not sealed",155,0.0725140517660121
"401",5207,"trapnest_20",2023-06-05,"NN","G","Mid",15,"a","20_15","20_15a",10.45,144.11,"no change","osmia",1,NA,12,0,0,0,6,3,0,0,0,1,0,3,"not sealed",156,0.0725140517660121
"402",5208,"trapnest_20",2023-06-08,"NN","G","Mid",15,"a","20_15","20_15a",10.45,144.11,"no change","osmia",2,NA,12,0,0,0,6,3,0,0,0,1,0,3,"not sealed",159,0.0725140517660121
"403",5209,"trapnest_20",2023-06-10,"NN","G","Mid",15,"a","20_15","20_15a",10.45,144.11,"no change","osmia",0,NA,12,0,0,0,6,3,0,0,0,1,0,3,"not sealed",161,0.0725140517660121
"404",5210,"trapnest_20",2023-06-11,"NN","G","Mid",15,"a","20_15","20_15a",10.45,144.11,"no change","osmia",1,NA,10,0,0,0,6,3,0,0,0,1,0,3,"not sealed",162,0.0725140517660121
"405",5211,"trapnest_20",2023-06-12,"NN","G","Mid",15,"a","20_15","20_15a",10.45,144.11,"no change","osmia",0,NA,10,0,0,0,6,3,0,0,0,1,0,3,"not sealed",163,0.0725140517660121
"406",5212,"trapnest_20",2023-06-15,"NN","G","Mid",15,"a","20_15","20_15a",10.45,144.11,"no change","osmia",0,NA,10,0,0,0,6,3,0,0,0,1,0,3,"not sealed",166,0.0725140517660121
"407",5213,"trapnest_20",2023-06-19,"NN","G","Mid",15,"a","20_15","20_15a",10.45,144.11,"no change","osmia",0,NA,10,0,0,0,6,3,0,0,0,1,0,3,"not sealed",170,0.0725140517660121
"408",5214,"trapnest_20",2023-06-22,"NN","G","Mid",15,"a","20_15","20_15a",10.45,144.11,"no change","osmia",3,NA,11,0,0,0,6,3,0,0,0,1,0,3,"not sealed",173,0.0725140517660121
"409",5215,"trapnest_20",2023-06-23,"NN","G","Mid",15,"a","20_15","20_15a",10.45,144.11,"no change","osmia",1,NA,11,0,0,0,6,3,0,0,0,1,0,3,"not sealed",174,0.0725140517660121
"410",5216,"trapnest_20",2023-06-30,"NN","G","Mid",15,"a","20_15","20_15a",10.45,144.11,"no change","osmia",1,NA,11,0,0,0,6,3,0,0,0,1,0,3,"not sealed",181,0.0725140517660121
"411",5217,"trapnest_20",2023-07-03,"NN","G","Mid",15,"a","20_15","20_15a",10.45,144.11,"no change","osmia",2,NA,12,0,0,0,6,3,0,0,0,1,0,3,"not sealed",184,0.0725140517660121
"412",5218,"trapnest_20",2023-07-04,"NN","G","Mid",15,"a","20_15","20_15a",10.45,144.11,"no change","osmia",1,NA,12,0,0,0,6,3,0,0,0,1,0,3,"not sealed",185,0.0725140517660121
"413",5219,"trapnest_20",2023-07-06,"NN","G","Mid",15,"a","20_15","20_15a",10.45,144.11,"no change","osmia",2,NA,12,0,0,0,6,3,0,0,0,1,0,3,"not sealed",187,0.0725140517660121
"414",5341,"trapnest_20",2023-05-29,"NN","G","Mid",2,"a","20_2","20_2a",96.03,149.23,"9 cells","osmia",1,1,11.5,2,0,2,6.5,0.5,0,0,3,9,0.333333333333333,2,"not sealed",149,0.643503317027407
"415",5342,"trapnest_20",2023-05-31,"NN","G","Mid",2,"a","20_2","20_2a",96.03,149.23,"5 cells","osmia",2,NA,13.5,2,0,2,4.5,0.5,0,0,4,9,0.444444444444444,2,"not sealed",151,0.643503317027407
"416",5343,"trapnest_20",2023-06-01,"NN","G","Mid",2,"a","20_2","20_2a",96.03,149.23,"end cap","osmia",1,NA,11.5,2,0,2,6.5,2.5,0,0,4,9,0.444444444444444,4,"sealed",152,0.643503317027407
"417",5344,"trapnest_20",2023-06-04,"NN","G","Mid",2,"a","20_2","20_2a",96.03,149.23,"no change","osmia",3,NA,12,0,0,0,6,3,0,0,4,9,0.444444444444444,3,"sealed",155,0.643503317027407
"418",5345,"trapnest_20",2023-06-05,"NN","G","Mid",2,"a","20_2","20_2a",96.03,149.23,"no change","osmia",1,NA,12,0,0,0,6,3,0,0,4,9,0.444444444444444,3,"sealed",156,0.643503317027407
"419",5346,"trapnest_20",2023-06-08,"NN","G","Mid",2,"a","20_2","20_2a",96.03,149.23,"no change","osmia",2,NA,12,0,0,0,6,3,0,0,4,9,0.444444444444444,3,"sealed",159,0.643503317027407
"420",5347,"trapnest_20",2023-06-10,"NN","G","Mid",2,"a","20_2","20_2a",96.03,149.23,"no change","osmia",0,NA,12,0,0,0,6,3,0,0,4,9,0.444444444444444,3,"sealed",161,0.643503317027407
"421",5348,"trapnest_20",2023-06-11,"NN","G","Mid",2,"a","20_2","20_2a",96.03,149.23,"no change","osmia",1,NA,10,0,0,0,6,3,0,0,4,9,0.444444444444444,3,"sealed",162,0.643503317027407
"422",5349,"trapnest_20",2023-06-12,"NN","G","Mid",2,"a","20_2","20_2a",96.03,149.23,"no change","osmia",0,NA,10,0,0,0,6,3,0,0,4,9,0.444444444444444,3,"sealed",163,0.643503317027407
"423",5350,"trapnest_20",2023-06-15,"NN","G","Mid",2,"a","20_2","20_2a",96.03,149.23,"no change","osmia",0,NA,10,0,0,0,6,3,0,0,4,9,0.444444444444444,3,"sealed",166,0.643503317027407
"424",5351,"trapnest_20",2023-06-19,"NN","G","Mid",2,"a","20_2","20_2a",96.03,149.23,"no change","osmia",0,NA,10,0,0,0,6,3,0,0,4,9,0.444444444444444,3,"sealed",170,0.643503317027407
"425",5352,"trapnest_20",2023-06-22,"NN","G","Mid",2,"a","20_2","20_2a",96.03,149.23,"no change","osmia",3,NA,11,0,0,0,6,3,0,0,4,9,0.444444444444444,3,"sealed",173,0.643503317027407
"426",5353,"trapnest_20",2023-06-23,"NN","G","Mid",2,"a","20_2","20_2a",96.03,149.23,"no change","osmia",1,NA,11,0,0,0,6,3,0,0,4,9,0.444444444444444,3,"sealed",174,0.643503317027407
"427",5354,"trapnest_20",2023-06-30,"NN","G","Mid",2,"a","20_2","20_2a",96.03,149.23,"no change","osmia",1,NA,11,0,0,0,6,3,0,0,4,9,0.444444444444444,3,"sealed",181,0.643503317027407
"428",5355,"trapnest_20",2023-07-03,"NN","G","Mid",2,"a","20_2","20_2a",96.03,149.23,"no change","osmia",2,NA,12,0,0,0,6,3,0,0,4,9,0.444444444444444,3,"sealed",184,0.643503317027407
"429",5356,"trapnest_20",2023-07-04,"NN","G","Mid",2,"a","20_2","20_2a",96.03,149.23,"no change","osmia",1,NA,12,0,0,0,6,3,0,0,4,9,0.444444444444444,3,"sealed",185,0.643503317027407
"430",5357,"trapnest_20",2023-07-06,"NN","G","Mid",2,"a","20_2","20_2a",96.03,149.23,"no change","osmia",2,NA,12,0,0,0,6,3,0,0,4,9,0.444444444444444,3,"sealed",187,0.643503317027407
"431",5372,"trapnest_20",2023-06-01,"NN","G","Mid",3,"b","20_3","20_3b",41.3,142.17,"5 cells + end cap","osmia",1,1,11.5,2,0,2,6.5,2.5,0,0,0,5,0,4,"sealed",152,0.290497291974397
"432",5373,"trapnest_20",2023-06-04,"NN","G","Mid",3,"b","20_3","20_3b",41.3,142.17,"no change","osmia",3,NA,12,0,0,0,6,3,0,0,0,5,0,3,"sealed",155,0.290497291974397
"433",5374,"trapnest_20",2023-06-05,"NN","G","Mid",3,"b","20_3","20_3b",41.3,142.17,"no change","osmia",1,NA,12,0,0,0,6,3,0,0,0,5,0,3,"sealed",156,0.290497291974397
"434",5375,"trapnest_20",2023-06-08,"NN","G","Mid",3,"b","20_3","20_3b",41.3,142.17,"no change","osmia",2,NA,12,0,0,0,6,3,0,0,0,5,0,3,"sealed",159,0.290497291974397
"435",5376,"trapnest_20",2023-06-10,"NN","G","Mid",3,"b","20_3","20_3b",41.3,142.17,"no change","osmia",0,NA,12,0,0,0,6,3,0,0,0,5,0,3,"sealed",161,0.290497291974397
"436",5377,"trapnest_20",2023-06-11,"NN","G","Mid",3,"b","20_3","20_3b",41.3,142.17,"no change","osmia",1,NA,10,0,0,0,6,3,0,0,0,5,0,3,"sealed",162,0.290497291974397
"437",5378,"trapnest_20",2023-06-12,"NN","G","Mid",3,"b","20_3","20_3b",41.3,142.17,"no change","osmia",0,NA,10,0,0,0,6,3,0,0,0,5,0,3,"sealed",163,0.290497291974397
"438",5379,"trapnest_20",2023-06-15,"NN","G","Mid",3,"b","20_3","20_3b",41.3,142.17,"no change","osmia",0,NA,10,0,0,0,6,3,0,0,0,5,0,3,"sealed",166,0.290497291974397
"439",5380,"trapnest_20",2023-06-19,"NN","G","Mid",3,"b","20_3","20_3b",41.3,142.17,"no change","osmia",0,NA,10,0,0,0,6,3,0,0,0,5,0,3,"sealed",170,0.290497291974397
"440",5381,"trapnest_20",2023-06-22,"NN","G","Mid",3,"b","20_3","20_3b",41.3,142.17,"no change","osmia",3,NA,11,0,0,0,6,3,0,0,0,5,0,3,"sealed",173,0.290497291974397
"441",5382,"trapnest_20",2023-06-23,"NN","G","Mid",3,"b","20_3","20_3b",41.3,142.17,"no change","osmia",1,NA,11,0,0,0,6,3,0,0,0,5,0,3,"sealed",174,0.290497291974397
"442",5383,"trapnest_20",2023-06-30,"NN","G","Mid",3,"b","20_3","20_3b",41.3,142.17,"no change","osmia",1,NA,11,0,0,0,6,3,0,0,0,5,0,3,"sealed",181,0.290497291974397
"443",5384,"trapnest_20",2023-07-03,"NN","G","Mid",3,"b","20_3","20_3b",41.3,142.17,"no change","osmia",2,NA,12,0,0,0,6,3,0,0,0,5,0,3,"sealed",184,0.290497291974397
"444",5385,"trapnest_20",2023-07-04,"NN","G","Mid",3,"b","20_3","20_3b",41.3,142.17,"no change","osmia",1,NA,12,0,0,0,6,3,0,0,0,5,0,3,"sealed",185,0.290497291974397
"445",5386,"trapnest_20",2023-07-06,"NN","G","Mid",3,"b","20_3","20_3b",41.3,142.17,"no change","osmia",2,NA,12,0,0,0,6,3,0,0,0,5,0,3,"sealed",187,0.290497291974397
"446",5428,"trapnest_20",2023-05-29,"NN","G","Mid",5,"a","20_5","20_5a",89.81,145.52,"8 cells","osmia",1,1,11.5,2,0,2,6.5,0.5,0,0,0,8,0,2,"not sealed",149,0.61716602528862
"447",5429,"trapnest_20",2023-05-31,"NN","G","Mid",5,"a","20_5","20_5a",89.81,145.52,"3 cells + end cap","osmia",2,NA,13.5,2,0,2,4.5,0.5,0,0,0,9,0,2,"sealed",151,0.61716602528862
"448",5430,"trapnest_20",2023-06-01,"NN","G","Mid",5,"a","20_5","20_5a",89.81,145.52,"no change","osmia",1,NA,11.5,2,0,2,6.5,2.5,0,0,0,9,0,4,"sealed",152,0.61716602528862
"449",6571,"trapnest_22",2023-06-19,"NN","H","Low",9,"a","22_9","22_9a",9.35,146.11,"1 cell","osmia",0,1,17,1,0,1,0,0,0,0,1,1,1,1,"not sealed",170,0.0639928820751488
"450",6572,"trapnest_22",2023-06-22,"NN","H","Low",9,"a","22_9","22_9a",9.35,146.11,"no change","osmia",3,NA,15,0,0,0,1,1,0,0,1,1,1,1,"not sealed",173,0.0639928820751488
"451",6573,"trapnest_22",2023-06-23,"NN","H","Low",9,"a","22_9","22_9a",9.35,146.11,"no change","osmia",1,NA,17,0,0,0,1,1,0,0,1,1,1,1,"not sealed",174,0.0639928820751488
"452",6574,"trapnest_22",2023-06-30,"NN","H","Low",9,"a","22_9","22_9a",9.35,146.11,"no change","osmia",1,NA,17,0,0,0,1,1,0,0,1,1,1,1,"not sealed",181,0.0639928820751488
"453",6575,"trapnest_22",2023-07-03,"NN","H","Low",9,"a","22_9","22_9a",9.35,146.11,"no change","osmia",2,NA,17,0,0,0,1,1,0,0,1,1,1,1,"not sealed",184,0.0639928820751488
"454",6576,"trapnest_22",2023-07-04,"NN","H","Low",9,"a","22_9","22_9a",9.35,146.11,"no change","osmia",1,NA,17,0,0,0,1,1,0,0,1,1,1,1,"not sealed",185,0.0639928820751488
"455",7098,"trapnest_24",2023-06-08,"NN","H","High",10,"a","24_10","24_10a",26.42,143.1,"1 cell","osmia",2,1,8,1,0,1,10,2,0,0,1,1,1,3,"not sealed",159,0.184626135569532
"456",7099,"trapnest_24",2023-06-10,"NN","H","High",10,"a","24_10","24_10a",26.42,143.1,"no change","osmia",0,NA,7,0,0,0,11,3,0,0,1,1,1,3,"not sealed",161,0.184626135569532
"457",7100,"trapnest_24",2023-06-11,"NN","H","High",10,"a","24_10","24_10a",26.42,143.1,"1 cell","osmia",1,NA,6,0,0,0,11,3,0,0,2,2,1,3,"not sealed",162,0.184626135569532
"458",7101,"trapnest_24",2023-06-12,"NN","H","High",10,"a","24_10","24_10a",26.42,143.1,"no change","osmia",0,NA,6,0,0,0,11,3,0,0,2,2,1,3,"not sealed",163,0.184626135569532
"459",7102,"trapnest_24",2023-06-15,"NN","H","High",10,"a","24_10","24_10a",26.42,143.1,"1 cell","osmia",0,NA,6,0,0,0,11,3,0,0,2,3,0.666666666666667,3,"not sealed",166,0.184626135569532
"460",7103,"trapnest_24",2023-06-19,"NN","H","High",10,"a","24_10","24_10a",26.42,143.1,"no change","osmia",0,NA,6,1,0,1,11,3,0,0,2,3,0.666666666666667,4,"not sealed",170,0.184626135569532
"461",7104,"trapnest_24",2023-06-22,"NN","H","High",10,"a","24_10","24_10a",26.42,143.1,"end cap","osmia",3,NA,6,0,0,0,12,4,0,0,2,3,0.666666666666667,4,"sealed",173,0.184626135569532
"462",7105,"trapnest_24",2023-06-23,"NN","H","High",10,"a","24_10","24_10a",26.42,143.1,"no change","osmia",1,NA,6,0,0,0,12,4,0,0,2,3,0.666666666666667,4,"sealed",174,0.184626135569532
"463",7106,"trapnest_24",2023-06-30,"NN","H","High",10,"a","24_10","24_10a",26.42,143.1,"no change","osmia",1,NA,5,1,0,1,12,4,0,0,2,3,0.666666666666667,5,"sealed",181,0.184626135569532
"464",7107,"trapnest_24",2023-07-03,"NN","H","High",10,"a","24_10","24_10a",26.42,143.1,"no change","osmia",2,NA,5,0,0,0,12,5,0,0,2,3,0.666666666666667,5,"sealed",184,0.184626135569532
"465",7108,"trapnest_24",2023-07-04,"NN","H","High",10,"a","24_10","24_10a",26.42,143.1,"no change","osmia",1,NA,5,0,0,0,12,5,0,0,2,3,0.666666666666667,5,"sealed",185,0.184626135569532
"466",7109,"trapnest_24",2023-07-06,"NN","H","High",10,"a","24_10","24_10a",26.42,143.1,"no change","osmia",2,NA,4,0,0,0,12,5,0,0,2,3,0.666666666666667,5,"sealed",187,0.184626135569532
"467",7164,"trapnest_24",2023-06-30,"NN","H","High",12,"a","24_12","24_12a",11.84,144.44,"2 cells + end cap","osmia",1,1,5,1,0,1,12,4,0,0,1,2,0.5,5,"sealed",181,0.0819717529770147
"468",7165,"trapnest_24",2023-07-03,"NN","H","High",12,"a","24_12","24_12a",11.84,144.44,"no change","osmia",2,NA,5,0,0,0,12,5,0,0,1,2,0.5,5,"sealed",184,0.0819717529770147
"469",7166,"trapnest_24",2023-07-04,"NN","H","High",12,"a","24_12","24_12a",11.84,144.44,"no change","osmia",1,NA,5,0,0,0,12,5,0,0,1,2,0.5,5,"sealed",185,0.0819717529770147
"470",7167,"trapnest_24",2023-07-06,"NN","H","High",12,"a","24_12","24_12a",11.84,144.44,"no change","osmia",2,NA,4,0,0,0,12,5,0,0,1,2,0.5,5,"sealed",187,0.0819717529770147
"471",7381,"trapnest_24",2023-06-04,"NN","H","High",2,"a","24_2","24_2a",48.72,138.64,"5 cells","osmia",3,1,7,1,0,1,11,1,0,0,1,5,0.2,2,"not sealed",155,0.351413733410271
"472",7382,"trapnest_24",2023-06-05,"NN","H","High",2,"a","24_2","24_2a",48.72,138.64,"no change","osmia",1,NA,8,0,0,0,10,2,0,0,1,5,0.2,2,"not sealed",156,0.351413733410271
"473",7383,"trapnest_24",2023-06-08,"NN","H","High",2,"a","24_2","24_2a",48.72,138.64,"1 cell","osmia",2,NA,8,1,0,1,10,2,0,0,2,6,0.333333333333333,3,"not sealed",159,0.351413733410271
"474",7384,"trapnest_24",2023-06-10,"NN","H","High",2,"a","24_2","24_2a",48.72,138.64,"no change","osmia",0,NA,7,0,0,0,11,3,0,0,2,6,0.333333333333333,3,"not sealed",161,0.351413733410271
"475",7385,"trapnest_24",2023-06-11,"NN","H","High",2,"a","24_2","24_2a",48.72,138.64,"end cap","osmia",1,NA,6,0,0,0,11,3,0,0,2,6,0.333333333333333,3,"sealed",162,0.351413733410271
"476",7386,"trapnest_24",2023-06-12,"NN","H","High",2,"a","24_2","24_2a",48.72,138.64,"no change","osmia",0,NA,6,0,0,0,11,3,0,0,2,6,0.333333333333333,3,"sealed",163,0.351413733410271
"477",7387,"trapnest_24",2023-06-15,"NN","H","High",2,"a","24_2","24_2a",48.72,138.64,"no change","osmia",0,NA,6,0,0,0,11,3,0,0,2,6,0.333333333333333,3,"sealed",166,0.351413733410271
"478",7388,"trapnest_24",2023-06-19,"NN","H","High",2,"a","24_2","24_2a",48.72,138.64,"no change","osmia",0,NA,6,1,0,1,11,3,0,0,2,6,0.333333333333333,4,"sealed",170,0.351413733410271
"479",7389,"trapnest_24",2023-06-22,"NN","H","High",2,"a","24_2","24_2a",48.72,138.64,"no change","osmia",3,NA,6,0,0,0,12,4,0,0,2,6,0.333333333333333,4,"sealed",173,0.351413733410271
"480",7390,"trapnest_24",2023-06-23,"NN","H","High",2,"a","24_2","24_2a",48.72,138.64,"no change","osmia",1,NA,6,0,0,0,12,4,0,0,2,6,0.333333333333333,4,"sealed",174,0.351413733410271
"481",7391,"trapnest_24",2023-06-30,"NN","H","High",2,"a","24_2","24_2a",48.72,138.64,"no change","osmia",1,NA,5,1,0,1,12,4,0,0,2,6,0.333333333333333,5,"sealed",181,0.351413733410271
"482",7392,"trapnest_24",2023-07-03,"NN","H","High",2,"a","24_2","24_2a",48.72,138.64,"no change","osmia",2,NA,5,0,0,0,12,5,0,0,2,6,0.333333333333333,5,"sealed",184,0.351413733410271
"483",7393,"trapnest_24",2023-07-04,"NN","H","High",2,"a","24_2","24_2a",48.72,138.64,"no change","osmia",1,NA,5,0,0,0,12,5,0,0,2,6,0.333333333333333,5,"sealed",185,0.351413733410271
"484",7394,"trapnest_24",2023-07-06,"NN","H","High",2,"a","24_2","24_2a",48.72,138.64,"no change","osmia",2,NA,4,0,0,0,12,5,0,0,2,6,0.333333333333333,5,"sealed",187,0.351413733410271
"485",7417,"trapnest_24",2023-06-19,"NN","H","High",3,"b","24_3","24_3b",28.02,137.27,"1 cell","osmia",0,1,6,1,0,1,11,3,0,0,1,1,1,4,"not sealed",170,0.204123260727034
"486",7418,"trapnest_24",2023-06-22,"NN","H","High",3,"b","24_3","24_3b",28.02,137.27,"2 cells","osmia",3,NA,6,0,0,0,12,4,0,0,3,3,1,4,"not sealed",173,0.204123260727034
"487",7419,"trapnest_24",2023-06-23,"NN","H","High",3,"b","24_3","24_3b",28.02,137.27,"no change","osmia",1,NA,6,0,0,0,12,4,0,0,3,3,1,4,"not sealed",174,0.204123260727034
"488",7420,"trapnest_24",2023-06-30,"NN","H","High",3,"b","24_3","24_3b",28.02,137.27,"end cap","osmia",1,NA,5,1,0,1,12,4,0,0,3,3,1,5,"sealed",181,0.204123260727034
"489",7421,"trapnest_24",2023-07-03,"NN","H","High",3,"b","24_3","24_3b",28.02,137.27,"no change","osmia",2,NA,5,0,0,0,12,5,0,0,3,3,1,5,"sealed",184,0.204123260727034
"490",7422,"trapnest_24",2023-07-04,"NN","H","High",3,"b","24_3","24_3b",28.02,137.27,"no change","osmia",1,NA,5,0,0,0,12,5,0,0,3,3,1,5,"sealed",185,0.204123260727034
"491",7423,"trapnest_24",2023-07-06,"NN","H","High",3,"b","24_3","24_3b",28.02,137.27,"no change","osmia",2,NA,4,0,0,0,12,5,0,0,3,3,1,5,"sealed",187,0.204123260727034
"492",7521,"trapnest_24",2023-06-01,"NN","H","High",7,"b","24_7","24_7b",70.92,140.17,"3 cells","osmia",1,1,7,1,0,1,11,1,0,0,0,3,0,1,"not sealed",152,0.50595705215096
"493",7522,"trapnest_24",2023-06-04,"NN","H","High",7,"b","24_7","24_7b",70.92,140.17,"5 cells","osmia",3,NA,7,1,0,1,11,1,0,0,2,8,0.25,2,"not sealed",155,0.50595705215096
"494",7523,"trapnest_24",2023-06-05,"NN","H","High",7,"b","24_7","24_7b",70.92,140.17,"no change","osmia",1,NA,8,0,0,0,10,2,0,0,2,8,0.25,2,"not sealed",156,0.50595705215096
"495",7524,"trapnest_24",2023-06-08,"NN","H","High",7,"b","24_7","24_7b",70.92,140.17,"end cap","osmia",2,NA,8,1,0,1,10,2,0,0,2,8,0.25,3,"sealed",159,0.50595705215096
"496",7525,"trapnest_24",2023-06-10,"NN","H","High",7,"b","24_7","24_7b",70.92,140.17,"no change","osmia",0,NA,7,0,0,0,11,3,0,0,2,8,0.25,3,"sealed",161,0.50595705215096
"497",7526,"trapnest_24",2023-06-11,"NN","H","High",7,"b","24_7","24_7b",70.92,140.17,"no change","osmia",1,NA,6,0,0,0,11,3,0,0,2,8,0.25,3,"sealed",162,0.50595705215096
"498",7527,"trapnest_24",2023-06-12,"NN","H","High",7,"b","24_7","24_7b",70.92,140.17,"no change","osmia",0,NA,6,0,0,0,11,3,0,0,2,8,0.25,3,"sealed",163,0.50595705215096
"499",7528,"trapnest_24",2023-06-15,"NN","H","High",7,"b","24_7","24_7b",70.92,140.17,"no change","osmia",0,NA,6,0,0,0,11,3,0,0,2,8,0.25,3,"sealed",166,0.50595705215096
"500",7529,"trapnest_24",2023-06-19,"NN","H","High",7,"b","24_7","24_7b",70.92,140.17,"no change","osmia",0,NA,6,1,0,1,11,3,0,0,2,8,0.25,4,"sealed",170,0.50595705215096
"501",7530,"trapnest_24",2023-06-22,"NN","H","High",7,"b","24_7","24_7b",70.92,140.17,"no change","osmia",3,NA,6,0,0,0,12,4,0,0,2,8,0.25,4,"sealed",173,0.50595705215096
"502",7531,"trapnest_24",2023-06-23,"NN","H","High",7,"b","24_7","24_7b",70.92,140.17,"no change","osmia",1,NA,6,0,0,0,12,4,0,0,2,8,0.25,4,"sealed",174,0.50595705215096
"503",7532,"trapnest_24",2023-06-30,"NN","H","High",7,"b","24_7","24_7b",70.92,140.17,"no change","osmia",1,NA,5,1,0,1,12,4,0,0,2,8,0.25,5,"sealed",181,0.50595705215096
"504",7533,"trapnest_24",2023-07-03,"NN","H","High",7,"b","24_7","24_7b",70.92,140.17,"no change","osmia",2,NA,5,0,0,0,12,5,0,0,2,8,0.25,5,"sealed",184,0.50595705215096
"505",7534,"trapnest_24",2023-07-04,"NN","H","High",7,"b","24_7","24_7b",70.92,140.17,"no change","osmia",1,NA,5,0,0,0,12,5,0,0,2,8,0.25,5,"sealed",185,0.50595705215096
"506",7535,"trapnest_24",2023-07-06,"NN","H","High",7,"b","24_7","24_7b",70.92,140.17,"no change","osmia",2,NA,4,0,0,0,12,5,0,0,2,8,0.25,5,"sealed",187,0.50595705215096
"507",7638,"trapnest_25",2023-06-04,"NN","I","Low",11,"a","25_11","25_11a",88.22,148.7,"6 cells","osmia",3,1,13.5,2,0,2,4.5,4.5,0,0,NA,NA,NA,4,"not sealed",155,0.593275050437122
"508",7639,"trapnest_25",2023-06-05,"NN","I","Low",11,"a","25_11","25_11a",88.22,148.7,"no change","osmia",1,NA,16,0,0,0,2,2,0,0,NA,NA,NA,1,"not sealed",156,0.593275050437122
"509",7640,"trapnest_25",2023-06-08,"NN","I","Low",11,"a","25_11","25_11a",88.22,148.7,"2 cells","osmia",2,NA,16,1,0,1,2,2,0,0,NA,NA,NA,2,"not sealed",159,0.593275050437122
"510",7641,"trapnest_25",2023-06-10,"NN","I","Low",11,"a","25_11","25_11a",88.22,148.7,"no change","osmia",0,NA,15,0,0,0,3,3,0,0,NA,NA,NA,2,"not sealed",161,0.593275050437122
"511",7642,"trapnest_25",2023-06-11,"NN","I","Low",11,"a","25_11","25_11a",88.22,148.7,"1 cell + end cap","osmia",1,NA,15,0,0,0,3,3,0,0,NA,NA,NA,2,"sealed",162,0.593275050437122
"512",7643,"trapnest_25",2023-06-12,"NN","I","Low",11,"a","25_11","25_11a",88.22,148.7,"no change","osmia",0,NA,16,0,0,0,2,2,0,0,NA,NA,NA,1,"sealed",163,0.593275050437122
"513",7644,"trapnest_25",2023-06-15,"NN","I","Low",11,"a","25_11","25_11a",88.22,148.7,"pseudo","osmia",0,NA,15,3,0,3,3,2,0,0,NA,NA,NA,4,"sealed",166,0.593275050437122
"514",7693,"trapnest_25",2023-05-29,"NN","I","Low",13,"a","25_13","25_13a",108.83,148.8,"3 cells","osmia",1,1,16,3,0,3,2,2,0,0,0,3,0,2,"not sealed",149,0.73138440860215
"515",7694,"trapnest_25",2023-05-31,"NN","I","Low",13,"a","25_13","25_13a",108.83,148.8,"4 cells","osmia",2,NA,15.5,4,0,4,2.5,2.5,0,0,0,7,0,2,"not sealed",151,0.73138440860215
"516",7695,"trapnest_25",2023-06-01,"NN","I","Low",13,"a","25_13","25_13a",108.83,148.8,"4 cells","osmia",1,NA,14,1,0,1,4,4,0,0,0,9,0,3,"not sealed",152,0.73138440860215
"517",7696,"trapnest_25",2023-06-04,"NN","I","Low",13,"a","25_13","25_13a",108.83,148.8,"end cap","osmia",3,NA,13.5,2,0,2,4.5,4.5,0,0,0,9,0,4,"sealed",155,0.73138440860215
"518",7783,"trapnest_25",2023-06-08,"NN","I","Low",16,"a","25_16","25_16a",74.15,143.66,"7 cells","osmia",2,1,16,1,0,1,2,2,0,0,0,7,0,2,"not sealed",159,0.516149241264096
"519",7784,"trapnest_25",2023-06-10,"NN","I","Low",16,"a","25_16","25_16a",74.15,143.66,"no change","osmia",0,NA,15,0,0,0,3,3,0,0,0,7,0,2,"not sealed",161,0.516149241264096
"520",7785,"trapnest_25",2023-06-11,"NN","I","Low",16,"a","25_16","25_16a",74.15,143.66,"end cap","osmia",1,NA,15,0,0,0,3,3,0,0,0,7,0,2,"sealed",162,0.516149241264096
"521",7860,"trapnest_25",2023-05-31,"NN","I","Low",1,"a","25_1","25_1a",59.44,149.61,"inner wall","osmia",2,1,15.5,4,0,4,2.5,2.5,0,0,NA,NA,NA,2,"not sealed",151,0.397299645745605
"522",7861,"trapnest_25",2023-06-01,"NN","I","Low",1,"a","25_1","25_1a",59.44,149.61,"6 cells","osmia",1,NA,14,1,0,1,4,4,0,0,NA,NA,NA,3,"not sealed",152,0.397299645745605
"523",7862,"trapnest_25",2023-06-04,"NN","I","Low",1,"a","25_1","25_1a",59.44,149.61,"2 cells + end cap","osmia",3,NA,13.5,2,0,2,4.5,4.5,0,0,NA,NA,NA,4,"sealed",155,0.397299645745605
"524",7868,"trapnest_25",2023-06-15,"NN","I","Low",1,"b","25_1","25_1b",37.62,143.46,"1 cell","osmia",0,1,15,3,0,3,3,2,0,0,1,1,1,4,"not sealed",166,0.262233375156838
"525",7869,"trapnest_25",2023-06-19,"NN","I","Low",1,"b","25_1","25_1b",37.62,143.46,"no change","osmia",0,NA,15,0,0,0,3,3,0,0,1,1,1,3,"not sealed",170,0.262233375156838
"526",7870,"trapnest_25",2023-06-22,"NN","I","Low",1,"b","25_1","25_1b",37.62,143.46,"end cap","osmia",3,NA,16,1,0,1,2,2,0,0,1,1,1,3,"sealed",173,0.262233375156838
"527",7917,"trapnest_25",2023-05-29,"NN","I","Low",3,"a","25_3","25_3a",111.2,111.2,"3 cells","osmia",1,1,16,3,0,3,2,2,0,0,0,3,0,2,"not sealed",149,1
"528",7918,"trapnest_25",2023-05-31,"NN","I","Low",3,"a","25_3","25_3a",111.2,111.2,"4 cells","osmia",2,NA,15.5,4,0,4,2.5,2.5,0,0,0,7,0,2,"not sealed",151,1
"529",7919,"trapnest_25",2023-06-01,"NN","I","Low",3,"a","25_3","25_3a",111.2,111.2,"4 cells","osmia",1,NA,14,1,0,1,4,4,0,0,0,9,0,3,"not sealed",152,1
"530",7920,"trapnest_25",2023-06-04,"NN","I","Low",3,"a","25_3","25_3a",111.2,111.2,"1 cell + end cap","osmia",3,NA,13.5,2,0,2,4.5,4.5,0,0,0,9,0,4,"sealed",155,1
"531",7926,"trapnest_25",2023-06-15,"NN","I","Low",3,"b","25_3","25_3b",20.96,140.64,"2 cells","osmia",0,1,15,3,0,3,3,2,0,0,2,2,1,4,"not sealed",166,0.149032992036405
"532",7927,"trapnest_25",2023-06-19,"NN","I","Low",3,"b","25_3","25_3b",20.96,140.64,"end cap","osmia",0,NA,15,0,0,0,3,3,0,0,2,2,1,3,"sealed",170,0.149032992036405
"533",7928,"trapnest_25",2023-06-22,"NN","I","Low",3,"c","25_3","25_3c",5.21,134.1,"1 cell","osmia",3,1,16,1,0,1,2,2,0,0,0,1,0,3,"not sealed",173,0.0388516032811335
"534",7929,"trapnest_25",2023-06-23,"NN","I","Low",3,"c","25_3","25_3c",5.21,134.1,"no change","osmia",1,NA,16,0,0,0,2,2,0,0,0,1,0,2,"not sealed",174,0.0388516032811335
"535",7930,"trapnest_25",2023-06-30,"NN","I","Low",3,"c","25_3","25_3c",5.21,134.1,"no change","osmia",1,NA,14,0,0,0,2,2,0,0,0,1,0,2,"not sealed",181,0.0388516032811335
"536",7931,"trapnest_25",2023-07-03,"NN","I","Low",3,"c","25_3","25_3c",5.21,134.1,"no change","osmia",2,NA,14,0,0,0,2,2,0,0,0,1,0,2,"not sealed",184,0.0388516032811335
"537",7932,"trapnest_25",2023-07-04,"NN","I","Low",3,"c","25_3","25_3c",5.21,134.1,"no change","osmia",1,NA,12,0,0,0,2,2,0,0,0,1,0,2,"not sealed",185,0.0388516032811335
"538",7946,"trapnest_25",2023-05-29,"NN","I","Low",4,"a","25_4","25_4a",50.46,148.66,"no change","osmia",1,NA,16,3,0,3,2,2,0,0,NA,NA,NA,2,NA,149,0.339432261536392
"539",7947,"trapnest_25",2023-05-31,"NN","I","Low",4,"a","25_4","25_4a",50.46,148.66,"no change","osmia",2,NA,15.5,4,0,4,2.5,2.5,0,0,NA,NA,NA,2,NA,151,0.339432261536392
"540",7948,"trapnest_25",2023-06-01,"NN","I","Low",4,"a","25_4","25_4a",50.46,148.66,"1 cell","osmia",1,NA,14,1,0,1,4,4,0,0,0,1,0,3,NA,152,0.339432261536392
"541",7949,"trapnest_25",2023-06-04,"NN","I","Low",4,"a","25_4","25_4a",50.46,148.66,"6 cells + end cap","osmia",3,NA,13.5,2,0,2,4.5,4.5,0,0,0,7,0,4,"sealed",155,0.339432261536392
"542",7955,"trapnest_25",2023-06-15,"NN","I","Low",4,"b","25_4","25_4b",20.99,142.81,"1 cell","osmia",0,1,15,3,0,3,3,2,0,0,1,1,1,4,"not sealed",166,0.146978502905959
"543",7956,"trapnest_25",2023-06-19,"NN","I","Low",4,"b","25_4","25_4b",20.99,142.81,"1 cell","osmia",0,NA,15,0,0,0,3,3,0,0,1,2,0.5,3,"not sealed",170,0.146978502905959
"544",7957,"trapnest_25",2023-06-22,"NN","I","Low",4,"b","25_4","25_4b",20.99,142.81,"end cap","osmia",3,NA,16,1,0,1,2,2,0,0,1,2,0.5,3,"sealed",173,0.146978502905959
"545",7958,"trapnest_25",2023-06-23,"NN","I","Low",4,"b","25_4","25_4b",20.99,142.81,"no change","osmia",1,NA,16,0,0,0,2,2,0,0,1,2,0.5,2,"sealed",174,0.146978502905959
"546",7959,"trapnest_25",2023-06-30,"NN","I","Low",4,"b","25_4","25_4b",20.99,142.81,"no change","osmia",1,NA,14,0,0,0,2,2,0,0,1,2,0.5,2,"sealed",181,0.146978502905959
"547",7960,"trapnest_25",2023-07-03,"NN","I","Low",4,"b","25_4","25_4b",20.99,142.81,"no change","osmia",2,NA,14,0,0,0,2,2,0,0,1,2,0.5,2,"sealed",184,0.146978502905959
"548",7961,"trapnest_25",2023-07-04,"NN","I","Low",4,"b","25_4","25_4b",20.99,142.81,"no change","osmia",1,NA,12,0,0,0,2,2,0,0,1,2,0.5,2,"sealed",185,0.146978502905959
"549",7962,"trapnest_25",2023-07-06,"NN","I","Low",4,"b","25_4","25_4b",20.99,142.81,"no change","osmia",2,NA,13,0,0,0,1,1,0,0,1,2,0.5,1,"sealed",187,0.146978502905959
"550",8004,"trapnest_25",2023-05-29,"NN","I","Low",6,"a","25_6","25_6a",119.74,151.74,"7 cells","osmia",1,1,16,3,0,3,2,2,0,0,NA,NA,NA,2,"not sealed",149,0.789112956372743
"551",8005,"trapnest_25",2023-05-31,"NN","I","Low",6,"a","25_6","25_6a",119.74,151.74,"6 cells","osmia",2,NA,15.5,4,0,4,2.5,2.5,0,0,NA,NA,NA,2,"not sealed",151,0.789112956372743
"552",8006,"trapnest_25",2023-06-01,"NN","I","Low",6,"a","25_6","25_6a",119.74,151.74,"3 cells + end cap","osmia",1,NA,14,1,0,1,4,4,0,0,NA,NA,NA,3,"sealed",152,0.789112956372743
"553",8007,"trapnest_25",2023-06-04,"NN","I","Low",6,"b","25_6","25_6b",58.79,136.32,"1 cell","osmia",3,1,13.5,2,0,2,4.5,4.5,0,0,0,1,0,4,"not sealed",155,0.431264671361502
"554",8008,"trapnest_25",2023-06-05,"NN","I","Low",6,"b","25_6","25_6b",58.79,136.32,"no change","osmia",1,NA,16,0,0,0,2,2,0,0,0,1,0,1,"not sealed",156,0.431264671361502
"555",8009,"trapnest_25",2023-06-08,"NN","I","Low",6,"b","25_6","25_6b",58.79,136.32,"4 cells","osmia",2,NA,16,1,0,1,2,2,0,0,0,5,0,2,"not sealed",159,0.431264671361502
"556",8010,"trapnest_25",2023-06-10,"NN","I","Low",6,"b","25_6","25_6b",58.79,136.32,"no change","osmia",0,NA,15,0,0,0,3,3,0,0,0,5,0,2,"not sealed",161,0.431264671361502
"557",8011,"trapnest_25",2023-06-11,"NN","I","Low",6,"b","25_6","25_6b",58.79,136.32,"3 cells","osmia",1,NA,15,0,0,0,3,3,0,0,1,8,0.125,2,"not sealed",162,0.431264671361502
"558",8012,"trapnest_25",2023-06-12,"NN","I","Low",6,"b","25_6","25_6b",58.79,136.32,"no change","osmia",0,NA,16,0,0,0,2,2,0,0,1,8,0.125,1,"not sealed",163,0.431264671361502
"559",8013,"trapnest_25",2023-06-15,"NN","I","Low",6,"b","25_6","25_6b",58.79,136.32,"end cap","osmia",0,NA,15,3,0,3,3,2,0,0,1,8,0.125,4,"sealed",166,0.431264671361502
"560",9323,"trapnest_28",2023-05-29,"NN","J","Low",17,"a","28_17","28_17a",18.3,146.85,"3 cells + end cap","osmia",1,1,18,1,0,1,0,0,0,0,1,3,0.333333333333333,1,"sealed",149,0.12461695607763
"561",9447,"trapnest_28",2023-06-22,"NN","J","Low",3,"a","28_3","28_3a",30.81,144.79,"2 cells","osmia",3,1,17,1,0,1,0,0,0,0,2,2,1,1,"not sealed",173,0.212790938600732
"562",9448,"trapnest_28",2023-06-23,"NN","J","Low",3,"a","28_3","28_3a",30.81,144.79,"no change","osmia",1,NA,15,0,0,0,1,1,0,0,2,2,1,1,"not sealed",174,0.212790938600732
"563",9449,"trapnest_28",2023-06-30,"NN","J","Low",3,"a","28_3","28_3a",30.81,144.79,"2 cells + end cap","osmia",1,NA,13,0,0,0,1,1,0,0,4,4,1,1,"sealed",181,0.212790938600732
"564",9890,"trapnest_29",2023-05-31,"NN","J","Mid",1,"b","29_1","29_1b",54.16,125.67,"1 cell","osmia",2,1,12,1,0,1,6,2,0,0,0,1,0,1,"not sealed",151,0.430970000795735
"565",9891,"trapnest_29",2023-06-01,"NN","J","Mid",1,"b","29_1","29_1b",54.16,125.67,"3 cells","osmia",1,NA,13,1,0,1,5,1,0,0,2,4,0.5,1,"not sealed",152,0.430970000795735
"566",9892,"trapnest_29",2023-06-04,"NN","J","Mid",1,"b","29_1","29_1b",54.16,125.67,"no change","osmia",3,NA,12,0,0,0,6,2,0,0,2,4,0.5,1,"not sealed",155,0.430970000795735
"567",9893,"trapnest_29",2023-06-05,"NN","J","Mid",1,"b","29_1","29_1b",54.16,125.67,"no change","osmia",1,NA,12,0,0,0,6,2,0,0,2,4,0.5,1,"not sealed",156,0.430970000795735
"568",9894,"trapnest_29",2023-06-08,"NN","J","Mid",1,"b","29_1","29_1b",54.16,125.67,"no change","osmia",2,NA,12,0,0,0,6,2,0,0,2,4,0.5,1,"not sealed",159,0.430970000795735
"569",9895,"trapnest_29",2023-06-10,"NN","J","Mid",1,"b","29_1","29_1b",54.16,125.67,"no change","osmia",0,NA,12,0,0,0,6,2,0,0,2,4,0.5,1,"not sealed",161,0.430970000795735
"570",9896,"trapnest_29",2023-06-11,"NN","J","Mid",1,"b","29_1","29_1b",54.16,125.67,"no change","osmia",1,NA,11,0,0,0,6,2,0,0,2,4,0.5,1,"not sealed",162,0.430970000795735
"571",9897,"trapnest_29",2023-06-12,"NN","J","Mid",1,"b","29_1","29_1b",54.16,125.67,"no change","osmia",0,NA,11,0,0,0,6,2,0,0,2,4,0.5,1,"not sealed",163,0.430970000795735
"572",9898,"trapnest_29",2023-06-15,"NN","J","Mid",1,"b","29_1","29_1b",54.16,125.67,"no change","osmia",0,NA,11,0,0,0,6,2,0,0,2,4,0.5,1,"not sealed",166,0.430970000795735
"573",9899,"trapnest_29",2023-06-19,"NN","J","Mid",1,"b","29_1","29_1b",54.16,125.67,"no change","osmia",0,NA,10,0,0,0,6,2,0,0,2,4,0.5,1,"not sealed",170,0.430970000795735
"574",9900,"trapnest_29",2023-06-22,"NN","J","Mid",1,"b","29_1","29_1b",54.16,125.67,"no change","osmia",3,NA,10,0,0,0,6,1,0,0,2,4,0.5,1,"not sealed",173,0.430970000795735
"575",9901,"trapnest_29",2023-06-23,"NN","J","Mid",1,"b","29_1","29_1b",54.16,125.67,"no change","osmia",1,NA,10,0,0,0,6,1,0,0,2,4,0.5,1,"not sealed",174,0.430970000795735
"576",9902,"trapnest_29",2023-06-30,"NN","J","Mid",1,"b","29_1","29_1b",54.16,125.67,"no change","osmia",1,NA,10,0,0,0,6,1,0,0,2,4,0.5,1,"not sealed",181,0.430970000795735
"577",9903,"trapnest_29",2023-07-03,"NN","J","Mid",1,"b","29_1","29_1b",54.16,125.67,"no change","osmia",2,NA,11,0,0,0,6,1,0,0,2,4,0.5,1,"not sealed",184,0.430970000795735
"578",9904,"trapnest_29",2023-07-04,"NN","J","Mid",1,"b","29_1","29_1b",54.16,125.67,"no change","osmia",1,NA,11,0,0,0,6,1,0,0,2,4,0.5,1,"not sealed",185,0.430970000795735
"579",9905,"trapnest_29",2023-07-06,"NN","J","Mid",1,"b","29_1","29_1b",54.16,125.67,"no change","osmia",2,NA,11,0,0,0,6,1,0,0,2,4,0.5,1,"not sealed",187,0.430970000795735
"580",9969,"trapnest_29",2023-05-18,"NN","J","Mid",4,"a","29_4","29_4a",88.6,142.9,"1 cell","osmia",2,1,12,1,0,1,6,0,0,0,NA,NA,NA,0,"not sealed",138,0.62001399580126
"581",9970,"trapnest_29",2023-05-19,"NN","J","Mid",4,"a","29_4","29_4a",88.6,142.9,"2 cells","osmia",1,NA,11,0,0,0,7,1,0,0,NA,NA,NA,0,"not sealed",139,0.62001399580126
"582",9971,"trapnest_29",2023-05-21,"NN","J","Mid",4,"a","29_4","29_4a",88.6,142.9,"no change","osmia",1,NA,11,0,0,0,7,1,0,0,NA,NA,NA,0,"not sealed",141,0.62001399580126
"583",9972,"trapnest_29",2023-05-22,"NN","J","Mid",4,"a","29_4","29_4a",88.6,142.9,"2 cells","osmia",1,NA,11,0,0,0,7,1,0,0,NA,NA,NA,0,"not sealed",142,0.62001399580126
"584",9973,"trapnest_29",2023-05-25,"NN","J","Mid",4,"a","29_4","29_4a",88.6,142.9,"no change","osmia",3,NA,12,1,0,1,6,1,0,0,NA,NA,NA,0,"not sealed",145,0.62001399580126
"585",9974,"trapnest_29",2023-05-26,"NN","J","Mid",4,"a","29_4","29_4a",88.6,142.9,"no change","osmia",1,NA,12,0,0,0,6,2,0,0,NA,NA,NA,0,"not sealed",146,0.62001399580126
"586",9975,"trapnest_29",2023-05-28,"NN","J","Mid",4,"a","29_4","29_4a",88.6,142.9,"no change","osmia",2,NA,12,0,0,0,6,2,0,0,NA,NA,NA,0,"not sealed",148,0.62001399580126
"587",9976,"trapnest_29",2023-05-29,"NN","J","Mid",4,"a","29_4","29_4a",88.6,142.9,"no change","osmia",1,NA,12,0,0,0,6,2,0,0,NA,NA,NA,0,"not sealed",149,0.62001399580126
"588",9977,"trapnest_29",2023-05-31,"NN","J","Mid",4,"a","29_4","29_4a",88.6,142.9,"2 cells + end cap","osmia",2,NA,12,1,0,1,6,2,0,0,NA,NA,NA,1,"sealed",151,0.62001399580126
"589",9978,"trapnest_29",2023-06-01,"NN","J","Mid",4,"a","29_4","29_4a",88.6,142.9,"no change","osmia",1,NA,13,1,0,1,5,1,0,0,NA,NA,NA,1,"sealed",152,0.62001399580126
"590",9979,"trapnest_29",2023-06-04,"NN","J","Mid",4,"a","29_4","29_4a",88.6,142.9,"no change","osmia",3,NA,12,0,0,0,6,2,0,0,NA,NA,NA,1,"sealed",155,0.62001399580126
"591",9980,"trapnest_29",2023-06-05,"NN","J","Mid",4,"a","29_4","29_4a",88.6,142.9,"no change","osmia",1,NA,12,0,0,0,6,2,0,0,NA,NA,NA,1,"sealed",156,0.62001399580126
"592",9981,"trapnest_29",2023-06-08,"NN","J","Mid",4,"a","29_4","29_4a",88.6,142.9,"no change","osmia",2,NA,12,0,0,0,6,2,0,0,NA,NA,NA,1,"sealed",159,0.62001399580126
"593",9982,"trapnest_29",2023-06-10,"NN","J","Mid",4,"a","29_4","29_4a",88.6,142.9,"no change","osmia",0,NA,12,0,0,0,6,2,0,0,NA,NA,NA,1,"sealed",161,0.62001399580126
"594",9983,"trapnest_29",2023-06-11,"NN","J","Mid",4,"a","29_4","29_4a",88.6,142.9,"no change","osmia",1,NA,11,0,0,0,6,2,0,0,NA,NA,NA,1,"sealed",162,0.62001399580126
"595",9984,"trapnest_29",2023-06-12,"NN","J","Mid",4,"a","29_4","29_4a",88.6,142.9,"no change","osmia",0,NA,11,0,0,0,6,2,0,0,NA,NA,NA,1,"sealed",163,0.62001399580126
"596",9985,"trapnest_29",2023-06-15,"NN","J","Mid",4,"a","29_4","29_4a",88.6,142.9,"no change","osmia",0,NA,11,0,0,0,6,2,0,0,NA,NA,NA,1,"sealed",166,0.62001399580126
"597",9986,"trapnest_29",2023-06-19,"NN","J","Mid",4,"a","29_4","29_4a",88.6,142.9,"no change","osmia",0,NA,10,0,0,0,6,2,0,0,NA,NA,NA,1,"sealed",170,0.62001399580126
"598",10060,"trapnest_29",2023-05-25,"NN","J","Mid",7,"a","29_7","29_7a",124.59,147.7,"1 cell","osmia",3,1,12,1,0,1,6,1,0,0,NA,NA,NA,0,"not sealed",145,0.843534190927556
"599",10061,"trapnest_29",2023-05-26,"NN","J","Mid",7,"a","29_7","29_7a",124.59,147.7,"1 cell","osmia",1,NA,12,0,0,0,6,2,0,0,NA,NA,NA,0,"not sealed",146,0.843534190927556
"600",10062,"trapnest_29",2023-05-28,"NN","J","Mid",7,"a","29_7","29_7a",124.59,147.7,"no change","osmia",2,NA,12,0,0,0,6,2,0,0,NA,NA,NA,0,"not sealed",148,0.843534190927556
"601",10063,"trapnest_29",2023-05-29,"NN","J","Mid",7,"a","29_7","29_7a",124.59,147.7,"5 cells","osmia",1,NA,12,0,0,0,6,2,0,0,NA,NA,NA,0,"not sealed",149,0.843534190927556
"602",10064,"trapnest_29",2023-05-31,"NN","J","Mid",7,"a","29_7","29_7a",124.59,147.7,"2 cells + end cap","osmia",2,NA,12,1,0,1,6,2,0,0,NA,NA,NA,1,"sealed",151,0.843534190927556
"603",10164,"trapnest_3",2023-06-02,"BP","A","High",11,"b","3_11","3_11b",18.88,141.84,"2 cells + end cap","osmia",2,1,7,3,0,3,11,5,0,0,1,2,0.5,5,"sealed",153,0.133107727016356
"604",10165,"trapnest_3",2023-06-05,"BP","A","High",11,"b","3_11","3_11b",18.88,141.84,"no change","osmia",1,NA,5,0,0,0,13,7,0,0,1,2,0.5,5,"sealed",156,0.133107727016356
"605",10166,"trapnest_3",2023-06-08,"BP","A","High",11,"b","3_11","3_11b",18.88,141.84,"no change","osmia",2,NA,7,0,0,0,11,6,0,0,1,2,0.5,4,"sealed",159,0.133107727016356
"606",10167,"trapnest_3",2023-06-10,"BP","A","High",11,"b","3_11","3_11b",18.88,141.84,"no change","osmia",0,NA,7,0,0,0,11,6,0,0,1,2,0.5,4,"sealed",161,0.133107727016356
"607",10168,"trapnest_3",2023-06-12,"BP","A","High",11,"b","3_11","3_11b",18.88,141.84,"no change","osmia",1,NA,7,0,0,0,11,6,0,0,1,2,0.5,4,"sealed",163,0.133107727016356
"608",10169,"trapnest_3",2023-06-14,"BP","A","High",11,"b","3_11","3_11b",18.88,141.84,"no change","osmia",0,NA,7,0,0,0,11,6,0,0,1,2,0.5,4,"sealed",165,0.133107727016356
"609",10170,"trapnest_3",2023-06-16,"BP","A","High",11,"b","3_11","3_11b",18.88,141.84,"no change","osmia",1,NA,7,1,0,1,11,6,0,0,1,2,0.5,5,"sealed",167,0.133107727016356
"610",10171,"trapnest_3",2023-06-20,"BP","A","High",11,"b","3_11","3_11b",18.88,141.84,"no change","osmia",3,NA,7,0,0,0,11,6,0,0,1,2,0.5,5,"sealed",171,0.133107727016356
"611",10172,"trapnest_3",2023-06-23,"BP","A","High",11,"b","3_11","3_11b",18.88,141.84,"no change","osmia",3,NA,6,0,0,0,11,6,0,0,1,2,0.5,5,"sealed",174,0.133107727016356
"612",10173,"trapnest_3",2023-06-29,"BP","A","High",11,"b","3_11","3_11b",18.88,141.84,"no change","osmia",1,NA,5,0,0,0,11,6,0,0,1,2,0.5,5,"sealed",180,0.133107727016356
"613",10208,"trapnest_3",2023-05-29,"BP","A","High",13,"b","3_13","3_13b",35,140,"1 cell","osmia",1,1,7,1,0,1,11,2,0,0,NA,NA,NA,2,"not sealed",149,0.25
"614",10209,"trapnest_3",2023-05-31,"BP","A","High",13,"b","3_13","3_13b",35,140,"no change","osmia",2,NA,6,1,0,1,12,3,0,0,NA,NA,NA,3,"not sealed",151,0.25
"615",10210,"trapnest_3",2023-06-02,"BP","A","High",13,"b","3_13","3_13b",35,140,"4 cells + end cap","osmia",2,NA,7,3,0,3,11,5,0,0,NA,NA,NA,5,"sealed",153,0.25
"616",10211,"trapnest_3",2023-06-05,"BP","A","High",13,"b","3_13","3_13b",35,140,"no change","osmia",1,NA,5,0,0,0,13,7,0,0,NA,NA,NA,5,"sealed",156,0.25
"617",10212,"trapnest_3",2023-06-08,"BP","A","High",13,"b","3_13","3_13b",35,140,"no change","osmia",2,NA,7,0,0,0,11,6,0,0,NA,NA,NA,4,"sealed",159,0.25
"618",10213,"trapnest_3",2023-06-10,"BP","A","High",13,"b","3_13","3_13b",35,140,"no change","osmia",0,NA,7,0,0,0,11,6,0,0,NA,NA,NA,4,"sealed",161,0.25
"619",10214,"trapnest_3",2023-06-12,"BP","A","High",13,"b","3_13","3_13b",35,140,"no change","osmia",1,NA,7,0,0,0,11,6,0,0,NA,NA,NA,4,"sealed",163,0.25
"620",10215,"trapnest_3",2023-06-14,"BP","A","High",13,"b","3_13","3_13b",35,140,"no change","osmia",0,NA,7,0,0,0,11,6,0,0,NA,NA,NA,4,"sealed",165,0.25
"621",10216,"trapnest_3",2023-06-16,"BP","A","High",13,"b","3_13","3_13b",35,140,"no change","osmia",1,NA,7,1,0,1,11,6,0,0,NA,NA,NA,5,"sealed",167,0.25
"622",10217,"trapnest_3",2023-06-20,"BP","A","High",13,"b","3_13","3_13b",35,140,"no change","osmia",3,NA,7,0,0,0,11,6,0,0,NA,NA,NA,5,"sealed",171,0.25
"623",10218,"trapnest_3",2023-06-23,"BP","A","High",13,"b","3_13","3_13b",35,140,"no change","osmia",3,NA,6,0,0,0,11,6,0,0,NA,NA,NA,5,"sealed",174,0.25
"624",10219,"trapnest_3",2023-06-29,"BP","A","High",13,"b","3_13","3_13b",35,140,"no change","osmia",1,NA,5,0,0,0,11,6,0,0,NA,NA,NA,5,"sealed",180,0.25
"625",10229,"trapnest_3",2023-05-26,"BP","A","High",14,"a","3_14","3_14a",8.71,142.78,"2 cells","osmia",2,1,7,1,0,1,11,1,0,0,1,2,0.5,2,"not sealed",146,0.0610029415884578
"626",10230,"trapnest_3",2023-05-28,"BP","A","High",14,"a","3_14","3_14a",8.71,142.78,"end cap","osmia",2,NA,7,0,0,0,11,2,0,0,1,2,0.5,2,"sealed",148,0.0610029415884578
"627",10231,"trapnest_3",2023-05-29,"BP","A","High",14,"a","3_14","3_14a",8.71,142.78,"no change","osmia",1,NA,7,1,0,1,11,2,0,0,1,2,0.5,2,"sealed",149,0.0610029415884578
"628",10232,"trapnest_3",2023-05-31,"BP","A","High",14,"a","3_14","3_14a",8.71,142.78,"no change","osmia",2,NA,6,1,0,1,12,3,0,0,1,2,0.5,3,"sealed",151,0.0610029415884578
"629",10233,"trapnest_3",2023-06-02,"BP","A","High",14,"a","3_14","3_14a",8.71,142.78,"no change","osmia",2,NA,7,3,0,3,11,5,0,0,1,2,0.5,5,"sealed",153,0.0610029415884578
"630",10234,"trapnest_3",2023-06-05,"BP","A","High",14,"a","3_14","3_14a",8.71,142.78,"no change","osmia",1,NA,5,0,0,0,13,7,0,0,1,2,0.5,5,"sealed",156,0.0610029415884578
"631",10277,"trapnest_3",2023-06-02,"BP","A","High",16,"b","3_16","3_16b",4.82,143.88,"1 cell","osmia",2,1,7,3,0,3,11,5,0,0,0,1,0,5,"not sealed",153,0.0335001390047262
"632",10278,"trapnest_3",2023-06-05,"BP","A","High",16,"b","3_16","3_16b",4.82,143.88,"no change","osmia",1,NA,5,0,0,0,13,7,0,0,0,1,0,5,"not sealed",156,0.0335001390047262
"633",10279,"trapnest_3",2023-06-08,"BP","A","High",16,"b","3_16","3_16b",4.82,143.88,"no change","osmia",2,NA,7,0,0,0,11,6,0,0,0,1,0,4,"not sealed",159,0.0335001390047262
"634",10280,"trapnest_3",2023-06-10,"BP","A","High",16,"b","3_16","3_16b",4.82,143.88,"no change","osmia",0,NA,7,0,0,0,11,6,0,0,0,1,0,4,"not sealed",161,0.0335001390047262
"635",10281,"trapnest_3",2023-06-12,"BP","A","High",16,"b","3_16","3_16b",4.82,143.88,"no change","osmia",1,NA,7,0,0,0,11,6,0,0,0,1,0,4,"not sealed",163,0.0335001390047262
"636",10282,"trapnest_3",2023-06-14,"BP","A","High",16,"b","3_16","3_16b",4.82,143.88,"no change","osmia",0,NA,7,0,0,0,11,6,0,0,0,1,0,4,"not sealed",165,0.0335001390047262
"637",10283,"trapnest_3",2023-06-16,"BP","A","High",16,"b","3_16","3_16b",4.82,143.88,"no change","osmia",1,NA,7,1,0,1,11,6,0,0,0,1,0,5,"not sealed",167,0.0335001390047262
"638",10284,"trapnest_3",2023-06-20,"BP","A","High",16,"b","3_16","3_16b",4.82,143.88,"no change","osmia",3,NA,7,0,0,0,11,6,0,0,0,1,0,5,"not sealed",171,0.0335001390047262
"639",10285,"trapnest_3",2023-06-23,"BP","A","High",16,"b","3_16","3_16b",4.82,143.88,"no change","osmia",3,NA,6,0,0,0,11,6,0,0,0,1,0,5,"not sealed",174,0.0335001390047262
"640",10286,"trapnest_3",2023-06-29,"BP","A","High",16,"b","3_16","3_16b",4.82,143.88,"no change","osmia",1,NA,5,0,0,0,11,6,0,0,0,1,0,5,"not sealed",180,0.0335001390047262
"641",10318,"trapnest_3",2023-05-23,"BP","A","High",18,"a","3_18","3_18a",61.17,144.35,"1 cell","osmia",1,1,7,1,0,1,11,0,0,0,0,1,0,1,"not sealed",143,0.423761690335989
"642",10319,"trapnest_3",2023-05-26,"BP","A","High",18,"a","3_18","3_18a",61.17,144.35,"3 cells","osmia",2,NA,7,1,0,1,11,1,0,0,0,4,0,2,"not sealed",146,0.423761690335989
"643",10320,"trapnest_3",2023-05-28,"BP","A","High",18,"a","3_18","3_18a",61.17,144.35,"no change","osmia",2,NA,7,0,0,0,11,2,0,0,0,4,0,2,"not sealed",148,0.423761690335989
"644",10321,"trapnest_3",2023-05-29,"BP","A","High",18,"a","3_18","3_18a",61.17,144.35,"4 cells + end cap","osmia",1,NA,7,1,0,1,11,2,0,0,0,8,0,2,"sealed",149,0.423761690335989
"645",10322,"trapnest_3",2023-05-31,"BP","A","High",18,"a","3_18","3_18a",61.17,144.35,"no change","osmia",2,NA,6,1,0,1,12,3,0,0,0,8,0,3,"sealed",151,0.423761690335989
"646",10323,"trapnest_3",2023-06-02,"BP","A","High",18,"a","3_18","3_18a",61.17,144.35,"no change","osmia",2,NA,7,3,0,3,11,5,0,0,0,8,0,5,"sealed",153,0.423761690335989
"647",10324,"trapnest_3",2023-06-05,"BP","A","High",18,"a","3_18","3_18a",61.17,144.35,"no change","osmia",1,NA,5,0,0,0,13,7,0,0,0,8,0,5,"sealed",156,0.423761690335989
"648",10325,"trapnest_3",2023-06-08,"BP","A","High",18,"a","3_18","3_18a",61.17,144.35,"no change","osmia",2,NA,7,0,0,0,11,6,0,0,0,8,0,4,"sealed",159,0.423761690335989
"649",10326,"trapnest_3",2023-06-10,"BP","A","High",18,"a","3_18","3_18a",61.17,144.35,"no change","osmia",0,NA,7,0,0,0,11,6,0,0,0,8,0,4,"sealed",161,0.423761690335989
"650",10327,"trapnest_3",2023-06-12,"BP","A","High",18,"a","3_18","3_18a",61.17,144.35,"no change","osmia",1,NA,7,0,0,0,11,6,0,0,0,8,0,4,"sealed",163,0.423761690335989
"651",10328,"trapnest_3",2023-06-14,"BP","A","High",18,"a","3_18","3_18a",61.17,144.35,"no change","osmia",0,NA,7,0,0,0,11,6,0,0,0,8,0,4,"sealed",165,0.423761690335989
"652",10329,"trapnest_3",2023-06-16,"BP","A","High",18,"a","3_18","3_18a",61.17,144.35,"no change","osmia",1,NA,7,1,0,1,11,6,0,0,0,8,0,5,"sealed",167,0.423761690335989
"653",10330,"trapnest_3",2023-06-20,"BP","A","High",18,"a","3_18","3_18a",61.17,144.35,"no change","osmia",3,NA,7,0,0,0,11,6,0,0,0,8,0,5,"sealed",171,0.423761690335989
"654",10331,"trapnest_3",2023-06-23,"BP","A","High",18,"a","3_18","3_18a",61.17,144.35,"no change","osmia",3,NA,6,0,0,0,11,6,0,0,0,8,0,5,"sealed",174,0.423761690335989
"655",10332,"trapnest_3",2023-06-29,"BP","A","High",18,"a","3_18","3_18a",61.17,144.35,"no change","osmia",1,NA,5,0,0,0,11,6,0,0,0,8,0,5,"sealed",180,0.423761690335989
"656",10368,"trapnest_3",2023-05-31,"BP","A","High",2,"a","3_2","3_2a",46.68,142.17,"2 cells","osmia",2,1,6,1,0,1,12,3,0,0,0,2,0,3,"not sealed",151,0.328339312091159
"657",10369,"trapnest_3",2023-06-02,"BP","A","High",2,"a","3_2","3_2a",46.68,142.17,"3 cells + end cap","osmia",2,NA,7,3,0,3,11,5,0,0,0,5,0,5,"sealed",153,0.328339312091159
"658",10370,"trapnest_3",2023-06-05,"BP","A","High",2,"a","3_2","3_2a",46.68,142.17,"no change","osmia",1,NA,5,0,0,0,13,7,0,0,0,5,0,5,"sealed",156,0.328339312091159
"659",10371,"trapnest_3",2023-06-08,"BP","A","High",2,"a","3_2","3_2a",46.68,142.17,"no change","osmia",2,NA,7,0,0,0,11,6,0,0,0,5,0,4,"sealed",159,0.328339312091159
"660",10372,"trapnest_3",2023-06-10,"BP","A","High",2,"a","3_2","3_2a",46.68,142.17,"no change","osmia",0,NA,7,0,0,0,11,6,0,0,0,5,0,4,"sealed",161,0.328339312091159
"661",10373,"trapnest_3",2023-06-12,"BP","A","High",2,"a","3_2","3_2a",46.68,142.17,"no change","osmia",1,NA,7,0,0,0,11,6,0,0,0,5,0,4,"sealed",163,0.328339312091159
"662",10374,"trapnest_3",2023-06-14,"BP","A","High",2,"a","3_2","3_2a",46.68,142.17,"no change","osmia",0,NA,7,0,0,0,11,6,0,0,0,5,0,4,"sealed",165,0.328339312091159
"663",10375,"trapnest_3",2023-06-16,"BP","A","High",2,"a","3_2","3_2a",46.68,142.17,"no change","osmia",1,NA,7,1,0,1,11,6,0,0,0,5,0,5,"sealed",167,0.328339312091159
"664",10376,"trapnest_3",2023-06-20,"BP","A","High",2,"a","3_2","3_2a",46.68,142.17,"no change","osmia",3,NA,7,0,0,0,11,6,0,0,0,5,0,5,"sealed",171,0.328339312091159
"665",10377,"trapnest_3",2023-06-23,"BP","A","High",2,"a","3_2","3_2a",46.68,142.17,"no change","osmia",3,NA,6,0,0,0,11,6,0,0,0,5,0,5,"sealed",174,0.328339312091159
"666",10378,"trapnest_3",2023-06-29,"BP","A","High",2,"a","3_2","3_2a",46.68,142.17,"no change","osmia",1,NA,5,0,0,0,11,6,0,0,0,5,0,5,"sealed",180,0.328339312091159
"667",10535,"trapnest_3",2023-06-16,"BP","A","High",9,"b","3_9","3_9b",72.46,139.75,"1 cell","osmia",1,1,7,1,0,1,11,6,0,0,0,1,0,5,"not sealed",167,0.518497316636852
"668",10536,"trapnest_3",2023-06-20,"BP","A","High",9,"b","3_9","3_9b",72.46,139.75,"no change","osmia",3,NA,7,0,0,0,11,6,0,0,0,1,0,5,"not sealed",171,0.518497316636852
"669",10537,"trapnest_3",2023-06-23,"BP","A","High",9,"b","3_9","3_9b",72.46,139.75,"3 cells","osmia",3,NA,6,0,0,0,11,6,0,0,0,4,0,5,"not sealed",174,0.518497316636852
"670",10538,"trapnest_3",2023-06-29,"BP","A","High",9,"b","3_9","3_9b",72.46,139.75,"6 cells","osmia",1,NA,5,0,0,0,11,6,0,0,0,9,0,5,"not sealed",180,0.518497316636852
"671",10591,"trapnest_30",2023-06-30,"NN","J","High",11,"b","30_11","30_11b",17.33,136.94,"3 cells","megachile",1,1,4,0,1,1,11,0,2,2,NA,NA,NA,1,"not sealed",181,0.126551774499781
"672",10592,"trapnest_30",2023-07-03,"NN","J","High",11,"b","30_11","30_11b",17.33,136.94,"no change","megachile",2,NA,5,0,0,0,10,0,2,2,NA,NA,NA,0,"not sealed",184,0.126551774499781
"673",10593,"trapnest_30",2023-07-04,"NN","J","High",11,"b","30_11","30_11b",17.33,136.94,"no change","megachile",1,NA,5,0,0,0,10,0,2,2,NA,NA,NA,0,"not sealed",185,0.126551774499781
"674",10594,"trapnest_30",2023-07-06,"NN","J","High",11,"b","30_11","30_11b",17.33,136.94,"no change","megachile",2,NA,5,0,0,0,10,0,2,2,NA,NA,NA,0,"not sealed",187,0.126551774499781
"675",10989,"trapnest_30",2023-06-22,"NN","J","High",7,"a","30_7","30_7a",90.87,147.57,"inner wall","megachile",3,1,3.5,0,2,2,11,0,0.5,0.5,NA,NA,NA,1,"not sealed",173,0.615775564139053
"676",10990,"trapnest_30",2023-06-23,"NN","J","High",7,"a","30_7","30_7a",90.87,147.57,"no change","megachile",1,NA,4,0,0,0,11,0,2,2,NA,NA,NA,1,"not sealed",174,0.615775564139053
"677",10991,"trapnest_30",2023-06-30,"NN","J","High",7,"a","30_7","30_7a",90.87,147.57,"7 cells","megachile",1,NA,4,0,1,1,11,0,2,2,NA,NA,NA,1,"not sealed",181,0.615775564139053
"678",10992,"trapnest_30",2023-07-03,"NN","J","High",7,"a","30_7","30_7a",90.87,147.57,"no change","megachile",2,NA,5,0,0,0,10,0,2,2,NA,NA,NA,0,"not sealed",184,0.615775564139053
"679",10993,"trapnest_30",2023-07-04,"NN","J","High",7,"a","30_7","30_7a",90.87,147.57,"no change","megachile",1,NA,5,0,0,0,10,0,2,2,NA,NA,NA,0,"not sealed",185,0.615775564139053
"680",10994,"trapnest_30",2023-07-06,"NN","J","High",7,"a","30_7","30_7a",90.87,147.57,"no change","megachile",2,NA,5,0,0,0,10,0,2,2,NA,NA,NA,0,"not sealed",187,0.615775564139053
"681",12018,"trapnest_32",2023-06-01,"NN","K","Mid",8,"b","32_8","32_8b",17.37,61.84,"2 cells + end cap","osmia",1,1,11,1,0,1,7,4,0,0,0,2,0,1,"sealed",152,0.280886157826649
"682",12019,"trapnest_32",2023-06-04,"NN","K","Mid",8,"b","32_8","32_8b",17.37,61.84,"no change","osmia",3,NA,11,0,0,0,7,2,0,0,0,2,0,1,"sealed",155,0.280886157826649
"683",12020,"trapnest_32",2023-06-05,"NN","K","Mid",8,"b","32_8","32_8b",17.37,61.84,"no change","osmia",1,NA,12,0,0,0,6,2,0,0,0,2,0,1,"sealed",156,0.280886157826649
"684",12021,"trapnest_32",2023-06-08,"NN","K","Mid",8,"b","32_8","32_8b",17.37,61.84,"no change","osmia",2,NA,12,0,0,0,6,2,0,0,0,2,0,1,"sealed",159,0.280886157826649
"685",12022,"trapnest_32",2023-06-10,"NN","K","Mid",8,"b","32_8","32_8b",17.37,61.84,"no change","osmia",0,NA,12,0,0,0,6,2,0,0,0,2,0,1,"sealed",161,0.280886157826649
"686",12023,"trapnest_32",2023-06-11,"NN","K","Mid",8,"b","32_8","32_8b",17.37,61.84,"no change","osmia",1,NA,12,0,0,0,6,2,0,0,0,2,0,1,"sealed",162,0.280886157826649
"687",12024,"trapnest_32",2023-06-12,"NN","K","Mid",8,"b","32_8","32_8b",17.37,61.84,"no change","osmia",0,NA,12,0,0,0,6,2,0,0,0,2,0,1,"sealed",163,0.280886157826649
"688",12025,"trapnest_32",2023-06-15,"NN","K","Mid",8,"b","32_8","32_8b",17.37,61.84,"no change","osmia",0,NA,11,0,0,0,6,2,0,0,0,2,0,1,"sealed",166,0.280886157826649
"689",12026,"trapnest_32",2023-06-19,"NN","K","Mid",8,"b","32_8","32_8b",17.37,61.84,"no change","osmia",0,NA,11,0,0,0,6,2,0,0,0,2,0,1,"sealed",170,0.280886157826649
"690",12027,"trapnest_32",2023-06-22,"NN","K","Mid",8,"b","32_8","32_8b",17.37,61.84,"no change","osmia",3,NA,11,0,0,0,6,2,0,0,0,2,0,1,"sealed",173,0.280886157826649
"691",12028,"trapnest_32",2023-06-23,"NN","K","Mid",8,"b","32_8","32_8b",17.37,61.84,"no change","osmia",1,NA,11,0,0,0,6,2,0,0,0,2,0,1,"sealed",174,0.280886157826649
"692",12029,"trapnest_32",2023-06-30,"NN","K","Mid",8,"b","32_8","32_8b",17.37,61.84,"no change","osmia",1,NA,9,0,0,0,6,2,0,0,0,2,0,1,"sealed",181,0.280886157826649
"693",12030,"trapnest_32",2023-07-03,"NN","K","Mid",8,"b","32_8","32_8b",17.37,61.84,"no change","osmia",2,NA,11,0,0,0,6,1,0,0,0,2,0,1,"sealed",184,0.280886157826649
"694",12031,"trapnest_32",2023-07-04,"NN","K","Mid",8,"b","32_8","32_8b",17.37,61.84,"no change","osmia",1,NA,10,0,0,0,6,1,0,0,0,2,0,1,"sealed",185,0.280886157826649
"695",12032,"trapnest_32",2023-07-06,"NN","K","Mid",8,"b","32_8","32_8b",17.37,61.84,"no change","osmia",2,NA,9,0,0,0,6,1,0,0,0,2,0,1,"sealed",187,0.280886157826649
"696",13521,"trapnest_35",2023-06-22,"NN","L","Mid",7,"a","35_7","35_7a",4.98,141.88,"1 cell","osmia",3,1,8,1,0,1,6,1,0,0,0,1,0,2,"not sealed",173,0.0351000845785171
"697",13522,"trapnest_35",2023-06-23,"NN","L","Mid",7,"a","35_7","35_7a",4.98,141.88,"no change","osmia",1,NA,8,0,0,0,7,2,0,0,0,1,0,2,"not sealed",174,0.0351000845785171
"698",13523,"trapnest_35",2023-06-30,"NN","L","Mid",7,"a","35_7","35_7a",4.98,141.88,"no change","osmia",1,NA,6,0,0,0,7,2,0,0,0,1,0,2,"not sealed",181,0.0351000845785171
"699",13524,"trapnest_35",2023-07-03,"NN","L","Mid",7,"a","35_7","35_7a",4.98,141.88,"no change","osmia",2,NA,10,0,0,0,6,2,0,0,0,1,0,2,"not sealed",184,0.0351000845785171
"700",13525,"trapnest_35",2023-07-04,"NN","L","Mid",7,"a","35_7","35_7a",4.98,141.88,"non-target nest completed","osmia",1,NA,10,0,0,0,6,2,0,0,0,1,0,2,"not sealed",185,0.0351000845785171
"701",13526,"trapnest_35",2023-07-06,"NN","L","Mid",7,"a","35_7","35_7a",4.98,141.88,"no change","osmia",2,NA,12,1,0,1,6,2,0,0,0,1,0,3,"not sealed",187,0.0351000845785171
"702",13584,"trapnest_35",2023-07-06,"NN","L","Mid",9,"c","35_9","35_9c",9.77,144.43,"1 cell","osmia",2,1,12,1,0,1,6,2,0,0,0,1,0,3,"not sealed",187,0.0676452260610676
"703",13685,"trapnest_36",2023-06-04,"NN","L","High",13,"b","36_13","36_13b",38.51,140.74,"3 cells + end cap","osmia",3,1,7,1,0,1,11,6,0,0,0,3,0,6,"sealed",155,0.27362512434276
"704",13686,"trapnest_36",2023-06-05,"NN","L","High",13,"b","36_13","36_13b",38.51,140.74,"no change","osmia",1,NA,7,0,0,0,11,6,0,0,0,3,0,6,"sealed",156,0.27362512434276
"705",13687,"trapnest_36",2023-06-08,"NN","L","High",13,"b","36_13","36_13b",38.51,140.74,"no change","osmia",2,NA,7,1,0,1,11,6,0,0,0,3,0,7,"sealed",159,0.27362512434276
"706",13688,"trapnest_36",2023-06-10,"NN","L","High",13,"b","36_13","36_13b",38.51,140.74,"no change","osmia",0,NA,7,0,0,0,11,7,0,0,0,3,0,7,"sealed",161,0.27362512434276
"707",13689,"trapnest_36",2023-06-11,"NN","L","High",13,"b","36_13","36_13b",38.51,140.74,"no change","osmia",1,NA,7,0,0,0,11,7,0,0,0,3,0,7,"sealed",162,0.27362512434276
"708",13690,"trapnest_36",2023-06-12,"NN","L","High",13,"b","36_13","36_13b",38.51,140.74,"no change","osmia",0,NA,7,0,0,0,11,7,0,0,0,3,0,7,"sealed",163,0.27362512434276
"709",13691,"trapnest_36",2023-06-15,"NN","L","High",13,"b","36_13","36_13b",38.51,140.74,"no change","osmia",0,NA,7,0,0,0,11,7,0,0,0,3,0,7,"sealed",166,0.27362512434276
"710",13692,"trapnest_36",2023-06-19,"NN","L","High",13,"b","36_13","36_13b",38.51,140.74,"no change","osmia",0,NA,7,0,0,0,11,7,0,0,0,3,0,7,"sealed",170,0.27362512434276
"711",13693,"trapnest_36",2023-06-22,"NN","L","High",13,"b","36_13","36_13b",38.51,140.74,"no change","osmia",3,NA,6,1,0,1,11,7,0,0,0,3,0,8,"sealed",173,0.27362512434276
"712",13694,"trapnest_36",2023-06-23,"NN","L","High",13,"b","36_13","36_13b",38.51,140.74,"no change","osmia",1,NA,6,0,0,0,11,7,0,0,0,3,0,7,"sealed",174,0.27362512434276
"713",13695,"trapnest_36",2023-06-30,"NN","L","High",13,"b","36_13","36_13b",38.51,140.74,"no change","osmia",1,NA,5,0,0,0,11,7,0,0,0,3,0,7,"sealed",181,0.27362512434276
"714",13696,"trapnest_36",2023-07-03,"NN","L","High",13,"b","36_13","36_13b",38.51,140.74,"no change","osmia",2,NA,6,0,0,0,11,7,0,0,0,3,0,7,"sealed",184,0.27362512434276
"715",13697,"trapnest_36",2023-07-04,"NN","L","High",13,"b","36_13","36_13b",38.51,140.74,"no change","osmia",1,NA,5,0,0,0,11,7,0,0,0,3,0,7,"sealed",185,0.27362512434276
"716",13698,"trapnest_36",2023-07-06,"NN","L","High",13,"b","36_13","36_13b",38.51,140.74,"no change","osmia",2,NA,7,0,0,0,11,7,0,0,0,3,0,7,"sealed",187,0.27362512434276
"717",13745,"trapnest_36",2023-06-08,"NN","L","High",15,"b","36_15","36_15b",12.03,143.21,"2 cells","osmia",2,1,7,1,0,1,11,6,0,0,0,2,0,7,"not sealed",159,0.0840025137909364
"718",13746,"trapnest_36",2023-06-10,"NN","L","High",15,"b","36_15","36_15b",12.03,143.21,"no change","osmia",0,NA,7,0,0,0,11,7,0,0,0,2,0,7,"not sealed",161,0.0840025137909364
"719",13747,"trapnest_36",2023-06-11,"NN","L","High",15,"b","36_15","36_15b",12.03,143.21,"no change","osmia",1,NA,7,0,0,0,11,7,0,0,0,2,0,7,"not sealed",162,0.0840025137909364
"720",13748,"trapnest_36",2023-06-12,"NN","L","High",15,"b","36_15","36_15b",12.03,143.21,"no change","osmia",0,NA,7,0,0,0,11,7,0,0,0,2,0,7,"not sealed",163,0.0840025137909364
"721",13749,"trapnest_36",2023-06-15,"NN","L","High",15,"b","36_15","36_15b",12.03,143.21,"no change","osmia",0,NA,7,0,0,0,11,7,0,0,0,2,0,7,"not sealed",166,0.0840025137909364
"722",13750,"trapnest_36",2023-06-19,"NN","L","High",15,"b","36_15","36_15b",12.03,143.21,"no change","osmia",0,NA,7,0,0,0,11,7,0,0,0,2,0,7,"not sealed",170,0.0840025137909364
"723",13751,"trapnest_36",2023-06-22,"NN","L","High",15,"b","36_15","36_15b",12.03,143.21,"no change","osmia",3,NA,6,1,0,1,11,7,0,0,0,2,0,8,"not sealed",173,0.0840025137909364
"724",13752,"trapnest_36",2023-06-23,"NN","L","High",15,"b","36_15","36_15b",12.03,143.21,"no change","osmia",1,NA,6,0,0,0,11,7,0,0,0,2,0,7,"not sealed",174,0.0840025137909364
"725",13753,"trapnest_36",2023-06-30,"NN","L","High",15,"b","36_15","36_15b",12.03,143.21,"no change","osmia",1,NA,5,0,0,0,11,7,0,0,0,2,0,7,"not sealed",181,0.0840025137909364
"726",13754,"trapnest_36",2023-07-03,"NN","L","High",15,"b","36_15","36_15b",12.03,143.21,"no change","osmia",2,NA,6,0,0,0,11,7,0,0,0,2,0,7,"not sealed",184,0.0840025137909364
"727",13755,"trapnest_36",2023-07-04,"NN","L","High",15,"b","36_15","36_15b",12.03,143.21,"no change","osmia",1,NA,5,0,0,0,11,7,0,0,0,2,0,7,"not sealed",185,0.0840025137909364
"728",13756,"trapnest_36",2023-07-06,"NN","L","High",15,"b","36_15","36_15b",12.03,143.21,"no change","osmia",2,NA,7,0,0,0,11,7,0,0,0,2,0,7,"not sealed",187,0.0840025137909364
"729",13851,"trapnest_36",2023-05-29,"NN","L","High",1,"a","36_1","36_1a",86.14,144.22,"1 cell","osmia",1,1,6.5,2,0,2,11.5,0.5,0,0,0,1,0,2,"not sealed",149,0.597281930384135
"730",13852,"trapnest_36",2023-05-31,"NN","L","High",1,"a","36_1","36_1a",86.14,144.22,"5 cells","osmia",2,NA,6,5,0,5,12,3,0,0,0,6,0,4,"not sealed",151,0.597281930384135
"731",13853,"trapnest_36",2023-06-01,"NN","L","High",1,"a","36_1","36_1a",86.14,144.22,"3 cells + end cap","osmia",1,NA,5,0,0,0,13,6,0,0,0,9,0,4,"sealed",152,0.597281930384135
"732",13854,"trapnest_36",2023-06-04,"NN","L","High",1,"a","36_1","36_1a",86.14,144.22,"no change","osmia",3,NA,7,1,0,1,11,6,0,0,0,9,0,6,"sealed",155,0.597281930384135
"733",13855,"trapnest_36",2023-06-05,"NN","L","High",1,"a","36_1","36_1a",86.14,144.22,"no change","osmia",1,NA,7,0,0,0,11,6,0,0,0,9,0,6,"sealed",156,0.597281930384135
"734",13856,"trapnest_36",2023-06-08,"NN","L","High",1,"a","36_1","36_1a",86.14,144.22,"no change","osmia",2,NA,7,1,0,1,11,6,0,0,0,9,0,7,"sealed",159,0.597281930384135
"735",13857,"trapnest_36",2023-06-10,"NN","L","High",1,"a","36_1","36_1a",86.14,144.22,"no change","osmia",0,NA,7,0,0,0,11,7,0,0,0,9,0,7,"sealed",161,0.597281930384135
"736",13858,"trapnest_36",2023-06-11,"NN","L","High",1,"a","36_1","36_1a",86.14,144.22,"no change","osmia",1,NA,7,0,0,0,11,7,0,0,0,9,0,7,"sealed",162,0.597281930384135
"737",13859,"trapnest_36",2023-06-12,"NN","L","High",1,"a","36_1","36_1a",86.14,144.22,"no change","osmia",0,NA,7,0,0,0,11,7,0,0,0,9,0,7,"sealed",163,0.597281930384135
"738",13860,"trapnest_36",2023-06-15,"NN","L","High",1,"a","36_1","36_1a",86.14,144.22,"no change","osmia",0,NA,7,0,0,0,11,7,0,0,0,9,0,7,"sealed",166,0.597281930384135
"739",13861,"trapnest_36",2023-06-19,"NN","L","High",1,"a","36_1","36_1a",86.14,144.22,"no change","osmia",0,NA,7,0,0,0,11,7,0,0,0,9,0,7,"sealed",170,0.597281930384135
"740",13862,"trapnest_36",2023-06-22,"NN","L","High",1,"a","36_1","36_1a",86.14,144.22,"no change","osmia",3,NA,6,1,0,1,11,7,0,0,0,9,0,8,"sealed",173,0.597281930384135
"741",13863,"trapnest_36",2023-06-23,"NN","L","High",1,"a","36_1","36_1a",86.14,144.22,"no change","osmia",1,NA,6,0,0,0,11,7,0,0,0,9,0,7,"sealed",174,0.597281930384135
"742",13864,"trapnest_36",2023-06-30,"NN","L","High",1,"a","36_1","36_1a",86.14,144.22,"no change","osmia",1,NA,5,0,0,0,11,7,0,0,0,9,0,7,"sealed",181,0.597281930384135
"743",13865,"trapnest_36",2023-07-03,"NN","L","High",1,"a","36_1","36_1a",86.14,144.22,"no change","osmia",2,NA,6,0,0,0,11,7,0,0,0,9,0,7,"sealed",184,0.597281930384135
"744",13866,"trapnest_36",2023-07-04,"NN","L","High",1,"a","36_1","36_1a",86.14,144.22,"no change","osmia",1,NA,5,0,0,0,11,7,0,0,0,9,0,7,"sealed",185,0.597281930384135
"745",13867,"trapnest_36",2023-07-06,"NN","L","High",1,"a","36_1","36_1a",86.14,144.22,"no change","osmia",2,NA,7,0,0,0,11,7,0,0,0,9,0,7,"sealed",187,0.597281930384135
"746",13910,"trapnest_36",2023-05-31,"NN","L","High",3,"b","36_3","36_3b",81.83,148.15,"inner wall","osmia",2,1,6,5,0,5,12,3,0,0,NA,NA,NA,4,"not sealed",151,0.552345595680054
"747",13911,"trapnest_36",2023-06-01,"NN","L","High",3,"b","36_3","36_3b",81.83,148.15,"no change","osmia",1,NA,5,0,0,0,13,6,0,0,NA,NA,NA,4,"not sealed",152,0.552345595680054
"748",13912,"trapnest_36",2023-06-04,"NN","L","High",3,"b","36_3","36_3b",81.83,148.15,"4 cells","osmia",3,NA,7,1,0,1,11,6,0,0,0,4,0,6,"not sealed",155,0.552345595680054
"749",13913,"trapnest_36",2023-06-05,"NN","L","High",3,"b","36_3","36_3b",81.83,148.15,"no change","osmia",1,NA,7,0,0,0,11,6,0,0,0,4,0,6,"not sealed",156,0.552345595680054
"750",13914,"trapnest_36",2023-06-08,"NN","L","High",3,"b","36_3","36_3b",81.83,148.15,"2 cells","osmia",2,NA,7,1,0,1,11,6,0,0,0,6,0,7,"not sealed",159,0.552345595680054
"751",13915,"trapnest_36",2023-06-10,"NN","L","High",3,"b","36_3","36_3b",81.83,148.15,"no change","osmia",0,NA,7,0,0,0,11,7,0,0,0,6,0,7,"not sealed",161,0.552345595680054
"752",13916,"trapnest_36",2023-06-11,"NN","L","High",3,"b","36_3","36_3b",81.83,148.15,"2 cells","osmia",1,NA,7,0,0,0,11,7,0,0,0,8,0,7,"not sealed",162,0.552345595680054
"753",13917,"trapnest_36",2023-06-12,"NN","L","High",3,"b","36_3","36_3b",81.83,148.15,"no change","osmia",0,NA,7,0,0,0,11,7,0,0,0,8,0,7,"not sealed",163,0.552345595680054
"754",13918,"trapnest_36",2023-06-15,"NN","L","High",3,"b","36_3","36_3b",81.83,148.15,"1 cell + end cap","osmia",0,NA,7,0,0,0,11,7,0,0,0,9,0,7,"sealed",166,0.552345595680054
"755",13919,"trapnest_36",2023-06-19,"NN","L","High",3,"b","36_3","36_3b",81.83,148.15,"no change","osmia",0,NA,7,0,0,0,11,7,0,0,0,9,0,7,"sealed",170,0.552345595680054
"756",13920,"trapnest_36",2023-06-22,"NN","L","High",3,"b","36_3","36_3b",81.83,148.15,"no change","osmia",3,NA,6,1,0,1,11,7,0,0,0,9,0,8,"sealed",173,0.552345595680054
"757",13921,"trapnest_36",2023-06-23,"NN","L","High",3,"b","36_3","36_3b",81.83,148.15,"no change","osmia",1,NA,6,0,0,0,11,7,0,0,0,9,0,7,"sealed",174,0.552345595680054
"758",13922,"trapnest_36",2023-06-30,"NN","L","High",3,"b","36_3","36_3b",81.83,148.15,"no change","osmia",1,NA,5,0,0,0,11,7,0,0,0,9,0,7,"sealed",181,0.552345595680054
"759",13923,"trapnest_36",2023-07-03,"NN","L","High",3,"b","36_3","36_3b",81.83,148.15,"no change","osmia",2,NA,6,0,0,0,11,7,0,0,0,9,0,7,"sealed",184,0.552345595680054
"760",13924,"trapnest_36",2023-07-04,"NN","L","High",3,"b","36_3","36_3b",81.83,148.15,"no change","osmia",1,NA,5,0,0,0,11,7,0,0,0,9,0,7,"sealed",185,0.552345595680054
"761",13925,"trapnest_36",2023-07-06,"NN","L","High",3,"b","36_3","36_3b",81.83,148.15,"no change","osmia",2,NA,7,0,0,0,11,7,0,0,0,9,0,7,"sealed",187,0.552345595680054
"762",13939,"trapnest_36",2023-05-31,"NN","L","High",4,"b","36_4","36_4b",60.97,136.39,"1 cell","osmia",2,1,6,5,0,5,12,3,0,0,0,1,0,4,"not sealed",151,0.447026908131095
"763",13940,"trapnest_36",2023-06-01,"NN","L","High",4,"b","36_4","36_4b",60.97,136.39,"4 cells","osmia",1,NA,5,0,0,0,13,6,0,0,1,5,0.2,4,"not sealed",152,0.447026908131095
"764",13941,"trapnest_36",2023-06-04,"NN","L","High",4,"b","36_4","36_4b",60.97,136.39,"1 cell + end cap","osmia",3,NA,7,1,0,1,11,6,0,0,1,6,0.166666666666667,6,"sealed",155,0.447026908131095
"765",13942,"trapnest_36",2023-06-05,"NN","L","High",4,"b","36_4","36_4b",60.97,136.39,"no change","osmia",1,NA,7,0,0,0,11,6,0,0,1,6,0.166666666666667,6,"sealed",156,0.447026908131095
"766",13943,"trapnest_36",2023-06-08,"NN","L","High",4,"b","36_4","36_4b",60.97,136.39,"no change","osmia",2,NA,7,1,0,1,11,6,0,0,1,6,0.166666666666667,7,"sealed",159,0.447026908131095
"767",13944,"trapnest_36",2023-06-10,"NN","L","High",4,"b","36_4","36_4b",60.97,136.39,"no change","osmia",0,NA,7,0,0,0,11,7,0,0,1,6,0.166666666666667,7,"sealed",161,0.447026908131095
"768",13945,"trapnest_36",2023-06-11,"NN","L","High",4,"b","36_4","36_4b",60.97,136.39,"no change","osmia",1,NA,7,0,0,0,11,7,0,0,1,6,0.166666666666667,7,"sealed",162,0.447026908131095
"769",13946,"trapnest_36",2023-06-12,"NN","L","High",4,"b","36_4","36_4b",60.97,136.39,"no change","osmia",0,NA,7,0,0,0,11,7,0,0,1,6,0.166666666666667,7,"sealed",163,0.447026908131095
"770",13947,"trapnest_36",2023-06-15,"NN","L","High",4,"b","36_4","36_4b",60.97,136.39,"no change","osmia",0,NA,7,0,0,0,11,7,0,0,1,6,0.166666666666667,7,"sealed",166,0.447026908131095
"771",13948,"trapnest_36",2023-06-19,"NN","L","High",4,"b","36_4","36_4b",60.97,136.39,"no change","osmia",0,NA,7,0,0,0,11,7,0,0,1,6,0.166666666666667,7,"sealed",170,0.447026908131095
"772",13949,"trapnest_36",2023-06-22,"NN","L","High",4,"b","36_4","36_4b",60.97,136.39,"no change","osmia",3,NA,6,1,0,1,11,7,0,0,1,6,0.166666666666667,8,"sealed",173,0.447026908131095
"773",13950,"trapnest_36",2023-06-23,"NN","L","High",4,"b","36_4","36_4b",60.97,136.39,"no change","osmia",1,NA,6,0,0,0,11,7,0,0,1,6,0.166666666666667,7,"sealed",174,0.447026908131095
"774",13951,"trapnest_36",2023-06-30,"NN","L","High",4,"b","36_4","36_4b",60.97,136.39,"no change","osmia",1,NA,5,0,0,0,11,7,0,0,1,6,0.166666666666667,7,"sealed",181,0.447026908131095
"775",13952,"trapnest_36",2023-07-03,"NN","L","High",4,"b","36_4","36_4b",60.97,136.39,"no change","osmia",2,NA,6,0,0,0,11,7,0,0,1,6,0.166666666666667,7,"sealed",184,0.447026908131095
"776",13953,"trapnest_36",2023-07-04,"NN","L","High",4,"b","36_4","36_4b",60.97,136.39,"no change","osmia",1,NA,5,0,0,0,11,7,0,0,1,6,0.166666666666667,7,"sealed",185,0.447026908131095
"777",13954,"trapnest_36",2023-07-06,"NN","L","High",4,"b","36_4","36_4b",60.97,136.39,"no change","osmia",2,NA,7,0,0,0,11,7,0,0,1,6,0.166666666666667,7,"sealed",187,0.447026908131095
"778",13996,"trapnest_36",2023-05-29,"NN","L","High",6,"a","36_6","36_6a",48,146.43,"1 cell","osmia",1,1,6.5,2,0,2,11.5,0.5,0,0,0,1,0,2,"not sealed",149,0.32780167998361
"779",13997,"trapnest_36",2023-05-31,"NN","L","High",6,"a","36_6","36_6a",48,146.43,"no change","osmia",2,NA,6,5,0,5,12,3,0,0,0,1,0,4,"not sealed",151,0.32780167998361
"780",13998,"trapnest_36",2023-06-01,"NN","L","High",6,"a","36_6","36_6a",48,146.43,"1 cell","osmia",1,NA,5,0,0,0,13,6,0,0,1,2,0.5,4,"not sealed",152,0.32780167998361
"781",13999,"trapnest_36",2023-06-04,"NN","L","High",6,"a","36_6","36_6a",48,146.43,"4 cells","osmia",3,NA,7,1,0,1,11,6,0,0,2,4,0.5,6,"not sealed",155,0.32780167998361
"782",14000,"trapnest_36",2023-06-05,"NN","L","High",6,"a","36_6","36_6a",48,146.43,"no change","osmia",1,NA,7,0,0,0,11,6,0,0,2,4,0.5,6,"not sealed",156,0.32780167998361
"783",14001,"trapnest_36",2023-06-08,"NN","L","High",6,"a","36_6","36_6a",48,146.43,"no change","osmia",2,NA,7,1,0,1,11,6,0,0,2,4,0.5,7,"not sealed",159,0.32780167998361
"784",14002,"trapnest_36",2023-06-10,"NN","L","High",6,"a","36_6","36_6a",48,146.43,"no change","osmia",0,NA,7,0,0,0,11,7,0,0,2,4,0.5,7,"not sealed",161,0.32780167998361
"785",14003,"trapnest_36",2023-06-11,"NN","L","High",6,"a","36_6","36_6a",48,146.43,"no change","osmia",1,NA,7,0,0,0,11,7,0,0,2,4,0.5,7,"not sealed",162,0.32780167998361
"786",14004,"trapnest_36",2023-06-12,"NN","L","High",6,"a","36_6","36_6a",48,146.43,"no change","osmia",0,NA,7,0,0,0,11,7,0,0,2,4,0.5,7,"not sealed",163,0.32780167998361
"787",14005,"trapnest_36",2023-06-15,"NN","L","High",6,"a","36_6","36_6a",48,146.43,"no change","osmia",0,NA,7,0,0,0,11,7,0,0,2,4,0.5,7,"not sealed",166,0.32780167998361
"788",14006,"trapnest_36",2023-06-19,"NN","L","High",6,"a","36_6","36_6a",48,146.43,"end cap","osmia",0,NA,7,0,0,0,11,7,0,0,2,4,0.5,7,"sealed",170,0.32780167998361
"789",14007,"trapnest_36",2023-06-22,"NN","L","High",6,"a","36_6","36_6a",48,146.43,"no change","osmia",3,NA,6,1,0,1,11,7,0,0,2,4,0.5,8,"sealed",173,0.32780167998361
"790",14065,"trapnest_36",2023-06-22,"NN","L","High",8,"b","36_8","36_8b",9.14,138.49,"1 cell","osmia",3,1,6,1,0,1,11,7,0,0,0,1,0,8,"not sealed",173,0.0659975449490938
"791",14066,"trapnest_36",2023-06-23,"NN","L","High",8,"b","36_8","36_8b",9.14,138.49,"no change","osmia",1,NA,6,0,0,0,11,7,0,0,0,1,0,7,"not sealed",174,0.0659975449490938
"792",14067,"trapnest_36",2023-06-30,"NN","L","High",8,"b","36_8","36_8b",9.14,138.49,"1 cell","osmia",1,NA,5,0,0,0,11,7,0,0,0,2,0,7,"not sealed",181,0.0659975449490938
"793",14068,"trapnest_36",2023-07-03,"NN","L","High",8,"b","36_8","36_8b",9.14,138.49,"no change","osmia",2,NA,6,0,0,0,11,7,0,0,0,2,0,7,"not sealed",184,0.0659975449490938
"794",14069,"trapnest_36",2023-07-04,"NN","L","High",8,"b","36_8","36_8b",9.14,138.49,"no change","osmia",1,NA,5,0,0,0,11,7,0,0,0,2,0,7,"not sealed",185,0.0659975449490938
"795",14070,"trapnest_36",2023-07-06,"NN","L","High",8,"b","36_8","36_8b",9.14,138.49,"no change","osmia",2,NA,7,0,0,0,11,7,0,0,0,2,0,7,"not sealed",187,0.0659975449490938
"796",14084,"trapnest_36",2023-05-31,"NN","L","High",9,"a","36_9","36_9a",29.63,143.68,"2 cells","osmia",2,1,6,5,0,5,12,3,0,0,1,2,0.5,4,"not sealed",151,0.206222160356347
"797",14085,"trapnest_36",2023-06-01,"NN","L","High",9,"a","36_9","36_9a",29.63,143.68,"no change","osmia",1,NA,5,0,0,0,13,6,0,0,1,2,0.5,4,"not sealed",152,0.206222160356347
"798",14086,"trapnest_36",2023-06-04,"NN","L","High",9,"a","36_9","36_9a",29.63,143.68,"no change","osmia",3,NA,7,1,0,1,11,6,0,0,1,2,0.5,6,"not sealed",155,0.206222160356347
"799",14087,"trapnest_36",2023-06-05,"NN","L","High",9,"a","36_9","36_9a",29.63,143.68,"no change","osmia",1,NA,7,0,0,0,11,6,0,0,1,2,0.5,6,"not sealed",156,0.206222160356347
"800",14088,"trapnest_36",2023-06-08,"NN","L","High",9,"a","36_9","36_9a",29.63,143.68,"no change","osmia",2,NA,7,1,0,1,11,6,0,0,1,2,0.5,7,"not sealed",159,0.206222160356347
"801",14089,"trapnest_36",2023-06-10,"NN","L","High",9,"a","36_9","36_9a",29.63,143.68,"no change","osmia",0,NA,7,0,0,0,11,7,0,0,1,2,0.5,7,"not sealed",161,0.206222160356347
"802",14090,"trapnest_36",2023-06-11,"NN","L","High",9,"a","36_9","36_9a",29.63,143.68,"no change","osmia",1,NA,7,0,0,0,11,7,0,0,1,2,0.5,7,"not sealed",162,0.206222160356347
"803",14091,"trapnest_36",2023-06-12,"NN","L","High",9,"a","36_9","36_9a",29.63,143.68,"no change","osmia",0,NA,7,0,0,0,11,7,0,0,1,2,0.5,7,"not sealed",163,0.206222160356347
"804",14092,"trapnest_36",2023-06-15,"NN","L","High",9,"a","36_9","36_9a",29.63,143.68,"no change","osmia",0,NA,7,0,0,0,11,7,0,0,1,2,0.5,7,"not sealed",166,0.206222160356347
"805",14093,"trapnest_36",2023-06-19,"NN","L","High",9,"a","36_9","36_9a",29.63,143.68,"no change","osmia",0,NA,7,0,0,0,11,7,0,0,1,2,0.5,7,"not sealed",170,0.206222160356347
"806",14094,"trapnest_36",2023-06-22,"NN","L","High",9,"a","36_9","36_9a",29.63,143.68,"end cap","osmia",3,NA,6,1,0,1,11,7,0,0,1,2,0.5,8,"sealed",173,0.206222160356347
"807",14095,"trapnest_36",2023-06-23,"NN","L","High",9,"a","36_9","36_9a",29.63,143.68,"no change","osmia",1,NA,6,0,0,0,11,7,0,0,1,2,0.5,7,"sealed",174,0.206222160356347
"808",14096,"trapnest_36",2023-06-30,"NN","L","High",9,"a","36_9","36_9a",29.63,143.68,"no change","osmia",1,NA,5,0,0,0,11,7,0,0,1,2,0.5,7,"sealed",181,0.206222160356347
"809",14097,"trapnest_36",2023-07-03,"NN","L","High",9,"a","36_9","36_9a",29.63,143.68,"no change","osmia",2,NA,6,0,0,0,11,7,0,0,1,2,0.5,7,"sealed",184,0.206222160356347
"810",14098,"trapnest_36",2023-07-04,"NN","L","High",9,"a","36_9","36_9a",29.63,143.68,"no change","osmia",1,NA,5,0,0,0,11,7,0,0,1,2,0.5,7,"sealed",185,0.206222160356347
"811",14099,"trapnest_36",2023-07-06,"NN","L","High",9,"a","36_9","36_9a",29.63,143.68,"no change","osmia",2,NA,7,0,0,0,11,7,0,0,1,2,0.5,7,"sealed",187,0.206222160356347
"812",15273,"trapnest_4",2023-06-23,"BP","B","Low",8,"a","4_8","4_8a",139.8,139.8,"4 cells","osmia",3,1,15,1,0,1,0,0,0,0,0,4,0,1,"not sealed",174,1
"813",15274,"trapnest_4",2023-06-29,"BP","B","Low",8,"a","4_8","4_8a",139.8,139.8,"4 cells + end cap","osmia",1,NA,15,0,0,0,1,1,0,0,0,8,0,1,"sealed",180,1
"814",15902,"trapnest_42",2023-07-24,"BP","N","High",14,"a","42_14","42_14a",30.52,143.82,"1 cell","megachile",2,1,7,0,3,3,0,0,11,1,NA,NA,NA,0,"not sealed",205,0.212209706577667
"815",15903,"trapnest_42",2023-07-26,"BP","N","High",14,"a","42_14","42_14a",30.52,143.82,"2-3 cells","megachile",1,NA,8,0,1,1,0,0,10,2,NA,NA,NA,0,"not sealed",207,0.212209706577667
"816",15904,"trapnest_42",2023-07-28,"BP","N","High",14,"a","42_14","42_14a",30.52,143.82,"no change","megachile",0,NA,7,0,0,0,0,0,11,3,NA,NA,NA,0,"not sealed",209,0.212209706577667
"817",15905,"trapnest_42",2023-07-29,"BP","N","High",14,"a","42_14","42_14a",30.52,143.82,"no change","megachile",0,NA,7,0,0,0,0,0,11,3,NA,NA,NA,0,"not sealed",210,0.212209706577667
"818",15906,"trapnest_42",2023-08-01,"BP","N","High",14,"a","42_14","42_14a",30.52,143.82,"no change","megachile",2,NA,7,0,0,0,0,0,11,3,NA,NA,NA,0,"not sealed",213,0.212209706577667
"819",15907,"trapnest_42",2023-08-04,"BP","N","High",14,"a","42_14","42_14a",30.52,143.82,"no change","megachile",2,NA,7,0,0,0,0,0,11,3,NA,NA,NA,0,"not sealed",216,0.212209706577667
"820",15908,"trapnest_42",2023-08-09,"BP","N","High",14,"a","42_14","42_14a",30.52,143.82,"no change","megachile",4,NA,7,0,0,0,0,0,11,3,NA,NA,NA,0,"not sealed",221,0.212209706577667
"821",15976,"trapnest_42",2023-07-24,"BP","N","High",1,"b","42_1","42_1b",19.41,144.61,"1 cell","megachile",2,1,7,0,3,3,0,0,11,1,NA,NA,NA,0,"not sealed",205,0.134223082774359
"822",15977,"trapnest_42",2023-07-26,"BP","N","High",1,"b","42_1","42_1b",19.41,144.61,"no change","megachile",1,NA,8,0,1,1,0,0,10,2,NA,NA,NA,0,"not sealed",207,0.134223082774359
"823",15978,"trapnest_42",2023-07-28,"BP","N","High",1,"b","42_1","42_1b",19.41,144.61,"no change","megachile",0,NA,7,0,0,0,0,0,11,3,NA,NA,NA,0,"not sealed",209,0.134223082774359
"824",15979,"trapnest_42",2023-07-29,"BP","N","High",1,"b","42_1","42_1b",19.41,144.61,"no change","megachile",0,NA,7,0,0,0,0,0,11,3,NA,NA,NA,0,"not sealed",210,0.134223082774359
"825",15980,"trapnest_42",2023-08-01,"BP","N","High",1,"b","42_1","42_1b",19.41,144.61,"no change","megachile",2,NA,7,0,0,0,0,0,11,3,NA,NA,NA,0,"not sealed",213,0.134223082774359
"826",15981,"trapnest_42",2023-08-04,"BP","N","High",1,"b","42_1","42_1b",19.41,144.61,"no change","megachile",2,NA,7,0,0,0,0,0,11,3,NA,NA,NA,0,"not sealed",216,0.134223082774359
"827",15982,"trapnest_42",2023-08-09,"BP","N","High",1,"b","42_1","42_1b",19.41,144.61,"no change","megachile",4,NA,7,0,0,0,0,0,11,3,NA,NA,NA,0,"not sealed",221,0.134223082774359
"828",15989,"trapnest_42",2023-07-20,"BP","N","High",2,"b","42_2","42_2b",23,143,"1 cell","megachile",2,1,7,0,1,1,0,0,11,0,NA,NA,NA,0,"not sealed",201,0.160839160839161
"829",15990,"trapnest_42",2023-07-24,"BP","N","High",2,"b","42_2","42_2b",23,143,"1 cell","megachile",2,NA,7,0,3,3,0,0,11,1,NA,NA,NA,0,"not sealed",205,0.160839160839161
"830",15991,"trapnest_42",2023-07-26,"BP","N","High",2,"b","42_2","42_2b",23,143,"no change","megachile",1,NA,8,0,1,1,0,0,10,2,NA,NA,NA,0,"not sealed",207,0.160839160839161
"831",15992,"trapnest_42",2023-07-28,"BP","N","High",2,"b","42_2","42_2b",23,143,"no change","megachile",0,NA,7,0,0,0,0,0,11,3,NA,NA,NA,0,"not sealed",209,0.160839160839161
"832",15993,"trapnest_42",2023-07-29,"BP","N","High",2,"b","42_2","42_2b",23,143,"no change","megachile",0,NA,7,0,0,0,0,0,11,3,NA,NA,NA,0,"not sealed",210,0.160839160839161
"833",15994,"trapnest_42",2023-08-01,"BP","N","High",2,"b","42_2","42_2b",23,143,"no change","megachile",2,NA,7,0,0,0,0,0,11,3,NA,NA,NA,0,"not sealed",213,0.160839160839161
"834",15995,"trapnest_42",2023-08-04,"BP","N","High",2,"b","42_2","42_2b",23,143,"no change","megachile",2,NA,7,0,0,0,0,0,11,3,NA,NA,NA,0,"not sealed",216,0.160839160839161
"835",15996,"trapnest_42",2023-08-09,"BP","N","High",2,"b","42_2","42_2b",23,143,"no change","megachile",4,NA,7,0,0,0,0,0,11,3,NA,NA,NA,0,"not sealed",221,0.160839160839161
"836",16118,"trapnest_43",2023-07-04,"BP","O","Low",11,"a","43_11","43_11a",19.25,144.12,"1 cell","megachile",1,1,17.5,0,2,2,0,0,0.5,0.5,NA,NA,NA,0,"not sealed",185,0.133569247849015
"837",16119,"trapnest_43",2023-07-07,"BP","O","Low",11,"a","43_11","43_11a",19.25,144.12,"no change","megachile",3,NA,15,0,0,0,0,0,3,3,NA,NA,NA,0,"not sealed",188,0.133569247849015
"838",16120,"trapnest_43",2023-07-10,"BP","O","Low",11,"a","43_11","43_11a",19.25,144.12,"no change","megachile",1,NA,15,0,0,0,0,0,3,3,NA,NA,NA,0,"not sealed",191,0.133569247849015
"839",16131,"trapnest_43",2023-08-09,"BP","O","Low",11,"b","43_11","43_11b",15.24,144.66,"1 cell","megachile",4,1,17,0,1,1,0,0,1,1,NA,NA,NA,0,"not sealed",221,0.105350476980506
"840",16163,"trapnest_43",2023-07-04,"BP","O","Low",14,"a","43_14","43_14a",16.36,147.1,"1 cell","megachile",1,1,17.5,0,2,2,0,0,0.5,0.5,NA,NA,NA,0,"not sealed",185,0.111216859279402
"841",16164,"trapnest_43",2023-07-07,"BP","O","Low",14,"a","43_14","43_14a",16.36,147.1,"no change","megachile",3,NA,15,0,0,0,0,0,3,3,NA,NA,NA,0,"not sealed",188,0.111216859279402
"842",16165,"trapnest_43",2023-07-10,"BP","O","Low",14,"a","43_14","43_14a",16.36,147.1,"no change","megachile",1,NA,15,0,0,0,0,0,3,3,NA,NA,NA,0,"not sealed",191,0.111216859279402
"843",16209,"trapnest_43",2023-07-07,"BP","O","Low",17,"a","43_17","43_17a",87,138.27,"non-target cells","megachile",3,NA,15,0,0,0,0,0,3,3,NA,NA,NA,0,NA,188,0.62920373182903
"844",16210,"trapnest_43",2023-07-10,"BP","O","Low",17,"a","43_17","43_17a",87,138.27,"no change","megachile",1,NA,15,0,0,0,0,0,3,3,NA,NA,NA,0,NA,191,0.62920373182903
"845",16286,"trapnest_43",2023-07-12,"BP","O","Low",4,"a","43_4","43_4a",70.18,136.49,"1 cell","megachile",1,1,18,0,1,1,0,0,0,0,NA,NA,NA,0,"not sealed",193,0.51417686277383
"846",16287,"trapnest_43",2023-07-14,"BP","O","Low",4,"a","43_4","43_4a",70.18,136.49,"2 cells","megachile",1,NA,18,0,1,1,0,0,0,0,NA,NA,NA,0,"not sealed",195,0.51417686277383
"847",16288,"trapnest_43",2023-07-17,"BP","O","Low",4,"a","43_4","43_4a",70.18,136.49,"1 cell","megachile",2,NA,17,0,0,0,0,0,1,1,NA,NA,NA,0,"not sealed",198,0.51417686277383
"848",16289,"trapnest_43",2023-07-20,"BP","O","Low",4,"a","43_4","43_4a",70.18,136.49,"3 cells","megachile",2,NA,17,0,0,0,0,0,1,1,NA,NA,NA,0,"not sealed",201,0.51417686277383
"849",16290,"trapnest_43",2023-07-24,"BP","O","Low",4,"a","43_4","43_4a",70.18,136.49,"1 cell","megachile",2,NA,17,0,0,0,0,0,1,1,NA,NA,NA,0,"not sealed",205,0.51417686277383
"850",16291,"trapnest_43",2023-07-26,"BP","O","Low",4,"a","43_4","43_4a",70.18,136.49,"no change","megachile",1,NA,17,0,0,0,0,0,1,1,NA,NA,NA,0,"not sealed",207,0.51417686277383
"851",16292,"trapnest_43",2023-07-28,"BP","O","Low",4,"a","43_4","43_4a",70.18,136.49,"no change","megachile",0,NA,17,0,0,0,0,0,1,1,NA,NA,NA,0,"not sealed",209,0.51417686277383
"852",16293,"trapnest_43",2023-07-29,"BP","O","Low",4,"a","43_4","43_4a",70.18,136.49,"no change","megachile",0,NA,17,0,0,0,0,0,1,1,NA,NA,NA,0,"not sealed",210,0.51417686277383
"853",16294,"trapnest_43",2023-08-01,"BP","O","Low",4,"a","43_4","43_4a",70.18,136.49,"no change","megachile",2,NA,17,0,0,0,0,0,1,1,NA,NA,NA,0,"not sealed",213,0.51417686277383
"854",16295,"trapnest_43",2023-08-04,"BP","O","Low",4,"b","43_4","43_4b",35.35,144.35,"2 cells","megachile",2,1,18,0,1,1,0,0,0,0,NA,NA,NA,0,"not sealed",216,0.244890890197437
"855",16296,"trapnest_43",2023-08-09,"BP","O","Low",4,"b","43_4","43_4b",35.35,144.35,"end cap","megachile",4,NA,17,0,1,1,0,0,1,1,NA,NA,NA,0,"sealed",221,0.244890890197437
"856",16440,"trapnest_44",2023-07-24,"BP","O","Mid",14,"b","44_14","44_14b",36.36,141.9,"2 cells","megachile",2,1,11,0,5,5,0,0,7,2,NA,NA,NA,0,"not sealed",205,0.256236786469345
"857",16441,"trapnest_44",2023-07-26,"BP","O","Mid",14,"b","44_14","44_14b",36.36,141.9,"1 cell + end cap","megachile",1,NA,13.5,0,2,2,0,0,4.5,2.5,NA,NA,NA,0,"sealed",207,0.256236786469345
"858",16442,"trapnest_44",2023-07-28,"BP","O","Mid",14,"b","44_14","44_14b",36.36,141.9,"no change","megachile",0,NA,12,0,0,0,0,0,6,4,NA,NA,NA,0,"sealed",209,0.256236786469345
"859",16455,"trapnest_44",2023-07-24,"BP","O","Mid",15,"a","44_15","44_15a",14.78,145.64,"1 cell","megachile",2,1,11,0,5,5,0,0,7,2,NA,NA,NA,0,"not sealed",205,0.101483109035979
"860",16456,"trapnest_44",2023-07-26,"BP","O","Mid",15,"a","44_15","44_15a",14.78,145.64,"no change","megachile",1,NA,13.5,0,2,2,0,0,4.5,2.5,NA,NA,NA,0,"not sealed",207,0.101483109035979
"861",16457,"trapnest_44",2023-07-28,"BP","O","Mid",15,"a","44_15","44_15a",14.78,145.64,"no change","megachile",0,NA,12,0,0,0,0,0,6,4,NA,NA,NA,0,"not sealed",209,0.101483109035979
"862",16458,"trapnest_44",2023-07-29,"BP","O","Mid",15,"a","44_15","44_15a",14.78,145.64,"no change","megachile",0,NA,13,0,1,1,0,0,5,3,NA,NA,NA,0,"not sealed",210,0.101483109035979
"863",16459,"trapnest_44",2023-08-01,"BP","O","Mid",15,"a","44_15","44_15a",14.78,145.64,"no change","megachile",2,NA,12.5,0,2,2,0,0,5.5,3.5,NA,NA,NA,0,"not sealed",213,0.101483109035979
"864",16489,"trapnest_44",2023-08-01,"BP","O","Mid",17,"a","44_17","44_17a",51.59,150.47,"1 cell","megachile",2,1,12.5,0,2,2,0,0,5.5,3.5,NA,NA,NA,0,"not sealed",213,0.342859041669436
"865",16490,"trapnest_44",2023-08-04,"BP","O","Mid",17,"a","44_17","44_17a",51.59,150.47,"1 cell","megachile",2,NA,12.5,0,2,2,0,0,5.5,2.5,NA,NA,NA,0,"not sealed",216,0.342859041669436
"866",16491,"trapnest_44",2023-08-09,"BP","O","Mid",17,"a","44_17","44_17a",51.59,150.47,"1 cell + end cap","megachile",4,NA,12,0,1,1,0,0,6,3,NA,NA,NA,0,"sealed",221,0.342859041669436
"867",16545,"trapnest_44",2023-07-24,"BP","O","Mid",3,"a","44_3","44_3a",121.68,145.89,"2 cells","megachile",2,1,11,0,5,5,0,0,7,2,NA,NA,NA,0,"not sealed",205,0.834053053670574
"868",16546,"trapnest_44",2023-07-26,"BP","O","Mid",3,"a","44_3","44_3a",121.68,145.89,"1 cell","megachile",1,NA,13.5,0,2,2,0,0,4.5,2.5,NA,NA,NA,0,"not sealed",207,0.834053053670574
"869",16547,"trapnest_44",2023-07-28,"BP","O","Mid",3,"a","44_3","44_3a",121.68,145.89,"1 cell","megachile",0,NA,12,0,0,0,0,0,6,4,NA,NA,NA,0,"not sealed",209,0.834053053670574
"870",16548,"trapnest_44",2023-07-29,"BP","O","Mid",3,"a","44_3","44_3a",121.68,145.89,"no change","megachile",0,NA,13,0,1,1,0,0,5,3,NA,NA,NA,0,"not sealed",210,0.834053053670574
"871",16549,"trapnest_44",2023-08-01,"BP","O","Mid",3,"a","44_3","44_3a",121.68,145.89,"1 cell","megachile",2,NA,12.5,0,2,2,0,0,5.5,3.5,NA,NA,NA,0,"not sealed",213,0.834053053670574
"872",16550,"trapnest_44",2023-08-04,"BP","O","Mid",3,"a","44_3","44_3a",121.68,145.89,"end cap","megachile",2,NA,12.5,0,2,2,0,0,5.5,2.5,NA,NA,NA,0,"sealed",216,0.834053053670574
"873",16551,"trapnest_44",2023-08-09,"BP","O","Mid",3,"b","44_3","44_3b",28.04,144.25,"2 cells","megachile",4,1,12,0,1,1,0,0,6,3,NA,NA,NA,0,"not sealed",221,0.194384748700173
"874",16580,"trapnest_44",2023-08-04,"BP","O","Mid",5,"a","44_5","44_5a",11.19,146.84,"1 cell","megachile",2,1,12.5,0,2,2,0,0,5.5,2.5,NA,NA,NA,0,"not sealed",216,0.0762053936257151
"875",16581,"trapnest_44",2023-08-09,"BP","O","Mid",5,"a","44_5","44_5a",11.19,146.84,"no change","megachile",4,NA,12,0,1,1,0,0,6,3,NA,NA,NA,0,"not sealed",221,0.0762053936257151
"876",16589,"trapnest_44",2023-07-20,"BP","O","Mid",6,"a","44_6","44_6a",35.36,138.3,"1 cell","megachile",2,1,12,0,1,1,0,0,6,0,NA,NA,NA,0,"not sealed",201,0.255676066522053
"877",16590,"trapnest_44",2023-07-24,"BP","O","Mid",6,"a","44_6","44_6a",35.36,138.3,"1 cell + end cap","megachile",2,NA,11,0,5,5,0,0,7,2,NA,NA,NA,0,"sealed",205,0.255676066522053
"878",16593,"trapnest_44",2023-07-29,"BP","O","Mid",6,"b","44_6","44_6b",39.38,138.84,"2 cells","megachile",0,1,13,0,1,1,0,0,5,3,NA,NA,NA,0,"not sealed",210,0.283635839815615
"879",16594,"trapnest_44",2023-08-01,"BP","O","Mid",6,"b","44_6","44_6b",39.38,138.84,"end cap","megachile",2,NA,12.5,0,2,2,0,0,5.5,3.5,NA,NA,NA,0,"sealed",213,0.283635839815615
"880",16620,"trapnest_44",2023-07-24,"BP","O","Mid",8,"a","44_8","44_8a",38.02,143.5,"1 cell","megachile",2,1,11,0,5,5,0,0,7,2,NA,NA,NA,0,"not sealed",205,0.264947735191638
"881",16621,"trapnest_44",2023-07-26,"BP","O","Mid",8,"a","44_8","44_8a",38.02,143.5,"1 cell","megachile",1,NA,13.5,0,2,2,0,0,4.5,2.5,NA,NA,NA,0,"not sealed",207,0.264947735191638
"882",16622,"trapnest_44",2023-07-28,"BP","O","Mid",8,"a","44_8","44_8a",38.02,143.5,"no change","megachile",0,NA,12,0,0,0,0,0,6,4,NA,NA,NA,0,"not sealed",209,0.264947735191638
"883",16623,"trapnest_44",2023-07-29,"BP","O","Mid",8,"a","44_8","44_8a",38.02,143.5,"no change","megachile",0,NA,13,0,1,1,0,0,5,3,NA,NA,NA,0,"not sealed",210,0.264947735191638
"884",16624,"trapnest_44",2023-08-01,"BP","O","Mid",8,"a","44_8","44_8a",38.02,143.5,"1 cell","megachile",2,NA,12.5,0,2,2,0,0,5.5,3.5,NA,NA,NA,0,"not sealed",213,0.264947735191638
"885",16625,"trapnest_44",2023-08-04,"BP","O","Mid",8,"a","44_8","44_8a",38.02,143.5,"2-3 cells","megachile",2,NA,12.5,0,2,2,0,0,5.5,2.5,NA,NA,NA,0,"not sealed",216,0.264947735191638
"886",16626,"trapnest_44",2023-08-09,"BP","O","Mid",8,"a","44_8","44_8a",38.02,143.5,"end cap","megachile",4,NA,12,0,1,1,0,0,6,3,NA,NA,NA,0,"sealed",221,0.264947735191638
"887",16670,"trapnest_45",2023-08-04,"BP","O","High",11,"a","45_11","45_11a",29.53,148.88,"1 cell","megachile",2,1,7,0,1,1,0,0,11,0,NA,NA,NA,0,"not sealed",216,0.198347662547018
"888",16671,"trapnest_45",2023-08-09,"BP","O","High",11,"a","45_11","45_11a",29.53,148.88,"1 cell","megachile",4,NA,8,0,1,1,0,0,10,0,NA,NA,NA,0,"not sealed",221,0.198347662547018
"889",17888,"trapnest_49",2023-07-26,"BP","Q","Low",4,"b","49_4","49_4b",33.62,137.62,"1 cell","megachile",1,1,17,0,1,1,0,0,0,0,NA,NA,NA,0,"not sealed",207,0.244295887225694
"890",17889,"trapnest_49",2023-07-28,"BP","Q","Low",4,"b","49_4","49_4b",33.62,137.62,"1 cell","megachile",0,NA,17,0,1,1,0,0,0,0,NA,NA,NA,0,"not sealed",209,0.244295887225694
"891",17890,"trapnest_49",2023-07-29,"BP","Q","Low",4,"b","49_4","49_4b",33.62,137.62,"no change","megachile",0,NA,16,0,0,0,0,0,1,1,NA,NA,NA,0,"not sealed",210,0.244295887225694
"892",17891,"trapnest_49",2023-08-01,"BP","Q","Low",4,"b","49_4","49_4b",33.62,137.62,"1 cell","megachile",2,NA,16,0,0,0,0,0,1,1,NA,NA,NA,0,"not sealed",213,0.244295887225694
"893",17892,"trapnest_49",2023-08-04,"BP","Q","Low",4,"b","49_4","49_4b",33.62,137.62,"no change","megachile",2,NA,15,0,0,0,0,0,1,1,NA,NA,NA,0,"not sealed",216,0.244295887225694
"894",17893,"trapnest_49",2023-08-09,"BP","Q","Low",4,"c","49_4","49_4c",0,144.4,"end cap","resin bee",4,NA,16,0,0,0,0,0,0,0,NA,NA,NA,0,"sealed",221,0
"895",17999,"trapnest_5",2023-06-20,"BP","B","Mid",11,"a","5_11","5_11a",85.18,144.23,"6 cells","megachile",3,1,12,0,1,1,6,2,0,0,NA,NA,NA,1,"not sealed",171,0.590584483117243
"896",18000,"trapnest_5",2023-06-23,"BP","B","Mid",11,"a","5_11","5_11a",85.18,144.23,"no change","megachile",3,NA,13,0,1,1,4,0,1,1,NA,NA,NA,0,"not sealed",174,0.590584483117243
"897",18001,"trapnest_5",2023-06-29,"BP","B","Mid",11,"a","5_11","5_11a",85.18,144.23,"1 cell","megachile",1,NA,10,0,1,1,6,0,2,2,NA,NA,NA,0,"not sealed",180,0.590584483117243
"898",18023,"trapnest_5",2023-06-23,"BP","B","Mid",12,"a","5_12","5_12a",17,144,"1 cell","megachile",3,1,13,0,1,1,4,0,1,1,NA,NA,NA,0,"not sealed",174,0.118055555555556
"899",18024,"trapnest_5",2023-06-29,"BP","B","Mid",12,"a","5_12","5_12a",17,144,"no change","megachile",1,NA,10,0,1,1,6,0,2,2,NA,NA,NA,0,"not sealed",180,0.118055555555556
"900",18116,"trapnest_5",2023-06-29,"BP","B","Mid",16,"a","5_16","5_16a",103.9,142.31,"9 cells","megachile",1,1,10,0,1,1,6,0,2,2,NA,NA,NA,0,"not sealed",180,0.730096268709156
"901",18153,"trapnest_5",2023-06-02,"BP","B","Mid",18,"a","5_18","5_18a",24.8,143.69,"3 cells","osmia",2,1,12,1,0,1,6,1,0,0,1,3,0.333333333333333,1,"not sealed",153,0.17259377827267
"902",18154,"trapnest_5",2023-06-05,"BP","B","Mid",18,"a","5_18","5_18a",24.8,143.69,"end cap","osmia",1,NA,12,0,0,0,6,2,0,0,1,3,0.333333333333333,1,"sealed",156,0.17259377827267
"903",18155,"trapnest_5",2023-06-08,"BP","B","Mid",18,"a","5_18","5_18a",24.8,143.69,"no change","osmia",2,NA,12,0,0,0,6,2,0,0,1,3,0.333333333333333,1,"sealed",159,0.17259377827267
"904",18156,"trapnest_5",2023-06-10,"BP","B","Mid",18,"a","5_18","5_18a",24.8,143.69,"no change","osmia",0,NA,12,0,0,0,6,2,0,0,1,3,0.333333333333333,1,"sealed",161,0.17259377827267
"905",18157,"trapnest_5",2023-06-12,"BP","B","Mid",18,"a","5_18","5_18a",24.8,143.69,"no change","osmia",1,NA,12,0,0,0,6,2,0,0,1,3,0.333333333333333,1,"sealed",163,0.17259377827267
"906",18158,"trapnest_5",2023-06-14,"BP","B","Mid",18,"a","5_18","5_18a",24.8,143.69,"no change","osmia",0,NA,12,0,0,0,6,2,0,0,1,3,0.333333333333333,1,"sealed",165,0.17259377827267
"907",18159,"trapnest_5",2023-06-16,"BP","B","Mid",18,"a","5_18","5_18a",24.8,143.69,"no change","osmia",1,NA,12,0,0,0,6,2,0,0,1,3,0.333333333333333,1,"sealed",167,0.17259377827267
"908",18160,"trapnest_5",2023-06-20,"BP","B","Mid",18,"a","5_18","5_18a",24.8,143.69,"no change","osmia",3,NA,12,0,1,1,6,2,0,0,1,3,0.333333333333333,1,"sealed",171,0.17259377827267
"909",18358,"trapnest_5",2023-05-29,"BP","B","Mid",9,"a","5_9","5_9a",71,146,"1 cell","osmia",1,1,12,1,0,1,6,0,0,0,NA,NA,NA,0,"not sealed",149,0.486301369863014
"910",18359,"trapnest_5",2023-05-31,"BP","B","Mid",9,"a","5_9","5_9a",71,146,"5 cells","osmia",2,NA,13,1,0,1,5,0,0,0,NA,NA,NA,0,"not sealed",151,0.486301369863014
"911",18360,"trapnest_5",2023-06-02,"BP","B","Mid",9,"a","5_9","5_9a",71,146,"2 cells + end cap","osmia",2,NA,12,1,0,1,6,1,0,0,NA,NA,NA,1,"sealed",153,0.486301369863014
"912",18361,"trapnest_5",2023-06-05,"BP","B","Mid",9,"a","5_9","5_9a",71,146,"no change","osmia",1,NA,12,0,0,0,6,2,0,0,NA,NA,NA,1,"sealed",156,0.486301369863014
"913",18362,"trapnest_5",2023-06-08,"BP","B","Mid",9,"a","5_9","5_9a",71,146,"no change","osmia",2,NA,12,0,0,0,6,2,0,0,NA,NA,NA,1,"sealed",159,0.486301369863014
"914",18363,"trapnest_5",2023-06-10,"BP","B","Mid",9,"a","5_9","5_9a",71,146,"no change","osmia",0,NA,12,0,0,0,6,2,0,0,NA,NA,NA,1,"sealed",161,0.486301369863014
"915",18364,"trapnest_5",2023-06-12,"BP","B","Mid",9,"a","5_9","5_9a",71,146,"no change","osmia",1,NA,12,0,0,0,6,2,0,0,NA,NA,NA,1,"sealed",163,0.486301369863014
"916",18365,"trapnest_5",2023-06-14,"BP","B","Mid",9,"a","5_9","5_9a",71,146,"no change","osmia",0,NA,12,0,0,0,6,2,0,0,NA,NA,NA,1,"sealed",165,0.486301369863014
"917",18366,"trapnest_5",2023-06-16,"BP","B","Mid",9,"a","5_9","5_9a",71,146,"no change","osmia",1,NA,12,0,0,0,6,2,0,0,NA,NA,NA,1,"sealed",167,0.486301369863014
"918",18367,"trapnest_5",2023-06-20,"BP","B","Mid",9,"a","5_9","5_9a",71,146,"no change","osmia",3,NA,12,0,1,1,6,2,0,0,NA,NA,NA,1,"sealed",171,0.486301369863014
"919",18371,"trapnest_50",2023-07-04,"BP","Q","Mid",10,"a","50_10","50_10a",14.56,145.01,"1 cell","megachile",1,1,9.5,1,1,2,0,0,6,0,NA,NA,NA,1,"not sealed",185,0.100406868491828
"920",18372,"trapnest_50",2023-07-07,"BP","Q","Mid",10,"a","50_10","50_10a",14.56,145.01,"no change","megachile",3,NA,7,0,0,0,1,1,6,1,NA,NA,NA,1,"not sealed",188,0.100406868491828
"921",18373,"trapnest_50",2023-07-10,"BP","Q","Mid",10,"a","50_10","50_10a",14.56,145.01,"no change","megachile",1,NA,5,0,0,0,1,1,6,1,NA,NA,NA,1,"not sealed",191,0.100406868491828
"922",18374,"trapnest_50",2023-07-12,"BP","Q","Mid",10,"a","50_10","50_10a",14.56,145.01,"no change","megachile",1,NA,9,0,0,0,0,0,6,1,NA,NA,NA,0,"not sealed",193,0.100406868491828
"923",18375,"trapnest_50",2023-07-14,"BP","Q","Mid",10,"a","50_10","50_10a",14.56,145.01,"no change","megachile",1,NA,8,0,0,0,0,0,7,1,NA,NA,NA,0,"not sealed",195,0.100406868491828
"924",18376,"trapnest_50",2023-07-17,"BP","Q","Mid",10,"a","50_10","50_10a",14.56,145.01,"no change","megachile",2,NA,8,0,0,0,0,0,7,1,NA,NA,NA,0,"not sealed",198,0.100406868491828
"925",18377,"trapnest_50",2023-07-20,"BP","Q","Mid",10,"a","50_10","50_10a",14.56,145.01,"no change","megachile",2,NA,7,0,0,0,0,0,7,1,NA,NA,NA,0,"not sealed",201,0.100406868491828
"926",18378,"trapnest_50",2023-07-24,"BP","Q","Mid",10,"a","50_10","50_10a",14.56,145.01,"no change","megachile",2,NA,8,0,0,0,0,0,7,1,NA,NA,NA,0,"not sealed",205,0.100406868491828
"927",18379,"trapnest_50",2023-07-26,"BP","Q","Mid",10,"a","50_10","50_10a",14.56,145.01,"no change","megachile",1,NA,8,0,0,0,0,0,7,1,NA,NA,NA,0,"not sealed",207,0.100406868491828
"928",18380,"trapnest_50",2023-07-28,"BP","Q","Mid",10,"a","50_10","50_10a",14.56,145.01,"no change","megachile",0,NA,8,0,0,0,0,0,7,1,NA,NA,NA,0,"not sealed",209,0.100406868491828
"929",18381,"trapnest_50",2023-07-29,"BP","Q","Mid",10,"a","50_10","50_10a",14.56,145.01,"no change","megachile",0,NA,8,0,0,0,0,0,7,1,NA,NA,NA,0,"not sealed",210,0.100406868491828
"930",18382,"trapnest_50",2023-08-01,"BP","Q","Mid",10,"a","50_10","50_10a",14.56,145.01,"no change","megachile",2,NA,8,0,0,0,0,0,7,1,NA,NA,NA,0,"not sealed",213,0.100406868491828
"931",18383,"trapnest_50",2023-08-04,"BP","Q","Mid",10,"a","50_10","50_10a",14.56,145.01,"no change","megachile",2,NA,10,0,0,0,0,0,7,1,NA,NA,NA,0,"not sealed",216,0.100406868491828
"932",18384,"trapnest_50",2023-08-09,"BP","Q","Mid",10,"a","50_10","50_10a",14.56,145.01,"no change","megachile",4,NA,10,0,0,0,0,0,7,1,NA,NA,NA,0,"not sealed",221,0.100406868491828
"933",18401,"trapnest_50",2023-07-04,"BP","Q","Mid",12,"a","50_12","50_12a",15,143.4,"1 cell","osmia",1,1,9.5,1,1,2,0,0,6,0,0,1,0,1,"not sealed",185,0.104602510460251
"934",18402,"trapnest_50",2023-07-07,"BP","Q","Mid",12,"a","50_12","50_12a",15,143.4,"no change","osmia",3,NA,7,0,0,0,1,1,6,1,0,1,0,1,"not sealed",188,0.104602510460251
"935",18403,"trapnest_50",2023-07-10,"BP","Q","Mid",12,"a","50_12","50_12a",15,143.4,"no change","osmia",1,NA,5,0,0,0,1,1,6,1,0,1,0,1,"not sealed",191,0.104602510460251
"936",18774,"trapnest_51",2023-07-04,"BP","Q","High",4,"a","51_4","51_4a",13.86,130.28,"1 cell","osmia",1,1,7,1,0,1,0,0,11,0,0,1,0,1,"not sealed",185,0.106386245010746
"937",18775,"trapnest_51",2023-07-07,"BP","Q","High",4,"a","51_4","51_4a",13.86,130.28,"no change","osmia",3,NA,6,0,0,0,1,1,11,0,0,1,0,1,"not sealed",188,0.106386245010746
"938",18776,"trapnest_51",2023-07-10,"BP","Q","High",4,"a","51_4","51_4a",13.86,130.28,"no change","osmia",1,NA,6,0,0,0,1,1,11,0,0,1,0,1,"not sealed",191,0.106386245010746
"939",19133,"trapnest_53",2023-08-09,"BP","R","Mid",11,"e","53_11","53_11e",6.14,144.56,"1 cell","resin bee",4,NA,11,0,0,0,0,0,6,1,NA,NA,NA,0,NA,221,0.0424737133370227
"940",19278,"trapnest_53",2023-07-14,"BP","R","Mid",4,"b","53_4","53_4b",57.49,147.7,"inner wall","megachile",1,1,11,0,1,1,0,0,6,0,NA,NA,NA,0,"not sealed",195,0.389234935680433
"941",19279,"trapnest_53",2023-07-17,"BP","R","Mid",4,"b","53_4","53_4b",57.49,147.7,"2 cells","megachile",2,NA,10,0,1,1,0,0,5,0,NA,NA,NA,0,"not sealed",198,0.389234935680433
"942",19280,"trapnest_53",2023-07-20,"BP","R","Mid",4,"b","53_4","53_4b",57.49,147.7,"2 cells","megachile",2,NA,11,0,0,0,0,0,6,1,NA,NA,NA,0,"not sealed",201,0.389234935680433
"943",19281,"trapnest_53",2023-07-24,"BP","R","Mid",4,"b","53_4","53_4b",57.49,147.7,"1 cell + end cap","megachile",2,NA,11,0,0,0,0,0,6,1,NA,NA,NA,0,"sealed",205,0.389234935680433
"944",19282,"trapnest_53",2023-07-26,"BP","R","Mid",4,"b","53_4","53_4b",57.49,147.7,"no change","megachile",1,NA,12,0,0,0,0,0,6,1,NA,NA,NA,0,"sealed",207,0.389234935680433
"945",19283,"trapnest_53",2023-07-28,"BP","R","Mid",4,"b","53_4","53_4b",57.49,147.7,"no change","megachile",0,NA,12,0,0,0,0,0,6,1,NA,NA,NA,0,"sealed",209,0.389234935680433
"946",19284,"trapnest_53",2023-07-29,"BP","R","Mid",4,"b","53_4","53_4b",57.49,147.7,"no change","megachile",0,NA,12,0,0,0,0,0,6,1,NA,NA,NA,0,"sealed",210,0.389234935680433
"947",19285,"trapnest_53",2023-08-01,"BP","R","Mid",4,"b","53_4","53_4b",57.49,147.7,"no change","megachile",2,NA,12,0,0,0,0,0,6,1,NA,NA,NA,0,"sealed",213,0.389234935680433
"948",19286,"trapnest_53",2023-08-04,"BP","R","Mid",4,"b","53_4","53_4b",57.49,147.7,"no change","megachile",2,NA,12,0,0,0,0,0,6,1,NA,NA,NA,0,"sealed",216,0.389234935680433
"949",19287,"trapnest_53",2023-08-09,"BP","R","Mid",4,"b","53_4","53_4b",57.49,147.7,"no change","megachile",4,NA,11,0,0,0,0,0,6,1,NA,NA,NA,0,"sealed",221,0.389234935680433
"950",20779,"trapnest_59",2023-07-28,"CP","T","Mid",14,"b","59_14","59_14b",6.69,137.98,"inner wall","megachile",0,1,13,0,1,1,0,0,5,1,NA,NA,NA,0,"not sealed",209,0.0484852877228584
"951",20780,"trapnest_59",2023-07-29,"CP","T","Mid",14,"b","59_14","59_14b",6.69,137.98,"no change","megachile",0,NA,13,0,0,0,0,0,5,1,NA,NA,NA,0,"not sealed",210,0.0484852877228584
"952",20781,"trapnest_59",2023-08-01,"CP","T","Mid",14,"b","59_14","59_14b",6.69,137.98,"no change","megachile",2,NA,13,0,0,0,0,0,5,1,NA,NA,NA,0,"not sealed",213,0.0484852877228584
"953",20782,"trapnest_59",2023-08-04,"CP","T","Mid",14,"b","59_14","59_14b",6.69,137.98,"second inner wall","megachile",2,NA,13,0,0,0,0,0,5,1,NA,NA,NA,0,"not sealed",216,0.0484852877228584
"954",20783,"trapnest_59",2023-08-09,"CP","T","Mid",14,"b","59_14","59_14b",6.69,137.98,"no change","megachile",4,NA,13,0,0,0,0,0,5,1,NA,NA,NA,0,"not sealed",221,0.0484852877228584
"955",20890,"trapnest_59",2023-07-05,"CP","T","Mid",4,"a","59_4","59_4a",17.86,137.64,"inner wall","megachile",1,1,12.5,0,2,2,0,0,5.5,0.5,NA,NA,NA,0,"not sealed",186,0.129758791049114
"956",20891,"trapnest_59",2023-07-07,"CP","T","Mid",4,"a","59_4","59_4a",17.86,137.64,"no change","megachile",2,NA,12,0,0,0,0,0,6,2,NA,NA,NA,0,"not sealed",188,0.129758791049114
"957",20892,"trapnest_59",2023-07-10,"CP","T","Mid",4,"a","59_4","59_4a",17.86,137.64,"non-target cells","megachile",1,NA,12,0,0,0,0,0,6,2,NA,NA,NA,0,"not sealed",191,0.129758791049114
"958",20893,"trapnest_59",2023-07-12,"CP","T","Mid",4,"a","59_4","59_4a",17.86,137.64,"end cap","megachile",1,NA,13,0,0,0,0,0,5,1,NA,NA,NA,0,"sealed",193,0.129758791049114
"959",20894,"trapnest_59",2023-07-14,"CP","T","Mid",4,"b","59_4","59_4b",31.85,143.16,"1-2 cells","megachile",1,1,13,0,1,1,0,0,5,0,NA,NA,NA,0,"not sealed",195,0.222478345906678
"960",20895,"trapnest_59",2023-07-17,"CP","T","Mid",4,"b","59_4","59_4b",31.85,143.16,"no change","megachile",2,NA,13,0,0,0,0,0,5,1,NA,NA,NA,0,"not sealed",198,0.222478345906678
"961",20896,"trapnest_59",2023-07-20,"CP","T","Mid",4,"b","59_4","59_4b",31.85,143.16,"no change","megachile",2,NA,13,0,0,0,0,0,5,1,NA,NA,NA,0,"not sealed",201,0.222478345906678
"962",20897,"trapnest_59",2023-07-24,"CP","T","Mid",4,"b","59_4","59_4b",31.85,143.16,"end cap","megachile",2,NA,13,0,0,0,0,0,5,1,NA,NA,NA,0,"sealed",205,0.222478345906678
"963",20898,"trapnest_59",2023-07-26,"CP","T","Mid",4,"b","59_4","59_4b",31.85,143.16,"no change","megachile",1,NA,13,0,0,0,0,0,5,1,NA,NA,NA,0,"sealed",207,0.222478345906678
"964",20899,"trapnest_59",2023-07-28,"CP","T","Mid",4,"b","59_4","59_4b",31.85,143.16,"no change","megachile",0,NA,13,0,1,1,0,0,5,1,NA,NA,NA,0,"sealed",209,0.222478345906678
"965",21068,"trapnest_6",2023-06-20,"BP","B","High",13,"b","6_13","6_13b",69.56,144.68,"2 cells","osmia",3,1,7,1,0,1,11,5,0,0,NA,NA,NA,3,"not sealed",171,0.480785181089301
"966",21069,"trapnest_6",2023-06-23,"BP","B","High",13,"b","6_13","6_13b",69.56,144.68,"no change","osmia",3,NA,6,0,0,0,12,6,0,0,0,2,0,4,"not sealed",174,0.480785181089301
"967",21070,"trapnest_6",2023-06-29,"BP","B","High",13,"b","6_13","6_13b",69.56,144.68,"4 cells","osmia",1,NA,6,0,0,0,12,6,0,0,0,6,0,4,"not sealed",180,0.480785181089301
"968",21083,"trapnest_6",2023-05-31,"BP","B","High",14,"a","6_14","6_14a",22.27,144.29,"1 cell","osmia",2,1,6.5,4,0,4,11.5,1.5,0,0,0,1,0,3,"not sealed",151,0.154341950239102
"969",21084,"trapnest_6",2023-06-02,"BP","B","High",14,"a","6_14","6_14a",22.27,144.29,"no change","osmia",2,NA,8,0,0,0,10,4,0,0,0,1,0,2,"not sealed",153,0.154341950239102
"970",21085,"trapnest_6",2023-06-05,"BP","B","High",14,"a","6_14","6_14a",22.27,144.29,"1 cell","osmia",1,NA,7,1,0,1,11,4,0,0,0,2,0,3,"not sealed",156,0.154341950239102
"971",21086,"trapnest_6",2023-06-08,"BP","B","High",14,"a","6_14","6_14a",22.27,144.29,"1 cell","osmia",2,NA,7,0,0,0,11,5,0,0,0,3,0,3,"not sealed",159,0.154341950239102
"972",21087,"trapnest_6",2023-06-10,"BP","B","High",14,"a","6_14","6_14a",22.27,144.29,"no change","osmia",0,NA,7,0,0,0,11,5,0,0,0,3,0,3,"not sealed",161,0.154341950239102
"973",21088,"trapnest_6",2023-06-12,"BP","B","High",14,"a","6_14","6_14a",22.27,144.29,"no change","osmia",1,NA,7,0,0,0,11,5,0,0,0,3,0,3,"not sealed",163,0.154341950239102
"974",21089,"trapnest_6",2023-06-14,"BP","B","High",14,"a","6_14","6_14a",22.27,144.29,"no change","osmia",0,NA,7,0,0,0,11,5,0,0,0,3,0,3,"not sealed",165,0.154341950239102
"975",21090,"trapnest_6",2023-06-16,"BP","B","High",14,"a","6_14","6_14a",22.27,144.29,"end cap","osmia",1,NA,7,0,0,0,11,5,0,0,0,3,0,3,"sealed",167,0.154341950239102
"976",21091,"trapnest_6",2023-06-20,"BP","B","High",14,"a","6_14","6_14a",22.27,144.29,"no change","osmia",3,NA,7,1,0,1,11,5,0,0,0,3,0,3,"sealed",171,0.154341950239102
"977",21092,"trapnest_6",2023-06-23,"BP","B","High",14,"a","6_14","6_14a",22.27,144.29,"no change","osmia",3,NA,6,0,0,0,12,6,0,0,0,3,0,4,"sealed",174,0.154341950239102
"978",21093,"trapnest_6",2023-06-29,"BP","B","High",14,"a","6_14","6_14a",22.27,144.29,"no change","osmia",1,NA,6,0,0,0,12,6,0,0,0,3,0,4,"sealed",180,0.154341950239102
"979",21106,"trapnest_6",2023-05-31,"BP","B","High",15,"a","6_15","6_15a",81.61,138.87,"1 cell","osmia",2,1,6.5,4,0,4,11.5,1.5,0,0,0,1,0,3,"not sealed",151,0.58767192338158
"980",21107,"trapnest_6",2023-06-02,"BP","B","High",15,"a","6_15","6_15a",81.61,138.87,"6 cells","osmia",2,NA,8,0,0,0,10,4,0,0,2,7,0.285714285714286,2,"not sealed",153,0.58767192338158
"981",21108,"trapnest_6",2023-06-05,"BP","B","High",15,"a","6_15","6_15a",81.61,138.87,"5 cells + end cap","osmia",1,NA,7,1,0,1,11,4,0,0,5,9,0.555555555555556,3,"sealed",156,0.58767192338158
"982",21109,"trapnest_6",2023-06-08,"BP","B","High",15,"a","6_15","6_15a",81.61,138.87,"no change","osmia",2,NA,7,0,0,0,11,5,0,0,5,9,0.555555555555556,3,"sealed",159,0.58767192338158
"983",21110,"trapnest_6",2023-06-10,"BP","B","High",15,"a","6_15","6_15a",81.61,138.87,"no change","osmia",0,NA,7,0,0,0,11,5,0,0,5,9,0.555555555555556,3,"sealed",161,0.58767192338158
"984",21111,"trapnest_6",2023-06-12,"BP","B","High",15,"a","6_15","6_15a",81.61,138.87,"no change","osmia",1,NA,7,0,0,0,11,5,0,0,5,9,0.555555555555556,3,"sealed",163,0.58767192338158
"985",21112,"trapnest_6",2023-06-14,"BP","B","High",15,"a","6_15","6_15a",81.61,138.87,"no change","osmia",0,NA,7,0,0,0,11,5,0,0,5,9,0.555555555555556,3,"sealed",165,0.58767192338158
"986",21113,"trapnest_6",2023-06-16,"BP","B","High",15,"a","6_15","6_15a",81.61,138.87,"no change","osmia",1,NA,7,0,0,0,11,5,0,0,5,9,0.555555555555556,3,"sealed",167,0.58767192338158
"987",21114,"trapnest_6",2023-06-20,"BP","B","High",15,"a","6_15","6_15a",81.61,138.87,"no change","osmia",3,NA,7,1,0,1,11,5,0,0,5,9,0.555555555555556,3,"sealed",171,0.58767192338158
"988",21115,"trapnest_6",2023-06-23,"BP","B","High",15,"a","6_15","6_15a",81.61,138.87,"no change","osmia",3,NA,6,0,0,0,12,6,0,0,5,9,0.555555555555556,4,"sealed",174,0.58767192338158
"989",21116,"trapnest_6",2023-06-29,"BP","B","High",15,"a","6_15","6_15a",81.61,138.87,"no change","osmia",1,NA,6,0,0,0,12,6,0,0,5,9,0.555555555555556,4,"sealed",180,0.58767192338158
"990",21151,"trapnest_6",2023-05-29,"BP","B","High",17,"a","6_17","6_17a",87,129,"inner wall","osmia",1,1,7,1,0,1,11,0,0,0,NA,NA,NA,0,"not sealed",149,0.674418604651163
"991",21152,"trapnest_6",2023-05-31,"BP","B","High",17,"a","6_17","6_17a",87,129,"5 cells","osmia",2,NA,6.5,4,0,4,11.5,1.5,0,0,NA,NA,NA,3,"not sealed",151,0.674418604651163
"992",21153,"trapnest_6",2023-06-02,"BP","B","High",17,"a","6_17","6_17a",87,129,"5 cells","osmia",2,NA,8,0,0,0,10,4,0,0,NA,NA,NA,2,"not sealed",153,0.674418604651163
"993",21154,"trapnest_6",2023-06-05,"BP","B","High",17,"a","6_17","6_17a",87,129,"1 cell + end cap","osmia",1,NA,7,1,0,1,11,4,0,0,NA,NA,NA,3,"sealed",156,0.674418604651163
"994",21155,"trapnest_6",2023-06-08,"BP","B","High",17,"a","6_17","6_17a",87,129,"no change","osmia",2,NA,7,0,0,0,11,5,0,0,NA,NA,NA,3,"sealed",159,0.674418604651163
"995",21156,"trapnest_6",2023-06-10,"BP","B","High",17,"a","6_17","6_17a",87,129,"no change","osmia",0,NA,7,0,0,0,11,5,0,0,NA,NA,NA,3,"sealed",161,0.674418604651163
"996",21157,"trapnest_6",2023-06-12,"BP","B","High",17,"a","6_17","6_17a",87,129,"no change","osmia",1,NA,7,0,0,0,11,5,0,0,NA,NA,NA,3,"sealed",163,0.674418604651163
"997",21158,"trapnest_6",2023-06-14,"BP","B","High",17,"a","6_17","6_17a",87,129,"no change","osmia",0,NA,7,0,0,0,11,5,0,0,NA,NA,NA,3,"sealed",165,0.674418604651163
"998",21159,"trapnest_6",2023-06-16,"BP","B","High",17,"a","6_17","6_17a",87,129,"no change","osmia",1,NA,7,0,0,0,11,5,0,0,NA,NA,NA,3,"sealed",167,0.674418604651163
"999",21160,"trapnest_6",2023-06-20,"BP","B","High",17,"a","6_17","6_17a",87,129,"no change","osmia",3,NA,7,1,0,1,11,5,0,0,NA,NA,NA,3,"sealed",171,0.674418604651163
"1000",21161,"trapnest_6",2023-06-23,"BP","B","High",17,"a","6_17","6_17a",87,129,"no change","osmia",3,NA,6,0,0,0,12,6,0,0,NA,NA,NA,4,"sealed",174,0.674418604651163
"1001",21162,"trapnest_6",2023-06-29,"BP","B","High",17,"a","6_17","6_17a",87,129,"no change","osmia",1,NA,6,0,0,0,12,6,0,0,NA,NA,NA,4,"sealed",180,0.674418604651163
"1002",21292,"trapnest_6",2023-06-05,"BP","B","High",5,"b","6_5","6_5b",17.78,135.46,"1 cell","osmia",1,1,7,1,0,1,11,4,0,0,0,1,0,3,"not sealed",156,0.131256459471431
"1003",21293,"trapnest_6",2023-06-08,"BP","B","High",5,"b","6_5","6_5b",17.78,135.46,"no change","osmia",2,NA,7,0,0,0,11,5,0,0,0,1,0,3,"not sealed",159,0.131256459471431
"1004",21294,"trapnest_6",2023-06-10,"BP","B","High",5,"b","6_5","6_5b",17.78,135.46,"no change","osmia",0,NA,7,0,0,0,11,5,0,0,0,1,0,3,"not sealed",161,0.131256459471431
"1005",21295,"trapnest_6",2023-06-12,"BP","B","High",5,"b","6_5","6_5b",17.78,135.46,"no change","osmia",1,NA,7,0,0,0,11,5,0,0,0,1,0,3,"not sealed",163,0.131256459471431
"1006",21296,"trapnest_6",2023-06-14,"BP","B","High",5,"b","6_5","6_5b",17.78,135.46,"no change","osmia",0,NA,7,0,0,0,11,5,0,0,0,1,0,3,"not sealed",165,0.131256459471431
"1007",21297,"trapnest_6",2023-06-16,"BP","B","High",5,"b","6_5","6_5b",17.78,135.46,"1 cell + end cap","osmia",1,NA,7,0,0,0,11,5,0,0,0,2,0,3,"sealed",167,0.131256459471431
"1008",21298,"trapnest_6",2023-06-20,"BP","B","High",5,"b","6_5","6_5b",17.78,135.46,"no change","osmia",3,NA,7,1,0,1,11,5,0,0,0,2,0,3,"sealed",171,0.131256459471431
"1009",21299,"trapnest_6",2023-06-23,"BP","B","High",5,"b","6_5","6_5b",17.78,135.46,"no change","osmia",3,NA,6,0,0,0,12,6,0,0,0,2,0,4,"sealed",174,0.131256459471431
"1010",21300,"trapnest_6",2023-06-29,"BP","B","High",5,"b","6_5","6_5b",17.78,135.46,"no change","osmia",1,NA,6,0,0,0,12,6,0,0,0,2,0,4,"sealed",180,0.131256459471431
"1011",21382,"trapnest_6",2023-05-31,"BP","B","High",9,"b","6_9","6_9b",39,145,"5 cells + end cap","osmia",2,1,6.5,4,0,4,11.5,1.5,0,0,NA,NA,NA,3,"sealed",151,0.268965517241379
"1012",21383,"trapnest_6",2023-06-02,"BP","B","High",9,"b","6_9","6_9b",39,145,"no change","osmia",2,NA,8,0,0,0,10,4,0,0,NA,NA,NA,2,"sealed",153,0.268965517241379
"1013",21384,"trapnest_6",2023-06-05,"BP","B","High",9,"b","6_9","6_9b",39,145,"no change","osmia",1,NA,7,1,0,1,11,4,0,0,NA,NA,NA,3,"sealed",156,0.268965517241379
"1014",21385,"trapnest_6",2023-06-08,"BP","B","High",9,"b","6_9","6_9b",39,145,"no change","osmia",2,NA,7,0,0,0,11,5,0,0,NA,NA,NA,3,"sealed",159,0.268965517241379
"1015",21386,"trapnest_6",2023-06-10,"BP","B","High",9,"b","6_9","6_9b",39,145,"no change","osmia",0,NA,7,0,0,0,11,5,0,0,NA,NA,NA,3,"sealed",161,0.268965517241379
"1016",21387,"trapnest_6",2023-06-12,"BP","B","High",9,"b","6_9","6_9b",39,145,"no change","osmia",1,NA,7,0,0,0,11,5,0,0,NA,NA,NA,3,"sealed",163,0.268965517241379
"1017",21388,"trapnest_6",2023-06-14,"BP","B","High",9,"b","6_9","6_9b",39,145,"no change","osmia",0,NA,7,0,0,0,11,5,0,0,NA,NA,NA,3,"sealed",165,0.268965517241379
"1018",21389,"trapnest_6",2023-06-16,"BP","B","High",9,"b","6_9","6_9b",39,145,"no change","osmia",1,NA,7,0,0,0,11,5,0,0,NA,NA,NA,3,"sealed",167,0.268965517241379
"1019",21390,"trapnest_6",2023-06-20,"BP","B","High",9,"b","6_9","6_9b",39,145,"no change","osmia",3,NA,7,1,0,1,11,5,0,0,NA,NA,NA,3,"sealed",171,0.268965517241379
"1020",21391,"trapnest_6",2023-06-23,"BP","B","High",9,"b","6_9","6_9b",39,145,"no change","osmia",3,NA,6,0,0,0,12,6,0,0,NA,NA,NA,4,"sealed",174,0.268965517241379
"1021",21392,"trapnest_6",2023-06-29,"BP","B","High",9,"b","6_9","6_9b",39,145,"no change","osmia",1,NA,6,0,0,0,12,6,0,0,NA,NA,NA,4,"sealed",180,0.268965517241379
"1022",22005,"trapnest_62",2023-07-05,"CP","U","Mid",15,"a","62_15","62_15a",28.11,144,"2 cells","osmia",1,1,12,1,0,1,0,0,6,0,0,1,0,1,"not sealed",186,0.195208333333333
"1023",22006,"trapnest_62",2023-07-07,"CP","U","Mid",15,"a","62_15","62_15a",28.11,144,"2 cells","osmia",2,NA,11,0,0,0,1,1,6,0,0,1,0,1,"not sealed",188,0.195208333333333
"1024",22007,"trapnest_62",2023-07-10,"CP","U","Mid",15,"a","62_15","62_15a",28.11,144,"no change","osmia",1,NA,11,0,0,0,1,1,6,0,0,1,0,1,"not sealed",191,0.195208333333333
"1025",22008,"trapnest_62",2023-07-12,"CP","U","Mid",15,"a","62_15","62_15a",28.11,144,"no change","osmia",1,NA,10,0,0,0,1,1,6,0,0,1,0,1,"not sealed",193,0.195208333333333
"1026",22009,"trapnest_62",2023-07-14,"CP","U","Mid",15,"a","62_15","62_15a",28.11,144,"no change","osmia",1,NA,10,0,0,0,1,1,6,0,0,1,0,1,"not sealed",195,0.195208333333333
"1027",22504,"trapnest_64",2023-07-05,"CP","V","Low",14,"a","64_14","64_14a",105.32,142.31,"2 cells","osmia",1,1,18,1,0,1,0,0,0,0,0,3,0,1,"not sealed",186,0.740074485278617
"1028",22505,"trapnest_64",2023-07-07,"CP","V","Low",14,"a","64_14","64_14a",105.32,142.31,"5 cells","osmia",2,NA,16,0,0,0,1,1,0,0,0,7,0,1,"not sealed",188,0.740074485278617
"1029",22506,"trapnest_64",2023-07-10,"CP","V","Low",14,"a","64_14","64_14a",105.32,142.31,"4 cells","osmia",1,NA,16,0,0,0,1,1,0,0,0,9,0,1,"not sealed",191,0.740074485278617
"1030",22507,"trapnest_64",2023-07-12,"CP","V","Low",14,"a","64_14","64_14a",105.32,142.31,"non-target nest completed","osmia",1,NA,15,0,0,0,1,1,0,0,0,9,0,1,"not sealed",193,0.740074485278617
"1031",22508,"trapnest_64",2023-07-14,"CP","V","Low",14,"b","64_14","64_14b",25.2,137.07,"inner wall","resin bee",1,NA,16,0,0,0,0,0,0,0,NA,NA,NA,0,NA,195,0.183847669074196
"1032",22509,"trapnest_64",2023-07-17,"CP","V","Low",14,"b","64_14","64_14b",25.2,137.07,"2 cells","resin bee",2,NA,16,0,0,0,0,0,0,0,NA,NA,NA,0,NA,198,0.183847669074196
"1033",22510,"trapnest_64",2023-07-20,"CP","V","Low",14,"b","64_14","64_14b",25.2,137.07,"1 cell","resin bee",2,NA,16,0,0,0,0,0,0,0,NA,NA,NA,0,NA,201,0.183847669074196
"1034",22511,"trapnest_64",2023-07-24,"CP","V","Low",14,"b","64_14","64_14b",25.2,137.07,"no change","resin bee",2,NA,16,0,0,0,0,0,0,0,NA,NA,NA,0,NA,205,0.183847669074196
"1035",22512,"trapnest_64",2023-07-26,"CP","V","Low",14,"b","64_14","64_14b",25.2,137.07,"no change","resin bee",1,NA,16,0,0,0,0,0,0,0,NA,NA,NA,0,NA,207,0.183847669074196
"1036",22612,"trapnest_64",2023-07-12,"CP","V","Low",3,"a","64_3","64_3a",33.69,144.87,"1 cell","resin bee",1,NA,15,0,0,0,1,1,0,0,NA,NA,NA,1,NA,193,0.232553323669497
"1037",22613,"trapnest_64",2023-07-14,"CP","V","Low",3,"a","64_3","64_3a",33.69,144.87,"no change","resin bee",1,NA,16,0,0,0,0,0,0,0,NA,NA,NA,0,NA,195,0.232553323669497
"1038",22614,"trapnest_64",2023-07-17,"CP","V","Low",3,"a","64_3","64_3a",33.69,144.87,"3 cells","resin bee",2,NA,16,0,0,0,0,0,0,0,NA,NA,NA,0,NA,198,0.232553323669497
"1039",22615,"trapnest_64",2023-07-20,"CP","V","Low",3,"a","64_3","64_3a",33.69,144.87,"1 cell","resin bee",2,NA,16,0,0,0,0,0,0,0,NA,NA,NA,0,NA,201,0.232553323669497
"1040",22616,"trapnest_64",2023-07-24,"CP","V","Low",3,"a","64_3","64_3a",33.69,144.87,"no change","resin bee",2,NA,16,0,0,0,0,0,0,0,NA,NA,NA,0,NA,205,0.232553323669497
"1041",22617,"trapnest_64",2023-07-26,"CP","V","Low",3,"a","64_3","64_3a",33.69,144.87,"no change","resin bee",1,NA,16,0,0,0,0,0,0,0,NA,NA,NA,0,NA,207,0.232553323669497
"1042",22625,"trapnest_64",2023-07-07,"CP","V","Low",4,"a","64_4","64_4a",82,134,"5 cells","resin bee",2,NA,16,0,0,0,1,1,0,0,NA,NA,NA,1,NA,188,0.611940298507463
"1043",22626,"trapnest_64",2023-07-10,"CP","V","Low",4,"a","64_4","64_4a",82,134,"4 cells","resin bee",1,NA,16,0,0,0,1,1,0,0,NA,NA,NA,1,NA,191,0.611940298507463
"1044",22627,"trapnest_64",2023-07-12,"CP","V","Low",4,"a","64_4","64_4a",82,134,"1 cell + end cap","resin bee",1,NA,15,0,0,0,1,1,0,0,NA,NA,NA,1,"sealed",193,0.611940298507463
"1045",23310,"trapnest_67",2023-07-05,"CP","W","Low",15,"a","67_15","67_15a",90.25,140.94,"2 cells","megachile?",1,1,17,0,0,0,0,0,0,0,NA,NA,NA,0,"not sealed",186,0.640343408542642
"1046",23311,"trapnest_67",2023-07-07,"CP","W","Low",15,"a","67_15","67_15a",90.25,140.94,"1 cell + end cap","megachile?",2,NA,16,0,0,0,0,0,0,0,NA,NA,NA,0,"sealed",188,0.640343408542642
"1047",23313,"trapnest_67",2023-07-12,"CP","W","Low",15,"b","67_15","67_15b",25.62,146.94,"1 cell","megachile?",1,1,16,0,0,0,0,0,0,0,NA,NA,NA,0,"not sealed",193,0.17435688035933
"1048",23314,"trapnest_67",2023-07-14,"CP","W","Low",15,"b","67_15","67_15b",25.62,146.94,"no change","megachile?",1,NA,17,0,0,0,0,0,0,0,NA,NA,NA,0,"not sealed",195,0.17435688035933
"1049",23315,"trapnest_67",2023-07-17,"CP","W","Low",15,"b","67_15","67_15b",25.62,146.94,"end cap","megachile?",2,NA,17,0,0,0,0,0,0,0,NA,NA,NA,0,"sealed",198,0.17435688035933
"1050",23316,"trapnest_67",2023-07-20,"CP","W","Low",15,"b","67_15","67_15b",25.62,146.94,"no change","megachile?",2,NA,17,0,0,0,0,0,0,0,NA,NA,NA,0,"sealed",201,0.17435688035933
"1051",23326,"trapnest_67",2023-07-07,"CP","W","Low",16,"a","67_16","67_16a",93.38,142.6,"2 cells","megachile?",2,1,16,0,0,0,0,0,0,0,NA,NA,NA,0,"not sealed",188,0.654838709677419
"1052",23327,"trapnest_67",2023-07-10,"CP","W","Low",16,"a","67_16","67_16a",93.38,142.6,"2 cells","megachile?",1,NA,17,0,0,0,0,0,0,0,NA,NA,NA,0,"not sealed",191,0.654838709677419
"1053",23328,"trapnest_67",2023-07-12,"CP","W","Low",16,"a","67_16","67_16a",93.38,142.6,"end cap","megachile?",1,NA,16,0,0,0,0,0,0,0,NA,NA,NA,0,"sealed",193,0.654838709677419
"1054",24086,"trapnest_7",2023-06-29,"BP","C","Low",11,"b","7_11","7_11b",12,140,"1 cell","megachile",1,1,13,0,5,5,1,1,4,4,NA,NA,NA,1,"not sealed",180,0.0857142857142857
"1055",24098,"trapnest_7",2023-05-29,"BP","C","Low",12,"a","7_12","7_12a",8.67,142.14,"1 cell","osmia",1,1,15.5,5,1,6,2,2,0,0,0,1,0,5,"not sealed",149,0.0609962009286619
"1056",24099,"trapnest_7",2023-05-31,"BP","C","Low",12,"a","7_12","7_12a",8.67,142.14,"no change","osmia",2,NA,15.5,3,1,4,2,2,0,0,0,1,0,4,"not sealed",151,0.0609962009286619
"1057",24100,"trapnest_7",2023-06-02,"BP","C","Low",12,"a","7_12","7_12a",8.67,142.14,"no change","osmia",2,NA,13,0,1,1,4,4,1,1,0,1,0,4,"not sealed",153,0.0609962009286619
"1058",24144,"trapnest_7",2023-05-29,"BP","C","Low",14,"a","7_14","7_14a",138.07,138.07,"2 cells","osmia",1,1,15.5,5,1,6,2,2,0,0,0,2,0,5,"not sealed",149,1
"1059",24145,"trapnest_7",2023-05-31,"BP","C","Low",14,"a","7_14","7_14a",138.07,138.07,"6 cells","osmia",2,NA,15.5,3,1,4,2,2,0,0,0,8,0,4,"not sealed",151,1
"1060",24146,"trapnest_7",2023-06-02,"BP","C","Low",14,"a","7_14","7_14a",138.07,138.07,"5 cells","osmia",2,NA,13,0,1,1,4,4,1,1,0,9,0,4,"not sealed",153,1
"1061",24147,"trapnest_7",2023-06-05,"BP","C","Low",14,"a","7_14","7_14a",138.07,138.07,"6 cells + end cap","osmia",1,NA,13.5,0,2,2,3,3,1.5,1.5,0,9,0,3,"sealed",156,1
"1062",24148,"trapnest_7",2023-06-08,"BP","C","Low",14,"a","7_14","7_14a",138.07,138.07,"no change","osmia",2,NA,13,1,0,1,2,2,3,3,0,9,0,2,"sealed",159,1
"1063",24155,"trapnest_7",2023-06-29,"BP","C","Low",14,"b","7_14","7_14b",19.6,143.37,"1 cell","megachile",1,1,13,0,5,5,1,1,4,4,NA,NA,NA,1,"not sealed",180,0.13670921392202
"1064",24167,"trapnest_7",2023-05-29,"BP","C","Low",15,"a","7_15","7_15a",83.82,146.73,"4 cells","osmia",1,1,15.5,5,1,6,2,2,0,0,0,4,0,5,"not sealed",149,0.571253322428951
"1065",24168,"trapnest_7",2023-05-31,"BP","C","Low",15,"a","7_15","7_15a",83.82,146.73,"5 cells","osmia",2,NA,15.5,3,1,4,2,2,0,0,0,9,0,4,"not sealed",151,0.571253322428951
"1066",24169,"trapnest_7",2023-06-02,"BP","C","Low",15,"a","7_15","7_15a",83.82,146.73,"5 cells + end cap","osmia",2,NA,13,0,1,1,4,4,1,1,0,9,0,4,"sealed",153,0.571253322428951
"1067",24170,"trapnest_7",2023-06-05,"BP","C","Low",15,"a","7_15","7_15a",83.82,146.73,"no change","osmia",1,NA,13.5,0,2,2,3,3,1.5,1.5,0,9,0,3,"sealed",156,0.571253322428951
"1068",24178,"trapnest_7",2023-06-29,"BP","C","Low",15,"b","7_15","7_15b",23.85,133.69,"1 cell","megachile",1,1,13,0,5,5,1,1,4,4,NA,NA,NA,1,"not sealed",180,0.178397785922657
"1069",24192,"trapnest_7",2023-06-02,"BP","C","Low",16,"a","7_16","7_16a",18.03,141.48,"4 cells","megachile",2,1,13,0,1,1,4,4,1,1,NA,NA,NA,4,"not sealed",153,0.1274385072095
"1070",24193,"trapnest_7",2023-06-05,"BP","C","Low",16,"a","7_16","7_16a",18.03,141.48,"2 cells?","megachile",1,NA,13.5,0,2,2,3,3,1.5,1.5,NA,NA,NA,3,"not sealed",156,0.1274385072095
"1071",24194,"trapnest_7",2023-06-08,"BP","C","Low",16,"a","7_16","7_16a",18.03,141.48,"no change","megachile",2,NA,13,1,0,1,2,2,3,3,NA,NA,NA,2,"not sealed",159,0.1274385072095
"1072",24195,"trapnest_7",2023-06-10,"BP","C","Low",16,"a","7_16","7_16a",18.03,141.48,"no change","megachile",0,NA,14,0,0,0,1,1,3,3,NA,NA,NA,0,"not sealed",161,0.1274385072095
"1073",24196,"trapnest_7",2023-06-12,"BP","C","Low",16,"a","7_16","7_16a",18.03,141.48,"no change","megachile",1,NA,14,0,0,0,1,1,3,3,NA,NA,NA,0,"not sealed",163,0.1274385072095
"1074",24197,"trapnest_7",2023-06-14,"BP","C","Low",16,"a","7_16","7_16a",18.03,141.48,"no change","megachile",0,NA,13.5,1,1,2,1,1,3,3,NA,NA,NA,1,"not sealed",165,0.1274385072095
"1075",24201,"trapnest_7",2023-06-29,"BP","C","Low",16,"b","7_16","7_16b",45.7,143,"3 cells","megachile",1,1,13,0,5,5,1,1,4,4,NA,NA,NA,1,"not sealed",180,0.31958041958042
"1076",24213,"trapnest_7",2023-05-29,"BP","C","Low",17,"a","7_17","7_17a",37.42,148.86,"5 cells + end cap","osmia",1,1,15.5,5,1,6,2,2,0,0,1,5,0.2,5,"sealed",149,0.251377132876528
"1077",24223,"trapnest_7",2023-06-23,"BP","C","Low",17,"c","7_17","7_17c",116.74,142.66,"2 cells","megachile",3,1,14.5,1,1,2,0,0,2,2,NA,NA,NA,1,"not sealed",174,0.818309266788168
"1078",24224,"trapnest_7",2023-06-29,"BP","C","Low",17,"c","7_17","7_17c",116.74,142.66,"8 cells","megachile",1,NA,13,0,5,5,1,1,4,4,NA,NA,NA,1,"not sealed",180,0.818309266788168
"1079",24236,"trapnest_7",2023-05-29,"BP","C","Low",18,"a","7_18","7_18a",98.57,138.73,"3 cells","megachile",1,1,15.5,5,1,6,2,2,0,0,NA,NA,NA,5,"not sealed",149,0.710516831254956
"1080",24237,"trapnest_7",2023-05-31,"BP","C","Low",18,"a","7_18","7_18a",98.57,138.73,"3 cells","megachile",2,NA,15.5,3,1,4,2,2,0,0,NA,NA,NA,4,"not sealed",151,0.710516831254956
"1081",24238,"trapnest_7",2023-06-02,"BP","C","Low",18,"a","7_18","7_18a",98.57,138.73,"2-3 cells + end cap","megachile",2,NA,13,0,1,1,4,4,1,1,NA,NA,NA,4,"sealed",153,0.710516831254956
"1082",24239,"trapnest_7",2023-06-05,"BP","C","Low",18,"b","7_18","7_18b",102,144,"3 cells?","megachile",1,1,13.5,0,2,2,3,3,1.5,1.5,NA,NA,NA,3,"not sealed",156,0.708333333333333
"1083",24240,"trapnest_7",2023-06-08,"BP","C","Low",18,"b","7_18","7_18b",102,144,"no change","megachile",2,NA,13,1,0,1,2,2,3,3,NA,NA,NA,2,"not sealed",159,0.708333333333333
"1084",24241,"trapnest_7",2023-06-10,"BP","C","Low",18,"b","7_18","7_18b",102,144,"no change","megachile",0,NA,14,0,0,0,1,1,3,3,NA,NA,NA,0,"not sealed",161,0.708333333333333
"1085",24242,"trapnest_7",2023-06-12,"BP","C","Low",18,"b","7_18","7_18b",102,144,"no change","megachile",1,NA,14,0,0,0,1,1,3,3,NA,NA,NA,0,"not sealed",163,0.708333333333333
"1086",24243,"trapnest_7",2023-06-14,"BP","C","Low",18,"b","7_18","7_18b",102,144,"1 cell","megachile",0,NA,13.5,1,1,2,1,1,3,3,NA,NA,NA,1,"not sealed",165,0.708333333333333
"1087",24244,"trapnest_7",2023-06-16,"BP","C","Low",18,"b","7_18","7_18b",102,144,"end cap","megachile",1,NA,13,0,0,0,1,1,3,3,NA,NA,NA,0,"sealed",167,0.708333333333333
"1088",24247,"trapnest_7",2023-06-29,"BP","C","Low",18,"c","7_18","7_18c",44,136,"5 cells","megachile",1,1,13,0,5,5,1,1,4,4,NA,NA,NA,1,"not sealed",180,0.323529411764706
"1089",24301,"trapnest_7",2023-05-22,"BP","C","Low",3,"a","7_3","7_3a",24.54,151.22,"1 cell","osmia",1,1,18,1,0,1,0,0,0,0,0,1,0,1,"not sealed",142,0.162280121677027
"1090",24302,"trapnest_7",2023-05-23,"BP","C","Low",3,"a","7_3","7_3a",24.54,151.22,"1 cell","osmia",1,NA,18,1,0,1,0,0,0,0,0,2,0,1,"not sealed",143,0.162280121677027
"1091",24306,"trapnest_7",2023-05-31,"BP","C","Low",3,"b","7_3","7_3b",66.62,139.07,"3 cells","osmia",2,1,15.5,3,1,4,2,2,0,0,0,3,0,4,"not sealed",151,0.479039332710146
"1092",24307,"trapnest_7",2023-06-02,"BP","C","Low",3,"b","7_3","7_3b",66.62,139.07,"3 cells","osmia",2,NA,13,0,1,1,4,4,1,1,0,6,0,4,"not sealed",153,0.479039332710146
"1093",24308,"trapnest_7",2023-06-05,"BP","C","Low",3,"b","7_3","7_3b",66.62,139.07,"3 cells + end cap","osmia",1,NA,13.5,0,2,2,3,3,1.5,1.5,0,9,0,3,"sealed",156,0.479039332710146
"1094",24309,"trapnest_7",2023-06-08,"BP","C","Low",3,"b","7_3","7_3b",66.62,139.07,"no change","osmia",2,NA,13,1,0,1,2,2,3,3,0,9,0,2,"sealed",159,0.479039332710146
"1095",24312,"trapnest_7",2023-06-14,"BP","C","Low",3,"c","7_3","7_3c",2.55,138.37,"inner wall + end cap","osmia",0,1,13.5,1,1,2,1,1,3,3,0,1,0,1,"sealed",165,0.0184288501842885
"1096",24331,"trapnest_7",2023-06-05,"BP","C","Low",4,"a","7_4","7_4a",125.2,148.6,"inner wall","megachile",1,1,13.5,0,2,2,3,3,1.5,1.5,NA,NA,NA,3,"not sealed",156,0.842530282637954
"1097",24332,"trapnest_7",2023-06-08,"BP","C","Low",4,"a","7_4","7_4a",125.2,148.6,"no change","megachile",2,NA,13,1,0,1,2,2,3,3,NA,NA,NA,2,"not sealed",159,0.842530282637954
"1098",24333,"trapnest_7",2023-06-10,"BP","C","Low",4,"a","7_4","7_4a",125.2,148.6,"no change","megachile",0,NA,14,0,0,0,1,1,3,3,NA,NA,NA,0,"not sealed",161,0.842530282637954
"1099",24334,"trapnest_7",2023-06-12,"BP","C","Low",4,"a","7_4","7_4a",125.2,148.6,"no change","megachile",1,NA,14,0,0,0,1,1,3,3,NA,NA,NA,0,"not sealed",163,0.842530282637954
"1100",24335,"trapnest_7",2023-06-14,"BP","C","Low",4,"a","7_4","7_4a",125.2,148.6,"2-4 cells","megachile",0,NA,13.5,1,1,2,1,1,3,3,NA,NA,NA,1,"not sealed",165,0.842530282637954
"1101",24336,"trapnest_7",2023-06-16,"BP","C","Low",4,"a","7_4","7_4a",125.2,148.6,"2 cells","megachile",1,NA,13,0,0,0,1,1,3,3,NA,NA,NA,0,"not sealed",167,0.842530282637954
"1102",24337,"trapnest_7",2023-06-20,"BP","C","Low",4,"a","7_4","7_4a",125.2,148.6,"1-2 cells","megachile",3,NA,15,0,0,0,0,0,2,2,NA,NA,NA,0,"not sealed",171,0.842530282637954
"1103",24338,"trapnest_7",2023-06-23,"BP","C","Low",4,"a","7_4","7_4a",125.2,148.6,"end cap","megachile",3,NA,14.5,1,1,2,0,0,2,2,NA,NA,NA,1,"sealed",174,0.842530282637954
"1104",24339,"trapnest_7",2023-06-29,"BP","C","Low",4,"a","7_4","7_4a",125.2,148.6,"no change","megachile",1,NA,13,0,5,5,1,1,4,4,NA,NA,NA,1,"sealed",180,0.842530282637954
"1105",24427,"trapnest_7",2023-06-14,"BP","C","Low",8,"a","7_8","7_8a",14.12,147.29,"1 cell","megachile",0,1,13.5,1,1,2,1,1,3,3,NA,NA,NA,1,"not sealed",165,0.0958652997487949
"1106",24428,"trapnest_7",2023-06-16,"BP","C","Low",8,"a","7_8","7_8a",14.12,147.29,"no change","megachile",1,NA,13,0,0,0,1,1,3,3,NA,NA,NA,0,"not sealed",167,0.0958652997487949
"1107",24429,"trapnest_7",2023-06-20,"BP","C","Low",8,"a","7_8","7_8a",14.12,147.29,"no change","megachile",3,NA,15,0,0,0,0,0,2,2,NA,NA,NA,0,"not sealed",171,0.0958652997487949
"1108",24430,"trapnest_7",2023-06-23,"BP","C","Low",8,"a","7_8","7_8a",14.12,147.29,"no change","megachile",3,NA,14.5,1,1,2,0,0,2,2,NA,NA,NA,1,"not sealed",174,0.0958652997487949
"1109",24453,"trapnest_7",2023-06-23,"BP","C","Low",9,"a","7_9","7_9a",16.75,147.02,"3 cells","osmia",3,1,14.5,1,1,2,0,0,2,2,0,3,0,1,"not sealed",174,0.113930077540471
"1110",24454,"trapnest_7",2023-06-29,"BP","C","Low",9,"a","7_9","7_9a",16.75,147.02,"no change","osmia",1,NA,13,0,5,5,1,1,4,4,0,3,0,1,"not sealed",180,0.113930077540471
"1111",24660,"trapnest_70",2023-08-09,"CP","X","Low",5,"a","70_5","70_5a",6.56,135.29,"1 cell","megachile?",4,1,17,0,0,0,0,0,0,0,NA,NA,NA,0,"not sealed",221,0.0484884322566339
"1112",24773,"trapnest_71",2023-07-20,"CP","X","Mid",13,"b","71_13","71_13b",35.48,135.44,"3 cells","megachile?",2,1,11,0,0,0,0,0,6,0,NA,NA,NA,0,"not sealed",201,0.261961015948021
"1113",24774,"trapnest_71",2023-07-24,"CP","X","Mid",13,"b","71_13","71_13b",35.48,135.44,"end cap","megachile?",2,NA,11,0,0,0,0,0,5,0,NA,NA,NA,0,"sealed",205,0.261961015948021
"1114",24775,"trapnest_71",2023-07-26,"CP","X","Mid",13,"b","71_13","71_13b",35.48,135.44,"no change","megachile?",1,NA,12,0,0,0,0,0,4,0,NA,NA,NA,0,"sealed",207,0.261961015948021
"1115",24776,"trapnest_71",2023-07-28,"CP","X","Mid",13,"b","71_13","71_13b",35.48,135.44,"no change","megachile?",0,NA,12,0,1,1,0,0,4,0,NA,NA,NA,0,"sealed",209,0.261961015948021
"1116",24777,"trapnest_71",2023-07-29,"CP","X","Mid",13,"b","71_13","71_13b",35.48,135.44,"no change","megachile?",0,NA,12,0,0,0,0,0,4,1,NA,NA,NA,0,"sealed",210,0.261961015948021
"1117",24778,"trapnest_71",2023-08-01,"CP","X","Mid",13,"b","71_13","71_13b",35.48,135.44,"no change","megachile?",2,NA,12,0,0,0,0,0,4,1,NA,NA,NA,0,"sealed",213,0.261961015948021
"1118",24779,"trapnest_71",2023-08-04,"CP","X","Mid",13,"b","71_13","71_13b",35.48,135.44,"no change","megachile?",2,NA,12,0,0,0,0,0,4,1,NA,NA,NA,0,"sealed",216,0.261961015948021
"1119",24780,"trapnest_71",2023-08-09,"CP","X","Mid",13,"b","71_13","71_13b",35.48,135.44,"no change","megachile?",4,NA,11,0,0,0,0,0,4,1,NA,NA,NA,0,"sealed",221,0.261961015948021
"1120",24783,"trapnest_71",2023-07-07,"CP","X","Mid",14,"a","71_14","71_14a",40.59,145.99,"2 cells","megachile?",2,1,11,0,0,0,0,0,6,0,NA,NA,NA,0,"not sealed",188,0.278032741968628
"1121",24784,"trapnest_71",2023-07-10,"CP","X","Mid",14,"a","71_14","71_14a",40.59,145.99,"end cap","megachile?",1,NA,12,0,0,0,0,0,5,0,NA,NA,NA,0,"sealed",191,0.278032741968628
"1122",24785,"trapnest_71",2023-07-12,"CP","X","Mid",14,"a","71_14","71_14a",40.59,145.99,"no change","megachile?",1,NA,12,0,0,0,0,0,5,0,NA,NA,NA,0,"sealed",193,0.278032741968628
"1123",24879,"trapnest_71",2023-07-24,"CP","X","Mid",2,"a","71_2","71_2a",38,145.29,"1 cell","megachile?",2,1,11,0,0,0,0,0,5,0,NA,NA,NA,0,"not sealed",205,0.261545873769702
"1124",24880,"trapnest_71",2023-07-26,"CP","X","Mid",2,"a","71_2","71_2a",38,145.29,"no change","megachile?",1,NA,12,0,0,0,0,0,4,0,NA,NA,NA,0,"not sealed",207,0.261545873769702
"1125",24881,"trapnest_71",2023-07-28,"CP","X","Mid",2,"a","71_2","71_2a",38,145.29,"1 cell","megachile?",0,NA,12,0,1,1,0,0,4,0,NA,NA,NA,0,"not sealed",209,0.261545873769702
"1126",24882,"trapnest_71",2023-07-29,"CP","X","Mid",2,"a","71_2","71_2a",38,145.29,"no change","megachile?",0,NA,12,0,0,0,0,0,4,1,NA,NA,NA,0,"not sealed",210,0.261545873769702
"1127",24883,"trapnest_71",2023-08-01,"CP","X","Mid",2,"a","71_2","71_2a",38,145.29,"no change","megachile?",2,NA,12,0,0,0,0,0,4,1,NA,NA,NA,0,"not sealed",213,0.261545873769702
"1128",24884,"trapnest_71",2023-08-04,"CP","X","Mid",2,"a","71_2","71_2a",38,145.29,"end cap","megachile?",2,NA,12,0,0,0,0,0,4,1,NA,NA,NA,0,"sealed",216,0.261545873769702
"1129",24885,"trapnest_71",2023-08-09,"CP","X","Mid",2,"a","71_2","71_2a",38,145.29,"no change","megachile?",4,NA,11,0,0,0,0,0,4,1,NA,NA,NA,0,"sealed",221,0.261545873769702
"1130",24915,"trapnest_71",2023-08-09,"CP","X","Mid",4,"a","71_4","71_4a",25.49,143.91,"2 cells","megachile?",4,1,11,0,0,0,0,0,4,1,NA,NA,NA,0,"not sealed",221,0.177124591758738
"1131",25315,"trapnest_8",2023-05-23,"BP","C","Mid",12,"a","8_12","8_12a",59.29,147.64,"inner wall","osmia",1,1,12.5,2,0,2,5.5,0.5,0,0,NA,NA,NA,1,"not sealed",143,0.401584936331617
"1132",25316,"trapnest_8",2023-05-26,"BP","C","Mid",12,"a","8_12","8_12a",59.29,147.64,"6 cells","osmia",2,NA,11,1,0,1,7,2,0,0,1,6,0.166666666666667,3,"not sealed",146,0.401584936331617
"1133",25317,"trapnest_8",2023-05-28,"BP","C","Mid",12,"a","8_12","8_12a",59.29,147.64,"no change","osmia",2,NA,10,0,0,0,8,3,0,0,1,6,0.166666666666667,3,"not sealed",148,0.401584936331617
"1134",25318,"trapnest_8",2023-05-29,"BP","C","Mid",12,"a","8_12","8_12a",59.29,147.64,"3 cells","osmia",1,NA,10,1,0,1,8,3,0,0,1,9,0.111111111111111,4,"not sealed",149,0.401584936331617
"1135",25319,"trapnest_8",2023-05-31,"BP","C","Mid",12,"a","8_12","8_12a",59.29,147.64,"2 cells + end cap","osmia",2,NA,11,0,0,0,7,4,0,0,1,9,0.111111111111111,4,"sealed",151,0.401584936331617
"1136",25320,"trapnest_8",2023-06-02,"BP","C","Mid",12,"a","8_12","8_12a",59.29,147.64,"no change","osmia",2,NA,12,0,0,0,6,3,0,0,1,9,0.111111111111111,3,"sealed",153,0.401584936331617
"1137",25321,"trapnest_8",2023-06-05,"BP","C","Mid",12,"a","8_12","8_12a",59.29,147.64,"no change","osmia",1,NA,11,0,0,0,6,2,0,0,1,9,0.111111111111111,2,"sealed",156,0.401584936331617
"1138",25322,"trapnest_8",2023-06-08,"BP","C","Mid",12,"a","8_12","8_12a",59.29,147.64,"no change","osmia",2,NA,11,0,0,0,6,2,0,0,1,9,0.111111111111111,2,"sealed",159,0.401584936331617
"1139",25323,"trapnest_8",2023-06-10,"BP","C","Mid",12,"a","8_12","8_12a",59.29,147.64,"no change","osmia",0,NA,11,0,0,0,6,2,0,0,1,9,0.111111111111111,2,"sealed",161,0.401584936331617
"1140",25324,"trapnest_8",2023-06-12,"BP","C","Mid",12,"a","8_12","8_12a",59.29,147.64,"no change","osmia",1,NA,11,0,0,0,6,2,0,0,1,9,0.111111111111111,2,"sealed",163,0.401584936331617
"1141",25325,"trapnest_8",2023-06-14,"BP","C","Mid",12,"a","8_12","8_12a",59.29,147.64,"no change","osmia",0,NA,11,0,0,0,6,2,0,0,1,9,0.111111111111111,2,"sealed",165,0.401584936331617
"1142",25326,"trapnest_8",2023-06-16,"BP","C","Mid",12,"a","8_12","8_12a",59.29,147.64,"no change","osmia",1,NA,11,0,0,0,6,2,0,0,1,9,0.111111111111111,2,"sealed",167,0.401584936331617
"1143",25327,"trapnest_8",2023-06-20,"BP","C","Mid",12,"a","8_12","8_12a",59.29,147.64,"no change","osmia",3,NA,11,0,0,0,6,2,0,0,1,9,0.111111111111111,2,"sealed",171,0.401584936331617
"1144",25328,"trapnest_8",2023-06-23,"BP","C","Mid",12,"a","8_12","8_12a",59.29,147.64,"no change","osmia",3,NA,10,0,0,0,6,2,0,0,1,9,0.111111111111111,2,"sealed",174,0.401584936331617
"1145",25329,"trapnest_8",2023-06-29,"BP","C","Mid",12,"a","8_12","8_12a",59.29,147.64,"no change","osmia",1,NA,10.5,0,2,2,6,2,0.5,0.5,1,9,0.111111111111111,2,"sealed",180,0.401584936331617
"1146",25344,"trapnest_8",2023-06-29,"BP","C","Mid",13,"c","8_13","8_13c",17.22,137.81,"1 cell","megachile",1,1,10.5,0,2,2,6,2,0.5,0.5,NA,NA,NA,2,"not sealed",180,0.12495464770336
"1147",25400,"trapnest_8",2023-05-26,"BP","C","Mid",16,"a","8_16","8_16a",73.97,142.42,"4 cells","osmia",2,1,11,1,0,1,7,2,0,0,1,4,0.25,3,"not sealed",146,0.51937930066002
"1148",25401,"trapnest_8",2023-05-28,"BP","C","Mid",16,"a","8_16","8_16a",73.97,142.42,"no change","osmia",2,NA,10,0,0,0,8,3,0,0,1,4,0.25,3,"not sealed",148,0.51937930066002
"1149",25402,"trapnest_8",2023-05-29,"BP","C","Mid",16,"a","8_16","8_16a",73.97,142.42,"3 cells","osmia",1,NA,10,1,0,1,8,3,0,0,1,7,0.142857142857143,4,"not sealed",149,0.51937930066002
"1150",25403,"trapnest_8",2023-05-31,"BP","C","Mid",16,"a","8_16","8_16a",73.97,142.42,"end cap","osmia",2,NA,11,0,0,0,7,4,0,0,1,7,0.142857142857143,4,"sealed",151,0.51937930066002
"1151",25404,"trapnest_8",2023-06-02,"BP","C","Mid",16,"a","8_16","8_16a",73.97,142.42,"no change","osmia",2,NA,12,0,0,0,6,3,0,0,1,7,0.142857142857143,3,"sealed",153,0.51937930066002
"1152",25405,"trapnest_8",2023-06-05,"BP","C","Mid",16,"a","8_16","8_16a",73.97,142.42,"no change","osmia",1,NA,11,0,0,0,6,2,0,0,1,7,0.142857142857143,2,"sealed",156,0.51937930066002
"1153",25406,"trapnest_8",2023-06-08,"BP","C","Mid",16,"a","8_16","8_16a",73.97,142.42,"no change","osmia",2,NA,11,0,0,0,6,2,0,0,1,7,0.142857142857143,2,"sealed",159,0.51937930066002
"1154",25407,"trapnest_8",2023-06-10,"BP","C","Mid",16,"a","8_16","8_16a",73.97,142.42,"no change","osmia",0,NA,11,0,0,0,6,2,0,0,1,7,0.142857142857143,2,"sealed",161,0.51937930066002
"1155",25408,"trapnest_8",2023-06-12,"BP","C","Mid",16,"a","8_16","8_16a",73.97,142.42,"no change","osmia",1,NA,11,0,0,0,6,2,0,0,1,7,0.142857142857143,2,"sealed",163,0.51937930066002
"1156",25409,"trapnest_8",2023-06-14,"BP","C","Mid",16,"a","8_16","8_16a",73.97,142.42,"no change","osmia",0,NA,11,0,0,0,6,2,0,0,1,7,0.142857142857143,2,"sealed",165,0.51937930066002
"1157",25410,"trapnest_8",2023-06-16,"BP","C","Mid",16,"a","8_16","8_16a",73.97,142.42,"no change","osmia",1,NA,11,0,0,0,6,2,0,0,1,7,0.142857142857143,2,"sealed",167,0.51937930066002
"1158",25411,"trapnest_8",2023-06-20,"BP","C","Mid",16,"a","8_16","8_16a",73.97,142.42,"no change","osmia",3,NA,11,0,0,0,6,2,0,0,1,7,0.142857142857143,2,"sealed",171,0.51937930066002
"1159",25412,"trapnest_8",2023-06-23,"BP","C","Mid",16,"a","8_16","8_16a",73.97,142.42,"no change","osmia",3,NA,10,0,0,0,6,2,0,0,1,7,0.142857142857143,2,"sealed",174,0.51937930066002
"1160",25413,"trapnest_8",2023-06-29,"BP","C","Mid",16,"a","8_16","8_16a",73.97,142.42,"no change","osmia",1,NA,10.5,0,2,2,6,2,0.5,0.5,1,7,0.142857142857143,2,"sealed",180,0.51937930066002
"1161",25492,"trapnest_8",2023-05-29,"BP","C","Mid",2,"a","8_2","8_2a",17.28,145.88,"2 cells","osmia",1,1,10,1,0,1,8,3,0,0,0,2,0,4,"not sealed",149,0.118453523443927
"1162",25493,"trapnest_8",2023-05-31,"BP","C","Mid",2,"a","8_2","8_2a",17.28,145.88,"no change","osmia",2,NA,11,0,0,0,7,4,0,0,0,2,0,4,"not sealed",151,0.118453523443927
"1163",25494,"trapnest_8",2023-06-02,"BP","C","Mid",2,"a","8_2","8_2a",17.28,145.88,"no change","osmia",2,NA,12,0,0,0,6,3,0,0,0,2,0,3,"not sealed",153,0.118453523443927
"1164",25511,"trapnest_8",2023-05-22,"BP","C","Mid",3,"a","8_3","8_3a",59.6,147.13,"3 cells","osmia",1,1,12,1,0,1,6,0,0,0,3,3,1,1,"not sealed",142,0.405083939373343
"1165",25512,"trapnest_8",2023-05-23,"BP","C","Mid",3,"a","8_3","8_3a",59.6,147.13,"3 cells","osmia",1,NA,12.5,2,0,2,5.5,0.5,0,0,4,6,0.666666666666667,1,"not sealed",143,0.405083939373343
"1166",25513,"trapnest_8",2023-05-26,"BP","C","Mid",3,"a","8_3","8_3a",59.6,147.13,"no change","osmia",2,NA,11,1,0,1,7,2,0,0,4,6,0.666666666666667,3,"not sealed",146,0.405083939373343
"1167",25514,"trapnest_8",2023-05-28,"BP","C","Mid",3,"a","8_3","8_3a",59.6,147.13,"no change","osmia",2,NA,10,0,0,0,8,3,0,0,4,6,0.666666666666667,3,"not sealed",148,0.405083939373343
"1168",25515,"trapnest_8",2023-05-29,"BP","C","Mid",3,"a","8_3","8_3a",59.6,147.13,"end cap","osmia",1,NA,10,1,0,1,8,3,0,0,4,6,0.666666666666667,4,"sealed",149,0.405083939373343
"1169",25516,"trapnest_8",2023-05-31,"BP","C","Mid",3,"a","8_3","8_3a",59.6,147.13,"no change","osmia",2,NA,11,0,0,0,7,4,0,0,4,6,0.666666666666667,4,"sealed",151,0.405083939373343
"1170",25526,"trapnest_8",2023-06-29,"BP","C","Mid",3,"b","8_3","8_3b",14.85,136.81,"1 cell","megachile",1,1,10.5,0,2,2,6,2,0.5,0.5,NA,NA,NA,2,"not sealed",180,0.108544697025071
"1171",25763,"trapnest_9",2023-06-08,"BP","C","High",14,"b","9_14","9_14b",64.75,141.25,"1 cell","megachile",2,1,6.5,0,2,2,10,3,1.5,1.5,NA,NA,NA,3,"not sealed",159,0.458407079646018
"1172",25764,"trapnest_9",2023-06-10,"BP","C","High",14,"b","9_14","9_14b",64.75,141.25,"no change","megachile",0,NA,5,0,0,0,10,3,3,3,NA,NA,NA,3,"not sealed",161,0.458407079646018
"1173",25765,"trapnest_9",2023-06-12,"BP","C","High",14,"b","9_14","9_14b",64.75,141.25,"no change","megachile",1,NA,5,0,0,0,10,3,3,3,NA,NA,NA,3,"not sealed",163,0.458407079646018
"1174",25766,"trapnest_9",2023-06-14,"BP","C","High",14,"b","9_14","9_14b",64.75,141.25,"4 cells ?","megachile",0,NA,3,0,0,0,10,3,3,3,NA,NA,NA,3,"not sealed",165,0.458407079646018
"1175",25767,"trapnest_9",2023-06-16,"BP","C","High",14,"b","9_14","9_14b",64.75,141.25,"no change","megachile",1,NA,4,0,0,0,11,3,1,1,NA,NA,NA,3,"not sealed",167,0.458407079646018
"1176",25768,"trapnest_9",2023-06-20,"BP","C","High",14,"b","9_14","9_14b",64.75,141.25,"no change","megachile",3,NA,2,0,1,1,11,3,1,1,NA,NA,NA,3,"not sealed",171,0.458407079646018
"1177",25962,"trapnest_9",2023-06-05,"BP","C","High",5,"a","9_5","9_5a",70.8,146.38,"8 cells","osmia",1,1,6.5,1,1,2,11,2,0,0,0,8,0,3,"not sealed",156,0.483672632873343
"1178",25963,"trapnest_9",2023-06-08,"BP","C","High",5,"a","9_5","9_5a",70.8,146.38,"1 cell","osmia",2,NA,6.5,0,2,2,10,3,1.5,1.5,0,9,0,3,"not sealed",159,0.483672632873343
"1179",25964,"trapnest_9",2023-06-10,"BP","C","High",5,"a","9_5","9_5a",70.8,146.38,"no change","osmia",0,NA,5,0,0,0,10,3,3,3,0,9,0,3,"not sealed",161,0.483672632873343
"1180",25965,"trapnest_9",2023-06-12,"BP","C","High",5,"a","9_5","9_5a",70.8,146.38,"no change","osmia",1,NA,5,0,0,0,10,3,3,3,0,9,0,3,"not sealed",163,0.483672632873343
"1181",25966,"trapnest_9",2023-06-14,"BP","C","High",5,"a","9_5","9_5a",70.8,146.38,"3 cells + end cap","osmia",0,NA,3,0,0,0,10,3,3,3,0,9,0,3,"sealed",165,0.483672632873343
"1182",25967,"trapnest_9",2023-06-16,"BP","C","High",5,"a","9_5","9_5a",70.8,146.38,"no change","osmia",1,NA,4,0,0,0,11,3,1,1,0,9,0,3,"sealed",167,0.483672632873343
"1183",25968,"trapnest_9",2023-06-20,"BP","C","High",5,"a","9_5","9_5a",70.8,146.38,"no change","osmia",3,NA,2,0,1,1,11,3,1,1,0,9,0,3,"sealed",171,0.483672632873343
"1184",25969,"trapnest_9",2023-06-23,"BP","C","High",5,"a","9_5","9_5a",70.8,146.38,"no change","osmia",3,NA,1,0,0,0,10,3,1,1,0,9,0,3,"sealed",174,0.483672632873343
"1185",25970,"trapnest_9",2023-06-29,"BP","C","High",5,"a","9_5","9_5a",70.8,146.38,"no change","osmia",1,NA,4,0,0,0,10,3,1,1,0,9,0,3,"sealed",180,0.483672632873343
"1186",25985,"trapnest_9",2023-06-05,"BP","C","High",6,"a","9_6","9_6a",92.04,119.65,"7 cells + end cap","megachile",1,1,6.5,1,1,2,11,2,0,0,NA,NA,NA,3,"sealed",156,0.769243627246135
"1187",25986,"trapnest_9",2023-06-08,"BP","C","High",6,"a","9_6","9_6a",92.04,119.65,"no change","megachile",2,NA,6.5,0,2,2,10,3,1.5,1.5,NA,NA,NA,3,"sealed",159,0.769243627246135
"1188",25987,"trapnest_9",2023-06-10,"BP","C","High",6,"a","9_6","9_6a",92.04,119.65,"no change","megachile",0,NA,5,0,0,0,10,3,3,3,NA,NA,NA,3,"sealed",161,0.769243627246135
"1189",25988,"trapnest_9",2023-06-12,"BP","C","High",6,"a","9_6","9_6a",92.04,119.65,"no change","megachile",1,NA,5,0,0,0,10,3,3,3,NA,NA,NA,3,"sealed",163,0.769243627246135
"1190",25989,"trapnest_9",2023-06-14,"BP","C","High",6,"a","9_6","9_6a",92.04,119.65,"no change","megachile",0,NA,3,0,0,0,10,3,3,3,NA,NA,NA,3,"sealed",165,0.769243627246135
"1191",26008,"trapnest_9",2023-06-08,"BP","C","High",7,"a","9_7","9_7a",61.5,147,"2 cells","megachile",2,1,6.5,0,2,2,10,3,1.5,1.5,NA,NA,NA,3,"not sealed",159,0.418367346938776
"1192",26009,"trapnest_9",2023-06-10,"BP","C","High",7,"a","9_7","9_7a",61.5,147,"no change","megachile",0,NA,5,0,0,0,10,3,3,3,NA,NA,NA,3,"not sealed",161,0.418367346938776
"1193",26010,"trapnest_9",2023-06-12,"BP","C","High",7,"a","9_7","9_7a",61.5,147,"no change","megachile",1,NA,5,0,0,0,10,3,3,3,NA,NA,NA,3,"not sealed",163,0.418367346938776
"1194",26011,"trapnest_9",2023-06-14,"BP","C","High",7,"a","9_7","9_7a",61.5,147,"3 cells + end cap","megachile",0,NA,3,0,0,0,10,3,3,3,NA,NA,NA,3,"sealed",165,0.418367346938776
"1195",26013,"trapnest_9",2023-06-20,"BP","C","High",7,"b","9_7","9_7b",81,146,"4-5 cells","megachile",3,1,2,0,1,1,11,3,1,1,NA,NA,NA,3,"not sealed",171,0.554794520547945
"1196",26014,"trapnest_9",2023-06-23,"BP","C","High",7,"b","9_7","9_7b",81,146,"3 cells","megachile",3,NA,1,0,0,0,10,3,1,1,NA,NA,NA,3,"not sealed",174,0.554794520547945
"1197",26015,"trapnest_9",2023-06-29,"BP","C","High",7,"b","9_7","9_7b",81,146,"no change","megachile",1,NA,4,0,0,0,10,3,1,1,NA,NA,NA,3,"not sealed",180,0.554794520547945
"1198",26023,"trapnest_9",2023-05-22,"BP","C","High",8,"a","9_8","9_8a",82.48,150.77,"2 cells","osmia",1,1,7,1,0,1,11,0,0,0,1,2,0.5,1,"not sealed",142,0.54705843337534
"1199",26024,"trapnest_9",2023-05-23,"BP","C","High",8,"a","9_8","9_8a",82.48,150.77,"2 cells","osmia",1,NA,8,1,0,1,10,0,0,0,1,4,0.25,1,"not sealed",143,0.54705843337534
"1200",26025,"trapnest_9",2023-05-26,"BP","C","High",8,"a","9_8","9_8a",82.48,150.77,"4 cells","osmia",2,NA,7,0,0,0,11,1,0,0,1,8,0.125,1,"not sealed",146,0.54705843337534
"1201",26026,"trapnest_9",2023-05-28,"BP","C","High",8,"a","9_8","9_8a",82.48,150.77,"no change","osmia",2,NA,7,0,0,0,11,1,0,0,1,8,0.125,1,"not sealed",148,0.54705843337534
"1202",26027,"trapnest_9",2023-05-29,"BP","C","High",8,"a","9_8","9_8a",82.48,150.77,"1 cell + end cap","osmia",1,NA,7,1,0,1,11,1,0,0,2,9,0.222222222222222,1,"sealed",149,0.54705843337534
"1203",26028,"trapnest_9",2023-05-31,"BP","C","High",8,"a","9_8","9_8a",82.48,150.77,"no change","osmia",2,NA,8,1,0,1,10,1,0,0,2,9,0.222222222222222,2,"sealed",151,0.54705843337534
"1204",26029,"trapnest_9",2023-06-02,"BP","C","High",8,"a","9_8","9_8a",82.48,150.77,"no change","osmia",2,NA,7,0,0,0,11,2,0,0,2,9,0.222222222222222,2,"sealed",153,0.54705843337534
"1205",26030,"trapnest_9",2023-06-05,"BP","C","High",8,"a","9_8","9_8a",82.48,150.77,"no change","osmia",1,NA,6.5,1,1,2,11,2,0,0,2,9,0.222222222222222,3,"sealed",156,0.54705843337534
"1206",26031,"trapnest_9",2023-06-08,"BP","C","High",8,"a","9_8","9_8a",82.48,150.77,"no change","osmia",2,NA,6.5,0,2,2,10,3,1.5,1.5,2,9,0.222222222222222,3,"sealed",159,0.54705843337534
"1207",26032,"trapnest_9",2023-06-10,"BP","C","High",8,"a","9_8","9_8a",82.48,150.77,"no change","osmia",0,NA,5,0,0,0,10,3,3,3,2,9,0.222222222222222,3,"sealed",161,0.54705843337534
"1208",26033,"trapnest_9",2023-06-12,"BP","C","High",8,"a","9_8","9_8a",82.48,150.77,"no change","osmia",1,NA,5,0,0,0,10,3,3,3,2,9,0.222222222222222,3,"sealed",163,0.54705843337534
"1209",26034,"trapnest_9",2023-06-14,"BP","C","High",8,"a","9_8","9_8a",82.48,150.77,"no change","osmia",0,NA,3,0,0,0,10,3,3,3,2,9,0.222222222222222,3,"sealed",165,0.54705843337534
"1210",26035,"trapnest_9",2023-06-16,"BP","C","High",8,"a","9_8","9_8a",82.48,150.77,"no change","osmia",1,NA,4,0,0,0,11,3,1,1,2,9,0.222222222222222,3,"sealed",167,0.54705843337534
"1211",26036,"trapnest_9",2023-06-20,"BP","C","High",8,"a","9_8","9_8a",82.48,150.77,"no change","osmia",3,NA,2,0,1,1,11,3,1,1,2,9,0.222222222222222,3,"sealed",171,0.54705843337534
"1212",26037,"trapnest_9",2023-06-23,"BP","C","High",8,"a","9_8","9_8a",82.48,150.77,"no change","osmia",3,NA,1,0,0,0,10,3,1,1,2,9,0.222222222222222,3,"sealed",174,0.54705843337534
"1213",26038,"trapnest_9",2023-06-29,"BP","C","High",8,"a","9_8","9_8a",82.48,150.77,"no change","osmia",1,NA,4,0,0,0,10,3,1,1,2,9,0.222222222222222,3,"sealed",180,0.54705843337534
"1214",26050,"trapnest_9",2023-05-29,"BP","C","High",9,"b","9_9","9_9b",104.11,150.1,"inner wall","osmia",1,1,7,1,0,1,11,1,0,0,NA,NA,NA,1,"not sealed",149,0.693604263824117
"1215",26051,"trapnest_9",2023-05-31,"BP","C","High",9,"b","9_9","9_9b",104.11,150.1,"5 cells","osmia",2,NA,8,1,0,1,10,1,0,0,0,5,0,2,"not sealed",151,0.693604263824117
"1216",26052,"trapnest_9",2023-06-02,"BP","C","High",9,"b","9_9","9_9b",104.11,150.1,"7 cells","osmia",2,NA,7,0,0,0,11,2,0,0,0,9,0,2,"not sealed",153,0.693604263824117
"1217",26053,"trapnest_9",2023-06-05,"BP","C","High",9,"b","9_9","9_9b",104.11,150.1,"3 cells + end cap","osmia",1,NA,6.5,1,1,2,11,2,0,0,0,9,0,3,"sealed",156,0.693604263824117
"1218",26054,"trapnest_9",2023-06-08,"BP","C","High",9,"b","9_9","9_9b",104.11,150.1,"no change","osmia",2,NA,6.5,0,2,2,10,3,1.5,1.5,0,9,0,3,"sealed",159,0.693604263824117
"1219",26055,"trapnest_9",2023-06-10,"BP","C","High",9,"b","9_9","9_9b",104.11,150.1,"no change","osmia",0,NA,5,0,0,0,10,3,3,3,0,9,0,3,"sealed",161,0.693604263824117
"1220",26056,"trapnest_9",2023-06-12,"BP","C","High",9,"b","9_9","9_9b",104.11,150.1,"no change","osmia",1,NA,5,0,0,0,10,3,3,3,0,9,0,3,"sealed",163,0.693604263824117
"1221",26057,"trapnest_9",2023-06-14,"BP","C","High",9,"b","9_9","9_9b",104.11,150.1,"no change","osmia",0,NA,3,0,0,0,10,3,3,3,0,9,0,3,"sealed",165,0.693604263824117
"1222",26058,"trapnest_9",2023-06-16,"BP","C","High",9,"b","9_9","9_9b",104.11,150.1,"no change","osmia",1,NA,4,0,0,0,11,3,1,1,0,9,0,3,"sealed",167,0.693604263824117
"1223",26059,"trapnest_9",2023-06-20,"BP","C","High",9,"b","9_9","9_9b",104.11,150.1,"no change","osmia",3,NA,2,0,1,1,11,3,1,1,0,9,0,3,"sealed",171,0.693604263824117
"1224",26060,"trapnest_9",2023-06-23,"BP","C","High",9,"b","9_9","9_9b",104.11,150.1,"no change","osmia",3,NA,1,0,0,0,10,3,1,1,0,9,0,3,"sealed",174,0.693604263824117
"1225",26061,"trapnest_9",2023-06-29,"BP","C","High",9,"b","9_9","9_9b",104.11,150.1,"no change","osmia",1,NA,4,0,0,0,10,3,1,1,0,9,0,3,"sealed",180,0.693604263824117
