"","Site","Subsite","Trapnest","Treatment","Cavity_size","Cavity_number","Straw_ID","Nest_ID","Cell_number","Cell_ID","Cell_position","Date","Cell_occupant","Species_or_subtype","Cell_parasitized","Cumulative_par","Number_of_cells","Filled_length_mm","Straw_length_mm","Cavity_ID","Status","Contains_cells","Occupant","Good_days","Bee_choice","Available_post","New_nests_os","New_nests_meg","Osmia_ps","Osmia_no_ps","Meg_ps","Meg_no_ps","Osmia_ps_prior","Osmia_no_ps_prior","Meg_ps_prior","Meg_no_ps_prior","New_nests_sum","Available_cavities_prior","Sealed","After_inner_wall","Before_cells","Nest_parasitized","Active_bin","Osmia_active_mothers","Meg_active_mothers","Sum_unsealed_meg","Day_of_year","Year","Cell_position_bi"
"1","CP","AJ","trapnest_100","Low","medium",10,"a","100_10a",1,"100_10a_1","not last cell",2024-06-21,"unknown larva",NA,0,0,2,"39","135","100_10","2 cells",1,"megachile",4,1,17,0,1,0,0,1,1,0,0,0,0,1,18,"not sealed",0,1,"not parasitized",1,0,1,1,173,"year_2024",0
"2","CP","AJ","trapnest_100","Low","medium",10,"a","100_10a",2,"100_10a_2","not last cell",2024-06-21,"unknown larva",NA,0,0,2,"39","135","100_10","2 cells",1,"megachile",4,NA,17,0,1,0,0,1,1,0,0,0,0,1,18,"not sealed",0,2,"not parasitized",1,0,1,1,173,"year_2024",0
"3","CP","AJ","trapnest_100","Low","medium",10,"a","100_10a",3,"100_10a_3","last cell",2024-06-25,"mold",NA,0,0,3,"39","135","100_10","1 cell",1,"megachile",1,NA,17,0,0,0,0,1,1,0,0,1,1,0,17,"not sealed",0,3,"not parasitized",1,0,1,1,177,"year_2024",1
"4","CP","AJ","trapnest_102","High","medium",13,"a","102_13a",1,"102_13a_1","not last cell",2024-06-21,"megachile","pugnata",0,0,4,"90","124","102_13","4 cells",1,"megachile",4,1,7,0,1,0,0,11,1,0,0,10,0,1,8,"not sealed",0,1,"not parasitized",1,0,1,1,173,"year_2024",0
"5","CP","AJ","trapnest_102","High","medium",13,"a","102_13a",2,"102_13a_2","not last cell",2024-06-21,"megachile","pugnata",0,0,4,"90","124","102_13","4 cells",1,"megachile",4,NA,7,0,1,0,0,11,1,0,0,10,0,1,8,"not sealed",0,2,"not parasitized",1,0,1,1,173,"year_2024",0
"6","CP","AJ","trapnest_102","High","medium",13,"a","102_13a",3,"102_13a_3","not last cell",2024-06-21,"megachile",NA,0,0,4,"90","124","102_13","4 cells",1,"megachile",4,NA,7,0,1,0,0,11,1,0,0,10,0,1,8,"not sealed",0,3,"not parasitized",1,0,1,1,173,"year_2024",0
"7","CP","AJ","trapnest_102","High","medium",13,"a","102_13a",4,"102_13a_4","not last cell",2024-06-21,"megachile",NA,0,0,4,"90","124","102_13","4 cells",1,"megachile",4,NA,7,0,1,0,0,11,1,0,0,10,0,1,8,"not sealed",0,4,"not parasitized",1,0,1,1,173,"year_2024",0
"8","CP","AJ","trapnest_102","High","medium",13,"a","102_13a",5,"102_13a_5","last cell",2024-07-05,"megachile","pugnata",0,0,5,"90","124","102_13","end cap",1,"megachile",3,NA,8,0,0,0,0,10,2,0,0,10,2,0,8,"sealed",0,5,"not parasitized",0,0,0,0,187,"year_2024",1
"9","CP","AJ","trapnest_102","High","medium",3,"a","102_3a",1,"102_3a_1","not last cell",2024-06-25,"megachile","pugnata",0,0,1,"75","124","102_3","1 cell",1,"megachile",1,1,7,0,1,0,0,11,2,0,0,10,1,1,8,"not sealed",0,1,"not parasitized",1,0,2,2,177,"year_2024",0
"10","CP","AJ","trapnest_102","High","medium",3,"a","102_3a",2,"102_3a_2","not last cell",2024-06-28,"megachile",NA,0,0,3,"75","124","102_3","2 cells",1,"megachile",3,NA,8,0,0,0,0,10,2,0,0,10,2,0,8,"not sealed",0,2,"not parasitized",1,0,2,2,180,"year_2024",0
"11","CP","AJ","trapnest_102","High","medium",3,"a","102_3a",3,"102_3a_3","not last cell",2024-06-28,"megachile",NA,0,0,3,"75","124","102_3","2 cells",1,"megachile",3,NA,8,0,0,0,0,10,2,0,0,10,2,0,8,"not sealed",0,3,"not parasitized",1,0,2,2,180,"year_2024",0
"12","CP","AJ","trapnest_102","High","medium",3,"a","102_3a",4,"102_3a_4","last cell",2024-07-05,"megachile","pugnata",0,0,4,"75","124","102_3","1 cell + end cap",1,"megachile",3,NA,8,0,0,0,0,10,2,0,0,10,2,0,8,"sealed",0,4,"not parasitized",0,0,0,0,187,"year_2024",1
"13","CP","AK","trapnest_104","Mid","medium",15,"a","104_15a",1,"104_15a_1","not last cell",2024-07-02,"megachile","pugnata",0,0,1,"46","141","104_15","1 cell",1,"megachile",3,1,11,0,1,0,0,7,2,0,0,6,1,1,12,"not sealed",0,1,"not parasitized",1,0,1,2,184,"year_2024",0
"14","CP","AK","trapnest_104","Mid","medium",15,"a","104_15a",2,"104_15a_2","last cell",2024-07-05,"empty",NA,0,0,3,"46","141","104_15","2 cells",1,"megachile",3,NA,11,0,0,0,0,7,1,0,0,7,1,0,11,"not sealed",0,2,"not parasitized",1,0,1,1,187,"year_2024",1
"15","CP","AK","trapnest_104","Mid","medium",15,"a","104_15a",3,"104_15a_3","not last cell",2024-07-05,"megachile","pugnata",0,0,3,"46","141","104_15","2 cells",1,"megachile",3,NA,11,0,0,0,0,7,1,0,0,7,1,0,11,"not sealed",0,3,"not parasitized",1,0,1,1,187,"year_2024",0
"16","CP","AK","trapnest_104","Mid","medium",7,"a","104_7a",1,"104_7a_1","not last cell",2024-07-29,"mold",NA,0,0,1,"36","135","104_7","1 cell",1,"megachile",3,1,10,0,1,0,0,8,4,0,0,7,3,1,11,"not sealed",0,1,"not parasitized",1,0,1,1,211,"year_2024",0
"17","CP","AK","trapnest_104","Mid","medium",7,"a","104_7a",2,"104_7a_2","not last cell",2024-08-02,"unknown larva",NA,0,0,2,"36","135","104_7","1 cell",1,"megachile",3,NA,11,0,0,0,0,7,3,0,0,7,3,0,11,"not sealed",0,2,"not parasitized",1,0,1,1,215,"year_2024",0
"18","CP","AK","trapnest_104","Mid","medium",7,"a","104_7a",3,"104_7a_3","last cell",2024-08-06,"mold",NA,0,0,3,"36","135","104_7","1 cell",1,"megachile",3,NA,11,0,0,0,0,7,2,0,0,7,2,0,11,"not sealed",0,3,"not parasitized",1,0,1,1,219,"year_2024",1
"19","CP","AK","trapnest_104","Mid","medium",8,"b","104_8b",1,"104_8b_1","last cell",2024-07-22,"megachile","pugnata",0,0,1,"21","170","104_8","1 cell",1,"megachile",3,1,11,0,1,0,0,7,3,0,0,6,2,1,12,"not sealed",0,1,"not parasitized",1,0,1,1,204,"year_2024",1
"20","CP","AK","trapnest_104","Mid","medium",9,"a","104_9a",1,"104_9a_1","last cell",2024-07-13,"unknown larva",NA,0,0,1,"20","135","104_9","1 cell",1,"megachile",2,1,11,0,1,0,0,7,2,0,0,6,1,1,12,"not sealed",0,1,"not parasitized",1,0,2,2,195,"year_2024",1
"21","CP","AL","trapnest_106","Low","medium",10,"a","106_10a",1,"106_10a_1","last cell",2024-06-21,"unknown larva",NA,0,0,3,"92","138","106_10","3 cells",1,"megachile",4,1,17,0,1,0,0,1,1,0,0,0,0,1,18,"not sealed",0,1,"not parasitized",1,0,1,1,173,"year_2024",1
"22","CP","AL","trapnest_106","Low","medium",10,"a","106_10a",2,"106_10a_2","not last cell",2024-06-21,"unknown larva",NA,0,0,3,"92","138","106_10","3 cells",1,"megachile",4,NA,17,0,1,0,0,1,1,0,0,0,0,1,18,"not sealed",0,2,"not parasitized",1,0,1,1,173,"year_2024",0
"23","CP","AL","trapnest_106","Low","medium",10,"a","106_10a",3,"106_10a_3","not last cell",2024-06-21,"unknown larva",NA,0,0,3,"92","138","106_10","3 cells",1,"megachile",4,NA,17,0,1,0,0,1,1,0,0,0,0,1,18,"not sealed",0,3,"not parasitized",1,0,1,1,173,"year_2024",0
"24","CP","AL","trapnest_107","Mid","large",13,"a","107_13a",1,"107_13a_1","not last cell",2024-06-05,"megachile","unknown",0,2,3,NA,NA,"107_13","3 cells",1,"megachile",2,1,11,0,1,0,0,7,1,0,0,6,0,1,12,"not sealed",0,1,"parasitized",1,0,1,1,157,"year_2024",0
"25","CP","AL","trapnest_107","Mid","large",13,"a","107_13a",2,"107_13a_2","not last cell",2024-06-05,"parasite","melittobia",1,2,3,NA,NA,"107_13","3 cells",1,"megachile",2,NA,11,0,1,0,0,7,1,0,0,6,0,1,12,"not sealed",0,2,"parasitized",1,0,1,1,157,"year_2024",0
"26","CP","AL","trapnest_107","Mid","large",13,"a","107_13a",3,"107_13a_3","not last cell",2024-06-05,"parasite","melittobia",1,2,3,NA,NA,"107_13","3 cells",1,"megachile",2,NA,11,0,1,0,0,7,1,0,0,6,0,1,12,"not sealed",0,3,"parasitized",1,0,1,1,157,"year_2024",0
"27","CP","AL","trapnest_107","Mid","large",13,"a","107_13a",4,"107_13a_4","not last cell",2024-06-14,"megachile","unknown",0,2,5,NA,NA,"107_13","2 cells",1,"megachile",1,NA,12,0,0,0,0,6,1,0,0,6,1,0,12,"not sealed",0,4,"parasitized",1,0,1,1,166,"year_2024",0
"28","CP","AL","trapnest_107","Mid","large",13,"a","107_13a",5,"107_13a_5","not last cell",2024-06-14,"megachile","unknown",0,2,5,NA,NA,"107_13","2 cells",1,"megachile",1,NA,12,0,0,0,0,6,1,0,0,6,1,0,12,"not sealed",0,5,"parasitized",1,0,1,1,166,"year_2024",0
"29","CP","AL","trapnest_107","Mid","large",13,"a","107_13a",6,"107_13a_6","last cell",2024-06-17,"empty",NA,0,2,6,NA,NA,"107_13","1 cell",1,"megachile",3,NA,11,0,1,0,0,7,2,0,0,6,1,1,12,"not sealed",0,6,"parasitized",1,0,2,2,169,"year_2024",1
"30","CP","AL","trapnest_107","Mid","medium",9,"a","107_9a",1,"107_9a_1","not last cell",2024-06-17,"megachile","relativa",0,0,6,"43","138","107_9","6 cells",1,"megachile",3,1,11,0,1,0,0,7,2,0,0,6,1,1,12,"not sealed",0,1,"not parasitized",1,0,2,2,169,"year_2024",0
"31","CP","AL","trapnest_107","Mid","medium",9,"a","107_9a",2,"107_9a_2","not last cell",2024-06-17,"megachile",NA,0,0,6,"43","138","107_9","6 cells",1,"megachile",3,NA,11,0,1,0,0,7,2,0,0,6,1,1,12,"not sealed",0,2,"not parasitized",1,0,2,2,169,"year_2024",0
"32","CP","AL","trapnest_107","Mid","medium",9,"a","107_9a",3,"107_9a_3","not last cell",2024-06-17,"megachile","relativa",0,0,6,"43","138","107_9","6 cells",1,"megachile",3,NA,11,0,1,0,0,7,2,0,0,6,1,1,12,"not sealed",0,3,"not parasitized",1,0,2,2,169,"year_2024",0
"33","CP","AL","trapnest_107","Mid","medium",9,"a","107_9a",4,"107_9a_4","not last cell",2024-06-17,"megachile","relativa",0,0,6,"43","138","107_9","6 cells",1,"megachile",3,NA,11,0,1,0,0,7,2,0,0,6,1,1,12,"not sealed",0,4,"not parasitized",1,0,2,2,169,"year_2024",0
"34","CP","AL","trapnest_107","Mid","medium",9,"a","107_9a",5,"107_9a_5","not last cell",2024-06-17,"pollen mass",NA,0,0,6,"43","138","107_9","6 cells",1,"megachile",3,NA,11,0,1,0,0,7,2,0,0,6,1,1,12,"not sealed",0,5,"not parasitized",1,0,2,2,169,"year_2024",0
"35","CP","AL","trapnest_107","Mid","medium",9,"a","107_9a",6,"107_9a_6","last cell",2024-06-17,"pollen mass",NA,0,0,6,"43","138","107_9","6 cells",1,"megachile",3,NA,11,0,1,0,0,7,2,0,0,6,1,1,12,"not sealed",0,6,"not parasitized",1,0,2,2,169,"year_2024",1
"36","BP","E","trapnest_13","Low","medium",13,"a","13_13a",1,"13_13a_1","unknown",2023-06-23,"pollen mass",NA,0,0,5,"119.8","139.2","13_13","5 cells",1,"megachile",3,1,15,0,2,1,1,2,2,1,1,0.5,0.5,2,17,"not sealed",0,1,"not parasitized",1,1,2,2,174,"year_2023",NA
"37","BP","E","trapnest_13","Low","medium",13,"a","13_13a",2,"13_13a_2","unknown",2023-06-23,"pollen mass",NA,0,0,5,"119.8","139.2","13_13","5 cells",1,"megachile",3,NA,15,0,2,1,1,2,2,1,1,0.5,0.5,2,17,"not sealed",0,2,"not parasitized",1,1,2,2,174,"year_2023",NA
"38","BP","E","trapnest_13","Low","medium",13,"a","13_13a",3,"13_13a_3","unknown",2023-06-23,"pollen mass",NA,0,0,5,"119.8","139.2","13_13","5 cells",1,"megachile",3,NA,15,0,2,1,1,2,2,1,1,0.5,0.5,2,17,"not sealed",0,3,"not parasitized",1,1,2,2,174,"year_2023",NA
"39","BP","E","trapnest_13","Low","medium",13,"a","13_13a",4,"13_13a_4","unknown",2023-06-23,"pollen mass",NA,0,0,5,"119.8","139.2","13_13","5 cells",1,"megachile",3,NA,15,0,2,1,1,2,2,1,1,0.5,0.5,2,17,"not sealed",0,4,"not parasitized",1,1,2,2,174,"year_2023",NA
"40","BP","E","trapnest_13","Low","medium",13,"a","13_13a",5,"13_13a_5","unknown",2023-06-23,"pollen mass",NA,0,0,5,"119.8","139.2","13_13","5 cells",1,"megachile",3,NA,15,0,2,1,1,2,2,1,1,0.5,0.5,2,17,"not sealed",0,5,"not parasitized",1,1,2,2,174,"year_2023",NA
"41","BP","E","trapnest_13","Low","medium",13,"a","13_13a",6,"13_13a_6","last cell",2023-06-29,"pollen mass",NA,0,0,10,"119.8","139.2","13_13","6 cells",1,"megachile",1,NA,13,0,1,1,1,3,3,1,1,2,2,1,14,"not sealed",0,6,"not parasitized",1,1,3,3,180,"year_2023",1
"42","BP","E","trapnest_13","Low","medium",13,"a","13_13a",7,"13_13a_7","unknown",2023-06-29,"pollen mass",NA,0,0,10,"119.8","139.2","13_13","6 cells",1,"megachile",1,NA,13,0,1,1,1,3,3,1,1,2,2,1,14,"not sealed",0,7,"not parasitized",1,1,3,3,180,"year_2023",NA
"43","BP","E","trapnest_13","Low","medium",13,"a","13_13a",8,"13_13a_8","unknown",2023-06-29,"pollen mass",NA,0,0,10,"119.8","139.2","13_13","6 cells",1,"megachile",1,NA,13,0,1,1,1,3,3,1,1,2,2,1,14,"not sealed",0,8,"not parasitized",1,1,3,3,180,"year_2023",NA
"44","BP","E","trapnest_13","Low","medium",13,"a","13_13a",9,"13_13a_9","unknown",2023-06-29,"pollen mass",NA,0,0,10,"119.8","139.2","13_13","6 cells",1,"megachile",1,NA,13,0,1,1,1,3,3,1,1,2,2,1,14,"not sealed",0,9,"not parasitized",1,1,3,3,180,"year_2023",NA
"45","BP","E","trapnest_13","Low","medium",13,"a","13_13a",10,"13_13a_10","unknown",2023-06-29,"pollen mass",NA,0,0,10,"119.8","139.2","13_13","6 cells",1,"megachile",1,NA,13,0,1,1,1,3,3,1,1,2,2,1,14,"not sealed",0,10,"not parasitized",1,1,3,3,180,"year_2023",NA
"46","BP","E","trapnest_13","Low","medium",6,"a","13_6a",1,"13_6a_1","unknown",2023-06-23,"megachile",NA,0,0,8,"119.72","141.9","13_6","6 cells",1,"megachile",3,1,15,0,2,1,1,2,2,1,1,0.5,0.5,2,17,"not sealed",0,1,"not parasitized",1,1,2,2,174,"year_2023",NA
"47","BP","E","trapnest_13","Low","medium",6,"a","13_6a",2,"13_6a_2","unknown",2023-06-23,"pollen mass",NA,0,0,8,"119.72","141.9","13_6","6 cells",1,"megachile",3,NA,15,0,2,1,1,2,2,1,1,0.5,0.5,2,17,"not sealed",0,2,"not parasitized",1,1,2,2,174,"year_2023",NA
"48","BP","E","trapnest_13","Low","medium",6,"a","13_6a",3,"13_6a_3","unknown",2023-06-23,"pollen mass",NA,0,0,8,"119.72","141.9","13_6","6 cells",1,"megachile",3,NA,15,0,2,1,1,2,2,1,1,0.5,0.5,2,17,"not sealed",0,3,"not parasitized",1,1,2,2,174,"year_2023",NA
"49","BP","E","trapnest_13","Low","medium",6,"a","13_6a",4,"13_6a_4","unknown",2023-06-23,"pollen mass",NA,0,0,8,"119.72","141.9","13_6","6 cells",1,"megachile",3,NA,15,0,2,1,1,2,2,1,1,0.5,0.5,2,17,"not sealed",0,4,"not parasitized",1,1,2,2,174,"year_2023",NA
"50","BP","E","trapnest_13","Low","medium",6,"a","13_6a",5,"13_6a_5","unknown",2023-06-23,"pollen mass",NA,0,0,8,"119.72","141.9","13_6","6 cells",1,"megachile",3,NA,15,0,2,1,1,2,2,1,1,0.5,0.5,2,17,"not sealed",0,5,"not parasitized",1,1,2,2,174,"year_2023",NA
"51","BP","E","trapnest_13","Low","medium",6,"a","13_6a",6,"13_6a_6","unknown",2023-06-23,"pollen mass",NA,0,0,8,"119.72","141.9","13_6","6 cells",1,"megachile",3,NA,15,0,2,1,1,2,2,1,1,0.5,0.5,2,17,"not sealed",0,6,"not parasitized",1,1,2,2,174,"year_2023",NA
"52","BP","E","trapnest_13","Low","medium",6,"a","13_6a",7,"13_6a_7","unknown",2023-06-23,"pollen mass",NA,0,0,8,"119.72","141.9","13_6","6 cells",1,"megachile",3,NA,15,0,2,1,1,2,2,1,1,0.5,0.5,2,17,"not sealed",0,7,"not parasitized",1,1,2,2,174,"year_2023",NA
"53","BP","E","trapnest_13","Low","medium",6,"a","13_6a",8,"13_6a_8","unknown",2023-06-23,"pollen mass",NA,0,0,8,"119.72","141.9","13_6","6 cells",1,"megachile",3,NA,15,0,2,1,1,2,2,1,1,0.5,0.5,2,17,"not sealed",0,8,"not parasitized",1,1,2,2,174,"year_2023",NA
"54","BP","E","trapnest_13","Low","medium",9,"a","13_9a",1,"13_9a_1","unknown",2023-06-29,"pollen mass",NA,0,0,4,"46.21","140.44","13_9","4 cells",1,"megachile",1,1,13,0,1,1,1,3,3,1,1,2,2,1,14,"not sealed",0,1,"not parasitized",1,1,3,3,180,"year_2023",NA
"55","BP","E","trapnest_13","Low","medium",9,"a","13_9a",2,"13_9a_2","unknown",2023-06-29,"pollen mass",NA,0,0,4,"46.21","140.44","13_9","4 cells",1,"megachile",1,NA,13,0,1,1,1,3,3,1,1,2,2,1,14,"not sealed",0,2,"not parasitized",1,1,3,3,180,"year_2023",NA
"56","BP","E","trapnest_13","Low","medium",9,"a","13_9a",3,"13_9a_3","unknown",2023-06-29,"pollen mass",NA,0,0,4,"46.21","140.44","13_9","4 cells",1,"megachile",1,NA,13,0,1,1,1,3,3,1,1,2,2,1,14,"not sealed",0,3,"not parasitized",1,1,3,3,180,"year_2023",NA
"57","BP","E","trapnest_13","Low","medium",9,"a","13_9a",4,"13_9a_4","unknown",2023-06-29,"pollen mass",NA,0,0,4,"46.21","140.44","13_9","4 cells",1,"megachile",1,NA,13,0,1,1,1,3,3,1,1,2,2,1,14,"not sealed",0,4,"not parasitized",1,1,3,3,180,"year_2023",NA
"58","BP","E","trapnest_15","High","medium",17,"a","15_17a",1,"15_17a_1","unknown",2023-06-23,"pollen mass",NA,0,0,2,"45.22","145.5","15_17","2 cells",1,"megachile",3,1,7,0,1,10,1,1,1,10,1,0,0,1,8,"not sealed",0,1,"not parasitized",1,0,1,1,174,"year_2023",NA
"59","BP","E","trapnest_15","High","medium",17,"a","15_17a",2,"15_17a_2","unknown",2023-06-23,"pollen mass",NA,0,0,2,"45.22","145.5","15_17","2 cells",1,"megachile",3,NA,7,0,1,10,1,1,1,10,1,0,0,1,8,"not sealed",0,2,"not parasitized",1,0,1,1,174,"year_2023",NA
"60","BP","F","trapnest_17","Mid","small",10,"b","17_10b",1,"17_10b_1","last cell",2023-06-23,"empty",NA,0,0,1,"9.1","132.75","17_10","1 cell",1,"megachile",3,1,7,1,2,7,6,4,4,6,5,2.5,2.5,3,10,"not sealed",0,1,"not parasitized",1,0,4,4,174,"year_2023",1
"61","BP","F","trapnest_17","Mid","medium",11,"b","17_11b",1,"17_11b_1","not last cell",2023-06-20,"pollen mass",NA,0,0,2,"101.72","146.29","17_11","2 cells",1,"megachile",3,1,10,0,1,6,5,2,2,6,5,1,1,1,11,"not sealed",0,1,"not parasitized",1,0,2,2,171,"year_2023",0
"62","BP","F","trapnest_17","Mid","medium",11,"b","17_11b",2,"17_11b_2","not last cell",2023-06-20,"pollen mass",NA,0,0,2,"101.72","146.29","17_11","2 cells",1,"megachile",3,NA,10,0,1,6,5,2,2,6,5,1,1,1,11,"not sealed",0,2,"not parasitized",1,0,2,2,171,"year_2023",0
"63","BP","F","trapnest_17","Mid","medium",11,"b","17_11b",3,"17_11b_3","not last cell",2023-06-23,"pollen mass",NA,0,0,6,"101.72","146.29","17_11","4 cells",1,"megachile",3,NA,7,1,2,7,6,4,4,6,5,2.5,2.5,3,10,"not sealed",0,3,"not parasitized",1,0,4,4,174,"year_2023",0
"64","BP","F","trapnest_17","Mid","medium",11,"b","17_11b",4,"17_11b_4","not last cell",2023-06-23,"pollen mass",NA,0,0,6,"101.72","146.29","17_11","4 cells",1,"megachile",3,NA,7,1,2,7,6,4,4,6,5,2.5,2.5,3,10,"not sealed",0,4,"not parasitized",1,0,4,4,174,"year_2023",0
"65","BP","F","trapnest_17","Mid","medium",11,"b","17_11b",5,"17_11b_5","not last cell",2023-06-23,"pollen mass",NA,0,0,6,"101.72","146.29","17_11","4 cells",1,"megachile",3,NA,7,1,2,7,6,4,4,6,5,2.5,2.5,3,10,"not sealed",0,5,"not parasitized",1,0,4,4,174,"year_2023",0
"66","BP","F","trapnest_17","Mid","medium",11,"b","17_11b",6,"17_11b_6","last cell",2023-06-23,"pollen mass",NA,0,0,6,"101.72","146.29","17_11","4 cells",1,"megachile",3,NA,7,1,2,7,6,4,4,6,5,2.5,2.5,3,10,"not sealed",0,6,"not parasitized",1,0,4,4,174,"year_2023",1
"67","BP","F","trapnest_17","Mid","medium",3,"a","17_3a",1,"17_3a_1","unknown",2023-06-23,"empty",NA,0,0,1,"25.45","139.37","17_3","1 cell",1,"megachile",3,1,7,1,2,7,6,4,4,6,5,2.5,2.5,3,10,"not sealed",0,1,"not parasitized",1,0,4,4,174,"year_2023",NA
"68","BP","F","trapnest_17","Mid","medium",3,"a","17_3a",2,"17_3a_2","unknown",2023-06-29,"empty",NA,0,0,2,"25.45","139.37","17_3","1 cell",1,"megachile",1,NA,9,0,0,5,4,4,4,5,4,4,4,0,9,"not sealed",0,2,"not parasitized",1,0,4,4,180,"year_2023",NA
"69","NN","J","trapnest_30","High","small",12,"a","30_12a",1,"30_12a_1","not last cell",2023-06-22,"pollen mass",NA,0,0,2,"unknown","unknown","30_12","2 cells",1,"megachile",3,1,2,0,2,11,0,2,2,11,0,0.5,0.5,2,4,"not sealed",0,1,"not parasitized",1,0,2,2,173,"year_2023",0
"70","NN","J","trapnest_30","High","small",12,"a","30_12a",2,"30_12a_2","not last cell",2023-06-22,"pollen mass",NA,0,0,2,"unknown","unknown","30_12","2 cells",1,"megachile",3,NA,2,0,2,11,0,2,2,11,0,0.5,0.5,2,4,"not sealed",0,2,"not parasitized",1,0,2,2,173,"year_2023",0
"71","NN","J","trapnest_30","High","small",12,"a","30_12a",3,"30_12a_3","not last cell",2023-06-30,"pollen mass",NA,0,0,9,"unknown","unknown","30_12","7 cells + end cap",1,"megachile",1,NA,3,0,1,11,0,3,3,11,0,2,2,1,4,"sealed",0,3,"not parasitized",0,0,2,2,181,"year_2023",0
"72","NN","J","trapnest_30","High","small",12,"a","30_12a",4,"30_12a_4","not last cell",2023-06-30,"pollen mass",NA,0,0,9,"unknown","unknown","30_12","7 cells + end cap",1,"megachile",1,NA,3,0,1,11,0,3,3,11,0,2,2,1,4,"sealed",0,4,"not parasitized",0,0,2,2,181,"year_2023",0
"73","NN","J","trapnest_30","High","small",12,"a","30_12a",5,"30_12a_5","not last cell",2023-06-30,"pollen mass",NA,0,0,9,"unknown","unknown","30_12","7 cells + end cap",1,"megachile",1,NA,3,0,1,11,0,3,3,11,0,2,2,1,4,"sealed",0,5,"not parasitized",0,0,2,2,181,"year_2023",0
"74","NN","J","trapnest_30","High","small",12,"a","30_12a",6,"30_12a_6","not last cell",2023-06-30,"pollen mass",NA,0,0,9,"unknown","unknown","30_12","7 cells + end cap",1,"megachile",1,NA,3,0,1,11,0,3,3,11,0,2,2,1,4,"sealed",0,6,"not parasitized",0,0,2,2,181,"year_2023",0
"75","NN","J","trapnest_30","High","small",12,"a","30_12a",7,"30_12a_7","not last cell",2023-06-30,"pollen mass",NA,0,0,9,"unknown","unknown","30_12","7 cells + end cap",1,"megachile",1,NA,3,0,1,11,0,3,3,11,0,2,2,1,4,"sealed",0,7,"not parasitized",0,0,2,2,181,"year_2023",0
"76","NN","J","trapnest_30","High","small",12,"a","30_12a",8,"30_12a_8","not last cell",2023-06-30,"pollen mass",NA,0,0,9,"unknown","unknown","30_12","7 cells + end cap",1,"megachile",1,NA,3,0,1,11,0,3,3,11,0,2,2,1,4,"sealed",0,8,"not parasitized",0,0,2,2,181,"year_2023",0
"77","NN","J","trapnest_30","High","small",12,"a","30_12a",9,"30_12a_9","last cell",2023-06-30,"pollen mass",NA,0,0,9,"unknown","unknown","30_12","7 cells + end cap",1,"megachile",1,NA,3,0,1,11,0,3,3,11,0,2,2,1,4,"sealed",0,9,"not parasitized",0,0,2,2,181,"year_2023",1
"78","NN","J","trapnest_30","High","medium",7,"a","30_7a",1,"30_7a_1","last cell",2023-06-30,"pollen mass",NA,0,0,8,"90.87","147.57","30_7","8 cells",1,"megachile",1,NA,3,0,1,11,0,3,3,11,0,2,2,1,4,"not sealed",1,1,"not parasitized",1,0,2,2,181,"year_2023",1
"79","NN","J","trapnest_30","High","medium",7,"a","30_7a",2,"30_7a_2","unknown",2023-06-30,"pollen mass",NA,0,0,8,"90.87","147.57","30_7","8 cells",1,"megachile",1,NA,3,0,1,11,0,3,3,11,0,2,2,1,4,"not sealed",1,2,"not parasitized",1,0,2,2,181,"year_2023",NA
"80","NN","J","trapnest_30","High","medium",7,"a","30_7a",3,"30_7a_3","unknown",2023-06-30,"pollen mass",NA,0,0,8,"90.87","147.57","30_7","8 cells",1,"megachile",1,NA,3,0,1,11,0,3,3,11,0,2,2,1,4,"not sealed",1,3,"not parasitized",1,0,2,2,181,"year_2023",NA
"81","NN","J","trapnest_30","High","medium",7,"a","30_7a",4,"30_7a_4","unknown",2023-06-30,"pollen mass",NA,0,0,8,"90.87","147.57","30_7","8 cells",1,"megachile",1,NA,3,0,1,11,0,3,3,11,0,2,2,1,4,"not sealed",1,4,"not parasitized",1,0,2,2,181,"year_2023",NA
"82","NN","J","trapnest_30","High","medium",7,"a","30_7a",5,"30_7a_5","unknown",2023-06-30,"pollen mass",NA,0,0,8,"90.87","147.57","30_7","8 cells",1,"megachile",1,NA,3,0,1,11,0,3,3,11,0,2,2,1,4,"not sealed",1,5,"not parasitized",1,0,2,2,181,"year_2023",NA
"83","NN","J","trapnest_30","High","medium",7,"a","30_7a",6,"30_7a_6","unknown",2023-06-30,"pollen mass",NA,0,0,8,"90.87","147.57","30_7","8 cells",1,"megachile",1,NA,3,0,1,11,0,3,3,11,0,2,2,1,4,"not sealed",1,6,"not parasitized",1,0,2,2,181,"year_2023",NA
"84","NN","J","trapnest_30","High","medium",7,"a","30_7a",7,"30_7a_7","unknown",2023-06-30,"pollen mass",NA,0,0,8,"90.87","147.57","30_7","8 cells",1,"megachile",1,NA,3,0,1,11,0,3,3,11,0,2,2,1,4,"not sealed",1,7,"not parasitized",1,0,2,2,181,"year_2023",NA
"85","NN","J","trapnest_30","High","medium",7,"a","30_7a",8,"30_7a_8","unknown",2023-06-30,"pollen mass",NA,0,0,8,"90.87","147.57","30_7","8 cells",1,"megachile",1,NA,3,0,1,11,0,3,3,11,0,2,2,1,4,"not sealed",1,8,"not parasitized",1,0,2,2,181,"year_2023",NA
"86","BP","N","trapnest_42","High","large",14,"a","42_14a",1,"42_14a_1","unknown",2023-07-24,"unknown larva",NA,0,0,1,"30.52","143.82","42_14","1 cell",1,"megachile",2,1,5,0,2,0,0,13,3,0,0,11.5,1.5,2,7,"not sealed",0,1,"not parasitized",1,0,3,3,205,"year_2023",NA
"87","BP","N","trapnest_42","High","large",14,"a","42_14a",2,"42_14a_2","unknown",2023-07-26,"empty",NA,0,0,3,"30.52","143.82","42_14","2-3 cells",1,"megachile",1,NA,7,0,0,0,0,11,3,0,0,11,3,0,7,"not sealed",0,2,"not parasitized",1,0,3,3,207,"year_2023",NA
"88","BP","N","trapnest_42","High","large",14,"a","42_14a",3,"42_14a_3","unknown",2023-07-26,"empty",NA,0,0,3,"30.52","143.82","42_14","2-3 cells",1,"megachile",1,NA,7,0,0,0,0,11,3,0,0,11,3,0,7,"not sealed",0,3,"not parasitized",1,0,3,3,207,"year_2023",NA
"89","BP","N","trapnest_42","High","large",1,"b","42_1b",1,"42_1b_1","last cell",2023-07-24,"megachile","relativa",0,0,1,"19.41","144.61","42_1","1 cell",1,"megachile",2,1,5,0,2,0,0,13,3,0,0,11.5,1.5,2,7,"not sealed",0,1,"not parasitized",1,0,3,3,205,"year_2023",1
"90","BP","O","trapnest_43","Low","small",4,"b","43_4b",1,"43_4b_1","last cell",2023-08-04,"megachile","not fully developped, can't tell",0,0,1,"35.35","144.35","43_4","1 cell",1,"megachile",2,1,17,0,1,0,0,1,1,0,0,0,0,1,18,"not sealed",0,1,"not parasitized",1,0,1,1,216,"year_2023",1
"91","BP","O","trapnest_44","Mid","small",14,"b","44_14b",1,"44_14b_1","unknown",2023-07-24,"pollen mass",NA,0,0,1,"36.36","141.9","44_14","1 cell",1,"megachile",2,1,8,0,4,0,0,10,5,0,0,7.5,2.5,4,12,"not sealed",0,1,"not parasitized",1,0,4,4,205,"year_2023",NA
"92","BP","O","trapnest_44","Mid","small",14,"b","44_14b",2,"44_14b_2","unknown",2023-07-26,"pollen mass",NA,0,0,2,"36.36","141.9","44_14","1 cell + end cap",1,"megachile",1,NA,12,0,0,0,0,6,4,0,0,6,4,0,12,"sealed",0,2,"not parasitized",0,0,3,3,207,"year_2023",NA
"93","BP","O","trapnest_44","Mid","medium",15,"a","44_15a",1,"44_15a_1","last cell",2023-07-24,"empty",NA,0,0,1,"14.78","145.64","44_15","1 cell",1,"megachile",2,1,8,0,4,0,0,10,5,0,0,7.5,2.5,4,12,"not sealed",0,1,"not parasitized",1,0,4,4,205,"year_2023",1
"94","BP","O","trapnest_44","Mid","medium",17,"a","44_17a",1,"44_17a_1","not last cell",2023-08-01,"pollen mass",NA,0,0,1,"51.59","150.47","44_17","1 cell",1,"megachile",2,1,11,0,1,0,0,6,4,0,0,5,3,1,12,"not sealed",0,1,"not parasitized",1,0,3,4,213,"year_2023",0
"95","BP","O","trapnest_44","Mid","medium",17,"a","44_17a",2,"44_17a_2","not last cell",2023-08-04,"pollen mass",NA,0,0,2,"51.59","150.47","44_17","1 cell",1,"megachile",2,NA,11,0,1,0,0,7,4,0,0,6,3,1,12,"not sealed",0,2,"not parasitized",1,0,3,3,216,"year_2023",0
"96","BP","O","trapnest_44","Mid","medium",17,"a","44_17a",3,"44_17a_3","last cell",2023-08-09,"pollen mass",NA,0,0,3,"51.59","150.47","44_17","1 cell + end cap",1,"megachile",4,NA,11,0,1,0,0,7,4,0,0,6,3,1,12,"sealed",0,3,"not parasitized",0,0,2,2,221,"year_2023",1
"97","BP","O","trapnest_44","Mid","medium",3,"a","44_3a",1,"44_3a_1","unknown",2023-07-24,"pollen mass",NA,0,0,2,"121.68","145.89","44_3","2 cells",1,"megachile",2,1,8,0,4,0,0,10,5,0,0,7.5,2.5,4,12,"not sealed",0,1,"not parasitized",1,0,4,4,205,"year_2023",NA
"98","BP","O","trapnest_44","Mid","medium",3,"a","44_3a",2,"44_3a_2","unknown",2023-07-24,"megachile",NA,0,0,2,"121.68","145.89","44_3","2 cells",1,"megachile",2,NA,8,0,4,0,0,10,5,0,0,7.5,2.5,4,12,"not sealed",0,2,"not parasitized",1,0,4,4,205,"year_2023",NA
"99","BP","O","trapnest_44","Mid","medium",3,"a","44_3a",3,"44_3a_3","unknown",2023-07-26,"pollen mass",NA,0,0,3,"121.68","145.89","44_3","1 cell",1,"megachile",1,NA,12,0,0,0,0,6,4,0,0,6,4,0,12,"not sealed",0,3,"not parasitized",1,0,3,3,207,"year_2023",NA
"100","BP","O","trapnest_44","Mid","medium",3,"a","44_3a",4,"44_3a_4","unknown",2023-07-28,"pollen mass",NA,0,0,5,"121.68","145.89","44_3","2 cells",1,"megachile",0,NA,12,0,0,0,0,6,4,0,0,6,4,0,12,"not sealed",0,4,"not parasitized",1,0,3,3,209,"year_2023",NA
"101","BP","O","trapnest_44","Mid","medium",3,"a","44_3a",5,"44_3a_5","unknown",2023-07-28,"pollen mass",NA,0,0,5,"121.68","145.89","44_3","2 cells",1,"megachile",0,NA,12,0,0,0,0,6,4,0,0,6,4,0,12,"not sealed",0,5,"not parasitized",1,0,3,3,209,"year_2023",NA
"102","BP","O","trapnest_44","Mid","medium",3,"a","44_3a",6,"44_3a_6","unknown",2023-08-01,"pollen mass",NA,0,0,7,"121.68","145.89","44_3","2 cells",1,"megachile",2,NA,11,0,1,0,0,6,4,0,0,5,3,1,12,"not sealed",0,6,"not parasitized",1,0,3,4,213,"year_2023",NA
"103","BP","O","trapnest_44","Mid","medium",3,"a","44_3a",7,"44_3a_7","last cell",2023-08-01,"megachile","pugnata",0,0,7,"121.68","145.89","44_3","2 cells",1,"megachile",2,NA,11,0,1,0,0,6,4,0,0,5,3,1,12,"not sealed",0,7,"not parasitized",1,0,3,4,213,"year_2023",1
"104","BP","O","trapnest_44","Mid","medium",3,"b","44_3b",1,"44_3b_1","unknown",2023-08-09,"empty",NA,0,0,2,"28.04","144.25","44_3","2 cells",1,"megachile",4,1,11,0,1,0,0,7,4,0,0,6,3,1,12,"not sealed",0,1,"not parasitized",1,0,2,2,221,"year_2023",NA
"105","BP","O","trapnest_44","Mid","medium",3,"b","44_3b",2,"44_3b_2","unknown",2023-08-09,"empty",NA,0,0,2,"28.04","144.25","44_3","2 cells",1,"megachile",4,NA,11,0,1,0,0,7,4,0,0,6,3,1,12,"not sealed",0,2,"not parasitized",1,0,2,2,221,"year_2023",NA
"106","BP","O","trapnest_44","Mid","small",6,"a","44_6a",1,"44_6a_1","not last cell",2023-07-20,"pollen mass",NA,0,0,1,"35.36","138.3","44_6","1 cell",1,"megachile",2,1,11,0,1,0,0,7,1,0,0,6,0,1,12,"not sealed",0,1,"not parasitized",1,0,1,1,201,"year_2023",0
"107","BP","O","trapnest_44","Mid","small",6,"a","44_6a",2,"44_6a_2","last cell",2023-07-24,"pollen mass",NA,0,0,2,"35.36","138.3","44_6","1 cell + end cap",1,"megachile",2,NA,8,0,4,0,0,10,5,0,0,7.5,2.5,4,12,"sealed",0,2,"not parasitized",0,0,4,4,205,"year_2023",1
"108","BP","O","trapnest_44","Mid","medium",8,"a","44_8a",1,"44_8a_1","unknown",2023-07-24,"pollen mass",NA,0,0,1,"38.02","143.5","44_8","1 cell",1,"megachile",2,1,8,0,4,0,0,10,5,0,0,7.5,2.5,4,12,"not sealed",0,1,"not parasitized",1,0,4,4,205,"year_2023",NA
"109","BP","O","trapnest_44","Mid","medium",8,"a","44_8a",2,"44_8a_2","unknown",2023-07-26,"megachile","rotundata",0,0,2,"38.02","143.5","44_8","1 cell",1,"megachile",1,NA,12,0,0,0,0,6,4,0,0,6,4,0,12,"not sealed",0,2,"not parasitized",1,0,3,3,207,"year_2023",NA
"110","BP","O","trapnest_44","Mid","medium",8,"a","44_8a",3,"44_8a_3","unknown",2023-08-01,"pollen mass",NA,0,0,3,"38.02","143.5","44_8","1 cell",1,"megachile",2,NA,11,0,1,0,0,6,4,0,0,5,3,1,12,"not sealed",0,3,"not parasitized",1,0,3,4,213,"year_2023",NA
"111","BP","O","trapnest_45","High","medium",11,"a","45_11a",1,"45_11a_1","not last cell",2023-08-04,"megachile","relativa",0,0,1,"29.53","148.88","45_11","1 cell",1,"megachile",2,1,6,0,1,0,0,12,1,0,0,11,0,1,7,"not sealed",0,1,"not parasitized",1,0,1,1,216,"year_2023",0
"112","BP","O","trapnest_45","High","medium",11,"a","45_11a",2,"45_11a_2","last cell",2023-08-09,"megachile","relativa",0,0,2,"29.53","148.88","45_11","1 cell",1,"megachile",4,NA,7,0,0,0,0,11,1,0,0,11,1,0,7,"not sealed",0,2,"not parasitized",1,0,1,1,221,"year_2023",1
"113","CP","T","trapnest_59","Mid","small",4,"a","59_4a",1,"59_4a_1","last cell",2023-07-10,"parasite","sapyga",1,1,1,"17.86","137.64","59_4","non-target cells",1,"megachile",1,NA,12,0,0,0,0,6,2,0,0,6,2,0,12,"not sealed",1,1,"parasitized",1,0,2,2,191,"year_2023",1
"114","BP","B","trapnest_5","Mid","medium",11,"a","5_11a",1,"5_11a_1","not last cell",2023-06-20,"mold",NA,0,0,5,"85.18","144.23","5_11","6 cells",1,"megachile",3,1,11,0,1,6,2,1,1,6,2,0,0,1,12,"not sealed",0,1,"not parasitized",1,0,1,1,171,"year_2023",0
"115","BP","B","trapnest_5","Mid","medium",11,"a","5_11a",2,"5_11a_2","not last cell",2023-06-20,"mold",NA,0,0,5,"85.18","144.23","5_11","6 cells",1,"megachile",3,NA,11,0,1,6,2,1,1,6,2,0,0,1,12,"not sealed",0,2,"not parasitized",1,0,1,1,171,"year_2023",0
"116","BP","B","trapnest_5","Mid","medium",11,"a","5_11a",3,"5_11a_3","not last cell",2023-06-20,"mold",NA,0,0,5,"85.18","144.23","5_11","6 cells",1,"megachile",3,NA,11,0,1,6,2,1,1,6,2,0,0,1,12,"not sealed",0,3,"not parasitized",1,0,1,1,171,"year_2023",0
"117","BP","B","trapnest_5","Mid","medium",11,"a","5_11a",4,"5_11a_4","not last cell",2023-06-20,"mold",NA,0,0,5,"85.18","144.23","5_11","6 cells",1,"megachile",3,NA,11,0,1,6,2,1,1,6,2,0,0,1,12,"not sealed",0,4,"not parasitized",1,0,1,1,171,"year_2023",0
"118","BP","B","trapnest_5","Mid","medium",11,"a","5_11a",5,"5_11a_5","last cell",2023-06-20,"mold",NA,0,0,5,"85.18","144.23","5_11","6 cells",1,"megachile",3,NA,11,0,1,6,2,1,1,6,2,0,0,1,12,"not sealed",0,5,"not parasitized",1,0,1,1,171,"year_2023",1
"119","BP","B","trapnest_5","Mid","medium",16,"a","5_16a",1,"5_16a_1","not last cell",2023-06-29,"pollen mass",NA,0,0,10,"103.9","142.31","5_16","9 cells",1,"megachile",1,1,9,0,1,6,0,3,3,6,0,2,2,1,10,"not sealed",0,1,"not parasitized",1,0,3,3,180,"year_2023",0
"120","BP","B","trapnest_5","Mid","medium",16,"a","5_16a",2,"5_16a_2","not last cell",2023-06-29,"pollen mass",NA,0,0,10,"103.9","142.31","5_16","9 cells",1,"megachile",1,NA,9,0,1,6,0,3,3,6,0,2,2,1,10,"not sealed",0,2,"not parasitized",1,0,3,3,180,"year_2023",0
"121","BP","B","trapnest_5","Mid","medium",16,"a","5_16a",3,"5_16a_3","last cell",2023-06-29,"empty",NA,0,0,10,"103.9","142.31","5_16","9 cells",1,"megachile",1,NA,9,0,1,6,0,3,3,6,0,2,2,1,10,"not sealed",0,3,"not parasitized",1,0,3,3,180,"year_2023",1
"122","BP","B","trapnest_5","Mid","medium",16,"a","5_16a",4,"5_16a_4","not last cell",2023-06-29,"pollen mass",NA,0,0,10,"103.9","142.31","5_16","9 cells",1,"megachile",1,NA,9,0,1,6,0,3,3,6,0,2,2,1,10,"not sealed",0,4,"not parasitized",1,0,3,3,180,"year_2023",0
"123","BP","B","trapnest_5","Mid","medium",16,"a","5_16a",5,"5_16a_5","not last cell",2023-06-29,"pollen mass",NA,0,0,10,"103.9","142.31","5_16","9 cells",1,"megachile",1,NA,9,0,1,6,0,3,3,6,0,2,2,1,10,"not sealed",0,5,"not parasitized",1,0,3,3,180,"year_2023",0
"124","BP","B","trapnest_5","Mid","medium",16,"a","5_16a",6,"5_16a_6","not last cell",2023-06-29,"pollen mass",NA,0,0,10,"103.9","142.31","5_16","9 cells",1,"megachile",1,NA,9,0,1,6,0,3,3,6,0,2,2,1,10,"not sealed",0,6,"not parasitized",1,0,3,3,180,"year_2023",0
"125","BP","B","trapnest_5","Mid","medium",16,"a","5_16a",7,"5_16a_7","not last cell",2023-06-29,"pollen mass",NA,0,0,10,"103.9","142.31","5_16","9 cells",1,"megachile",1,NA,9,0,1,6,0,3,3,6,0,2,2,1,10,"not sealed",0,7,"not parasitized",1,0,3,3,180,"year_2023",0
"126","BP","B","trapnest_5","Mid","medium",16,"a","5_16a",8,"5_16a_8","not last cell",2023-06-29,"pollen mass",NA,0,0,10,"103.9","142.31","5_16","9 cells",1,"megachile",1,NA,9,0,1,6,0,3,3,6,0,2,2,1,10,"not sealed",0,8,"not parasitized",1,0,3,3,180,"year_2023",0
"127","BP","B","trapnest_5","Mid","medium",16,"a","5_16a",9,"5_16a_9","not last cell",2023-06-29,"pollen mass",NA,0,0,10,"103.9","142.31","5_16","9 cells",1,"megachile",1,NA,9,0,1,6,0,3,3,6,0,2,2,1,10,"not sealed",0,9,"not parasitized",1,0,3,3,180,"year_2023",0
"128","BP","B","trapnest_5","Mid","medium",16,"a","5_16a",10,"5_16a_10","not last cell",2023-06-29,"pollen mass",NA,0,0,10,"103.9","142.31","5_16","9 cells",1,"megachile",1,NA,9,0,1,6,0,3,3,6,0,2,2,1,10,"not sealed",0,10,"not parasitized",1,0,3,3,180,"year_2023",0
"129","CP","W","trapnest_67","Low","medium",15,"a","67_15a",1,"67_15a_1","not last cell",2023-07-05,"pollen mass",NA,0,0,2,"90.25","140.94","67_15","2 cells",1,"megachile",1,1,17,0,1,0,0,1,1,0,0,0,0,1,18,"not sealed",0,1,"not parasitized",1,0,1,1,186,"year_2023",0
"130","CP","W","trapnest_67","Low","medium",15,"a","67_15a",2,"67_15a_2","not last cell",2023-07-05,"pollen mass",NA,0,0,2,"90.25","140.94","67_15","2 cells",1,"megachile",1,NA,17,0,1,0,0,1,1,0,0,0,0,1,18,"not sealed",0,2,"not parasitized",1,0,1,1,186,"year_2023",0
"131","CP","W","trapnest_67","Low","medium",15,"a","67_15a",3,"67_15a_3","last cell",2023-07-07,"pollen mass",NA,0,0,3,"90.25","140.94","67_15","1 cell + end cap",1,"megachile",2,NA,16,0,1,0,0,2,2,0,0,1,1,1,17,"sealed",0,3,"not parasitized",0,0,1,1,188,"year_2023",1
"132","CP","W","trapnest_67","Low","medium",15,"b","67_15b",1,"67_15b_1","last cell",2023-07-12,"parasite","meloidae",1,1,1,"25.62","146.94","67_15","1 cell",1,"megachile",1,1,16,0,1,0,0,2,2,0,0,1,1,1,17,"not sealed",0,1,"parasitized",1,0,1,1,193,"year_2023",1
"133","CP","X","trapnest_70","Low","small",5,"a","70_5a",1,"70_5a_1","unknown",2023-08-09,"empty",NA,0,0,1,"6.56","135.29","70_5","1 cell",1,"megachile",4,1,17,0,1,0,0,1,1,0,0,0,0,1,18,"not sealed",0,1,"not parasitized",1,0,1,1,221,"year_2023",NA
"134","CP","X","trapnest_71","Mid","small",11,"a","71_11a",1,"71_11a_1","last cell",2023-07-28,"megachile","not fully developped, can't tell",0,0,1,NA,NA,"71_11","1 cell",1,"megachile",0,1,11,0,1,0,0,7,3,0,0,6,2,1,12,"not sealed",0,1,"not parasitized",1,0,2,2,209,"year_2023",1
"135","CP","X","trapnest_71","Mid","medium",13,"b","71_13b",1,"71_13b_1","last cell",2023-07-20,"megachile","pugnata",0,0,4,"35.48","135.44","71_13","3 cells",1,"megachile",2,1,11,0,1,0,0,7,1,0,0,6,0,1,12,"not sealed",0,1,"not parasitized",1,0,1,1,201,"year_2023",1
"136","CP","X","trapnest_71","Mid","medium",13,"b","71_13b",2,"71_13b_2","not last cell",2023-07-20,"mold",NA,0,0,4,"35.48","135.44","71_13","3 cells",1,"megachile",2,NA,11,0,1,0,0,7,1,0,0,6,0,1,12,"not sealed",0,2,"not parasitized",1,0,1,1,201,"year_2023",0
"137","CP","X","trapnest_71","Mid","medium",13,"b","71_13b",3,"71_13b_3","not last cell",2023-07-20,"mold",NA,0,0,4,"35.48","135.44","71_13","3 cells",1,"megachile",2,NA,11,0,1,0,0,7,1,0,0,6,0,1,12,"not sealed",0,3,"not parasitized",1,0,1,1,201,"year_2023",0
"138","CP","X","trapnest_71","Mid","medium",13,"b","71_13b",4,"71_13b_4","not last cell",2023-07-20,"megachile","pugnata",0,0,4,"35.48","135.44","71_13","3 cells",1,"megachile",2,NA,11,0,1,0,0,7,1,0,0,6,0,1,12,"not sealed",0,4,"not parasitized",1,0,1,1,201,"year_2023",0
"139","BP","AA","trapnest_73","Low","medium",9,"a","73_9a",1,"73_9a_1","last cell",2024-06-21,"megachile","relativa",0,1,5,"115","133","73_9","5 cells",1,"megachile",4,1,17,0,1,0,0,1,1,0,0,0,0,1,18,"not sealed",0,1,"parasitized",1,0,1,1,173,"year_2024",1
"140","BP","AA","trapnest_73","Low","medium",9,"a","73_9a",2,"73_9a_2","not last cell",2024-06-21,"megachile","relativa",0,1,5,"115","133","73_9","5 cells",1,"megachile",4,NA,17,0,1,0,0,1,1,0,0,0,0,1,18,"not sealed",0,2,"parasitized",1,0,1,1,173,"year_2024",0
"141","BP","AA","trapnest_73","Low","medium",9,"a","73_9a",3,"73_9a_3","not last cell",2024-06-21,"megachile",NA,0,1,5,"115","133","73_9","5 cells",1,"megachile",4,NA,17,0,1,0,0,1,1,0,0,0,0,1,18,"not sealed",0,3,"parasitized",1,0,1,1,173,"year_2024",0
"142","BP","AA","trapnest_73","Low","medium",9,"a","73_9a",4,"73_9a_4","not last cell",2024-06-21,"megachile",NA,0,1,5,"115","133","73_9","5 cells",1,"megachile",4,NA,17,0,1,0,0,1,1,0,0,0,0,1,18,"not sealed",0,4,"parasitized",1,0,1,1,173,"year_2024",0
"143","BP","AA","trapnest_73","Low","medium",9,"a","73_9a",5,"73_9a_5","not last cell",2024-06-21,"parasite","coelioxys",1,1,5,"115","133","73_9","5 cells",1,"megachile",4,NA,17,0,1,0,0,1,1,0,0,0,0,1,18,"not sealed",0,5,"parasitized",1,0,1,1,173,"year_2024",0
"144","BP","AA","trapnest_75","High","medium",17,"b","75_17b",1,"75_17b_1","not last cell",2024-06-25,"pollen mass",NA,0,0,1,"56","134","75_17","1 cell",1,"megachile",1,1,6,0,1,0,0,12,2,0,0,11,1,1,7,"not sealed",0,1,"not parasitized",1,0,1,1,177,"year_2024",0
"145","BP","AA","trapnest_75","High","medium",17,"b","75_17b",2,"75_17b_2","not last cell",2024-06-28,"parasite","chalcid",1,2,3,"56","134","75_17","2 cells",1,"megachile",3,NA,7,0,0,0,0,11,2,0,0,11,2,0,7,"not sealed",0,2,"parasitized",1,0,1,1,180,"year_2024",0
"146","BP","AA","trapnest_75","High","medium",17,"b","75_17b",3,"75_17b_3","not last cell",2024-06-28,"parasite","chalcid",1,2,3,"56","134","75_17","2 cells",1,"megachile",3,NA,7,0,0,0,0,11,2,0,0,11,2,0,7,"not sealed",0,3,"parasitized",1,0,1,1,180,"year_2024",0
"147","BP","AA","trapnest_75","High","medium",17,"b","75_17b",4,"75_17b_4","last cell",2024-07-02,"parasite","chalcid",1,3,5,"56","134","75_17","2 cells",1,"megachile",3,NA,7,0,0,0,0,11,2,0,0,11,2,0,7,"not sealed",0,4,"parasitized",1,0,1,1,184,"year_2024",1
"148","BP","AA","trapnest_75","High","medium",17,"b","75_17b",5,"75_17b_5","not last cell",2024-07-02,"pollen mass",NA,0,3,5,"56","134","75_17","2 cells",1,"megachile",3,NA,7,0,0,0,0,11,2,0,0,11,2,0,7,"not sealed",0,5,"parasitized",1,0,1,1,184,"year_2024",0
"149","BP","AA","trapnest_75","High","medium",18,"a","75_18a",1,"75_18a_1","last cell",2024-06-21,"parasite","coelioxys",1,1,9,"114","132","75_18","9 cells",1,"megachile",4,1,5,0,1,0,0,12,1,0,0,11,0,1,6,"not sealed",0,1,"parasitized",1,0,1,1,173,"year_2024",1
"150","BP","AA","trapnest_75","High","medium",18,"a","75_18a",2,"75_18a_2","not last cell",2024-06-21,"unknown larva",NA,0,1,9,"114","132","75_18","9 cells",1,"megachile",4,NA,5,0,1,0,0,12,1,0,0,11,0,1,6,"not sealed",0,2,"parasitized",1,0,1,1,173,"year_2024",0
"151","BP","AA","trapnest_75","High","medium",18,"a","75_18a",3,"75_18a_3","not last cell",2024-06-21,"unknown larva",NA,0,1,9,"114","132","75_18","9 cells",1,"megachile",4,NA,5,0,1,0,0,12,1,0,0,11,0,1,6,"not sealed",0,3,"parasitized",1,0,1,1,173,"year_2024",0
"152","BP","AA","trapnest_75","High","medium",18,"a","75_18a",4,"75_18a_4","not last cell",2024-06-21,"unknown larva",NA,0,1,9,"114","132","75_18","9 cells",1,"megachile",4,NA,5,0,1,0,0,12,1,0,0,11,0,1,6,"not sealed",0,4,"parasitized",1,0,1,1,173,"year_2024",0
"153","BP","AA","trapnest_75","High","medium",18,"a","75_18a",5,"75_18a_5","not last cell",2024-06-21,"unknown larva",NA,0,1,9,"114","132","75_18","9 cells",1,"megachile",4,NA,5,0,1,0,0,12,1,0,0,11,0,1,6,"not sealed",0,5,"parasitized",1,0,1,1,173,"year_2024",0
"154","BP","AA","trapnest_75","High","medium",18,"a","75_18a",6,"75_18a_6","not last cell",2024-06-21,"unknown larva",NA,0,1,9,"114","132","75_18","9 cells",1,"megachile",4,NA,5,0,1,0,0,12,1,0,0,11,0,1,6,"not sealed",0,6,"parasitized",1,0,1,1,173,"year_2024",0
"155","BP","AA","trapnest_75","High","medium",18,"a","75_18a",7,"75_18a_7","not last cell",2024-06-21,"unknown larva",NA,0,1,9,"114","132","75_18","9 cells",1,"megachile",4,NA,5,0,1,0,0,12,1,0,0,11,0,1,6,"not sealed",0,7,"parasitized",1,0,1,1,173,"year_2024",0
"156","BP","AA","trapnest_75","High","medium",18,"a","75_18a",8,"75_18a_8","not last cell",2024-06-21,"unknown larva",NA,0,1,9,"114","132","75_18","9 cells",1,"megachile",4,NA,5,0,1,0,0,12,1,0,0,11,0,1,6,"not sealed",0,8,"parasitized",1,0,1,1,173,"year_2024",0
"157","BP","AA","trapnest_75","High","medium",18,"a","75_18a",9,"75_18a_9","not last cell",2024-06-21,"unknown larva",NA,0,1,9,"114","132","75_18","9 cells",1,"megachile",4,NA,5,0,1,0,0,12,1,0,0,11,0,1,6,"not sealed",0,9,"parasitized",1,0,1,1,173,"year_2024",0
"158","BP","AB","trapnest_77","Mid","medium",11,"b","77_11b",1,"77_11b_1","last cell",2024-07-29,"megachile","pugnata",0,0,2,"40","137","77_11","2 cells",1,"megachile",3,1,11,0,1,0,0,7,4,0,0,6,3,1,12,"not sealed",0,1,"not parasitized",1,0,1,1,211,"year_2024",1
"159","BP","AB","trapnest_77","Mid","medium",11,"b","77_11b",2,"77_11b_2","not last cell",2024-07-29,"mold",NA,0,0,2,"40","137","77_11","2 cells",1,"megachile",3,NA,11,0,1,0,0,7,4,0,0,6,3,1,12,"not sealed",0,2,"not parasitized",1,0,1,1,211,"year_2024",0
"160","BP","AB","trapnest_77","Mid","medium",12,"c","77_12c",1,"77_12c_1","not last cell",2024-07-22,"pollen mass",NA,0,0,2,"42","137","77_12","2 cells",1,"megachile",3,1,11,0,1,0,0,7,4,0,0,6,3,1,12,"not sealed",0,1,"not parasitized",1,0,1,2,204,"year_2024",0
"161","BP","AB","trapnest_77","Mid","medium",12,"c","77_12c",2,"77_12c_2","last cell",2024-07-22,"megachile","pugnata",0,0,2,"42","137","77_12","2 cells",1,"megachile",3,NA,11,0,1,0,0,7,4,0,0,6,3,1,12,"not sealed",0,2,"not parasitized",1,0,1,2,204,"year_2024",1
"162","BP","AB","trapnest_77","Mid","medium",12,"d","77_12d",1,"77_12d_1","last cell",2024-08-06,"megachile","pugnata",0,0,1,"20","136","77_12","1 cell",1,"megachile",3,1,10,0,2,0,0,8,5,0,0,6.5,3.5,2,12,"not sealed",0,1,"not parasitized",1,0,2,2,219,"year_2024",1
"163","BP","AB","trapnest_77","Mid","medium",13,"a","77_13a",1,"77_13a_1","last cell",2024-07-16,"megachile","pugnata",0,0,1,"24","137","77_13","1 cell",1,"megachile",3,1,11,0,1,0,0,7,3,0,0,6,2,1,12,"not sealed",0,1,"not parasitized",1,0,2,2,198,"year_2024",1
"164","BP","AB","trapnest_77","Mid","medium",2,"a","77_2a",1,"77_2a_1","not last cell",2024-06-21,"unknown larva",NA,0,0,7,"125","134","77_2","7 cells",1,"megachile",4,1,10,0,1,1,1,7,1,1,1,6,0,1,11,"not sealed",0,1,"not parasitized",1,0,1,1,173,"year_2024",0
"165","BP","AB","trapnest_77","Mid","medium",2,"a","77_2a",2,"77_2a_2","not last cell",2024-06-21,"unknown larva",NA,0,0,7,"125","134","77_2","7 cells",1,"megachile",4,NA,10,0,1,1,1,7,1,1,1,6,0,1,11,"not sealed",0,2,"not parasitized",1,0,1,1,173,"year_2024",0
"166","BP","AB","trapnest_77","Mid","medium",2,"a","77_2a",3,"77_2a_3","not last cell",2024-06-21,"unknown larva",NA,0,0,7,"125","134","77_2","7 cells",1,"megachile",4,NA,10,0,1,1,1,7,1,1,1,6,0,1,11,"not sealed",0,3,"not parasitized",1,0,1,1,173,"year_2024",0
"167","BP","AB","trapnest_77","Mid","medium",2,"a","77_2a",4,"77_2a_4","not last cell",2024-06-21,"unknown larva",NA,0,0,7,"125","134","77_2","7 cells",1,"megachile",4,NA,10,0,1,1,1,7,1,1,1,6,0,1,11,"not sealed",0,4,"not parasitized",1,0,1,1,173,"year_2024",0
"168","BP","AB","trapnest_77","Mid","medium",2,"a","77_2a",5,"77_2a_5","not last cell",2024-06-21,"unknown larva",NA,0,0,7,"125","134","77_2","7 cells",1,"megachile",4,NA,10,0,1,1,1,7,1,1,1,6,0,1,11,"not sealed",0,5,"not parasitized",1,0,1,1,173,"year_2024",0
"169","BP","AB","trapnest_77","Mid","medium",2,"a","77_2a",6,"77_2a_6","not last cell",2024-06-21,"unknown larva",NA,0,0,7,"125","134","77_2","7 cells",1,"megachile",4,NA,10,0,1,1,1,7,1,1,1,6,0,1,11,"not sealed",0,6,"not parasitized",1,0,1,1,173,"year_2024",0
"170","BP","AB","trapnest_77","Mid","medium",2,"a","77_2a",7,"77_2a_7","not last cell",2024-06-21,"unknown larva",NA,0,0,7,"125","134","77_2","7 cells",1,"megachile",4,NA,10,0,1,1,1,7,1,1,1,6,0,1,11,"not sealed",0,7,"not parasitized",1,0,1,1,173,"year_2024",0
"171","BP","AB","trapnest_77","Mid","medium",2,"a","77_2a",8,"77_2a_8","not last cell",2024-06-25,"megachile",NA,0,0,8,"125","134","77_2","1 cell",1,"megachile",1,NA,12,0,0,0,0,6,1,0,0,6,1,0,12,"not sealed",0,8,"not parasitized",1,0,1,1,177,"year_2024",0
"172","BP","AB","trapnest_77","Mid","medium",2,"a","77_2a",9,"77_2a_9","last cell",2024-06-28,"megachile","relativa",0,0,9,"125","134","77_2","1 cell",1,"megachile",3,NA,12,0,0,0,0,6,1,0,0,6,1,0,12,"not sealed",0,9,"not parasitized",1,0,1,1,180,"year_2024",1
"173","BP","AB","trapnest_77","Mid","medium",2,"b","77_2b",1,"77_2b_1","last cell",2024-08-02,"mold",NA,0,0,1,"22","145","77_2","1 cell + end cap",1,"megachile",3,1,11,0,1,0,0,7,4,0,0,6,3,1,12,"sealed",0,1,"not parasitized",0,0,0,0,215,"year_2024",1
"174","BP","AB","trapnest_77","Mid","medium",4,"b","77_4b",1,"77_4b_1","last cell",2024-07-05,"empty",NA,0,0,2,"26","140","77_4","2 cells",1,"megachile",3,1,11,0,1,0,0,7,2,0,0,6,1,1,12,"not sealed",0,1,"not parasitized",1,0,1,1,187,"year_2024",1
"175","BP","AB","trapnest_77","Mid","medium",4,"b","77_4b",2,"77_4b_2","not last cell",2024-07-05,"megachile","relativa",0,0,2,"26","140","77_4","2 cells",1,"megachile",3,NA,11,0,1,0,0,7,2,0,0,6,1,1,12,"not sealed",0,2,"not parasitized",1,0,1,1,187,"year_2024",0
"176","BP","AB","trapnest_77","Mid","medium",4,"c","77_4c",1,"77_4c_1","last cell",2024-08-06,"megachile","pugnata",0,0,1,"16","138","77_4","1 cell",1,"megachile",3,1,10,0,2,0,0,8,5,0,0,6.5,3.5,2,12,"not sealed",0,1,"not parasitized",1,0,2,2,219,"year_2024",1
"177","BP","AB","trapnest_78","High","large",15,"b","78_15b",1,"78_15b_1","unknown",2024-08-06,"megachile","centuncularis",0,0,1,NA,NA,"78_15","cells + end cap",1,"megachile",3,NA,5,0,0,0,0,13,2,0,0,13,2,0,5,"sealed",0,2,"not parasitized",0,0,1,1,219,"year_2024",NA
"178","BP","AB","trapnest_78","High","medium",17,"a","78_17a",1,"78_17a_1","last cell",2024-06-28,"empty",NA,0,0,1,"14","132","78_17","1 cell",1,"megachile",3,NA,7,0,0,0,0,11,1,0,0,11,1,0,7,"not sealed",1,1,"not parasitized",1,0,1,1,180,"year_2024",1
"179","BP","AB","trapnest_78","High","medium",1,"a","78_1a",1,"78_1a_1","not last cell",2024-07-16,"megachile","relativa",0,0,1,"26","134","78_1","1 cell",1,"megachile",3,1,5,0,1,0,0,12,3,0,0,11,2,1,6,"not sealed",0,1,"not parasitized",1,0,3,3,198,"year_2024",0
"180","BP","AB","trapnest_78","High","medium",1,"a","78_1a",2,"78_1a_2","last cell",2024-07-22,"empty",NA,0,0,2,"26","134","78_1","1 cell",1,"megachile",3,NA,6,0,0,0,0,11,3,0,0,11,3,0,6,"not sealed",0,2,"not parasitized",1,0,1,3,204,"year_2024",1
"181","BP","AB","trapnest_78","High","medium",8,"b","78_8b",1,"78_8b_1","not last cell",2024-07-05,"empty",NA,0,0,1,"13","130","78_8","1 cell",1,"megachile",3,1,5,0,1,0,0,12,2,0,0,11,1,1,6,"not sealed",0,1,"not parasitized",1,0,2,2,187,"year_2024",0
"182","BP","C","trapnest_7","Low","medium",11,"b","7_11b",1,"7_11b_1","last cell",2023-06-29,"empty",NA,0,0,1,"12","140","7_11","1 cell",1,"megachile",1,1,10,0,5,1,1,7,7,1,1,4,4,5,15,"not sealed",0,1,"not parasitized",1,1,6,6,180,"year_2023",1
"183","BP","C","trapnest_7","Low","small",14,"b","7_14b",1,"7_14b_1","last cell",2023-06-29,"empty",NA,0,0,1,"19.6","143.37","7_14","1 cell",1,"megachile",1,1,10,0,5,1,1,7,7,1,1,4,4,5,15,"not sealed",0,1,"not parasitized",1,1,6,6,180,"year_2023",1
"184","BP","C","trapnest_7","Low","small",15,"b","7_15b",1,"7_15b_1","last cell",2023-06-29,"empty",NA,0,0,1,"23.85","133.69","7_15","1 cell",1,"megachile",1,1,10,0,5,1,1,7,7,1,1,4,4,5,15,"not sealed",0,1,"not parasitized",1,1,6,6,180,"year_2023",1
"185","BP","C","trapnest_7","Low","medium",16,"b","7_16b",1,"7_16b_1","not last cell",2023-06-29,"mold",NA,0,0,3,"45.7","143","7_16","3 cells",1,"megachile",1,1,10,0,5,1,1,7,7,1,1,4,4,5,15,"not sealed",0,1,"not parasitized",1,1,6,6,180,"year_2023",0
"186","BP","C","trapnest_7","Low","medium",16,"b","7_16b",2,"7_16b_2","not last cell",2023-06-29,"mold",NA,0,0,3,"45.7","143","7_16","3 cells",1,"megachile",1,NA,10,0,5,1,1,7,7,1,1,4,4,5,15,"not sealed",0,2,"not parasitized",1,1,6,6,180,"year_2023",0
"187","BP","C","trapnest_7","Low","medium",16,"b","7_16b",3,"7_16b_3","last cell",2023-06-29,"mold",NA,0,0,3,"45.7","143","7_16","3 cells",1,"megachile",1,NA,10,0,5,1,1,7,7,1,1,4,4,5,15,"not sealed",0,3,"not parasitized",1,1,6,6,180,"year_2023",1
"188","BP","C","trapnest_7","Low","small",17,"c","7_17c",1,"7_17c_1","unknown",2023-06-23,"pollen mass",NA,0,0,1,"116.74","142.66","7_17","1 cell",1,"megachile",3,1,13,1,1,1,1,3,3,0,0,2,2,2,15,"not sealed",0,1,"not parasitized",1,1,1,2,174,"year_2023",NA
"189","BP","C","trapnest_7","Low","small",17,"c","7_17c",2,"7_17c_2","unknown",2023-06-29,"pollen mass",NA,0,0,7,"116.74","142.66","7_17","6 cells",1,"megachile",1,NA,10,0,5,1,1,7,7,1,1,4,4,5,15,"not sealed",0,2,"not parasitized",1,1,6,6,180,"year_2023",NA
"190","BP","C","trapnest_7","Low","small",17,"c","7_17c",3,"7_17c_3","unknown",2023-06-29,"pollen mass",NA,0,0,7,"116.74","142.66","7_17","6 cells",1,"megachile",1,NA,10,0,5,1,1,7,7,1,1,4,4,5,15,"not sealed",0,3,"not parasitized",1,1,6,6,180,"year_2023",NA
"191","BP","C","trapnest_7","Low","small",17,"c","7_17c",4,"7_17c_4","unknown",2023-06-29,"pollen mass",NA,0,0,7,"116.74","142.66","7_17","6 cells",1,"megachile",1,NA,10,0,5,1,1,7,7,1,1,4,4,5,15,"not sealed",0,4,"not parasitized",1,1,6,6,180,"year_2023",NA
"192","BP","C","trapnest_7","Low","small",17,"c","7_17c",5,"7_17c_5","unknown",2023-06-29,"pollen mass",NA,0,0,7,"116.74","142.66","7_17","6 cells",1,"megachile",1,NA,10,0,5,1,1,7,7,1,1,4,4,5,15,"not sealed",0,5,"not parasitized",1,1,6,6,180,"year_2023",NA
"193","BP","C","trapnest_7","Low","small",17,"c","7_17c",6,"7_17c_6","unknown",2023-06-29,"pollen mass",NA,0,0,7,"116.74","142.66","7_17","6 cells",1,"megachile",1,NA,10,0,5,1,1,7,7,1,1,4,4,5,15,"not sealed",0,6,"not parasitized",1,1,6,6,180,"year_2023",NA
"194","BP","C","trapnest_7","Low","small",17,"c","7_17c",7,"7_17c_7","unknown",2023-06-29,"pollen mass",NA,0,0,7,"116.74","142.66","7_17","6 cells",1,"megachile",1,NA,10,0,5,1,1,7,7,1,1,4,4,5,15,"not sealed",0,7,"not parasitized",1,1,6,6,180,"year_2023",NA
"195","BP","C","trapnest_7","Low","medium",18,"a","7_18a",1,"7_18a_1","not last cell",2023-05-29,"pollen mass",NA,0,0,3,"98.57","138.73","7_18","3 cells",1,"megachile",1,1,12,5,1,5,5,1,1,2,2,0,0,6,18,"not sealed",0,1,"not parasitized",1,3,1,1,149,"year_2023",0
"196","BP","C","trapnest_7","Low","medium",18,"a","7_18a",2,"7_18a_2","not last cell",2023-05-29,"pollen mass",NA,0,0,3,"98.57","138.73","7_18","3 cells",1,"megachile",1,NA,12,5,1,5,5,1,1,2,2,0,0,6,18,"not sealed",0,2,"not parasitized",1,3,1,1,149,"year_2023",0
"197","BP","C","trapnest_7","Low","medium",18,"a","7_18a",3,"7_18a_3","not last cell",2023-05-29,"pollen mass",NA,0,0,3,"98.57","138.73","7_18","3 cells",1,"megachile",1,NA,12,5,1,5,5,1,1,2,2,0,0,6,18,"not sealed",0,3,"not parasitized",1,3,1,1,149,"year_2023",0
"198","BP","C","trapnest_7","Low","medium",18,"a","7_18a",4,"7_18a_4","not last cell",2023-05-31,"pollen mass",NA,0,0,6,"98.57","138.73","7_18","3 cells",1,"megachile",2,NA,13,1,0,4,4,1,1,3,3,1,1,1,14,"not sealed",0,4,"not parasitized",1,4,1,1,151,"year_2023",0
"199","BP","C","trapnest_7","Low","medium",18,"a","7_18a",5,"7_18a_5","not last cell",2023-05-31,"pollen mass",NA,0,0,6,"98.57","138.73","7_18","3 cells",1,"megachile",2,NA,13,1,0,4,4,1,1,3,3,1,1,1,14,"not sealed",0,5,"not parasitized",1,4,1,1,151,"year_2023",0
"200","BP","C","trapnest_7","Low","medium",18,"a","7_18a",6,"7_18a_6","not last cell",2023-05-31,"pollen mass",NA,0,0,6,"98.57","138.73","7_18","3 cells",1,"megachile",2,NA,13,1,0,4,4,1,1,3,3,1,1,1,14,"not sealed",0,6,"not parasitized",1,4,1,1,151,"year_2023",0
"201","BP","C","trapnest_7","Low","medium",18,"a","7_18a",7,"7_18a_7","not last cell",2023-06-02,"pollen mass",NA,0,0,9,"98.57","138.73","7_18","2-3 cells + end cap",1,"megachile",2,NA,12,0,1,4,4,2,2,4,4,1,1,1,13,"sealed",0,7,"not parasitized",0,3,1,1,153,"year_2023",0
"202","BP","C","trapnest_7","Low","medium",18,"a","7_18a",8,"7_18a_8","not last cell",2023-06-02,"pollen mass",NA,0,0,9,"98.57","138.73","7_18","2-3 cells + end cap",1,"megachile",2,NA,12,0,1,4,4,2,2,4,4,1,1,1,13,"sealed",0,8,"not parasitized",0,3,1,1,153,"year_2023",0
"203","BP","C","trapnest_7","Low","medium",18,"a","7_18a",9,"7_18a_9","last cell",2023-06-02,"mold",NA,0,0,9,"98.57","138.73","7_18","2-3 cells + end cap",1,"megachile",2,NA,12,0,1,4,4,2,2,4,4,1,1,1,13,"sealed",0,9,"not parasitized",0,3,1,1,153,"year_2023",1
"204","BP","C","trapnest_7","Low","medium",18,"b","7_18b",1,"7_18b_1","unknown",2023-06-05,"osmia","deteriorated, can't tell",0,0,1,"102","144","7_18","2 cells",1,"megachile",1,1,12,0,2,3,3,3,3,3,3,1.5,1.5,2,14,"not sealed",0,1,"not parasitized",1,0,3,3,156,"year_2023",NA
"205","BP","C","trapnest_7","Low","medium",18,"b","7_18b",2,"7_18b_2","unknown",2023-06-14,"osmia","deteriorated, can't tell",0,0,3,"102","144","7_18","1 cell",1,"megachile",0,NA,12,1,1,2,2,4,4,1,1,3,3,2,14,"not sealed",0,2,"not parasitized",1,0,3,4,165,"year_2023",NA
"206","BP","C","trapnest_7","Low","medium",18,"b","7_18b",3,"7_18b_3","unknown",2023-06-14,"mold",NA,0,0,3,"102","144","7_18","1 cell",1,"megachile",0,NA,12,1,1,2,2,4,4,1,1,3,3,2,14,"not sealed",0,3,"not parasitized",1,0,3,4,165,"year_2023",NA
"207","BP","C","trapnest_7","Low","medium",18,"c","7_18c",1,"7_18c_1","not last cell",2023-06-29,"osmia","deteriorated, can't tell",0,0,5,"44","136","7_18","5 cells",1,"megachile",1,1,10,0,5,1,1,7,7,1,1,4,4,5,15,"not sealed",0,1,"not parasitized",1,1,6,6,180,"year_2023",0
"208","BP","C","trapnest_7","Low","medium",18,"c","7_18c",2,"7_18c_2","not last cell",2023-06-29,"mold",NA,0,0,5,"44","136","7_18","5 cells",1,"megachile",1,NA,10,0,5,1,1,7,7,1,1,4,4,5,15,"not sealed",0,2,"not parasitized",1,1,6,6,180,"year_2023",0
"209","BP","C","trapnest_7","Low","medium",18,"c","7_18c",3,"7_18c_3","not last cell",2023-06-29,"mold",NA,0,0,5,"44","136","7_18","5 cells",1,"megachile",1,NA,10,0,5,1,1,7,7,1,1,4,4,5,15,"not sealed",0,3,"not parasitized",1,1,6,6,180,"year_2023",0
"210","BP","C","trapnest_7","Low","medium",18,"c","7_18c",4,"7_18c_4","not last cell",2023-06-29,"mold",NA,0,0,5,"44","136","7_18","5 cells",1,"megachile",1,NA,10,0,5,1,1,7,7,1,1,4,4,5,15,"not sealed",0,4,"not parasitized",1,1,6,6,180,"year_2023",0
"211","BP","C","trapnest_7","Low","medium",18,"c","7_18c",5,"7_18c_5","last cell",2023-06-29,"mold",NA,0,0,5,"44","136","7_18","5 cells",1,"megachile",1,NA,10,0,5,1,1,7,7,1,1,4,4,5,15,"not sealed",0,5,"not parasitized",1,1,6,6,180,"year_2023",1
"212","BP","C","trapnest_7","Low","medium",4,"a","7_4a",1,"7_4a_1","not last cell",2023-06-14,"pollen mass",NA,0,0,3,"125.2","148.6","7_4","3 cells",1,"megachile",0,NA,12,1,1,2,2,4,4,1,1,3,3,2,14,"not sealed",1,1,"not parasitized",1,0,3,4,165,"year_2023",0
"213","BP","C","trapnest_7","Low","medium",4,"a","7_4a",2,"7_4a_2","not last cell",2023-06-14,"pollen mass",NA,0,0,3,"125.2","148.6","7_4","3 cells",1,"megachile",0,NA,12,1,1,2,2,4,4,1,1,3,3,2,14,"not sealed",1,2,"not parasitized",1,0,3,4,165,"year_2023",0
"214","BP","C","trapnest_7","Low","medium",4,"a","7_4a",3,"7_4a_3","not last cell",2023-06-14,"pollen mass",NA,0,0,3,"125.2","148.6","7_4","3 cells",1,"megachile",0,NA,12,1,1,2,2,4,4,1,1,3,3,2,14,"not sealed",1,3,"not parasitized",1,0,3,4,165,"year_2023",0
"215","BP","C","trapnest_7","Low","medium",4,"a","7_4a",4,"7_4a_4","not last cell",2023-06-16,"pollen mass",NA,0,0,5,"125.2","148.6","7_4","2 cells",1,"megachile",1,NA,13,0,0,1,1,3,3,1,1,3,3,0,13,"not sealed",1,4,"not parasitized",1,0,2,2,167,"year_2023",0
"216","BP","C","trapnest_7","Low","medium",4,"a","7_4a",5,"7_4a_5","not last cell",2023-06-16,"pollen mass",NA,0,0,5,"125.2","148.6","7_4","2 cells",1,"megachile",1,NA,13,0,0,1,1,3,3,1,1,3,3,0,13,"not sealed",1,5,"not parasitized",1,0,2,2,167,"year_2023",0
"217","BP","C","trapnest_7","Low","medium",4,"a","7_4a",6,"7_4a_6","last cell",2023-06-23,"pollen mass",NA,0,0,10,"125.2","148.6","7_4","5 cells + end cap",1,"megachile",3,NA,13,1,1,1,1,3,3,0,0,2,2,2,15,"sealed",1,6,"not parasitized",0,1,1,2,174,"year_2023",1
"218","BP","C","trapnest_7","Low","medium",4,"a","7_4a",7,"7_4a_7","not last cell",2023-06-23,"pollen mass",NA,0,0,10,"125.2","148.6","7_4","5 cells + end cap",1,"megachile",3,NA,13,1,1,1,1,3,3,0,0,2,2,2,15,"sealed",1,7,"not parasitized",0,1,1,2,174,"year_2023",0
"219","BP","C","trapnest_7","Low","medium",4,"a","7_4a",8,"7_4a_8","not last cell",2023-06-23,"pollen mass",NA,0,0,10,"125.2","148.6","7_4","5 cells + end cap",1,"megachile",3,NA,13,1,1,1,1,3,3,0,0,2,2,2,15,"sealed",1,8,"not parasitized",0,1,1,2,174,"year_2023",0
"220","BP","C","trapnest_7","Low","medium",4,"a","7_4a",9,"7_4a_9","not last cell",2023-06-23,"pollen mass",NA,0,0,10,"125.2","148.6","7_4","5 cells + end cap",1,"megachile",3,NA,13,1,1,1,1,3,3,0,0,2,2,2,15,"sealed",1,9,"not parasitized",0,1,1,2,174,"year_2023",0
"221","BP","C","trapnest_7","Low","medium",4,"a","7_4a",10,"7_4a_10","not last cell",2023-06-23,"pollen mass",NA,0,0,10,"125.2","148.6","7_4","5 cells + end cap",1,"megachile",3,NA,13,1,1,1,1,3,3,0,0,2,2,2,15,"sealed",1,10,"not parasitized",0,1,1,2,174,"year_2023",0
"222","BP","C","trapnest_7","Low","medium",8,"a","7_8a",1,"7_8a_1","not last cell",2023-06-14,"empty",NA,0,0,1,"14.12","147.29","7_8","1 cell",1,"megachile",0,1,12,1,1,2,2,4,4,1,1,3,3,2,14,"not sealed",0,1,"not parasitized",1,0,3,4,165,"year_2023",0
"223","BP","AC","trapnest_80","Mid","large",1,"a","80_1a",1,"80_1a_1","not last cell",2024-07-19,"parasite","meloidae",1,1,1,"37","133","80_1","1 cell",1,"megachile",2,1,11,0,1,0,0,7,2,0,0,6,1,1,12,"not sealed",0,1,"parasitized",1,0,1,1,201,"year_2024",0
"224","BP","AC","trapnest_80","Mid","large",1,"a","80_1a",2,"80_1a_2","last cell",2024-07-22,"parasite","meloidae",1,2,2,"37","133","80_1","1 cell + end cap",1,"megachile",3,NA,12,0,0,0,0,6,2,0,0,6,2,0,12,"sealed",0,2,"parasitized",0,0,0,0,204,"year_2024",1
"225","BP","AC","trapnest_80","Mid","large",4,"b","80_4b",1,"80_4b_1","not last cell",2024-07-26,"pollen mass",NA,0,0,1,"30","132","80_4","1 cell",1,"megachile",2,1,11,0,1,0,0,7,3,0,0,6,2,1,12,"not sealed",0,1,"not parasitized",1,0,1,1,208,"year_2024",0
"226","BP","AC","trapnest_80","Mid","large",4,"b","80_4b",2,"80_4b_2","last cell",2024-08-12,"pollen mass",NA,0,0,2,"30","132","80_4","1 cell",1,"megachile",3,NA,12,0,0,0,0,6,3,0,0,6,3,0,12,"not sealed",0,2,"not parasitized",1,0,1,1,225,"year_2024",1
"227","BP","AC","trapnest_80","Mid","medium",5,"a","80_5a",1,"80_5a_1","last cell",2024-07-16,"mold",NA,0,0,2,"47","132","80_5","2 cells + end cap",1,"megachile",3,1,11,0,1,0,0,7,1,0,0,6,0,1,12,"sealed",0,1,"not parasitized",0,0,0,0,198,"year_2024",1
"228","BP","AC","trapnest_80","Mid","medium",5,"a","80_5a",2,"80_5a_2","not last cell",2024-07-16,"mold",NA,0,0,2,"47","132","80_5","2 cells + end cap",1,"megachile",3,NA,11,0,1,0,0,7,1,0,0,6,0,1,12,"sealed",0,2,"not parasitized",0,0,0,0,198,"year_2024",0
"229","BP","AC","trapnest_81","High","medium",11,"a","81_11a",1,"81_11a_1","not last cell",2024-06-21,"megachile","relativa",0,0,2,"36","132","81_11","2 cells",1,"megachile",4,1,5,0,2,0,0,13,2,0,0,11.5,0.5,2,7,"not sealed",0,1,"not parasitized",1,0,2,2,173,"year_2024",0
"230","BP","AC","trapnest_81","High","medium",11,"a","81_11a",2,"81_11a_2","not last cell",2024-06-21,"unknown larva",NA,0,0,2,"36","132","81_11","2 cells",1,"megachile",4,NA,5,0,2,0,0,13,2,0,0,11.5,0.5,2,7,"not sealed",0,2,"not parasitized",1,0,2,2,173,"year_2024",0
"231","BP","AC","trapnest_81","High","medium",11,"a","81_11a",3,"81_11a_3","last cell",2024-06-25,"megachile",NA,0,0,3,"36","132","81_11","1 cell + end cap",1,"megachile",1,NA,4,0,3,0,0,14,5,0,0,12,3,3,7,"sealed",0,3,"not parasitized",0,0,2,2,177,"year_2024",1
"232","BP","AC","trapnest_81","High","medium",2,"a","81_2a",1,"81_2a_1","last cell",2024-06-21,"megachile",NA,0,0,9,"125","135","81_2","9 cells",1,"megachile",4,1,5,0,2,0,0,13,2,0,0,11.5,0.5,2,7,"not sealed",0,1,"not parasitized",1,0,2,2,173,"year_2024",1
"233","BP","AC","trapnest_81","High","medium",2,"a","81_2a",2,"81_2a_2","not last cell",2024-06-21,"megachile","relativa",0,0,9,"125","135","81_2","9 cells",1,"megachile",4,NA,5,0,2,0,0,13,2,0,0,11.5,0.5,2,7,"not sealed",0,2,"not parasitized",1,0,2,2,173,"year_2024",0
"234","BP","AC","trapnest_81","High","medium",2,"a","81_2a",3,"81_2a_3","not last cell",2024-06-21,"megachile",NA,0,0,9,"125","135","81_2","9 cells",1,"megachile",4,NA,5,0,2,0,0,13,2,0,0,11.5,0.5,2,7,"not sealed",0,3,"not parasitized",1,0,2,2,173,"year_2024",0
"235","BP","AC","trapnest_81","High","medium",2,"a","81_2a",4,"81_2a_4","not last cell",2024-06-21,"megachile",NA,0,0,9,"125","135","81_2","9 cells",1,"megachile",4,NA,5,0,2,0,0,13,2,0,0,11.5,0.5,2,7,"not sealed",0,4,"not parasitized",1,0,2,2,173,"year_2024",0
"236","BP","AC","trapnest_81","High","medium",2,"a","81_2a",5,"81_2a_5","not last cell",2024-06-21,"megachile",NA,0,0,9,"125","135","81_2","9 cells",1,"megachile",4,NA,5,0,2,0,0,13,2,0,0,11.5,0.5,2,7,"not sealed",0,5,"not parasitized",1,0,2,2,173,"year_2024",0
"237","BP","AC","trapnest_81","High","medium",2,"a","81_2a",6,"81_2a_6","not last cell",2024-06-21,"megachile",NA,0,0,9,"125","135","81_2","9 cells",1,"megachile",4,NA,5,0,2,0,0,13,2,0,0,11.5,0.5,2,7,"not sealed",0,6,"not parasitized",1,0,2,2,173,"year_2024",0
"238","BP","AC","trapnest_81","High","medium",2,"a","81_2a",7,"81_2a_7","not last cell",2024-06-21,"megachile",NA,0,0,9,"125","135","81_2","9 cells",1,"megachile",4,NA,5,0,2,0,0,13,2,0,0,11.5,0.5,2,7,"not sealed",0,7,"not parasitized",1,0,2,2,173,"year_2024",0
"239","BP","AC","trapnest_81","High","medium",2,"a","81_2a",8,"81_2a_8","not last cell",2024-06-21,"pollen mass",NA,0,0,9,"125","135","81_2","9 cells",1,"megachile",4,NA,5,0,2,0,0,13,2,0,0,11.5,0.5,2,7,"not sealed",0,8,"not parasitized",1,0,2,2,173,"year_2024",0
"240","BP","AC","trapnest_81","High","medium",2,"a","81_2a",9,"81_2a_9","not last cell",2024-06-21,"pollen mass",NA,0,0,9,"125","135","81_2","9 cells",1,"megachile",4,NA,5,0,2,0,0,13,2,0,0,11.5,0.5,2,7,"not sealed",0,9,"not parasitized",1,0,2,2,173,"year_2024",0
"241","BP","AC","trapnest_81","High","medium",2,"a","81_2a",10,"81_2a_10","not last cell",2024-06-25,"megachile",NA,0,0,11,"125","135","81_2","2 cells + end cap",1,"megachile",1,NA,4,0,3,0,0,14,5,0,0,12,3,3,7,"sealed",0,10,"not parasitized",0,0,2,2,177,"year_2024",0
"242","BP","AC","trapnest_81","High","medium",2,"a","81_2a",11,"81_2a_11","not last cell",2024-06-25,"megachile",NA,0,0,11,"125","135","81_2","2 cells + end cap",1,"megachile",1,NA,4,0,3,0,0,14,5,0,0,12,3,3,7,"sealed",0,11,"not parasitized",0,0,2,2,177,"year_2024",0
"243","BP","AC","trapnest_81","High","medium",7,"a","81_7a",1,"81_7a_1","last cell",2024-06-25,"megachile","relativa",0,0,6,"106","138","81_7","6 cells + end cap",1,"megachile",1,1,4,0,3,0,0,14,5,0,0,12,3,3,7,"sealed",0,1,"not parasitized",0,0,2,2,177,"year_2024",1
"244","BP","AC","trapnest_81","High","medium",7,"a","81_7a",2,"81_7a_2","not last cell",2024-06-25,"megachile",NA,0,0,6,"106","138","81_7","6 cells + end cap",1,"megachile",1,NA,4,0,3,0,0,14,5,0,0,12,3,3,7,"sealed",0,2,"not parasitized",0,0,2,2,177,"year_2024",0
"245","BP","AC","trapnest_81","High","medium",7,"a","81_7a",3,"81_7a_3","not last cell",2024-06-25,"megachile",NA,0,0,6,"106","138","81_7","6 cells + end cap",1,"megachile",1,NA,4,0,3,0,0,14,5,0,0,12,3,3,7,"sealed",0,3,"not parasitized",0,0,2,2,177,"year_2024",0
"246","BP","AC","trapnest_81","High","medium",7,"a","81_7a",4,"81_7a_4","not last cell",2024-06-25,"megachile",NA,0,0,6,"106","138","81_7","6 cells + end cap",1,"megachile",1,NA,4,0,3,0,0,14,5,0,0,12,3,3,7,"sealed",0,4,"not parasitized",0,0,2,2,177,"year_2024",0
"247","BP","AC","trapnest_81","High","medium",7,"a","81_7a",5,"81_7a_5","not last cell",2024-06-25,"megachile",NA,0,0,6,"106","138","81_7","6 cells + end cap",1,"megachile",1,NA,4,0,3,0,0,14,5,0,0,12,3,3,7,"sealed",0,5,"not parasitized",0,0,2,2,177,"year_2024",0
"248","BP","AC","trapnest_81","High","medium",7,"a","81_7a",6,"81_7a_6","not last cell",2024-06-25,"megachile",NA,0,0,6,"106","138","81_7","6 cells + end cap",1,"megachile",1,NA,4,0,3,0,0,14,5,0,0,12,3,3,7,"sealed",0,6,"not parasitized",0,0,2,2,177,"year_2024",0
"249","BP","AD","trapnest_83","Mid","medium",2,"a","83_2a",1,"83_2a_1","not last cell",2024-06-17,"megachile","relativa",0,0,1,"128","139","83_2","1 cell",1,"megachile",3,1,9,0,1,0,0,7,1,0,0,6,0,1,10,"not sealed",0,1,"not parasitized",1,0,1,1,169,"year_2024",0
"250","BP","AD","trapnest_83","Mid","medium",2,"a","83_2a",2,"83_2a_2","not last cell",2024-06-21,"megachile",NA,0,0,7,"128","139","83_2","6 cells",1,"megachile",4,NA,10,0,0,0,0,6,1,0,0,6,1,0,10,"not sealed",0,2,"not parasitized",1,0,1,1,173,"year_2024",0
"251","BP","AD","trapnest_83","Mid","medium",2,"a","83_2a",3,"83_2a_3","not last cell",2024-06-21,"megachile",NA,0,0,7,"128","139","83_2","6 cells",1,"megachile",4,NA,10,0,0,0,0,6,1,0,0,6,1,0,10,"not sealed",0,3,"not parasitized",1,0,1,1,173,"year_2024",0
"252","BP","AD","trapnest_83","Mid","medium",2,"a","83_2a",4,"83_2a_4","not last cell",2024-06-21,"megachile",NA,0,0,7,"128","139","83_2","6 cells",1,"megachile",4,NA,10,0,0,0,0,6,1,0,0,6,1,0,10,"not sealed",0,4,"not parasitized",1,0,1,1,173,"year_2024",0
"253","BP","AD","trapnest_83","Mid","medium",2,"a","83_2a",5,"83_2a_5","not last cell",2024-06-21,"megachile",NA,0,0,7,"128","139","83_2","6 cells",1,"megachile",4,NA,10,0,0,0,0,6,1,0,0,6,1,0,10,"not sealed",0,5,"not parasitized",1,0,1,1,173,"year_2024",0
"254","BP","AD","trapnest_83","Mid","medium",2,"a","83_2a",6,"83_2a_6","not last cell",2024-06-21,"mold",NA,0,0,7,"128","139","83_2","6 cells",1,"megachile",4,NA,10,0,0,0,0,6,1,0,0,6,1,0,10,"not sealed",0,6,"not parasitized",1,0,1,1,173,"year_2024",0
"255","BP","AD","trapnest_83","Mid","medium",2,"a","83_2a",7,"83_2a_7","last cell",2024-06-21,"megachile","relativa",0,0,7,"128","139","83_2","6 cells",1,"megachile",4,NA,10,0,0,0,0,6,1,0,0,6,1,0,10,"not sealed",0,7,"not parasitized",1,0,1,1,173,"year_2024",1
"256","BP","AD","trapnest_84","High","small",11,"a","84_11a",1,"84_11a_1","not last cell",2024-06-21,"megachile","relativa",0,0,2,"65","130","84_11","2 cells",1,"megachile",4,1,4,0,3,0,0,14,3,0,0,12,1,3,7,"not sealed",0,1,"not parasitized",1,0,2,2,173,"year_2024",0
"257","BP","AD","trapnest_84","High","small",11,"a","84_11a",2,"84_11a_2","not last cell",2024-06-21,"megachile","relativa",0,0,2,"65","130","84_11","2 cells",1,"megachile",4,NA,4,0,3,0,0,14,3,0,0,12,1,3,7,"not sealed",0,2,"not parasitized",1,0,2,2,173,"year_2024",0
"258","BP","AD","trapnest_84","High","small",11,"a","84_11a",3,"84_11a_3","not last cell",2024-06-25,"megachile","relativa",0,0,4,"65","130","84_11","2 cells",1,"megachile",1,NA,4,0,2,0,0,14,5,0,0,12.5,3.5,2,6,"not sealed",0,3,"not parasitized",1,0,4,4,177,"year_2024",0
"259","BP","AD","trapnest_84","High","small",11,"a","84_11a",4,"84_11a_4","not last cell",2024-06-25,"megachile","relativa",0,0,4,"65","130","84_11","2 cells",1,"megachile",1,NA,4,0,2,0,0,14,5,0,0,12.5,3.5,2,6,"not sealed",0,4,"not parasitized",1,0,4,4,177,"year_2024",0
"260","BP","AD","trapnest_84","High","large",14,"a","84_14a",1,"84_14a_1","not last cell",2024-06-21,"megachile","mendica",0,1,5,"72","130","84_14","5 cells",1,"megachile",4,1,4,0,3,0,0,14,3,0,0,12,1,3,7,"not sealed",0,1,"parasitized",1,0,2,2,173,"year_2024",0
"261","BP","AD","trapnest_84","High","large",14,"a","84_14a",2,"84_14a_2","not last cell",2024-06-21,"unknown larva",NA,0,1,5,"72","130","84_14","5 cells",1,"megachile",4,NA,4,0,3,0,0,14,3,0,0,12,1,3,7,"not sealed",0,2,"parasitized",1,0,2,2,173,"year_2024",0
"262","BP","AD","trapnest_84","High","large",14,"a","84_14a",3,"84_14a_3","not last cell",2024-06-21,"unknown larva",NA,0,1,5,"72","130","84_14","5 cells",1,"megachile",4,NA,4,0,3,0,0,14,3,0,0,12,1,3,7,"not sealed",0,3,"parasitized",1,0,2,2,173,"year_2024",0
"263","BP","AD","trapnest_84","High","large",14,"a","84_14a",4,"84_14a_4","not last cell",2024-06-21,"parasite","small parasites",1,1,5,"72","130","84_14","5 cells",1,"megachile",4,NA,4,0,3,0,0,14,3,0,0,12,1,3,7,"not sealed",0,4,"parasitized",1,0,2,2,173,"year_2024",0
"264","BP","AD","trapnest_84","High","large",14,"a","84_14a",5,"84_14a_5","last cell",2024-06-21,"unknown larva",NA,0,1,5,"72","130","84_14","5 cells",1,"megachile",4,NA,4,0,3,0,0,14,3,0,0,12,1,3,7,"not sealed",0,5,"parasitized",1,0,2,2,173,"year_2024",1
"265","BP","AD","trapnest_84","High","medium",15,"a","84_15a",1,"84_15a_1","not last cell",2024-06-25,"megachile","relativa",0,0,4,"81","142","84_15","4 cells",1,"megachile",1,1,4,0,2,0,0,14,5,0,0,12.5,3.5,2,6,"not sealed",0,1,"not parasitized",1,0,4,4,177,"year_2024",0
"266","BP","AD","trapnest_84","High","medium",15,"a","84_15a",2,"84_15a_2","not last cell",2024-06-25,"megachile",NA,0,0,4,"81","142","84_15","4 cells",1,"megachile",1,NA,4,0,2,0,0,14,5,0,0,12.5,3.5,2,6,"not sealed",0,2,"not parasitized",1,0,4,4,177,"year_2024",0
"267","BP","AD","trapnest_84","High","medium",15,"a","84_15a",3,"84_15a_3","not last cell",2024-06-25,"megachile",NA,0,0,4,"81","142","84_15","4 cells",1,"megachile",1,NA,4,0,2,0,0,14,5,0,0,12.5,3.5,2,6,"not sealed",0,3,"not parasitized",1,0,4,4,177,"year_2024",0
"268","BP","AD","trapnest_84","High","medium",15,"a","84_15a",4,"84_15a_4","not last cell",2024-06-25,"megachile",NA,0,0,4,"81","142","84_15","4 cells",1,"megachile",1,NA,4,0,2,0,0,14,5,0,0,12.5,3.5,2,6,"not sealed",0,4,"not parasitized",1,0,4,4,177,"year_2024",0
"269","BP","AD","trapnest_84","High","medium",15,"a","84_15a",5,"84_15a_5","not last cell",2024-06-28,"unknown larva",NA,0,0,6,"81","142","84_15","2 cells",1,"megachile",3,NA,6,0,1,0,0,12,6,0,0,11,5,1,7,"not sealed",0,5,"not parasitized",1,0,5,5,180,"year_2024",0
"270","BP","AD","trapnest_84","High","medium",15,"a","84_15a",6,"84_15a_6","not last cell",2024-06-28,"megachile","relativa",0,0,6,"81","142","84_15","2 cells",1,"megachile",3,NA,6,0,1,0,0,12,6,0,0,11,5,1,7,"not sealed",0,6,"not parasitized",1,0,5,5,180,"year_2024",0
"271","BP","AD","trapnest_84","High","medium",15,"a","84_15a",7,"84_15a_7","last cell",2024-07-02,"empty",NA,0,0,7,"81","142","84_15","1 cell",1,"megachile",3,NA,7,0,0,0,0,11,6,0,0,11,6,0,7,"not sealed",0,7,"not parasitized",1,0,5,5,184,"year_2024",1
"272","BP","AD","trapnest_84","High","large",18,"a","84_18a",1,"84_18a_1","last cell",2024-06-21,"parasite","chalcid",1,1,8,"115","130","84_18","8 cells + end cap",1,"megachile",4,1,4,0,3,0,0,14,3,0,0,12,1,3,7,"sealed",0,1,"parasitized",0,0,2,2,173,"year_2024",1
"273","BP","AD","trapnest_84","High","large",18,"a","84_18a",2,"84_18a_2","not last cell",2024-06-21,"mold",NA,0,1,8,"115","130","84_18","8 cells + end cap",1,"megachile",4,NA,4,0,3,0,0,14,3,0,0,12,1,3,7,"sealed",0,2,"parasitized",0,0,2,2,173,"year_2024",0
"274","BP","AD","trapnest_84","High","large",18,"a","84_18a",3,"84_18a_3","not last cell",2024-06-21,"mold",NA,0,1,8,"115","130","84_18","8 cells + end cap",1,"megachile",4,NA,4,0,3,0,0,14,3,0,0,12,1,3,7,"sealed",0,3,"parasitized",0,0,2,2,173,"year_2024",0
"275","BP","AD","trapnest_84","High","large",18,"a","84_18a",4,"84_18a_4","not last cell",2024-06-21,"mold",NA,0,1,8,"115","130","84_18","8 cells + end cap",1,"megachile",4,NA,4,0,3,0,0,14,3,0,0,12,1,3,7,"sealed",0,4,"parasitized",0,0,2,2,173,"year_2024",0
"276","BP","AD","trapnest_84","High","large",18,"a","84_18a",5,"84_18a_5","not last cell",2024-06-21,"mold",NA,0,1,8,"115","130","84_18","8 cells + end cap",1,"megachile",4,NA,4,0,3,0,0,14,3,0,0,12,1,3,7,"sealed",0,5,"parasitized",0,0,2,2,173,"year_2024",0
"277","BP","AD","trapnest_84","High","large",18,"a","84_18a",6,"84_18a_6","not last cell",2024-06-21,"mold",NA,0,1,8,"115","130","84_18","8 cells + end cap",1,"megachile",4,NA,4,0,3,0,0,14,3,0,0,12,1,3,7,"sealed",0,6,"parasitized",0,0,2,2,173,"year_2024",0
"278","BP","AD","trapnest_84","High","large",18,"a","84_18a",7,"84_18a_7","not last cell",2024-06-21,"mold",NA,0,1,8,"115","130","84_18","8 cells + end cap",1,"megachile",4,NA,4,0,3,0,0,14,3,0,0,12,1,3,7,"sealed",0,7,"parasitized",0,0,2,2,173,"year_2024",0
"279","BP","AD","trapnest_84","High","large",18,"a","84_18a",8,"84_18a_8","not last cell",2024-06-21,"mold",NA,0,1,8,"115","130","84_18","8 cells + end cap",1,"megachile",4,NA,4,0,3,0,0,14,3,0,0,12,1,3,7,"sealed",0,8,"parasitized",0,0,2,2,173,"year_2024",0
"280","BP","AD","trapnest_84","High","large",7,"b","84_7b",1,"84_7b_1","last cell",2024-06-28,"empty",NA,0,0,1,"24","131","84_7","1 cell",1,"megachile",3,NA,6,0,1,0,0,12,6,0,0,11,5,1,7,"not sealed",1,1,"not parasitized",1,0,5,5,180,"year_2024",1
"281","BP","AE","trapnest_85","Low","medium",13,"a","85_13a",1,"85_13a_1","not last cell",2024-07-13,"unknown larva",NA,0,0,1,"65","142","85_13","1 cell",1,"megachile",2,1,16,0,2,0,0,2,2,0,0,0.5,0.5,2,18,"not sealed",0,1,"not parasitized",1,0,2,2,195,"year_2024",0
"282","BP","AE","trapnest_85","Low","medium",13,"a","85_13a",2,"85_13a_2","last cell",2024-07-16,"megachile",NA,0,0,2,"65","142","85_13","1 cell",1,"megachile",3,NA,16,0,0,0,0,2,2,0,0,2,2,0,16,"not sealed",0,2,"not parasitized",1,0,1,1,198,"year_2024",1
"283","BP","AE","trapnest_85","Low","small",5,"a","85_5a",1,"85_5a_1","last cell",2024-07-29,"megachile","pugnata",0,0,1,"21","145","85_5","1 cell + end cap",1,"megachile",3,1,14,0,1,0,0,2,2,0,0,1,1,1,15,"sealed",0,1,"not parasitized",0,0,0,0,211,"year_2024",1
"284","BP","AE","trapnest_85","Low","medium",7,"a","85_7a",1,"85_7a_1","not last cell",2024-07-19,"mold",NA,0,0,2,"57","137","85_7","2 cells",1,"megachile",2,1,15,0,1,0,0,3,3,0,0,2,2,1,16,"not sealed",0,1,"not parasitized",1,0,1,1,201,"year_2024",0
"285","BP","AE","trapnest_85","Low","medium",7,"a","85_7a",2,"85_7a_2","not last cell",2024-07-19,"mold",NA,0,0,2,"57","137","85_7","2 cells",1,"megachile",2,NA,15,0,1,0,0,3,3,0,0,2,2,1,16,"not sealed",0,2,"not parasitized",1,0,1,1,201,"year_2024",0
"286","BP","AE","trapnest_85","Low","medium",7,"a","85_7a",3,"85_7a_3","last cell",2024-07-22,"mold",NA,0,0,3,"57","137","85_7","1 cell + end cap",1,"megachile",3,NA,17,0,0,0,0,1,1,0,0,1,1,0,17,"sealed",0,3,"not parasitized",0,0,0,0,204,"year_2024",1
"287","BP","AE","trapnest_85","Low","medium",8,"a","85_8a",1,"85_8a_1","not last cell",2024-07-13,"mold",NA,0,0,3,"71","144","85_8","2 cells",1,"megachile",2,1,16,0,2,0,0,2,2,0,0,0.5,0.5,2,18,"not sealed",0,1,"not parasitized",1,0,2,2,195,"year_2024",0
"288","BP","AE","trapnest_85","Low","medium",8,"a","85_8a",2,"85_8a_2","not last cell",2024-07-13,"mold",NA,0,0,3,"71","144","85_8","2 cells",1,"megachile",2,NA,16,0,2,0,0,2,2,0,0,0.5,0.5,2,18,"not sealed",0,2,"not parasitized",1,0,2,2,195,"year_2024",0
"289","BP","AE","trapnest_85","Low","medium",8,"a","85_8a",3,"85_8a_3","not last cell",2024-07-13,"megachile","pugnata",0,0,3,"71","144","85_8","2 cells",1,"megachile",2,NA,16,0,2,0,0,2,2,0,0,0.5,0.5,2,18,"not sealed",0,3,"not parasitized",1,0,2,2,195,"year_2024",0
"290","BP","AE","trapnest_85","Low","medium",8,"a","85_8a",4,"85_8a_4","last cell",2024-07-16,"megachile","pugnata",0,0,5,"71","144","85_8","3 cells + end cap",1,"megachile",3,NA,16,0,0,0,0,2,2,0,0,2,2,0,16,"sealed",0,4,"not parasitized",0,0,1,1,198,"year_2024",1
"291","BP","AE","trapnest_85","Low","medium",8,"a","85_8a",5,"85_8a_5","not last cell",2024-07-16,"mold",NA,0,0,5,"71","144","85_8","3 cells + end cap",1,"megachile",3,NA,16,0,0,0,0,2,2,0,0,2,2,0,16,"sealed",0,5,"not parasitized",0,0,1,1,198,"year_2024",0
"292","BP","AE","trapnest_87","High","medium",11,"b","87_11b",1,"87_11b_1","not last cell",2024-07-02,"pollen mass",NA,0,0,1,"28","132","87_11","1 cell",1,"megachile",3,1,6,0,1,0,0,12,4,0,0,11,3,1,7,"not sealed",0,1,"not parasitized",1,0,2,2,184,"year_2024",0
"293","BP","AE","trapnest_87","High","medium",11,"b","87_11b",2,"87_11b_2","last cell",2024-07-08,"empty",NA,0,0,2,"28","132","87_11","1 cell",1,"megachile",2,NA,6,0,0,0,0,11,4,0,0,11,4,0,6,"not sealed",0,2,"not parasitized",1,0,2,2,190,"year_2024",1
"294","BP","AE","trapnest_87","High","medium",12,"a","87_12a",1,"87_12a_1","not last cell",2024-06-21,"megachile","relativa",0,1,9,"100","130","87_12","9 cells",1,"megachile",4,1,5,0,2,0,0,13,2,0,0,11.5,0.5,2,7,"not sealed",0,1,"parasitized",1,0,2,2,173,"year_2024",0
"295","BP","AE","trapnest_87","High","medium",12,"a","87_12a",2,"87_12a_2","not last cell",2024-06-21,"megachile","relativa",0,1,9,"100","130","87_12","9 cells",1,"megachile",4,NA,5,0,2,0,0,13,2,0,0,11.5,0.5,2,7,"not sealed",0,2,"parasitized",1,0,2,2,173,"year_2024",0
"296","BP","AE","trapnest_87","High","medium",12,"a","87_12a",3,"87_12a_3","not last cell",2024-06-21,"megachile",NA,0,1,9,"100","130","87_12","9 cells",1,"megachile",4,NA,5,0,2,0,0,13,2,0,0,11.5,0.5,2,7,"not sealed",0,3,"parasitized",1,0,2,2,173,"year_2024",0
"297","BP","AE","trapnest_87","High","medium",12,"a","87_12a",4,"87_12a_4","not last cell",2024-06-21,"mold",NA,0,1,9,"100","130","87_12","9 cells",1,"megachile",4,NA,5,0,2,0,0,13,2,0,0,11.5,0.5,2,7,"not sealed",0,4,"parasitized",1,0,2,2,173,"year_2024",0
"298","BP","AE","trapnest_87","High","medium",12,"a","87_12a",5,"87_12a_5","not last cell",2024-06-21,"mold",NA,0,1,9,"100","130","87_12","9 cells",1,"megachile",4,NA,5,0,2,0,0,13,2,0,0,11.5,0.5,2,7,"not sealed",0,5,"parasitized",1,0,2,2,173,"year_2024",0
"299","BP","AE","trapnest_87","High","medium",12,"a","87_12a",6,"87_12a_6","not last cell",2024-06-21,"mold",NA,0,1,9,"100","130","87_12","9 cells",1,"megachile",4,NA,5,0,2,0,0,13,2,0,0,11.5,0.5,2,7,"not sealed",0,6,"parasitized",1,0,2,2,173,"year_2024",0
"300","BP","AE","trapnest_87","High","medium",12,"a","87_12a",7,"87_12a_7","not last cell",2024-06-21,"megachile","relativa",0,1,9,"100","130","87_12","9 cells",1,"megachile",4,NA,5,0,2,0,0,13,2,0,0,11.5,0.5,2,7,"not sealed",0,7,"parasitized",1,0,2,2,173,"year_2024",0
"301","BP","AE","trapnest_87","High","medium",12,"a","87_12a",8,"87_12a_8","not last cell",2024-06-21,"parasite","chalcid",1,1,9,"100","130","87_12","9 cells",1,"megachile",4,NA,5,0,2,0,0,13,2,0,0,11.5,0.5,2,7,"not sealed",0,8,"parasitized",1,0,2,2,173,"year_2024",0
"302","BP","AE","trapnest_87","High","medium",12,"a","87_12a",9,"87_12a_9","not last cell",2024-06-21,"megachile",NA,0,1,9,"100","130","87_12","9 cells",1,"megachile",4,NA,5,0,2,0,0,13,2,0,0,11.5,0.5,2,7,"not sealed",0,9,"parasitized",1,0,2,2,173,"year_2024",0
"303","BP","AE","trapnest_87","High","medium",12,"a","87_12a",10,"87_12a_10","last cell",2024-07-02,"empty",NA,0,1,10,"100","130","87_12","1 cell",1,"megachile",3,NA,6,0,1,0,0,12,4,0,0,11,3,1,7,"not sealed",0,10,"parasitized",1,0,2,2,184,"year_2024",1
"304","BP","AE","trapnest_87","High","medium",2,"b","87_2b",1,"87_2b_1","not last cell",2024-06-25,"pollen mass",NA,0,0,2,"60","134","87_2","2 cells",1,"megachile",1,1,6,0,1,0,0,12,3,0,0,11,2,1,7,"not sealed",0,1,"not parasitized",1,0,2,2,177,"year_2024",0
"305","BP","AE","trapnest_87","High","medium",2,"b","87_2b",2,"87_2b_2","not last cell",2024-06-25,"megachile",NA,0,0,2,"60","134","87_2","2 cells",1,"megachile",1,NA,6,0,1,0,0,12,3,0,0,11,2,1,7,"not sealed",0,2,"not parasitized",1,0,2,2,177,"year_2024",0
"306","BP","AE","trapnest_87","High","medium",2,"b","87_2b",3,"87_2b_3","not last cell",2024-06-28,"megachile","relativa",0,0,4,"60","134","87_2","2 cells",1,"megachile",3,NA,7,0,0,0,0,11,3,0,0,11,3,0,7,"not sealed",0,3,"not parasitized",1,0,2,2,180,"year_2024",0
"307","BP","AE","trapnest_87","High","medium",2,"b","87_2b",4,"87_2b_4","not last cell",2024-06-28,"mold",NA,0,0,4,"60","134","87_2","2 cells",1,"megachile",3,NA,7,0,0,0,0,11,3,0,0,11,3,0,7,"not sealed",0,4,"not parasitized",1,0,2,2,180,"year_2024",0
"308","BP","AE","trapnest_87","High","medium",2,"b","87_2b",5,"87_2b_5","last cell",2024-07-02,"pollen mass",NA,0,0,5,"60","134","87_2","1 cell + end cap",1,"megachile",3,NA,6,0,1,0,0,12,4,0,0,11,3,1,7,"sealed",0,5,"not parasitized",0,0,2,2,184,"year_2024",1
"309","BP","AE","trapnest_87","High","medium",4,"a","87_4a",1,"87_4a_1","last cell",2024-06-21,"megachile","relativa",0,0,9,"111","126","87_4","9 cells",1,"megachile",4,1,5,0,2,0,0,13,2,0,0,11.5,0.5,2,7,"not sealed",0,1,"not parasitized",1,0,2,2,173,"year_2024",1
"310","BP","AE","trapnest_87","High","medium",4,"a","87_4a",2,"87_4a_2","not last cell",2024-06-21,"megachile",NA,0,0,9,"111","126","87_4","9 cells",1,"megachile",4,NA,5,0,2,0,0,13,2,0,0,11.5,0.5,2,7,"not sealed",0,2,"not parasitized",1,0,2,2,173,"year_2024",0
"311","BP","AE","trapnest_87","High","medium",4,"a","87_4a",3,"87_4a_3","not last cell",2024-06-21,"megachile",NA,0,0,9,"111","126","87_4","9 cells",1,"megachile",4,NA,5,0,2,0,0,13,2,0,0,11.5,0.5,2,7,"not sealed",0,3,"not parasitized",1,0,2,2,173,"year_2024",0
"312","BP","AE","trapnest_87","High","medium",4,"a","87_4a",4,"87_4a_4","not last cell",2024-06-21,"megachile",NA,0,0,9,"111","126","87_4","9 cells",1,"megachile",4,NA,5,0,2,0,0,13,2,0,0,11.5,0.5,2,7,"not sealed",0,4,"not parasitized",1,0,2,2,173,"year_2024",0
"313","BP","AE","trapnest_87","High","medium",4,"a","87_4a",5,"87_4a_5","not last cell",2024-06-21,"megachile","relativa",0,0,9,"111","126","87_4","9 cells",1,"megachile",4,NA,5,0,2,0,0,13,2,0,0,11.5,0.5,2,7,"not sealed",0,5,"not parasitized",1,0,2,2,173,"year_2024",0
"314","BP","AE","trapnest_87","High","medium",4,"a","87_4a",6,"87_4a_6","not last cell",2024-06-21,"megachile","relativa",0,0,9,"111","126","87_4","9 cells",1,"megachile",4,NA,5,0,2,0,0,13,2,0,0,11.5,0.5,2,7,"not sealed",0,6,"not parasitized",1,0,2,2,173,"year_2024",0
"315","BP","AE","trapnest_87","High","medium",4,"a","87_4a",7,"87_4a_7","not last cell",2024-06-21,"megachile",NA,0,0,9,"111","126","87_4","9 cells",1,"megachile",4,NA,5,0,2,0,0,13,2,0,0,11.5,0.5,2,7,"not sealed",0,7,"not parasitized",1,0,2,2,173,"year_2024",0
"316","BP","AE","trapnest_87","High","medium",4,"a","87_4a",8,"87_4a_8","not last cell",2024-06-21,"megachile",NA,0,0,9,"111","126","87_4","9 cells",1,"megachile",4,NA,5,0,2,0,0,13,2,0,0,11.5,0.5,2,7,"not sealed",0,8,"not parasitized",1,0,2,2,173,"year_2024",0
"317","BP","AE","trapnest_87","High","medium",4,"a","87_4a",9,"87_4a_9","not last cell",2024-06-21,"megachile",NA,0,0,9,"111","126","87_4","9 cells",1,"megachile",4,NA,5,0,2,0,0,13,2,0,0,11.5,0.5,2,7,"not sealed",0,9,"not parasitized",1,0,2,2,173,"year_2024",0
"318","BP","AE","trapnest_87","High","medium",5,"a","87_5a",1,"87_5a_1","not last cell",2024-07-22,"megachile","pugnata",0,0,1,"26","131","87_5","1 cell",1,"megachile",3,1,6,0,1,0,0,12,5,0,0,11,4,1,7,"not sealed",0,1,"not parasitized",1,0,1,3,204,"year_2024",0
"319","BP","AE","trapnest_87","High","medium",5,"a","87_5a",2,"87_5a_2","last cell",2024-07-26,"unknown larva",NA,0,0,2,"26","131","87_5","1 cell + end cap",1,"megachile",2,NA,6,0,1,0,0,12,6,0,0,11,5,1,7,"sealed",0,2,"not parasitized",0,0,1,3,208,"year_2024",1
"320","BP","AE","trapnest_87","High","medium",6,"b","87_6b",1,"87_6b_1","not last cell",2024-08-08,"unknown larva",NA,0,0,1,"24","131","87_6","1 cell",1,"megachile",0,1,7,0,1,0,0,11,3,0,0,10,2,1,8,"not sealed",0,1,"not parasitized",1,0,1,1,221,"year_2024",0
"321","BP","AE","trapnest_87","High","medium",6,"b","87_6b",2,"87_6b_2","last cell",2024-08-12,"unknown larva",NA,0,0,2,"24","131","87_6","1 cell",1,"megachile",3,NA,7,0,0,0,0,11,3,0,0,11,3,0,7,"not sealed",0,2,"not parasitized",1,0,1,1,225,"year_2024",1
"322","BP","AE","trapnest_87","High","large",8,"b","87_8b",1,"87_8b_1","not last cell",2024-07-26,"pollen mass",NA,0,0,1,"77","130","87_8","1 cell",1,"megachile",2,1,6,0,1,0,0,12,6,0,0,11,5,1,7,"not sealed",0,1,"not parasitized",1,0,1,3,208,"year_2024",0
"323","BP","AE","trapnest_87","High","large",8,"b","87_8b",2,"87_8b_2","not last cell",2024-07-29,"pollen mass",NA,0,0,2,"77","130","87_8","1 cell",1,"megachile",3,NA,7,0,0,0,0,11,5,0,0,11,5,0,7,"not sealed",0,2,"not parasitized",1,0,1,3,211,"year_2024",0
"324","BP","AE","trapnest_87","High","large",8,"b","87_8b",3,"87_8b_3","last cell",2024-08-02,"unknown larva",NA,0,0,3,"77","130","87_8","1 cell",1,"megachile",3,NA,7,0,0,0,0,11,5,0,0,11,5,0,7,"not sealed",0,3,"not parasitized",1,0,1,3,215,"year_2024",1
"325","BP","C","trapnest_8","Mid","small",13,"c","8_13c",1,"8_13c_1","last cell",2023-06-29,"pollen mass",NA,0,0,1,"17.22","137.81","8_13","1 cell",1,"megachile",1,1,9,0,2,6,2,2,2,6,2,0.5,0.5,2,11,"not sealed",0,1,"not parasitized",1,0,2,2,180,"year_2023",1
"326","BP","C","trapnest_8","Mid","small",3,"b","8_3b",1,"8_3b_1","last cell",2023-06-29,"empty",NA,0,0,1,"14.85","136.81","8_3","1 cell",1,"megachile",1,1,9,0,2,6,2,2,2,6,2,0.5,0.5,2,11,"not sealed",0,1,"not parasitized",1,0,2,2,180,"year_2023",1
"327","BP","AF","trapnest_90","High","large",10,"b","90_10b",1,"90_10b_1","not last cell",2024-08-02,"pollen mass",NA,0,0,1,"41","136","90_10","1 cell",1,"megachile",3,1,3,0,4,0,0,15,7,0,0,12.5,4.5,4,7,"not sealed",0,1,"not parasitized",1,0,3,3,215,"year_2024",0
"328","BP","AF","trapnest_90","High","large",10,"b","90_10b",2,"90_10b_2","not last cell",2024-08-08,"pollen mass",NA,0,0,2,"41","136","90_10","1 cell",1,"megachile",0,NA,6,0,0,0,0,12,7,0,0,12,7,0,6,"not sealed",0,2,"not parasitized",1,0,1,1,221,"year_2024",0
"329","BP","AF","trapnest_90","High","large",10,"b","90_10b",3,"90_10b_3","not last cell",2024-08-12,"megachile","pugnata",0,0,3,"41","136","90_10","1 cell",1,"megachile",3,NA,6,0,0,0,0,12,7,0,0,12,7,0,6,"not sealed",0,3,"not parasitized",1,0,1,1,225,"year_2024",0
"330","BP","AF","trapnest_90","High","medium",12,"b","90_12b",1,"90_12b_1","not last cell",2024-08-02,"unknown larva",NA,0,0,2,"61","134","90_12","2 cells",1,"megachile",3,1,3,0,4,0,0,15,7,0,0,12.5,4.5,4,7,"not sealed",0,1,"not parasitized",1,0,3,3,215,"year_2024",0
"331","BP","AF","trapnest_90","High","medium",12,"b","90_12b",2,"90_12b_2","not last cell",2024-08-02,"unknown larva",NA,0,0,2,"61","134","90_12","2 cells",1,"megachile",3,NA,3,0,4,0,0,15,7,0,0,12.5,4.5,4,7,"not sealed",0,2,"not parasitized",1,0,3,3,215,"year_2024",0
"332","BP","AF","trapnest_90","High","medium",12,"b","90_12b",3,"90_12b_3","last cell",2024-08-06,"unknown larva",NA,0,0,4,"61","134","90_12","2 cells + end cap",1,"megachile",3,NA,6,0,0,0,0,12,7,0,0,12,7,0,6,"sealed",0,3,"not parasitized",0,0,1,1,219,"year_2024",1
"333","BP","AF","trapnest_90","High","medium",12,"b","90_12b",4,"90_12b_4","not last cell",2024-08-06,"unknown larva",NA,0,0,4,"61","134","90_12","2 cells + end cap",1,"megachile",3,NA,6,0,0,0,0,12,7,0,0,12,7,0,6,"sealed",0,4,"not parasitized",0,0,1,1,219,"year_2024",0
"334","BP","AF","trapnest_90","High","medium",2,"a","90_2a",1,"90_2a_1","not last cell",2024-07-16,"mold",NA,0,0,1,"71","137","90_2","1 cell",1,"megachile",3,1,5,0,2,0,0,13,2,0,0,11.5,0.5,2,7,"not sealed",0,1,"not parasitized",1,0,2,2,198,"year_2024",0
"335","BP","AF","trapnest_90","High","medium",2,"a","90_2a",2,"90_2a_2","not last cell",2024-07-22,"mold",NA,0,0,2,"71","137","90_2","1 cell",1,"megachile",3,NA,7,0,0,0,0,11,2,0,0,11,2,0,7,"not sealed",0,2,"not parasitized",1,0,1,1,204,"year_2024",0
"336","BP","AF","trapnest_90","High","medium",2,"a","90_2a",3,"90_2a_3","not last cell",2024-07-26,"unknown larva",NA,0,0,3,"71","137","90_2","1 cell",1,"megachile",2,NA,6,0,1,0,0,12,3,0,0,11,2,1,7,"not sealed",0,3,"not parasitized",1,0,2,2,208,"year_2024",0
"337","BP","AF","trapnest_90","High","medium",2,"a","90_2a",4,"90_2a_4","not last cell",2024-07-29,"megachile","pugnata",0,0,5,"71","137","90_2","2 cells + end cap",1,"megachile",3,NA,7,0,0,0,0,11,3,0,0,11,3,0,7,"sealed",0,4,"not parasitized",0,0,0,0,211,"year_2024",0
"338","BP","AF","trapnest_90","High","medium",2,"a","90_2a",5,"90_2a_5","last cell",2024-07-29,"pollen mass",NA,0,0,5,"71","137","90_2","2 cells + end cap",1,"megachile",3,NA,7,0,0,0,0,11,3,0,0,11,3,0,7,"sealed",0,5,"not parasitized",0,0,0,0,211,"year_2024",1
"339","BP","AF","trapnest_90","High","medium",3,"b","90_3b",1,"90_3b_1","last cell",2024-08-02,"megachile","pugnata",0,0,1,"19","138","90_3","1 cell + end cap",1,"megachile",3,1,3,0,4,0,0,15,7,0,0,12.5,4.5,4,7,"sealed",0,1,"not parasitized",0,0,3,3,215,"year_2024",1
"340","BP","AF","trapnest_90","High","medium",4,"b","90_4b",1,"90_4b_1","not last cell",2024-07-26,"parasite","coelioxys",1,1,2,"50","143","90_4","2 cells",1,"megachile",2,1,6,0,1,0,0,12,3,0,0,11,2,1,7,"not sealed",0,1,"parasitized",1,0,2,2,208,"year_2024",0
"341","BP","AF","trapnest_90","High","medium",4,"b","90_4b",2,"90_4b_2","not last cell",2024-07-26,"megachile",NA,0,1,2,"50","143","90_4","2 cells",1,"megachile",2,NA,6,0,1,0,0,12,3,0,0,11,2,1,7,"not sealed",0,2,"parasitized",1,0,2,2,208,"year_2024",0
"342","BP","AF","trapnest_90","High","medium",4,"b","90_4b",3,"90_4b_3","last cell",2024-07-29,"megachile","pugnata",0,1,3,"50","143","90_4","1 cell + end cap",1,"megachile",3,NA,7,0,0,0,0,11,3,0,0,11,3,0,7,"sealed",0,3,"parasitized",0,0,0,0,211,"year_2024",1
"343","BP","AF","trapnest_90","High","medium",5,"a","90_5a",1,"90_5a_1","not last cell",2024-07-16,"megachile","pugnata",0,0,1,"51","138","90_5","1 cell",1,"megachile",3,1,5,0,2,0,0,13,2,0,0,11.5,0.5,2,7,"not sealed",0,1,"not parasitized",1,0,2,2,198,"year_2024",0
"344","BP","AF","trapnest_90","High","medium",5,"a","90_5a",2,"90_5a_2","not last cell",2024-07-19,"mold",NA,0,0,2,"51","138","90_5","1 cell",1,"megachile",2,NA,7,0,0,0,0,11,2,0,0,11,2,0,7,"not sealed",0,2,"not parasitized",1,0,2,2,201,"year_2024",0
"345","BP","AF","trapnest_90","High","medium",5,"a","90_5a",3,"90_5a_3","last cell",2024-07-22,"megachile","pugnata",0,0,3,"51","138","90_5","1 cell + end cap",1,"megachile",3,NA,7,0,0,0,0,11,2,0,0,11,2,0,7,"sealed",0,3,"not parasitized",0,0,1,1,204,"year_2024",1
"346","BP","AF","trapnest_90","High","large",9,"a","90_9a",1,"90_9a_1","not last cell",2024-08-02,"unknown larva",NA,0,0,1,"55","129","90_9","1 cell",1,"megachile",3,1,3,0,4,0,0,15,7,0,0,12.5,4.5,4,7,"not sealed",0,1,"not parasitized",1,0,3,3,215,"year_2024",0
"347","BP","AF","trapnest_90","High","large",9,"a","90_9a",2,"90_9a_2","last cell",2024-08-06,"unknown larva",NA,0,0,3,"55","129","90_9","2 cells + end cap",1,"megachile",3,NA,6,0,0,0,0,12,7,0,0,12,7,0,6,"sealed",0,2,"not parasitized",0,0,1,1,219,"year_2024",1
"348","BP","AF","trapnest_90","High","large",9,"a","90_9a",3,"90_9a_3","not last cell",2024-08-06,"unknown larva",NA,0,0,3,"55","129","90_9","2 cells + end cap",1,"megachile",3,NA,6,0,0,0,0,12,7,0,0,12,7,0,6,"sealed",0,3,"not parasitized",0,0,1,1,219,"year_2024",0
"349","CP","AG","trapnest_91","Low","medium",14,"a","91_14a",1,"91_14a_1","last cell",2024-06-21,"megachile","relativa",0,0,3,"37","129","91_14","3 cells",1,"megachile",4,1,16,1,1,1,1,1,1,0,0,0,0,2,18,"not sealed",0,1,"not parasitized",1,1,1,1,173,"year_2024",1
"350","CP","AG","trapnest_91","Low","medium",14,"a","91_14a",2,"91_14a_2","not last cell",2024-06-21,"megachile",NA,0,0,3,"37","129","91_14","3 cells",1,"megachile",4,NA,16,1,1,1,1,1,1,0,0,0,0,2,18,"not sealed",0,2,"not parasitized",1,1,1,1,173,"year_2024",0
"351","CP","AG","trapnest_91","Low","medium",14,"a","91_14a",3,"91_14a_3","not last cell",2024-06-21,"megachile",NA,0,0,3,"37","129","91_14","3 cells",1,"megachile",4,NA,16,1,1,1,1,1,1,0,0,0,0,2,18,"not sealed",0,3,"not parasitized",1,1,1,1,173,"year_2024",0
"352","CP","AG","trapnest_93","High","medium",16,"a","93_16a",1,"93_16a_1","not last cell",2024-06-17,"megachile","relativa",0,0,4,"88","130","93_16","4 cells",1,"megachile",3,1,6,0,1,0,0,12,1,0,0,11,0,1,7,"not sealed",0,1,"not parasitized",1,0,1,1,169,"year_2024",0
"353","CP","AG","trapnest_93","High","medium",16,"a","93_16a",2,"93_16a_2","not last cell",2024-06-17,"megachile","relativa",0,0,4,"88","130","93_16","4 cells",1,"megachile",3,NA,6,0,1,0,0,12,1,0,0,11,0,1,7,"not sealed",0,2,"not parasitized",1,0,1,1,169,"year_2024",0
"354","CP","AG","trapnest_93","High","medium",16,"a","93_16a",3,"93_16a_3","not last cell",2024-06-17,"megachile","relativa",0,0,4,"88","130","93_16","4 cells",1,"megachile",3,NA,6,0,1,0,0,12,1,0,0,11,0,1,7,"not sealed",0,3,"not parasitized",1,0,1,1,169,"year_2024",0
"355","CP","AG","trapnest_93","High","medium",16,"a","93_16a",4,"93_16a_4","not last cell",2024-06-17,"megachile","relativa",0,0,4,"88","130","93_16","4 cells",1,"megachile",3,NA,6,0,1,0,0,12,1,0,0,11,0,1,7,"not sealed",0,4,"not parasitized",1,0,1,1,169,"year_2024",0
"356","CP","AG","trapnest_93","High","medium",16,"a","93_16a",5,"93_16a_5","last cell",2024-06-21,"megachile","relativa",0,0,7,"88","130","93_16","3 cells + end cap",1,"megachile",4,NA,4,0,2,0,0,13,3,0,0,11.5,1.5,2,6,"sealed",0,5,"not parasitized",0,0,2,2,173,"year_2024",1
"357","CP","AG","trapnest_93","High","medium",16,"a","93_16a",6,"93_16a_6","not last cell",2024-06-21,"mold",NA,0,0,7,"88","130","93_16","3 cells + end cap",1,"megachile",4,NA,4,0,2,0,0,13,3,0,0,11.5,1.5,2,6,"sealed",0,6,"not parasitized",0,0,2,2,173,"year_2024",0
"358","CP","AG","trapnest_93","High","medium",16,"a","93_16a",7,"93_16a_7","not last cell",2024-06-21,"megachile","relativa",0,0,7,"88","130","93_16","3 cells + end cap",1,"megachile",4,NA,4,0,2,0,0,13,3,0,0,11.5,1.5,2,6,"sealed",0,7,"not parasitized",0,0,2,2,173,"year_2024",0
"359","CP","AH","trapnest_94","Low","medium",6,"a","94_6a",1,"94_6a_1","not last cell",2024-06-17,"mold",NA,0,0,4,"75","132","94_6","4 cells",1,"megachile",3,1,16,0,1,0,0,2,2,0,0,1,1,1,17,"not sealed",0,1,"not parasitized",1,0,2,2,169,"year_2024",0
"360","CP","AH","trapnest_94","Low","medium",6,"a","94_6a",2,"94_6a_2","not last cell",2024-06-17,"mold",NA,0,0,4,"75","132","94_6","4 cells",1,"megachile",3,NA,16,0,1,0,0,2,2,0,0,1,1,1,17,"not sealed",0,2,"not parasitized",1,0,2,2,169,"year_2024",0
"361","CP","AH","trapnest_94","Low","medium",6,"a","94_6a",3,"94_6a_3","not last cell",2024-06-17,"mold",NA,0,0,4,"75","132","94_6","4 cells",1,"megachile",3,NA,16,0,1,0,0,2,2,0,0,1,1,1,17,"not sealed",0,3,"not parasitized",1,0,2,2,169,"year_2024",0
"362","CP","AH","trapnest_94","Low","medium",6,"a","94_6a",4,"94_6a_4","not last cell",2024-06-17,"mold",NA,0,0,4,"75","132","94_6","4 cells",1,"megachile",3,NA,16,0,1,0,0,2,2,0,0,1,1,1,17,"not sealed",0,4,"not parasitized",1,0,2,2,169,"year_2024",0
"363","CP","AH","trapnest_94","Low","medium",6,"a","94_6a",5,"94_6a_5","last cell",2024-06-21,"unknown larva",NA,0,0,6,"75","132","94_6","2 cells",1,"megachile",4,NA,16,0,0,0,0,2,2,0,0,2,2,0,16,"not sealed",0,5,"not parasitized",1,0,2,2,173,"year_2024",1
"364","CP","AH","trapnest_94","Low","medium",6,"a","94_6a",6,"94_6a_6","not last cell",2024-06-21,"unknown larva",NA,0,0,6,"75","132","94_6","2 cells",1,"megachile",4,NA,16,0,0,0,0,2,2,0,0,2,2,0,16,"not sealed",0,6,"not parasitized",1,0,2,2,173,"year_2024",0
"365","CP","AI","trapnest_97","Low","medium",13,"a","97_13a",1,"97_13a_1","not last cell",2024-06-17,"pollen mass",NA,0,0,1,"93","136","97_13","1 cell",1,"megachile",3,1,15,0,3,0,0,3,3,0,0,1,1,3,18,"not sealed",0,1,"not parasitized",1,0,3,3,169,"year_2024",0
"366","CP","AI","trapnest_97","Low","medium",13,"a","97_13a",2,"97_13a_2","not last cell",2024-06-21,"mold",NA,0,0,5,"93","136","97_13","4 cells",1,"megachile",4,NA,13,0,2,0,0,5,5,0,0,3.5,3.5,2,15,"not sealed",0,2,"not parasitized",1,0,3,3,173,"year_2024",0
"367","CP","AI","trapnest_97","Low","medium",13,"a","97_13a",3,"97_13a_3","not last cell",2024-06-21,"mold",NA,0,0,5,"93","136","97_13","4 cells",1,"megachile",4,NA,13,0,2,0,0,5,5,0,0,3.5,3.5,2,15,"not sealed",0,3,"not parasitized",1,0,3,3,173,"year_2024",0
"368","CP","AI","trapnest_97","Low","medium",13,"a","97_13a",4,"97_13a_4","not last cell",2024-06-21,"mold",NA,0,0,5,"93","136","97_13","4 cells",1,"megachile",4,NA,13,0,2,0,0,5,5,0,0,3.5,3.5,2,15,"not sealed",0,4,"not parasitized",1,0,3,3,173,"year_2024",0
"369","CP","AI","trapnest_97","Low","medium",13,"a","97_13a",5,"97_13a_5","not last cell",2024-06-21,"mold",NA,0,0,5,"93","136","97_13","4 cells",1,"megachile",4,NA,13,0,2,0,0,5,5,0,0,3.5,3.5,2,15,"not sealed",0,5,"not parasitized",1,0,3,3,173,"year_2024",0
"370","CP","AI","trapnest_97","Low","medium",13,"a","97_13a",6,"97_13a_6","last cell",2024-06-25,"mold",NA,0,0,8,"93","136","97_13","3 cells + end cap",1,"megachile",1,NA,11,0,1,0,0,6,6,0,0,5,5,1,12,"sealed",0,6,"not parasitized",0,0,3,3,177,"year_2024",1
"371","CP","AI","trapnest_97","Low","medium",13,"a","97_13a",7,"97_13a_7","not last cell",2024-06-25,"mold",NA,0,0,8,"93","136","97_13","3 cells + end cap",1,"megachile",1,NA,11,0,1,0,0,6,6,0,0,5,5,1,12,"sealed",0,7,"not parasitized",0,0,3,3,177,"year_2024",0
"372","CP","AI","trapnest_97","Low","medium",13,"a","97_13a",8,"97_13a_8","not last cell",2024-06-25,"mold",NA,0,0,8,"93","136","97_13","3 cells + end cap",1,"megachile",1,NA,11,0,1,0,0,6,6,0,0,5,5,1,12,"sealed",0,8,"not parasitized",0,0,3,3,177,"year_2024",0
"373","CP","AI","trapnest_97","Low","medium",14,"a","97_14a",1,"97_14a_1","not last cell",2024-06-17,"unknown larva",NA,0,0,1,"88","138","97_14","1 cell",1,"megachile",3,1,15,0,3,0,0,3,3,0,0,1,1,3,18,"not sealed",0,1,"not parasitized",1,0,3,3,169,"year_2024",0
"374","CP","AI","trapnest_97","Low","medium",14,"a","97_14a",2,"97_14a_2","last cell",2024-06-21,"megachile","relativa",0,1,7,"88","138","97_14","8 cells + end cap",1,"megachile",4,NA,13,0,2,0,0,5,5,0,0,3.5,3.5,2,15,"sealed",0,2,"parasitized",0,0,3,3,173,"year_2024",1
"375","CP","AI","trapnest_97","Low","medium",14,"a","97_14a",3,"97_14a_3","not last cell",2024-06-21,"parasite","coelioxys",1,1,7,"88","138","97_14","8 cells + end cap",1,"megachile",4,NA,13,0,2,0,0,5,5,0,0,3.5,3.5,2,15,"sealed",0,3,"parasitized",0,0,3,3,173,"year_2024",0
"376","CP","AI","trapnest_97","Low","medium",14,"a","97_14a",4,"97_14a_4","not last cell",2024-06-21,"megachile",NA,0,1,7,"88","138","97_14","8 cells + end cap",1,"megachile",4,NA,13,0,2,0,0,5,5,0,0,3.5,3.5,2,15,"sealed",0,4,"parasitized",0,0,3,3,173,"year_2024",0
"377","CP","AI","trapnest_97","Low","medium",14,"a","97_14a",5,"97_14a_5","not last cell",2024-06-21,"megachile",NA,0,1,7,"88","138","97_14","8 cells + end cap",1,"megachile",4,NA,13,0,2,0,0,5,5,0,0,3.5,3.5,2,15,"sealed",0,5,"parasitized",0,0,3,3,173,"year_2024",0
"378","CP","AI","trapnest_97","Low","medium",14,"a","97_14a",6,"97_14a_6","not last cell",2024-06-21,"mold",NA,0,1,7,"88","138","97_14","8 cells + end cap",1,"megachile",4,NA,13,0,2,0,0,5,5,0,0,3.5,3.5,2,15,"sealed",0,6,"parasitized",0,0,3,3,173,"year_2024",0
"379","CP","AI","trapnest_97","Low","medium",14,"a","97_14a",7,"97_14a_7","not last cell",2024-06-21,"mold",NA,0,1,7,"88","138","97_14","8 cells + end cap",1,"megachile",4,NA,13,0,2,0,0,5,5,0,0,3.5,3.5,2,15,"sealed",0,7,"parasitized",0,0,3,3,173,"year_2024",0
"380","CP","AI","trapnest_97","Low","medium",15,"a","97_15a",1,"97_15a_1","not last cell",2024-06-17,"megachile","relativa",0,0,3,"134","149","97_15","3 cells",1,"megachile",3,1,15,0,3,0,0,3,3,0,0,1,1,3,18,"not sealed",0,1,"not parasitized",1,0,3,3,169,"year_2024",0
"381","CP","AI","trapnest_97","Low","medium",15,"a","97_15a",2,"97_15a_2","not last cell",2024-06-17,"mold",NA,0,0,3,"134","149","97_15","3 cells",1,"megachile",3,NA,15,0,3,0,0,3,3,0,0,1,1,3,18,"not sealed",0,2,"not parasitized",1,0,3,3,169,"year_2024",0
"382","CP","AI","trapnest_97","Low","medium",15,"a","97_15a",3,"97_15a_3","not last cell",2024-06-17,"mold",NA,0,0,3,"134","149","97_15","3 cells",1,"megachile",3,NA,15,0,3,0,0,3,3,0,0,1,1,3,18,"not sealed",0,3,"not parasitized",1,0,3,3,169,"year_2024",0
"383","CP","AI","trapnest_97","Low","medium",15,"a","97_15a",4,"97_15a_4","last cell",2024-06-21,"mold",NA,0,0,11,"134","149","97_15","8 cells + end cap",1,"megachile",4,NA,13,0,2,0,0,5,5,0,0,3.5,3.5,2,15,"sealed",0,4,"not parasitized",0,0,3,3,173,"year_2024",1
"384","CP","AI","trapnest_97","Low","medium",15,"a","97_15a",5,"97_15a_5","not last cell",2024-06-21,"mold",NA,0,0,11,"134","149","97_15","8 cells + end cap",1,"megachile",4,NA,13,0,2,0,0,5,5,0,0,3.5,3.5,2,15,"sealed",0,5,"not parasitized",0,0,3,3,173,"year_2024",0
"385","CP","AI","trapnest_97","Low","medium",15,"a","97_15a",6,"97_15a_6","not last cell",2024-06-21,"mold",NA,0,0,11,"134","149","97_15","8 cells + end cap",1,"megachile",4,NA,13,0,2,0,0,5,5,0,0,3.5,3.5,2,15,"sealed",0,6,"not parasitized",0,0,3,3,173,"year_2024",0
"386","CP","AI","trapnest_97","Low","medium",15,"a","97_15a",7,"97_15a_7","not last cell",2024-06-21,"mold",NA,0,0,11,"134","149","97_15","8 cells + end cap",1,"megachile",4,NA,13,0,2,0,0,5,5,0,0,3.5,3.5,2,15,"sealed",0,7,"not parasitized",0,0,3,3,173,"year_2024",0
"387","CP","AI","trapnest_97","Low","medium",15,"a","97_15a",8,"97_15a_8","not last cell",2024-06-21,"mold",NA,0,0,11,"134","149","97_15","8 cells + end cap",1,"megachile",4,NA,13,0,2,0,0,5,5,0,0,3.5,3.5,2,15,"sealed",0,8,"not parasitized",0,0,3,3,173,"year_2024",0
"388","CP","AI","trapnest_97","Low","medium",15,"a","97_15a",9,"97_15a_9","not last cell",2024-06-21,"mold",NA,0,0,11,"134","149","97_15","8 cells + end cap",1,"megachile",4,NA,13,0,2,0,0,5,5,0,0,3.5,3.5,2,15,"sealed",0,9,"not parasitized",0,0,3,3,173,"year_2024",0
"389","CP","AI","trapnest_97","Low","medium",15,"a","97_15a",10,"97_15a_10","not last cell",2024-06-21,"mold",NA,0,0,11,"134","149","97_15","8 cells + end cap",1,"megachile",4,NA,13,0,2,0,0,5,5,0,0,3.5,3.5,2,15,"sealed",0,10,"not parasitized",0,0,3,3,173,"year_2024",0
"390","CP","AI","trapnest_97","Low","medium",15,"a","97_15a",11,"97_15a_11","not last cell",2024-06-21,"mold",NA,0,0,11,"134","149","97_15","8 cells + end cap",1,"megachile",4,NA,13,0,2,0,0,5,5,0,0,3.5,3.5,2,15,"sealed",0,11,"not parasitized",0,0,3,3,173,"year_2024",0
"391","CP","AI","trapnest_97","Low","medium",17,"a","97_17a",1,"97_17a_1","not last cell",2024-06-21,"pollen mass",NA,0,0,3,"108","131","97_17","3 cells",1,"megachile",4,1,13,0,2,0,0,5,5,0,0,3.5,3.5,2,15,"not sealed",0,1,"not parasitized",1,0,3,3,173,"year_2024",0
"392","CP","AI","trapnest_97","Low","medium",17,"a","97_17a",2,"97_17a_2","not last cell",2024-06-21,"pollen mass",NA,0,0,3,"108","131","97_17","3 cells",1,"megachile",4,NA,13,0,2,0,0,5,5,0,0,3.5,3.5,2,15,"not sealed",0,2,"not parasitized",1,0,3,3,173,"year_2024",0
"393","CP","AI","trapnest_97","Low","medium",17,"a","97_17a",3,"97_17a_3","not last cell",2024-06-21,"pollen mass",NA,0,0,3,"108","131","97_17","3 cells",1,"megachile",4,NA,13,0,2,0,0,5,5,0,0,3.5,3.5,2,15,"not sealed",0,3,"not parasitized",1,0,3,3,173,"year_2024",0
"394","CP","AI","trapnest_97","Low","medium",17,"a","97_17a",4,"97_17a_4","not last cell",2024-06-25,"pollen mass",NA,0,0,4,"108","131","97_17","1 cell",1,"megachile",1,NA,11,0,1,0,0,6,6,0,0,5,5,1,12,"not sealed",0,4,"not parasitized",1,0,3,3,177,"year_2024",0
"395","CP","AI","trapnest_97","Low","medium",17,"a","97_17a",5,"97_17a_5","last cell",2024-06-28,"mold",NA,0,0,5,"108","131","97_17","1 cell + end cap",1,"megachile",3,NA,14,0,0,0,0,3,3,0,0,3,3,0,14,"sealed",0,5,"not parasitized",0,0,2,2,180,"year_2024",1
"396","CP","AI","trapnest_98","Mid","medium",12,"a","98_12a",1,"98_12a_1","not last cell",2024-06-28,"parasite","coelioxys",1,2,2,"50","135","98_12","2 cells",1,"megachile",3,1,11,0,1,0,0,7,1,0,0,6,0,1,12,"not sealed",0,1,"parasitized",1,0,1,1,180,"year_2024",0
"397","CP","AI","trapnest_98","Mid","medium",12,"a","98_12a",2,"98_12a_2","not last cell",2024-06-28,"parasite","coelioxys",1,2,2,"50","135","98_12","2 cells",1,"megachile",3,NA,11,0,1,0,0,7,1,0,0,6,0,1,12,"not sealed",0,2,"parasitized",1,0,1,1,180,"year_2024",0
"398","CP","AI","trapnest_98","Mid","medium",12,"a","98_12a",3,"98_12a_3","not last cell",2024-07-02,"empty",NA,0,2,3,"50","135","98_12","1 cell",1,"megachile",3,NA,12,0,0,0,0,6,1,0,0,6,1,0,12,"not sealed",0,3,"parasitized",1,0,1,1,184,"year_2024",0
"399","CP","AI","trapnest_98","Mid","medium",16,"a","98_16a",1,"98_16a_1","not last cell",2024-07-05,"megachile","pugnata",0,0,2,"59","138","98_16","2 cells",1,"megachile",3,1,11,0,1,0,0,7,2,0,0,6,1,1,12,"not sealed",0,1,"not parasitized",1,0,2,2,187,"year_2024",0
"400","CP","AI","trapnest_98","Mid","medium",16,"a","98_16a",2,"98_16a_2","not last cell",2024-07-05,"megachile","pugnata",0,0,2,"59","138","98_16","2 cells",1,"megachile",3,NA,11,0,1,0,0,7,2,0,0,6,1,1,12,"not sealed",0,2,"not parasitized",1,0,2,2,187,"year_2024",0
"401","CP","AI","trapnest_98","Mid","medium",16,"a","98_16a",3,"98_16a_3","last cell",2024-07-08,"parasite","meloidae",1,2,4,"59","138","98_16","2 cells",1,"megachile",2,NA,12,0,0,0,0,6,2,0,0,6,2,0,12,"not sealed",0,3,"parasitized",1,0,2,2,190,"year_2024",1
"402","CP","AI","trapnest_98","Mid","medium",16,"a","98_16a",4,"98_16a_4","not last cell",2024-07-08,"parasite",NA,1,2,4,"59","138","98_16","2 cells",1,"megachile",2,NA,12,0,0,0,0,6,2,0,0,6,2,0,12,"not sealed",0,4,"parasitized",1,0,2,2,190,"year_2024",0
"403","BP","C","trapnest_9","High","large",14,"b","9_14b",1,"9_14b_1","not last cell",2023-06-08,"pollen mass",NA,0,0,1,"64.75","141.25","9_14","1 cell",1,"megachile",2,1,5,0,2,10,3,3,3,10,3,1.5,1.5,2,7,"not sealed",0,1,"not parasitized",1,1,2,2,159,"year_2023",0
"404","BP","C","trapnest_9","High","large",14,"b","9_14b",2,"9_14b_2","not last cell",2023-06-14,"pollen mass",NA,0,0,5,"64.75","141.25","9_14","4 cells",1,"megachile",0,NA,3,0,0,10,3,3,3,10,3,3,3,0,3,"not sealed",0,2,"not parasitized",1,0,1,1,165,"year_2023",0
"405","BP","C","trapnest_9","High","large",14,"b","9_14b",3,"9_14b_3","not last cell",2023-06-14,"pollen mass",NA,0,0,5,"64.75","141.25","9_14","4 cells",1,"megachile",0,NA,3,0,0,10,3,3,3,10,3,3,3,0,3,"not sealed",0,3,"not parasitized",1,0,1,1,165,"year_2023",0
"406","BP","C","trapnest_9","High","large",14,"b","9_14b",4,"9_14b_4","not last cell",2023-06-14,"pollen mass",NA,0,0,5,"64.75","141.25","9_14","4 cells",1,"megachile",0,NA,3,0,0,10,3,3,3,10,3,3,3,0,3,"not sealed",0,4,"not parasitized",1,0,1,1,165,"year_2023",0
"407","BP","C","trapnest_9","High","large",14,"b","9_14b",5,"9_14b_5","last cell",2023-06-14,"pollen mass",NA,0,0,5,"64.75","141.25","9_14","4 cells",1,"megachile",0,NA,3,0,0,10,3,3,3,10,3,3,3,0,3,"not sealed",0,5,"not parasitized",1,0,1,1,165,"year_2023",1
"408","BP","C","trapnest_9","High","large",6,"a","9_6a",1,"9_6a_1","unknown",2023-06-05,"pollen mass",NA,0,0,7,"92.04","119.65","9_6","7 cells + end cap",1,"megachile",1,1,5,1,1,12,3,1,1,11,2,0,0,2,7,"sealed",0,1,"not parasitized",0,1,0,0,156,"year_2023",NA
"409","BP","C","trapnest_9","High","large",6,"a","9_6a",2,"9_6a_2","unknown",2023-06-05,"pollen mass",NA,0,0,7,"92.04","119.65","9_6","7 cells + end cap",1,"megachile",1,NA,5,1,1,12,3,1,1,11,2,0,0,2,7,"sealed",0,2,"not parasitized",0,1,0,0,156,"year_2023",NA
"410","BP","C","trapnest_9","High","large",6,"a","9_6a",3,"9_6a_3","unknown",2023-06-05,"pollen mass",NA,0,0,7,"92.04","119.65","9_6","7 cells + end cap",1,"megachile",1,NA,5,1,1,12,3,1,1,11,2,0,0,2,7,"sealed",0,3,"not parasitized",0,1,0,0,156,"year_2023",NA
"411","BP","C","trapnest_9","High","large",6,"a","9_6a",4,"9_6a_4","unknown",2023-06-05,"pollen mass",NA,0,0,7,"92.04","119.65","9_6","7 cells + end cap",1,"megachile",1,NA,5,1,1,12,3,1,1,11,2,0,0,2,7,"sealed",0,4,"not parasitized",0,1,0,0,156,"year_2023",NA
"412","BP","C","trapnest_9","High","large",6,"a","9_6a",5,"9_6a_5","unknown",2023-06-05,"pollen mass",NA,0,0,7,"92.04","119.65","9_6","7 cells + end cap",1,"megachile",1,NA,5,1,1,12,3,1,1,11,2,0,0,2,7,"sealed",0,5,"not parasitized",0,1,0,0,156,"year_2023",NA
"413","BP","C","trapnest_9","High","large",6,"a","9_6a",6,"9_6a_6","unknown",2023-06-05,"pollen mass",NA,0,0,7,"92.04","119.65","9_6","7 cells + end cap",1,"megachile",1,NA,5,1,1,12,3,1,1,11,2,0,0,2,7,"sealed",0,6,"not parasitized",0,1,0,0,156,"year_2023",NA
"414","BP","C","trapnest_9","High","large",6,"a","9_6a",7,"9_6a_7","unknown",2023-06-05,"pollen mass",NA,0,0,7,"92.04","119.65","9_6","7 cells + end cap",1,"megachile",1,NA,5,1,1,12,3,1,1,11,2,0,0,2,7,"sealed",0,7,"not parasitized",0,1,0,0,156,"year_2023",NA
"415","BP","C","trapnest_9","High","medium",7,"a","9_7a",1,"9_7a_1","not last cell",2023-06-08,"mold",NA,0,0,2,"61.5","147","9_7","2 cells",1,"megachile",2,1,5,0,2,10,3,3,3,10,3,1.5,1.5,2,7,"not sealed",0,1,"not parasitized",1,1,2,2,159,"year_2023",0
"416","BP","C","trapnest_9","High","medium",7,"a","9_7a",2,"9_7a_2","not last cell",2023-06-08,"mold",NA,0,0,2,"61.5","147","9_7","2 cells",1,"megachile",2,NA,5,0,2,10,3,3,3,10,3,1.5,1.5,2,7,"not sealed",0,2,"not parasitized",1,1,2,2,159,"year_2023",0
"417","BP","C","trapnest_9","High","medium",7,"a","9_7a",3,"9_7a_3","not last cell",2023-06-14,"mold",NA,0,0,4,"61.5","147","9_7","3 cells + end cap",1,"megachile",0,NA,3,0,0,10,3,3,3,10,3,3,3,0,3,"sealed",0,3,"not parasitized",0,0,1,1,165,"year_2023",0
"418","BP","C","trapnest_9","High","medium",7,"a","9_7a",4,"9_7a_4","last cell",2023-06-14,"mold",NA,0,0,4,"61.5","147","9_7","3 cells + end cap",1,"megachile",0,NA,3,0,0,10,3,3,3,10,3,3,3,0,3,"sealed",0,4,"not parasitized",0,0,1,1,165,"year_2023",1
"419","BP","C","trapnest_9","High","medium",7,"b","9_7b",1,"9_7b_1","not last cell",2023-06-20,"mold",NA,0,0,4,"81","146","9_7","4 cells",1,"megachile",3,1,1,0,1,11,3,2,2,11,3,1,1,1,2,"not sealed",0,1,"not parasitized",1,0,2,2,171,"year_2023",0
"420","BP","C","trapnest_9","High","medium",7,"b","9_7b",2,"9_7b_2","not last cell",2023-06-20,"mold",NA,0,0,4,"81","146","9_7","4 cells",1,"megachile",3,NA,1,0,1,11,3,2,2,11,3,1,1,1,2,"not sealed",0,2,"not parasitized",1,0,2,2,171,"year_2023",0
"421","BP","C","trapnest_9","High","medium",7,"b","9_7b",3,"9_7b_3","not last cell",2023-06-20,"mold",NA,0,0,4,"81","146","9_7","4 cells",1,"megachile",3,NA,1,0,1,11,3,2,2,11,3,1,1,1,2,"not sealed",0,3,"not parasitized",1,0,2,2,171,"year_2023",0
"422","BP","C","trapnest_9","High","medium",7,"b","9_7b",4,"9_7b_4","not last cell",2023-06-20,"mold",NA,0,0,4,"81","146","9_7","4 cells",1,"megachile",3,NA,1,0,1,11,3,2,2,11,3,1,1,1,2,"not sealed",0,4,"not parasitized",1,0,2,2,171,"year_2023",0
"423","BP","C","trapnest_9","High","medium",7,"b","9_7b",5,"9_7b_5","not last cell",2023-06-23,"empty",NA,0,0,7,"81","146","9_7","3 cells",1,"megachile",3,NA,1,0,0,10,3,1,1,10,3,1,1,0,1,"not sealed",0,5,"not parasitized",1,0,1,1,174,"year_2023",0
"424","BP","C","trapnest_9","High","medium",7,"b","9_7b",6,"9_7b_6","not last cell",2023-06-23,"empty",NA,0,0,7,"81","146","9_7","3 cells",1,"megachile",3,NA,1,0,0,10,3,1,1,10,3,1,1,0,1,"not sealed",0,6,"not parasitized",1,0,1,1,174,"year_2023",0
"425","BP","C","trapnest_9","High","medium",7,"b","9_7b",7,"9_7b_7","last cell",2023-06-23,"empty",NA,0,0,7,"81","146","9_7","3 cells",1,"megachile",3,NA,1,0,0,10,3,1,1,10,3,1,1,0,1,"not sealed",0,7,"not parasitized",1,0,1,1,174,"year_2023",1
