"","Trapnest","Date","Site","Subsite","Treatment","Cavity_number","Straw_ID","Cavity_ID","Nest_ID","Cell_ID","Cell_number","Filled_length_mm","Straw_length_mm","Status","Contains_cells","Occupant","Good_days","Bee_choice","Available_cavities_prior","New_nests_os","New_nests_meg","Osmia_ps_prior","Osmia_no_ps_prior","Meg_ps_prior","Meg_no_ps_prior","Osmia_ps_no_iw","Osmia_no_ps_no_iw","Meg_ps_no_iw","Meg_no_ps_no_iw","New_nests_sum","Cumulative_par","Number_of_cells","Prop_cells_par","Cell_parasitized","Sealed","Nest_parasitized","Active_bin","Sum_unsealed_os","Last_cell","Day_of_year"
"1","trapnest_12",2023-06-08,"BP","D","High",11,"b","12_11","12_11b","12_11b_1","1","47.31","141.37","1 cell",1,"osmia",2,1,7,1,0,11,5,0,0,NA,6,0,0,1,0,1,0,0,"not sealed","not parasitized",1,2,"no",159
"2","trapnest_12",2023-06-14,"BP","D","High",11,"b","12_11","12_11b","12_11b_2","2","47.31","141.37","3 cells",1,"osmia",0,NA,7,1,0,11,6,0,0,NA,7,0,0,1,0,4,0,0,"not sealed","not parasitized",1,2,"no",165
"3","trapnest_12",2023-06-14,"BP","D","High",11,"b","12_11","12_11b","12_11b_3","3","47.31","141.37","3 cells",1,"osmia",0,NA,7,1,0,11,6,0,0,NA,7,0,0,1,0,4,0,0,"not sealed","not parasitized",1,2,"no",165
"4","trapnest_12",2023-06-14,"BP","D","High",11,"b","12_11","12_11b","12_11b_4","4","47.31","141.37","3 cells",1,"osmia",0,NA,7,1,0,11,6,0,0,NA,7,0,0,1,0,4,0,0,"not sealed","not parasitized",1,2,"no",165
"5","trapnest_12",2023-06-16,"BP","D","High",11,"b","12_11","12_11b","12_11b_5","5","47.31","141.37","1 cell",1,"osmia",1,NA,6,0,0,12,7,0,0,NA,7,0,0,0,0,5,0,0,"not sealed","not parasitized",1,1,"no",167
"6","trapnest_12",2023-06-20,"BP","D","High",11,"b","12_11","12_11b","12_11b_6","6","47.31","141.37","2 cells",1,"osmia",3,NA,7,2,0,11.5,6.5,0,0,NA,7,0,0,2,0,7,0,0,"not sealed","not parasitized",1,3,"no",171
"7","trapnest_12",2023-06-20,"BP","D","High",11,"b","12_11","12_11b","12_11b_7","7","47.31","141.37","2 cells",1,"osmia",3,NA,7,2,0,11.5,6.5,0,0,NA,7,0,0,2,0,7,0,0,"not sealed","not parasitized",1,3,"yes",171
"8","trapnest_12",2023-06-02,"BP","D","High",12,"b","12_12","12_12b","12_12b_1","1","57.04","106.02","2 cells",1,"osmia",2,1,8,2,0,10.5,3.5,0,0,NA,5,0,0,2,2,2,1,1,"not sealed","parasitized",1,4,"no",153
"9","trapnest_12",2023-06-02,"BP","D","High",12,"b","12_12","12_12b","12_12b_2","2","57.04","106.02","2 cells",1,"osmia",2,1,8,2,0,10.5,3.5,0,0,NA,5,0,0,2,2,2,1,1,"not sealed","parasitized",1,4,"no",153
"10","trapnest_12",2023-06-05,"BP","D","High",12,"b","12_12","12_12b","12_12b_3","3","57.04","106.02","4 cells + end cap",1,"osmia",1,NA,7,0,0,11,5,0,0,NA,5,0,0,0,5,6,0.833333333333333,0,"sealed","parasitized",0,1,"no",156
"11","trapnest_12",2023-06-05,"BP","D","High",12,"b","12_12","12_12b","12_12b_4","4","57.04","106.02","4 cells + end cap",1,"osmia",1,NA,7,0,0,11,5,0,0,NA,5,0,0,0,5,6,0.833333333333333,1,"sealed","parasitized",0,1,"no",156
"12","trapnest_12",2023-06-05,"BP","D","High",12,"b","12_12","12_12b","12_12b_5","5","57.04","106.02","4 cells + end cap",1,"osmia",1,NA,7,0,0,11,5,0,0,NA,5,0,0,0,5,6,0.833333333333333,1,"sealed","parasitized",0,1,"no",156
"13","trapnest_12",2023-06-05,"BP","D","High",12,"b","12_12","12_12b","12_12b_6","6","57.04","106.02","4 cells + end cap",1,"osmia",1,NA,7,0,0,11,5,0,0,NA,5,0,0,0,5,6,0.833333333333333,1,"sealed","parasitized",0,1,"yes",156
"14","trapnest_12",2023-05-29,"BP","D","High",15,"a","12_15","12_15a","12_15a_1","1","116.97","145.25","7 cells",1,"osmia",1,1,7,2,0,11.5,1.5,0,0,NA,3,0,0,2,1,7,0.142857142857143,0,"not sealed","parasitized",1,2,"no",149
"15","trapnest_12",2023-05-31,"BP","D","High",15,"a","12_15","12_15a","12_15a_10","10","116.97","145.25","4 cells",1,"osmia",2,NA,9,2,0,9.5,1.5,0,0,NA,3,0,0,2,1,9,0.111111111111111,0,"not sealed","parasitized",1,2,"no",151
"16","trapnest_12",2023-05-31,"BP","D","High",15,"a","12_15","12_15a","12_15a_11","11","116.97","145.25","4 cells",1,"osmia",2,NA,9,2,0,9.5,1.5,0,0,NA,3,0,0,2,1,9,0.111111111111111,0,"not sealed","parasitized",1,2,"no",151
"17","trapnest_12",2023-06-05,"BP","D","High",15,"a","12_15","12_15a","12_15a_12","12","116.97","145.25","2 cells + end cap",1,"osmia",1,NA,7,0,0,11,5,0,0,NA,5,0,0,0,2,9,0.222222222222222,0,"sealed","parasitized",0,1,"no",156
"18","trapnest_12",2023-06-05,"BP","D","High",15,"a","12_15","12_15a","12_15a_13","13","116.97","145.25","2 cells + end cap",1,"osmia",1,NA,7,0,0,11,5,0,0,NA,5,0,0,0,2,9,0.222222222222222,1,"sealed","parasitized",0,1,"yes",156
"19","trapnest_12",2023-05-29,"BP","D","High",15,"a","12_15","12_15a","12_15a_2","2","116.97","145.25","7 cells",1,"osmia",1,1,7,2,0,11.5,1.5,0,0,NA,3,0,0,2,1,7,0.142857142857143,1,"not sealed","parasitized",1,2,"no",149
"20","trapnest_12",2023-05-29,"BP","D","High",15,"a","12_15","12_15a","12_15a_3","3","116.97","145.25","7 cells",1,"osmia",1,1,7,2,0,11.5,1.5,0,0,NA,3,0,0,2,1,7,0.142857142857143,0,"not sealed","parasitized",1,2,"no",149
"21","trapnest_12",2023-05-29,"BP","D","High",15,"a","12_15","12_15a","12_15a_4","4","116.97","145.25","7 cells",1,"osmia",1,1,7,2,0,11.5,1.5,0,0,NA,3,0,0,2,1,7,0.142857142857143,0,"not sealed","parasitized",1,2,"no",149
"22","trapnest_12",2023-05-29,"BP","D","High",15,"a","12_15","12_15a","12_15a_5","5","116.97","145.25","7 cells",1,"osmia",1,1,7,2,0,11.5,1.5,0,0,NA,3,0,0,2,1,7,0.142857142857143,0,"not sealed","parasitized",1,2,"no",149
"23","trapnest_12",2023-05-29,"BP","D","High",15,"a","12_15","12_15a","12_15a_6","6","116.97","145.25","7 cells",1,"osmia",1,1,7,2,0,11.5,1.5,0,0,NA,3,0,0,2,1,7,0.142857142857143,0,"not sealed","parasitized",1,2,"no",149
"24","trapnest_12",2023-05-29,"BP","D","High",15,"a","12_15","12_15a","12_15a_7","7","116.97","145.25","7 cells",1,"osmia",1,1,7,2,0,11.5,1.5,0,0,NA,3,0,0,2,1,7,0.142857142857143,0,"not sealed","parasitized",1,2,"no",149
"25","trapnest_12",2023-05-31,"BP","D","High",15,"a","12_15","12_15a","12_15a_8","8","116.97","145.25","4 cells",1,"osmia",2,NA,9,2,0,9.5,1.5,0,0,NA,3,0,0,2,1,9,0.111111111111111,0,"not sealed","parasitized",1,2,"no",151
"26","trapnest_12",2023-05-31,"BP","D","High",15,"a","12_15","12_15a","12_15a_9","9","116.97","145.25","4 cells",1,"osmia",2,NA,9,2,0,9.5,1.5,0,0,NA,3,0,0,2,1,9,0.111111111111111,0,"not sealed","parasitized",1,2,"no",151
"27","trapnest_12",2023-06-29,"BP","D","High",16,"a","12_16","12_16a","12_16a_1","1","5.27","143.33","1 cell",1,"osmia",1,1,6,1,0,12,7,0,0,NA,7,0,0,1,0,1,0,0,"not sealed","not parasitized",1,3,"yes",180
"28","trapnest_12",2023-06-02,"BP","D","High",18,"a","12_18","12_18a","12_18a_1","1","83.98","144.81","5 cells",1,"osmia",2,1,8,2,0,10.5,3.5,0,0,NA,5,0,0,2,0,5,0,0,"not sealed","not parasitized",1,4,"no",153
"29","trapnest_12",2023-06-05,"BP","D","High",18,"a","12_18","12_18a","12_18a_10","10","83.98","144.81","7 cells",1,"osmia",1,NA,7,0,0,11,5,0,0,NA,5,0,0,0,0,9,0,0,"not sealed","not parasitized",1,1,"no",156
"30","trapnest_12",2023-06-05,"BP","D","High",18,"a","12_18","12_18a","12_18a_11","11","83.98","144.81","7 cells",1,"osmia",1,NA,7,0,0,11,5,0,0,NA,5,0,0,0,0,9,0,0,"not sealed","not parasitized",1,1,"no",156
"31","trapnest_12",2023-06-05,"BP","D","High",18,"a","12_18","12_18a","12_18a_12","12","83.98","144.81","7 cells",1,"osmia",1,NA,7,0,0,11,5,0,0,NA,5,0,0,0,0,9,0,0,"not sealed","not parasitized",1,1,"no",156
"32","trapnest_12",2023-06-14,"BP","D","High",18,"a","12_18","12_18a","12_18a_13","13","83.98","144.81","1 cell + end cap",1,"osmia",0,NA,7,1,0,11,6,0,0,NA,7,0,0,1,0,9,0,0,"sealed","not parasitized",0,2,"yes",165
"33","trapnest_12",2023-06-02,"BP","D","High",18,"a","12_18","12_18a","12_18a_2","2","83.98","144.81","5 cells",1,"osmia",2,1,8,2,0,10.5,3.5,0,0,NA,5,0,0,2,0,5,0,0,"not sealed","not parasitized",1,4,"no",153
"34","trapnest_12",2023-06-02,"BP","D","High",18,"a","12_18","12_18a","12_18a_3","3","83.98","144.81","5 cells",1,"osmia",2,1,8,2,0,10.5,3.5,0,0,NA,5,0,0,2,0,5,0,0,"not sealed","not parasitized",1,4,"no",153
"35","trapnest_12",2023-06-02,"BP","D","High",18,"a","12_18","12_18a","12_18a_4","4","83.98","144.81","5 cells",1,"osmia",2,1,8,2,0,10.5,3.5,0,0,NA,5,0,0,2,0,5,0,0,"not sealed","not parasitized",1,4,"no",153
"36","trapnest_12",2023-06-02,"BP","D","High",18,"a","12_18","12_18a","12_18a_5","5","83.98","144.81","5 cells",1,"osmia",2,1,8,2,0,10.5,3.5,0,0,NA,5,0,0,2,0,5,0,0,"not sealed","not parasitized",1,4,"no",153
"37","trapnest_12",2023-06-05,"BP","D","High",18,"a","12_18","12_18a","12_18a_6","6","83.98","144.81","7 cells",1,"osmia",1,NA,7,0,0,11,5,0,0,NA,5,0,0,0,0,9,0,0,"not sealed","not parasitized",1,1,"no",156
"38","trapnest_12",2023-06-05,"BP","D","High",18,"a","12_18","12_18a","12_18a_7","7","83.98","144.81","7 cells",1,"osmia",1,NA,7,0,0,11,5,0,0,NA,5,0,0,0,0,9,0,0,"not sealed","not parasitized",1,1,"no",156
"39","trapnest_12",2023-06-05,"BP","D","High",18,"a","12_18","12_18a","12_18a_8","8","83.98","144.81","7 cells",1,"osmia",1,NA,7,0,0,11,5,0,0,NA,5,0,0,0,0,9,0,0,"not sealed","not parasitized",1,1,"no",156
"40","trapnest_12",2023-06-05,"BP","D","High",18,"a","12_18","12_18a","12_18a_9","9","83.98","144.81","7 cells",1,"osmia",1,NA,7,0,0,11,5,0,0,NA,5,0,0,0,0,9,0,0,"not sealed","not parasitized",1,1,"no",156
"41","trapnest_12",2023-05-15,"BP","D","High",5,"a","12_5","12_5a","12_5a_1","1","115.52","142.83","2 cells",1,"osmia",3,1,7,1,0,11,0,0,0,NA,1,0,0,1,0,2,0,0,"not sealed","not parasitized",1,1,"no",135
"42","trapnest_12",2023-05-26,"BP","D","High",5,"a","12_5","12_5a","12_5a_10","10","115.52","142.83","4 cells",1,"osmia",2,NA,7,0,0,11,1,0,0,NA,1,0,0,0,0,9,0,0,"not sealed","not parasitized",1,1,"no",146
"43","trapnest_12",2023-05-26,"BP","D","High",5,"a","12_5","12_5a","12_5a_11","11","115.52","142.83","4 cells",1,"osmia",2,NA,7,0,0,11,1,0,0,NA,1,0,0,0,0,9,0,0,"not sealed","not parasitized",1,1,"no",146
"44","trapnest_12",2023-05-26,"BP","D","High",5,"a","12_5","12_5a","12_5a_12","12","115.52","142.83","4 cells",1,"osmia",2,NA,7,0,0,11,1,0,0,NA,1,0,0,0,0,9,0,0,"not sealed","not parasitized",1,1,"no",146
"45","trapnest_12",2023-05-26,"BP","D","High",5,"a","12_5","12_5a","12_5a_13","13","115.52","142.83","4 cells",1,"osmia",2,NA,7,0,0,11,1,0,0,NA,1,0,0,0,0,9,0,0,"not sealed","not parasitized",1,1,"no",146
"46","trapnest_12",2023-05-29,"BP","D","High",5,"a","12_5","12_5a","12_5a_14","14","115.52","142.83","1 cell + end cap",1,"osmia",1,NA,7,2,0,11.5,1.5,0,0,NA,3,0,0,2,0,9,0,0,"sealed","not parasitized",0,2,"yes",149
"47","trapnest_12",2023-05-15,"BP","D","High",5,"a","12_5","12_5a","12_5a_2","2","115.52","142.83","2 cells",1,"osmia",3,1,7,1,0,11,0,0,0,NA,1,0,0,1,0,2,0,0,"not sealed","not parasitized",1,1,"no",135
"48","trapnest_12",2023-05-17,"BP","D","High",5,"a","12_5","12_5a","12_5a_3","3","115.52","142.83","1 cell",1,"osmia",1,NA,6,0,0,12,1,0,0,NA,1,0,0,0,0,3,0,0,"not sealed","not parasitized",1,1,"no",137
"49","trapnest_12",2023-05-19,"BP","D","High",5,"a","12_5","12_5a","12_5a_4","4","115.52","142.83","1 cell",1,"osmia",2,NA,6,0,0,12,1,0,0,NA,1,0,0,0,0,4,0,0,"not sealed","not parasitized",1,1,"no",139
"50","trapnest_12",2023-05-22,"BP","D","High",5,"a","12_5","12_5a","12_5a_5","5","115.52","142.83","3 cells",1,"osmia",1,NA,7,0,0,11,1,0,0,NA,1,0,0,0,0,7,0,0,"not sealed","not parasitized",1,1,"no",142
"51","trapnest_12",2023-05-22,"BP","D","High",5,"a","12_5","12_5a","12_5a_6","6","115.52","142.83","3 cells",1,"osmia",1,NA,7,0,0,11,1,0,0,NA,1,0,0,0,0,7,0,0,"not sealed","not parasitized",1,1,"no",142
"52","trapnest_12",2023-05-22,"BP","D","High",5,"a","12_5","12_5a","12_5a_7","7","115.52","142.83","3 cells",1,"osmia",1,NA,7,0,0,11,1,0,0,NA,1,0,0,0,0,7,0,0,"not sealed","not parasitized",1,1,"no",142
"53","trapnest_12",2023-05-23,"BP","D","High",5,"a","12_5","12_5a","12_5a_8","8","115.52","142.83","2 cells",1,"osmia",1,NA,7,0,0,11,1,0,0,NA,1,0,0,0,0,9,0,0,"not sealed","not parasitized",1,1,"no",143
"54","trapnest_12",2023-05-23,"BP","D","High",5,"a","12_5","12_5a","12_5a_9","9","115.52","142.83","2 cells",1,"osmia",1,NA,7,0,0,11,1,0,0,NA,1,0,0,0,0,9,0,0,"not sealed","not parasitized",1,1,"no",143
"55","trapnest_12",2023-05-29,"BP","D","High",6,"b","12_6","12_6b","12_6b_1","1","103.97","143.76","9 cells",1,"osmia",1,1,7,2,0,11.5,1.5,0,0,NA,3,0,0,2,0,9,0,0,"not sealed","not parasitized",1,2,"no",149
"56","trapnest_12",2023-05-31,"BP","D","High",6,"b","12_6","12_6b","12_6b_10","10","103.97","143.76","6 cells",1,"osmia",2,NA,9,2,0,9.5,1.5,0,0,NA,3,0,0,2,0,9,0,0,"not sealed","not parasitized",1,2,"no",151
"57","trapnest_12",2023-05-31,"BP","D","High",6,"b","12_6","12_6b","12_6b_11","11","103.97","143.76","6 cells",1,"osmia",2,NA,9,2,0,9.5,1.5,0,0,NA,3,0,0,2,0,9,0,0,"not sealed","not parasitized",1,2,"no",151
"58","trapnest_12",2023-05-31,"BP","D","High",6,"b","12_6","12_6b","12_6b_12","12","103.97","143.76","6 cells",1,"osmia",2,NA,9,2,0,9.5,1.5,0,0,NA,3,0,0,2,0,9,0,0,"not sealed","not parasitized",1,2,"no",151
"59","trapnest_12",2023-05-31,"BP","D","High",6,"b","12_6","12_6b","12_6b_13","13","103.97","143.76","6 cells",1,"osmia",2,NA,9,2,0,9.5,1.5,0,0,NA,3,0,0,2,0,9,0,0,"not sealed","not parasitized",1,2,"no",151
"60","trapnest_12",2023-05-31,"BP","D","High",6,"b","12_6","12_6b","12_6b_14","14","103.97","143.76","6 cells",1,"osmia",2,NA,9,2,0,9.5,1.5,0,0,NA,3,0,0,2,0,9,0,0,"not sealed","not parasitized",1,2,"no",151
"61","trapnest_12",2023-05-31,"BP","D","High",6,"b","12_6","12_6b","12_6b_15","15","103.97","143.76","6 cells",1,"osmia",2,NA,9,2,0,9.5,1.5,0,0,NA,3,0,0,2,0,9,0,0,"not sealed","not parasitized",1,2,"yes",151
"62","trapnest_12",2023-05-29,"BP","D","High",6,"b","12_6","12_6b","12_6b_2","2","103.97","143.76","9 cells",1,"osmia",1,1,7,2,0,11.5,1.5,0,0,NA,3,0,0,2,0,9,0,0,"not sealed","not parasitized",1,2,"no",149
"63","trapnest_12",2023-05-29,"BP","D","High",6,"b","12_6","12_6b","12_6b_3","3","103.97","143.76","9 cells",1,"osmia",1,1,7,2,0,11.5,1.5,0,0,NA,3,0,0,2,0,9,0,0,"not sealed","not parasitized",1,2,"no",149
"64","trapnest_12",2023-05-29,"BP","D","High",6,"b","12_6","12_6b","12_6b_4","4","103.97","143.76","9 cells",1,"osmia",1,1,7,2,0,11.5,1.5,0,0,NA,3,0,0,2,0,9,0,0,"not sealed","not parasitized",1,2,"no",149
"65","trapnest_12",2023-05-29,"BP","D","High",6,"b","12_6","12_6b","12_6b_5","5","103.97","143.76","9 cells",1,"osmia",1,1,7,2,0,11.5,1.5,0,0,NA,3,0,0,2,0,9,0,0,"not sealed","not parasitized",1,2,"no",149
"66","trapnest_12",2023-05-29,"BP","D","High",6,"b","12_6","12_6b","12_6b_6","6","103.97","143.76","9 cells",1,"osmia",1,1,7,2,0,11.5,1.5,0,0,NA,3,0,0,2,0,9,0,0,"not sealed","not parasitized",1,2,"no",149
"67","trapnest_12",2023-05-29,"BP","D","High",6,"b","12_6","12_6b","12_6b_7","7","103.97","143.76","9 cells",1,"osmia",1,1,7,2,0,11.5,1.5,0,0,NA,3,0,0,2,0,9,0,0,"not sealed","not parasitized",1,2,"no",149
"68","trapnest_12",2023-05-29,"BP","D","High",6,"b","12_6","12_6b","12_6b_8","8","103.97","143.76","9 cells",1,"osmia",1,1,7,2,0,11.5,1.5,0,0,NA,3,0,0,2,0,9,0,0,"not sealed","not parasitized",1,2,"no",149
"69","trapnest_12",2023-05-29,"BP","D","High",6,"b","12_6","12_6b","12_6b_9","9","103.97","143.76","9 cells",1,"osmia",1,1,7,2,0,11.5,1.5,0,0,NA,3,0,0,2,0,9,0,0,"not sealed","not parasitized",1,2,"no",149
"70","trapnest_12",2023-06-20,"BP","D","High",6,"c","12_6","12_6c","12_6c_1","1","51.58","143.84","1 cell",1,"osmia",3,1,7,2,0,11.5,6.5,0,0,NA,7,0,0,2,1,1,1,1,"not sealed","parasitized",1,3,"no",171
"71","trapnest_12",2023-06-23,"BP","D","High",6,"c","12_6","12_6c","12_6c_2","2","51.58","143.84","6 cells",1,"osmia",3,NA,6,0,0,12,7,0,0,NA,6,0,0,0,5,7,0.714285714285714,1,"not sealed","parasitized",1,3,"no",174
"72","trapnest_12",2023-06-23,"BP","D","High",6,"c","12_6","12_6c","12_6c_3","3","51.58","143.84","6 cells",1,"osmia",3,NA,6,0,0,12,7,0,0,NA,6,0,0,0,5,7,0.714285714285714,1,"not sealed","parasitized",1,3,"no",174
"73","trapnest_12",2023-06-23,"BP","D","High",6,"c","12_6","12_6c","12_6c_4","4","51.58","143.84","6 cells",1,"osmia",3,NA,6,0,0,12,7,0,0,NA,6,0,0,0,5,7,0.714285714285714,1,"not sealed","parasitized",1,3,"no",174
"74","trapnest_12",2023-06-23,"BP","D","High",6,"c","12_6","12_6c","12_6c_5","5","51.58","143.84","6 cells",1,"osmia",3,NA,6,0,0,12,7,0,0,NA,6,0,0,0,5,7,0.714285714285714,1,"not sealed","parasitized",1,3,"no",174
"75","trapnest_12",2023-06-23,"BP","D","High",6,"c","12_6","12_6c","12_6c_6","6","51.58","143.84","6 cells",1,"osmia",3,NA,6,0,0,12,7,0,0,NA,6,0,0,0,5,7,0.714285714285714,0,"not sealed","parasitized",1,3,"no",174
"76","trapnest_12",2023-06-23,"BP","D","High",6,"c","12_6","12_6c","12_6c_7","7","51.58","143.84","6 cells",1,"osmia",3,NA,6,0,0,12,7,0,0,NA,6,0,0,0,5,7,0.714285714285714,0,"not sealed","parasitized",1,3,"yes",174
"77","trapnest_12",2023-06-14,"BP","D","High",9,"b","12_9","12_9b","12_9b_1","1","21.9","130.53","2 cells",1,"osmia",0,1,7,1,0,11,6,0,0,NA,7,0,0,1,1,2,0.5,0,"not sealed","parasitized",1,2,"no",165
"78","trapnest_12",2023-06-14,"BP","D","High",9,"b","12_9","12_9b","12_9b_2","2","21.9","130.53","2 cells",1,"osmia",0,1,7,1,0,11,6,0,0,NA,7,0,0,1,1,2,0.5,1,"not sealed","parasitized",1,2,"no",165
"79","trapnest_12",2023-06-16,"BP","D","High",9,"b","12_9","12_9b","12_9b_3","3","21.9","130.53","1 cells + end cap",1,"osmia",1,NA,6,0,0,12,7,0,0,NA,7,0,0,0,1,3,0.333333333333333,0,"sealed","parasitized",0,1,"yes",167
"80","trapnest_13",2023-06-05,"BP","E","Low",11,"a","13_11","13_11a","13_11a_1","1","41.44","140.51","3 cells",1,"osmia",1,1,14,2,0,4.5,4.5,0,0,6,6,0,0,2,2,3,0.666666666666667,0,"not sealed","parasitized",1,2,"no",156
"81","trapnest_13",2023-06-05,"BP","E","Low",11,"a","13_11","13_11a","13_11a_2","2","41.44","140.51","3 cells",1,"osmia",1,1,14,2,0,4.5,4.5,0,0,6,6,0,0,2,2,3,0.666666666666667,1,"not sealed","parasitized",1,2,"no",156
"82","trapnest_13",2023-06-05,"BP","E","Low",11,"a","13_11","13_11a","13_11a_3","3","41.44","140.51","3 cells",1,"osmia",1,1,14,2,0,4.5,4.5,0,0,6,6,0,0,2,2,3,0.666666666666667,1,"not sealed","parasitized",1,2,"no",156
"83","trapnest_13",2023-06-09,"BP","E","Low",11,"a","13_11","13_11a","13_11a_4","4","41.44","140.51","1 cell",1,"osmia",0,NA,17,0,0,1,1,0,0,1,1,0,0,0,3,4,0.75,1,"not sealed","parasitized",1,1,"yes",160
"84","trapnest_13",2023-05-29,"BP","E","Low",12,"a","13_12","13_12a","13_12a_1","1","101","137","2 cells",1,"osmia",1,1,17,3,0,2,2,0,0,4,4,0,0,3,0,2,0,0,"not sealed","not parasitized",1,3,"no",149
"85","trapnest_13",2023-06-02,"BP","E","Low",12,"a","13_12","13_12a","13_12a_10","10","101","137","5 cells",1,"osmia",2,NA,15,2,0,3.5,3.5,0,0,5,5,0,0,2,1,9,0.111111111111111,0,"not sealed","parasitized",1,3,"no",153
"86","trapnest_13",2023-06-02,"BP","E","Low",12,"a","13_12","13_12a","13_12a_11","11","101","137","5 cells",1,"osmia",2,NA,15,2,0,3.5,3.5,0,0,5,5,0,0,2,1,9,0.111111111111111,0,"not sealed","parasitized",1,3,"no",153
"87","trapnest_13",2023-06-05,"BP","E","Low",12,"a","13_12","13_12a","13_12a_12","12","101","137","1 cell + end cap",1,"osmia",1,NA,14,2,0,4.5,4.5,0,0,6,6,0,0,2,1,9,0.111111111111111,0,"sealed","parasitized",0,2,"yes",156
"88","trapnest_13",2023-05-29,"BP","E","Low",12,"a","13_12","13_12a","13_12a_2","2","101","137","2 cells",1,"osmia",1,1,17,3,0,2,2,0,0,4,4,0,0,3,0,2,0,0,"not sealed","not parasitized",1,3,"no",149
"89","trapnest_13",2023-05-31,"BP","E","Low",12,"a","13_12","13_12a","13_12a_3","3","101","137","4 cells",1,"osmia",2,NA,18,4,0,1.5,1.5,0,0,4,4,0,0,4,1,6,0.166666666666667,1,"not sealed","parasitized",1,3,"no",151
"90","trapnest_13",2023-05-31,"BP","E","Low",12,"a","13_12","13_12a","13_12a_4","4","101","137","4 cells",1,"osmia",2,NA,18,4,0,1.5,1.5,0,0,4,4,0,0,4,1,6,0.166666666666667,0,"not sealed","parasitized",1,3,"no",151
"91","trapnest_13",2023-05-31,"BP","E","Low",12,"a","13_12","13_12a","13_12a_5","5","101","137","4 cells",1,"osmia",2,NA,18,4,0,1.5,1.5,0,0,4,4,0,0,4,1,6,0.166666666666667,0,"not sealed","parasitized",1,3,"no",151
"92","trapnest_13",2023-05-31,"BP","E","Low",12,"a","13_12","13_12a","13_12a_6","6","101","137","4 cells",1,"osmia",2,NA,18,4,0,1.5,1.5,0,0,4,4,0,0,4,1,6,0.166666666666667,0,"not sealed","parasitized",1,3,"no",151
"93","trapnest_13",2023-06-02,"BP","E","Low",12,"a","13_12","13_12a","13_12a_7","7","101","137","5 cells",1,"osmia",2,NA,15,2,0,3.5,3.5,0,0,5,5,0,0,2,1,9,0.111111111111111,0,"not sealed","parasitized",1,3,"no",153
"94","trapnest_13",2023-06-02,"BP","E","Low",12,"a","13_12","13_12a","13_12a_8","8","101","137","5 cells",1,"osmia",2,NA,15,2,0,3.5,3.5,0,0,5,5,0,0,2,1,9,0.111111111111111,0,"not sealed","parasitized",1,3,"no",153
"95","trapnest_13",2023-06-02,"BP","E","Low",12,"a","13_12","13_12a","13_12a_9","9","101","137","5 cells",1,"osmia",2,NA,15,2,0,3.5,3.5,0,0,5,5,0,0,2,1,9,0.111111111111111,0,"not sealed","parasitized",1,3,"no",153
"96","trapnest_13",2023-06-14,"BP","E","Low",14,"a","13_14","13_14a","13_14a_1","1","19.88","140.03","2 cells + end cap",1,"osmia",0,1,17,3,0,2,2,0,0,4,4,0,0,3,2,2,1,1,"sealed","parasitized",0,1,"no",165
"97","trapnest_13",2023-06-14,"BP","E","Low",14,"a","13_14","13_14a","13_14a_2","2","19.88","140.03","2 cells + end cap",1,"osmia",0,1,17,3,0,2,2,0,0,4,4,0,0,3,2,2,1,1,"sealed","parasitized",0,1,"yes",165
"98","trapnest_13",2023-06-14,"BP","E","Low",16,"a","13_16","13_16a","13_16a_1","1","15.4","141.29","2 cells + end cap",1,"osmia",0,1,17,3,0,2,2,0,0,4,4,0,0,3,0,2,0,0,"sealed","not parasitized",0,1,"no",165
"99","trapnest_13",2023-06-14,"BP","E","Low",16,"a","13_16","13_16a","13_16a_2","2","15.4","141.29","2 cells + end cap",1,"osmia",0,1,17,3,0,2,2,0,0,4,4,0,0,3,0,2,0,0,"sealed","not parasitized",0,1,"yes",165
"100","trapnest_13",2023-06-14,"BP","E","Low",18,"a","13_18","13_18a","13_18a_1","1","23.44","138.41","2 cells",1,"osmia",0,1,17,3,0,2,2,0,0,4,4,0,0,3,2,2,1,1,"not sealed","parasitized",1,1,"no",165
"101","trapnest_13",2023-06-14,"BP","E","Low",18,"a","13_18","13_18a","13_18a_2","2","23.44","138.41","2 cells",1,"osmia",0,1,17,3,0,2,2,0,0,4,4,0,0,3,2,2,1,1,"not sealed","parasitized",1,1,"no",165
"102","trapnest_13",2023-06-16,"BP","E","Low",18,"a","13_18","13_18a","13_18a_3","3","23.44","138.41","1 cell",1,"osmia",1,NA,17,1,0,1,1,0,0,2,2,0,0,1,3,3,1,1,"not sealed","parasitized",1,1,"no",167
"103","trapnest_13",2023-06-20,"BP","E","Low",18,"a","13_18","13_18a","13_18a_4","4","23.44","138.41","1 cell",1,"osmia",3,NA,16,0,0,2,2,0,0,2,2,0,0,0,3,4,0.75,0,"not sealed","parasitized",1,1,"yes",171
"104","trapnest_13",2023-05-23,"BP","E","Low",2,"a","13_2","13_2a","13_2a_1","1","105.25","123.3","2 cells",1,"osmia",1,1,18,1,0,0,0,0,0,1,1,0,0,1,0,2,0,0,"not sealed","not parasitized",1,1,"no",143
"105","trapnest_13",2023-05-29,"BP","E","Low",2,"a","13_2","13_2a","13_2a_10","10","105.25","123.3","5 cells + end cap",1,"osmia",1,NA,17,3,0,2,2,0,0,4,4,0,0,3,0,9,0,0,"sealed","not parasitized",0,3,"no",149
"106","trapnest_13",2023-05-29,"BP","E","Low",2,"a","13_2","13_2a","13_2a_11","11","105.25","123.3","5 cells + end cap",1,"osmia",1,NA,17,3,0,2,2,0,0,4,4,0,0,3,0,9,0,0,"sealed","not parasitized",0,3,"no",149
"107","trapnest_13",2023-05-29,"BP","E","Low",2,"a","13_2","13_2a","13_2a_12","12","105.25","123.3","5 cells + end cap",1,"osmia",1,NA,17,3,0,2,2,0,0,4,4,0,0,3,0,9,0,0,"sealed","not parasitized",0,3,"yes",149
"108","trapnest_13",2023-05-23,"BP","E","Low",2,"a","13_2","13_2a","13_2a_2","2","105.25","123.3","2 cells",1,"osmia",1,1,18,1,0,0,0,0,0,1,1,0,0,1,0,2,0,0,"not sealed","not parasitized",1,1,"no",143
"109","trapnest_13",2023-05-26,"BP","E","Low",2,"a","13_2","13_2a","13_2a_3","3","105.25","123.3","5 cells",1,"osmia",2,NA,17,0,0,1,1,0,0,1,1,0,0,0,0,7,0,0,"not sealed","not parasitized",1,1,"no",146
"110","trapnest_13",2023-05-26,"BP","E","Low",2,"a","13_2","13_2a","13_2a_4","4","105.25","123.3","5 cells",1,"osmia",2,NA,17,0,0,1,1,0,0,1,1,0,0,0,0,7,0,0,"not sealed","not parasitized",1,1,"no",146
"111","trapnest_13",2023-05-26,"BP","E","Low",2,"a","13_2","13_2a","13_2a_5","5","105.25","123.3","5 cells",1,"osmia",2,NA,17,0,0,1,1,0,0,1,1,0,0,0,0,7,0,0,"not sealed","not parasitized",1,1,"no",146
"112","trapnest_13",2023-05-26,"BP","E","Low",2,"a","13_2","13_2a","13_2a_6","6","105.25","123.3","5 cells",1,"osmia",2,NA,17,0,0,1,1,0,0,1,1,0,0,0,0,7,0,0,"not sealed","not parasitized",1,1,"no",146
"113","trapnest_13",2023-05-26,"BP","E","Low",2,"a","13_2","13_2a","13_2a_7","7","105.25","123.3","5 cells",1,"osmia",2,NA,17,0,0,1,1,0,0,1,1,0,0,0,0,7,0,0,"not sealed","not parasitized",1,1,"no",146
"114","trapnest_13",2023-05-29,"BP","E","Low",2,"a","13_2","13_2a","13_2a_8","8","105.25","123.3","5 cells + end cap",1,"osmia",1,NA,17,3,0,2,2,0,0,4,4,0,0,3,0,9,0,0,"sealed","not parasitized",0,3,"no",149
"115","trapnest_13",2023-05-29,"BP","E","Low",2,"a","13_2","13_2a","13_2a_9","9","105.25","123.3","5 cells + end cap",1,"osmia",1,NA,17,3,0,2,2,0,0,4,4,0,0,3,0,9,0,0,"sealed","not parasitized",0,3,"no",149
"116","trapnest_13",2023-05-31,"BP","E","Low",2,"b","13_2","13_2b","13_2b_1","1","34.05","146.25","3 cells",1,"osmia",2,1,18,4,0,1.5,1.5,0,0,4,4,0,0,4,0,3,0,0,"not sealed","not parasitized",1,3,"no",151
"117","trapnest_13",2023-05-31,"BP","E","Low",2,"b","13_2","13_2b","13_2b_2","2","34.05","146.25","3 cells",1,"osmia",2,1,18,4,0,1.5,1.5,0,0,4,4,0,0,4,0,3,0,0,"not sealed","not parasitized",1,3,"no",151
"118","trapnest_13",2023-05-31,"BP","E","Low",2,"b","13_2","13_2b","13_2b_3","3","34.05","146.25","3 cells",1,"osmia",2,1,18,4,0,1.5,1.5,0,0,4,4,0,0,4,0,3,0,0,"not sealed","not parasitized",1,3,"no",151
"119","trapnest_13",2023-06-02,"BP","E","Low",2,"b","13_2","13_2b","13_2b_4","4","34.05","146.25","1 cells + end cap",1,"osmia",2,NA,15,2,0,3.5,3.5,0,0,5,5,0,0,2,0,4,0,0,"sealed","not parasitized",0,3,"yes",153
"120","trapnest_13",2023-05-29,"BP","E","Low",4,"a","13_4","13_4a","13_4a_1","1","75.74","150.06","6 cells",1,"osmia",1,1,17,3,0,2,2,0,0,4,4,0,0,3,0,6,0,0,"not sealed","not parasitized",1,3,"no",149
"121","trapnest_13",2023-05-29,"BP","E","Low",4,"a","13_4","13_4a","13_4a_2","2","75.74","150.06","6 cells",1,"osmia",1,1,17,3,0,2,2,0,0,4,4,0,0,3,0,6,0,0,"not sealed","not parasitized",1,3,"no",149
"122","trapnest_13",2023-05-29,"BP","E","Low",4,"a","13_4","13_4a","13_4a_3","3","75.74","150.06","6 cells",1,"osmia",1,1,17,3,0,2,2,0,0,4,4,0,0,3,0,6,0,0,"not sealed","not parasitized",1,3,"no",149
"123","trapnest_13",2023-05-29,"BP","E","Low",4,"a","13_4","13_4a","13_4a_4","4","75.74","150.06","6 cells",1,"osmia",1,1,17,3,0,2,2,0,0,4,4,0,0,3,0,6,0,0,"not sealed","not parasitized",1,3,"no",149
"124","trapnest_13",2023-05-29,"BP","E","Low",4,"a","13_4","13_4a","13_4a_5","5","75.74","150.06","6 cells",1,"osmia",1,1,17,3,0,2,2,0,0,4,4,0,0,3,0,6,0,0,"not sealed","not parasitized",1,3,"no",149
"125","trapnest_13",2023-05-29,"BP","E","Low",4,"a","13_4","13_4a","13_4a_6","6","75.74","150.06","6 cells",1,"osmia",1,1,17,3,0,2,2,0,0,4,4,0,0,3,0,6,0,0,"not sealed","not parasitized",1,3,"no",149
"126","trapnest_13",2023-05-31,"BP","E","Low",4,"a","13_4","13_4a","13_4a_7","7","75.74","150.06","2 cells + end cap",1,"osmia",2,NA,18,4,0,1.5,1.5,0,0,4,4,0,0,4,0,8,0,0,"sealed","not parasitized",0,3,"no",151
"127","trapnest_13",2023-05-31,"BP","E","Low",4,"a","13_4","13_4a","13_4a_8","8","75.74","150.06","2 cells + end cap",1,"osmia",2,NA,18,4,0,1.5,1.5,0,0,4,4,0,0,4,0,8,0,0,"sealed","not parasitized",0,3,"yes",151
"128","trapnest_13",2023-06-02,"BP","E","Low",4,"b","13_4","13_4b","13_4b_1","1","41.56","85.621","4 cells",1,"osmia",2,1,15,2,0,3.5,3.5,0,0,5,5,0,0,2,1,4,0.25,1,"not sealed","parasitized",1,3,"no",153
"129","trapnest_13",2023-06-02,"BP","E","Low",4,"b","13_4","13_4b","13_4b_2","2","41.56","85.621","4 cells",1,"osmia",2,1,15,2,0,3.5,3.5,0,0,5,5,0,0,2,1,4,0.25,0,"not sealed","parasitized",1,3,"no",153
"130","trapnest_13",2023-06-02,"BP","E","Low",4,"b","13_4","13_4b","13_4b_3","3","41.56","85.621","4 cells",1,"osmia",2,1,15,2,0,3.5,3.5,0,0,5,5,0,0,2,1,4,0.25,0,"not sealed","parasitized",1,3,"no",153
"131","trapnest_13",2023-06-02,"BP","E","Low",4,"b","13_4","13_4b","13_4b_4","4","41.56","85.621","4 cells",1,"osmia",2,1,15,2,0,3.5,3.5,0,0,5,5,0,0,2,1,4,0.25,0,"not sealed","parasitized",1,3,"yes",153
"132","trapnest_13",2023-06-16,"BP","E","Low",5,"a","13_5","13_5a","13_5a_1","1","9.55","150.06","1 cell + end cap",1,"osmia",1,1,17,1,0,1,1,0,0,2,2,0,0,1,1,1,1,1,"sealed","parasitized",0,1,"yes",167
"133","trapnest_13",2023-05-29,"BP","E","Low",7,"a","13_7","13_7a","13_7a_1","1","133.33","152.52","9 cells",1,"osmia",1,1,17,3,0,2,2,0,0,4,4,0,0,3,0,9,0,0,"not sealed","not parasitized",1,3,"no",149
"134","trapnest_13",2023-05-31,"BP","E","Low",7,"a","13_7","13_7a","13_7a_10","10","133.33","152.52","7 cells",1,"osmia",2,NA,18,4,0,1.5,1.5,0,0,4,4,0,0,4,0,9,0,0,"not sealed","not parasitized",1,3,"no",151
"135","trapnest_13",2023-05-31,"BP","E","Low",7,"a","13_7","13_7a","13_7a_11","11","133.33","152.52","7 cells",1,"osmia",2,NA,18,4,0,1.5,1.5,0,0,4,4,0,0,4,0,9,0,0,"not sealed","not parasitized",1,3,"no",151
"136","trapnest_13",2023-05-31,"BP","E","Low",7,"a","13_7","13_7a","13_7a_12","12","133.33","152.52","7 cells",1,"osmia",2,NA,18,4,0,1.5,1.5,0,0,4,4,0,0,4,0,9,0,0,"not sealed","not parasitized",1,3,"no",151
"137","trapnest_13",2023-05-31,"BP","E","Low",7,"a","13_7","13_7a","13_7a_13","13","133.33","152.52","7 cells",1,"osmia",2,NA,18,4,0,1.5,1.5,0,0,4,4,0,0,4,0,9,0,0,"not sealed","not parasitized",1,3,"no",151
"138","trapnest_13",2023-05-31,"BP","E","Low",7,"a","13_7","13_7a","13_7a_14","14","133.33","152.52","7 cells",1,"osmia",2,NA,18,4,0,1.5,1.5,0,0,4,4,0,0,4,0,9,0,0,"not sealed","not parasitized",1,3,"no",151
"139","trapnest_13",2023-05-31,"BP","E","Low",7,"a","13_7","13_7a","13_7a_15","15","133.33","152.52","7 cells",1,"osmia",2,NA,18,4,0,1.5,1.5,0,0,4,4,0,0,4,0,9,0,0,"not sealed","not parasitized",1,3,"no",151
"140","trapnest_13",2023-05-31,"BP","E","Low",7,"a","13_7","13_7a","13_7a_16","16","133.33","152.52","7 cells",1,"osmia",2,NA,18,4,0,1.5,1.5,0,0,4,4,0,0,4,0,9,0,0,"not sealed","not parasitized",1,3,"no",151
"141","trapnest_13",2023-06-02,"BP","E","Low",7,"a","13_7","13_7a","13_7a_17","17","133.33","152.52","3 cells + end cap",1,"osmia",2,NA,15,2,0,3.5,3.5,0,0,5,5,0,0,2,0,9,0,0,"sealed","not parasitized",0,3,"no",153
"142","trapnest_13",2023-06-02,"BP","E","Low",7,"a","13_7","13_7a","13_7a_18","18","133.33","152.52","3 cells + end cap",1,"osmia",2,NA,15,2,0,3.5,3.5,0,0,5,5,0,0,2,0,9,0,0,"sealed","not parasitized",0,3,"no",153
"143","trapnest_13",2023-06-02,"BP","E","Low",7,"a","13_7","13_7a","13_7a_19","19","133.33","152.52","3 cells + end cap",1,"osmia",2,NA,15,2,0,3.5,3.5,0,0,5,5,0,0,2,0,9,0,0,"sealed","not parasitized",0,3,"yes",153
"144","trapnest_13",2023-05-29,"BP","E","Low",7,"a","13_7","13_7a","13_7a_2","2","133.33","152.52","9 cells",1,"osmia",1,1,17,3,0,2,2,0,0,4,4,0,0,3,0,9,0,0,"not sealed","not parasitized",1,3,"no",149
"145","trapnest_13",2023-05-29,"BP","E","Low",7,"a","13_7","13_7a","13_7a_3","3","133.33","152.52","9 cells",1,"osmia",1,1,17,3,0,2,2,0,0,4,4,0,0,3,0,9,0,0,"not sealed","not parasitized",1,3,"no",149
"146","trapnest_13",2023-05-29,"BP","E","Low",7,"a","13_7","13_7a","13_7a_4","4","133.33","152.52","9 cells",1,"osmia",1,1,17,3,0,2,2,0,0,4,4,0,0,3,0,9,0,0,"not sealed","not parasitized",1,3,"no",149
"147","trapnest_13",2023-05-29,"BP","E","Low",7,"a","13_7","13_7a","13_7a_5","5","133.33","152.52","9 cells",1,"osmia",1,1,17,3,0,2,2,0,0,4,4,0,0,3,0,9,0,0,"not sealed","not parasitized",1,3,"no",149
"148","trapnest_13",2023-05-29,"BP","E","Low",7,"a","13_7","13_7a","13_7a_6","6","133.33","152.52","9 cells",1,"osmia",1,1,17,3,0,2,2,0,0,4,4,0,0,3,0,9,0,0,"not sealed","not parasitized",1,3,"no",149
"149","trapnest_13",2023-05-29,"BP","E","Low",7,"a","13_7","13_7a","13_7a_7","7","133.33","152.52","9 cells",1,"osmia",1,1,17,3,0,2,2,0,0,4,4,0,0,3,0,9,0,0,"not sealed","not parasitized",1,3,"no",149
"150","trapnest_13",2023-05-29,"BP","E","Low",7,"a","13_7","13_7a","13_7a_8","8","133.33","152.52","9 cells",1,"osmia",1,1,17,3,0,2,2,0,0,4,4,0,0,3,0,9,0,0,"not sealed","not parasitized",1,3,"no",149
"151","trapnest_13",2023-05-29,"BP","E","Low",7,"a","13_7","13_7a","13_7a_9","9","133.33","152.52","9 cells",1,"osmia",1,1,17,3,0,2,2,0,0,4,4,0,0,3,0,9,0,0,"not sealed","not parasitized",1,3,"no",149
"152","trapnest_13",2023-06-05,"BP","E","Low",7,"b","13_7","13_7b","13_7b_1","1","48.93","153","4 cells + end cap",1,"osmia",1,1,14,2,0,4.5,4.5,0,0,6,6,0,0,2,0,4,0,0,"sealed","not parasitized",0,2,"no",156
"153","trapnest_13",2023-06-05,"BP","E","Low",7,"b","13_7","13_7b","13_7b_2","2","48.93","153","4 cells + end cap",1,"osmia",1,1,14,2,0,4.5,4.5,0,0,6,6,0,0,2,0,4,0,0,"sealed","not parasitized",0,2,"no",156
"154","trapnest_13",2023-06-05,"BP","E","Low",7,"b","13_7","13_7b","13_7b_3","3","48.93","153","4 cells + end cap",1,"osmia",1,1,14,2,0,4.5,4.5,0,0,6,6,0,0,2,0,4,0,0,"sealed","not parasitized",0,2,"no",156
"155","trapnest_13",2023-06-05,"BP","E","Low",7,"b","13_7","13_7b","13_7b_4","4","48.93","153","4 cells + end cap",1,"osmia",1,1,14,2,0,4.5,4.5,0,0,6,6,0,0,2,0,4,0,0,"sealed","not parasitized",0,2,"yes",156
"156","trapnest_13",2023-06-02,"BP","E","Low",8,"a","13_8","13_8a","13_8a_1","1","3.094","147.37","3 cells",1,"osmia",2,1,15,2,0,3.5,3.5,0,0,5,5,0,0,2,0,3,0,0,"not sealed","not parasitized",1,3,"no",153
"157","trapnest_13",2023-06-02,"BP","E","Low",8,"a","13_8","13_8a","13_8a_2","2","3.094","147.37","3 cells",1,"osmia",2,1,15,2,0,3.5,3.5,0,0,5,5,0,0,2,0,3,0,0,"not sealed","not parasitized",1,3,"no",153
"158","trapnest_13",2023-06-02,"BP","E","Low",8,"a","13_8","13_8a","13_8a_3","3","3.094","147.37","3 cells",1,"osmia",2,1,15,2,0,3.5,3.5,0,0,5,5,0,0,2,0,3,0,0,"not sealed","not parasitized",1,3,"no",153
"159","trapnest_13",2023-06-05,"BP","E","Low",8,"a","13_8","13_8a","13_8a_4","4","3.094","147.37","1 cell + end cap",1,"osmia",1,NA,14,2,0,4.5,4.5,0,0,6,6,0,0,2,1,4,0.25,1,"sealed","parasitized",0,2,"yes",156
"160","trapnest_14",2023-05-31,"BP","E","Mid",10,"a","14_10","14_10a","14_10a_1","1","32.56","149.7","3 cells",1,"osmia",2,1,13,4,0,6.5,1.5,0,0,NA,3,0,0,4,0,3,0,0,"not sealed","not parasitized",1,3,"no",151
"161","trapnest_14",2023-05-31,"BP","E","Mid",10,"a","14_10","14_10a","14_10a_2","2","32.56","149.7","3 cells",1,"osmia",2,1,13,4,0,6.5,1.5,0,0,NA,3,0,0,4,0,3,0,0,"not sealed","not parasitized",1,3,"no",151
"162","trapnest_14",2023-05-31,"BP","E","Mid",10,"a","14_10","14_10a","14_10a_3","3","32.56","149.7","3 cells",1,"osmia",2,1,13,4,0,6.5,1.5,0,0,NA,3,0,0,4,0,3,0,0,"not sealed","not parasitized",1,3,"yes",151
"163","trapnest_14",2023-06-05,"BP","E","Mid",10,"b","14_10","14_10b","14_10b_1","1","48.98","141.14","6 cells + end cap",1,"osmia",1,1,12,1,0,6,3,0,0,NA,2,0,0,1,0,6,0,0,"sealed","not parasitized",0,2,"no",156
"164","trapnest_14",2023-06-05,"BP","E","Mid",10,"b","14_10","14_10b","14_10b_2","2","48.98","141.14","6 cells + end cap",1,"osmia",1,1,12,1,0,6,3,0,0,NA,2,0,0,1,0,6,0,0,"sealed","not parasitized",0,2,"no",156
"165","trapnest_14",2023-06-05,"BP","E","Mid",10,"b","14_10","14_10b","14_10b_3","3","48.98","141.14","6 cells + end cap",1,"osmia",1,1,12,1,0,6,3,0,0,NA,2,0,0,1,0,6,0,0,"sealed","not parasitized",0,2,"no",156
"166","trapnest_14",2023-06-05,"BP","E","Mid",10,"b","14_10","14_10b","14_10b_4","4","48.98","141.14","6 cells + end cap",1,"osmia",1,1,12,1,0,6,3,0,0,NA,2,0,0,1,0,6,0,0,"sealed","not parasitized",0,2,"no",156
"167","trapnest_14",2023-06-05,"BP","E","Mid",10,"b","14_10","14_10b","14_10b_5","5","48.98","141.14","6 cells + end cap",1,"osmia",1,1,12,1,0,6,3,0,0,NA,2,0,0,1,0,6,0,0,"sealed","not parasitized",0,2,"no",156
"168","trapnest_14",2023-06-05,"BP","E","Mid",10,"b","14_10","14_10b","14_10b_6","6","48.98","141.14","6 cells + end cap",1,"osmia",1,1,12,1,0,6,3,0,0,NA,2,0,0,1,0,6,0,0,"sealed","not parasitized",0,2,"yes",156
"169","trapnest_14",2023-05-29,"BP","E","Mid",12,"a","14_12","14_12a","14_12a_1","1","76.22","145.71","7 cells",1,"osmia",1,1,13,1,0,5,0,0,0,NA,1,0,0,1,2,7,0.285714285714286,0,"not sealed","parasitized",1,1,"no",149
"170","trapnest_14",2023-05-29,"BP","E","Mid",12,"a","14_12","14_12a","14_12a_2","2","76.22","145.71","7 cells",1,"osmia",1,1,13,1,0,5,0,0,0,NA,1,0,0,1,2,7,0.285714285714286,0,"not sealed","parasitized",1,1,"no",149
"171","trapnest_14",2023-05-29,"BP","E","Mid",12,"a","14_12","14_12a","14_12a_3","3","76.22","145.71","7 cells",1,"osmia",1,1,13,1,0,5,0,0,0,NA,1,0,0,1,2,7,0.285714285714286,0,"not sealed","parasitized",1,1,"no",149
"172","trapnest_14",2023-05-29,"BP","E","Mid",12,"a","14_12","14_12a","14_12a_4","4","76.22","145.71","7 cells",1,"osmia",1,1,13,1,0,5,0,0,0,NA,1,0,0,1,2,7,0.285714285714286,0,"not sealed","parasitized",1,1,"no",149
"173","trapnest_14",2023-05-29,"BP","E","Mid",12,"a","14_12","14_12a","14_12a_5","5","76.22","145.71","7 cells",1,"osmia",1,1,13,1,0,5,0,0,0,NA,1,0,0,1,2,7,0.285714285714286,1,"not sealed","parasitized",1,1,"no",149
"174","trapnest_14",2023-05-29,"BP","E","Mid",12,"a","14_12","14_12a","14_12a_6","6","76.22","145.71","7 cells",1,"osmia",1,1,13,1,0,5,0,0,0,NA,1,0,0,1,2,7,0.285714285714286,1,"not sealed","parasitized",1,1,"no",149
"175","trapnest_14",2023-05-29,"BP","E","Mid",12,"a","14_12","14_12a","14_12a_7","7","76.22","145.71","7 cells",1,"osmia",1,1,13,1,0,5,0,0,0,NA,1,0,0,1,2,7,0.285714285714286,0,"not sealed","parasitized",1,1,"no",149
"176","trapnest_14",2023-05-31,"BP","E","Mid",12,"a","14_12","14_12a","14_12a_8","8","76.22","145.71","1 cell + end cap",1,"osmia",2,NA,13,4,0,6.5,1.5,0,0,NA,3,0,0,4,2,8,0.25,0,"sealed","parasitized",0,3,"yes",151
"177","trapnest_14",2023-05-31,"BP","E","Mid",16,"a","14_16","14_16a","14_16a_1","1","67.77","143.11","2 cells",1,"osmia",2,1,13,4,0,6.5,1.5,0,0,NA,3,0,0,4,0,2,0,0,"not sealed","not parasitized",1,3,"no",151
"178","trapnest_14",2023-05-31,"BP","E","Mid",16,"a","14_16","14_16a","14_16a_2","2","67.77","143.11","2 cells",1,"osmia",2,1,13,4,0,6.5,1.5,0,0,NA,3,0,0,4,0,2,0,0,"not sealed","not parasitized",1,3,"no",151
"179","trapnest_14",2023-06-02,"BP","E","Mid",16,"a","14_16","14_16a","14_16a_3","3","67.77","143.11","7 cells + end cap",1,"osmia",2,NA,12,1,0,6,3,0,0,NA,2,0,0,1,0,9,0,0,"sealed","not parasitized",0,2,"no",153
"180","trapnest_14",2023-06-02,"BP","E","Mid",16,"a","14_16","14_16a","14_16a_4","4","67.77","143.11","7 cells + end cap",1,"osmia",2,NA,12,1,0,6,3,0,0,NA,2,0,0,1,0,9,0,0,"sealed","not parasitized",0,2,"no",153
"181","trapnest_14",2023-06-02,"BP","E","Mid",16,"a","14_16","14_16a","14_16a_5","5","67.77","143.11","7 cells + end cap",1,"osmia",2,NA,12,1,0,6,3,0,0,NA,2,0,0,1,0,9,0,0,"sealed","not parasitized",0,2,"no",153
"182","trapnest_14",2023-06-02,"BP","E","Mid",16,"a","14_16","14_16a","14_16a_6","6","67.77","143.11","7 cells + end cap",1,"osmia",2,NA,12,1,0,6,3,0,0,NA,2,0,0,1,0,9,0,0,"sealed","not parasitized",0,2,"no",153
"183","trapnest_14",2023-06-02,"BP","E","Mid",16,"a","14_16","14_16a","14_16a_7","7","67.77","143.11","7 cells + end cap",1,"osmia",2,NA,12,1,0,6,3,0,0,NA,2,0,0,1,0,9,0,0,"sealed","not parasitized",0,2,"no",153
"184","trapnest_14",2023-06-02,"BP","E","Mid",16,"a","14_16","14_16a","14_16a_8","8","67.77","143.11","7 cells + end cap",1,"osmia",2,NA,12,1,0,6,3,0,0,NA,2,0,0,1,0,9,0,0,"sealed","not parasitized",0,2,"no",153
"185","trapnest_14",2023-06-02,"BP","E","Mid",16,"a","14_16","14_16a","14_16a_9","9","67.77","143.11","7 cells + end cap",1,"osmia",2,NA,12,1,0,6,3,0,0,NA,2,0,0,1,0,9,0,0,"sealed","not parasitized",0,2,"yes",153
"186","trapnest_15",2023-05-17,"BP","E","High",4,"a","15_4","15_4a","15_4a_1","1","10.75","143.02","1 cell + end cap",1,"osmia",1,NA,6,1,0,12,1,0,0,NA,1,0,0,1,1,1,1,1,"sealed","parasitized",0,1,"yes",137
"187","trapnest_15",2023-05-22,"BP","E","High",6,"b","15_6","15_6b","15_6b_1","1","8.77","144.32","1 cell + end cap",1,"osmia",1,1,7,2,0,11.5,1.5,0,0,NA,2,0,0,2,0,1,0,0,"sealed","not parasitized",0,1,"yes",142
"188","trapnest_16",2023-06-02,"BP","F","Low",11,"a","16_11","16_11a","16_11a_1","1","44.25","149.85","6 cells + end cap",1,"osmia",2,NA,15,1,0,3,3,0,0,4,4,0,0,1,5,6,0.833333333333333,1,"sealed","parasitized",0,1,"no",153
"189","trapnest_16",2023-06-02,"BP","F","Low",11,"a","16_11","16_11a","16_11a_2","2","44.25","149.85","6 cells + end cap",1,"osmia",2,NA,15,1,0,3,3,0,0,4,4,0,0,1,5,6,0.833333333333333,1,"sealed","parasitized",0,1,"no",153
"190","trapnest_16",2023-06-02,"BP","F","Low",11,"a","16_11","16_11a","16_11a_3","3","44.25","149.85","6 cells + end cap",1,"osmia",2,NA,15,1,0,3,3,0,0,4,4,0,0,1,5,6,0.833333333333333,1,"sealed","parasitized",0,1,"no",153
"191","trapnest_16",2023-06-02,"BP","F","Low",11,"a","16_11","16_11a","16_11a_4","4","44.25","149.85","6 cells + end cap",1,"osmia",2,NA,15,1,0,3,3,0,0,4,4,0,0,1,5,6,0.833333333333333,1,"sealed","parasitized",0,1,"no",153
"192","trapnest_16",2023-06-02,"BP","F","Low",11,"a","16_11","16_11a","16_11a_5","5","44.25","149.85","6 cells + end cap",1,"osmia",2,NA,15,1,0,3,3,0,0,4,4,0,0,1,5,6,0.833333333333333,1,"sealed","parasitized",0,1,"no",153
"193","trapnest_16",2023-06-02,"BP","F","Low",11,"a","16_11","16_11a","16_11a_6","6","44.25","149.85","6 cells + end cap",1,"osmia",2,NA,15,1,0,3,3,0,0,4,4,0,0,1,5,6,0.833333333333333,0,"sealed","parasitized",0,1,"yes",153
"194","trapnest_16",2023-05-29,"BP","F","Low",14,"a","16_14","16_14a","16_14a_1","1","11.4","142.13","2 cells",1,"osmia",1,1,16,4,0,3.5,3.5,0,0,4,4,0,0,4,0,2,0,0,"not sealed","not parasitized",1,3,"no",149
"195","trapnest_16",2023-05-29,"BP","F","Low",14,"a","16_14","16_14a","16_14a_2","2","11.4","142.13","2 cells",1,"osmia",1,1,16,4,0,3.5,3.5,0,0,4,4,0,0,4,0,2,0,0,"not sealed","not parasitized",1,3,"no",149
"196","trapnest_16",2023-05-31,"BP","F","Low",14,"a","16_14","16_14a","16_14a_3","3","11.4","142.13","5 cells + end cap",1,"osmia",2,NA,16,4,0,3.5,3.5,0,0,5,5,0,0,4,0,7,0,0,"sealed","not parasitized",0,3,"no",151
"197","trapnest_16",2023-05-31,"BP","F","Low",14,"a","16_14","16_14a","16_14a_4","4","11.4","142.13","5 cells + end cap",1,"osmia",2,NA,16,4,0,3.5,3.5,0,0,5,5,0,0,4,0,7,0,0,"sealed","not parasitized",0,3,"no",151
"198","trapnest_16",2023-05-31,"BP","F","Low",14,"a","16_14","16_14a","16_14a_5","5","11.4","142.13","5 cells + end cap",1,"osmia",2,NA,16,4,0,3.5,3.5,0,0,5,5,0,0,4,0,7,0,0,"sealed","not parasitized",0,3,"no",151
"199","trapnest_16",2023-05-31,"BP","F","Low",14,"a","16_14","16_14a","16_14a_6","6","11.4","142.13","5 cells + end cap",1,"osmia",2,NA,16,4,0,3.5,3.5,0,0,5,5,0,0,4,0,7,0,0,"sealed","not parasitized",0,3,"no",151
"200","trapnest_16",2023-05-31,"BP","F","Low",14,"a","16_14","16_14a","16_14a_7","7","11.4","142.13","5 cells + end cap",1,"osmia",2,NA,16,4,0,3.5,3.5,0,0,5,5,0,0,4,0,7,0,0,"sealed","not parasitized",0,3,"yes",151
"201","trapnest_16",2023-05-31,"BP","F","Low",1,"a","16_1","16_1a","16_1a_1","1","7.13","140.01","1 cell",1,"osmia",2,NA,16,4,0,3.5,3.5,0,0,5,5,0,0,4,0,1,0,0,"not sealed","not parasitized",1,3,"yes",151
"202","trapnest_16",2023-05-29,"BP","F","Low",3,"b","16_3","16_3b","16_3b_1","1","65.59","143.64","3 cells + end cap",1,"osmia",1,1,16,4,0,3.5,3.5,0,0,4,4,0,0,4,0,3,0,0,"sealed","not parasitized",0,3,"no",149
"203","trapnest_16",2023-05-29,"BP","F","Low",3,"b","16_3","16_3b","16_3b_2","2","65.59","143.64","3 cells + end cap",1,"osmia",1,1,16,4,0,3.5,3.5,0,0,4,4,0,0,4,0,3,0,0,"sealed","not parasitized",0,3,"no",149
"204","trapnest_16",2023-05-29,"BP","F","Low",3,"b","16_3","16_3b","16_3b_3","3","65.59","143.64","3 cells + end cap",1,"osmia",1,1,16,4,0,3.5,3.5,0,0,4,4,0,0,4,0,3,0,0,"sealed","not parasitized",0,3,"yes",149
"205","trapnest_16",2023-05-12,"BP","F","Low",5,"a","16_5","16_5a","16_5a_1","1","86.8","140.489","1 cell",1,"osmia",1,1,17,1,0,1,1,0,0,1,1,0,0,1,0,1,0,0,"not sealed","not parasitized",1,2,"no",132
"206","trapnest_16",2023-05-22,"BP","F","Low",5,"a","16_5","16_5a","16_5a_10","10","86.8","140.489","2 cells + end cap",1,"osmia",1,NA,16,0,0,2,2,0,0,2,2,0,0,0,0,9,0,0,"sealed","not parasitized",0,1,"yes",142
"207","trapnest_16",2023-05-15,"BP","F","Low",5,"a","16_5","16_5a","16_5a_2","2","86.8","140.489","5 cells",1,"osmia",3,NA,18,2,0,0.5,0.5,0,0,2,2,0,0,2,0,6,0,0,"not sealed","not parasitized",1,2,"no",135
"208","trapnest_16",2023-05-15,"BP","F","Low",5,"a","16_5","16_5a","16_5a_3","3","86.8","140.489","5 cells",1,"osmia",3,NA,18,2,0,0.5,0.5,0,0,2,2,0,0,2,0,6,0,0,"not sealed","not parasitized",1,2,"no",135
"209","trapnest_16",2023-05-15,"BP","F","Low",5,"a","16_5","16_5a","16_5a_4","4","86.8","140.489","5 cells",1,"osmia",3,NA,18,2,0,0.5,0.5,0,0,2,2,0,0,2,0,6,0,0,"not sealed","not parasitized",1,2,"no",135
"210","trapnest_16",2023-05-15,"BP","F","Low",5,"a","16_5","16_5a","16_5a_5","5","86.8","140.489","5 cells",1,"osmia",3,NA,18,2,0,0.5,0.5,0,0,2,2,0,0,2,0,6,0,0,"not sealed","not parasitized",1,2,"no",135
"211","trapnest_16",2023-05-15,"BP","F","Low",5,"a","16_5","16_5a","16_5a_6","6","86.8","140.489","5 cells",1,"osmia",3,NA,18,2,0,0.5,0.5,0,0,2,2,0,0,2,0,6,0,0,"not sealed","not parasitized",1,2,"no",135
"212","trapnest_16",2023-05-17,"BP","F","Low",5,"a","16_5","16_5a","16_5a_7","7","86.8","140.489","1 cell",1,"osmia",1,NA,16,0,0,2,2,0,0,2,2,0,0,0,0,7,0,0,"not sealed","not parasitized",1,2,"no",137
"213","trapnest_16",2023-05-19,"BP","F","Low",5,"a","16_5","16_5a","16_5a_8","8","86.8","140.489","1 cell",1,"osmia",2,NA,16,0,0,2,2,0,0,2,2,0,0,0,0,8,0,0,"not sealed","not parasitized",1,2,"no",139
"214","trapnest_16",2023-05-22,"BP","F","Low",5,"a","16_5","16_5a","16_5a_9","9","86.8","140.489","2 cells + end cap",1,"osmia",1,NA,16,0,0,2,2,0,0,2,2,0,0,0,0,9,0,0,"sealed","not parasitized",0,1,"no",142
"215","trapnest_16",2023-05-23,"BP","F","Low",5,"b","16_5","16_5b","16_5b_1","1","77","133","2 cells",1,"osmia",1,1,17,1,0,1,1,0,0,2,2,0,0,1,0,2,0,0,"not sealed","not parasitized",1,2,"no",143
"216","trapnest_16",2023-05-23,"BP","F","Low",5,"b","16_5","16_5b","16_5b_2","2","77","133","2 cells",1,"osmia",1,1,17,1,0,1,1,0,0,2,2,0,0,1,0,2,0,0,"not sealed","not parasitized",1,2,"no",143
"217","trapnest_16",2023-05-26,"BP","F","Low",5,"b","16_5","16_5b","16_5b_3","3","77","133","4 cells",1,"osmia",2,NA,16,1,0,2,2,0,0,2,2,0,0,1,0,6,0,0,"not sealed","not parasitized",1,3,"no",146
"218","trapnest_16",2023-05-26,"BP","F","Low",5,"b","16_5","16_5b","16_5b_4","4","77","133","4 cells",1,"osmia",2,NA,16,1,0,2,2,0,0,2,2,0,0,1,0,6,0,0,"not sealed","not parasitized",1,3,"no",146
"219","trapnest_16",2023-05-26,"BP","F","Low",5,"b","16_5","16_5b","16_5b_5","5","77","133","4 cells",1,"osmia",2,NA,16,1,0,2,2,0,0,2,2,0,0,1,0,6,0,0,"not sealed","not parasitized",1,3,"no",146
"220","trapnest_16",2023-05-26,"BP","F","Low",5,"b","16_5","16_5b","16_5b_6","6","77","133","4 cells",1,"osmia",2,NA,16,1,0,2,2,0,0,2,2,0,0,1,0,6,0,0,"not sealed","not parasitized",1,3,"no",146
"221","trapnest_16",2023-05-29,"BP","F","Low",5,"b","16_5","16_5b","16_5b_7","7","77","133","2 cells + end cap",1,"osmia",1,NA,16,4,0,3.5,3.5,0,0,4,4,0,0,4,0,8,0,0,"sealed","not parasitized",0,3,"no",149
"222","trapnest_16",2023-05-29,"BP","F","Low",5,"b","16_5","16_5b","16_5b_8","8","77","133","2 cells + end cap",1,"osmia",1,NA,16,4,0,3.5,3.5,0,0,4,4,0,0,4,0,8,0,0,"sealed","not parasitized",0,3,"yes",149
"223","trapnest_16",2023-06-02,"BP","F","Low",5,"c","16_5","16_5c","16_5c_1","1","19.57","142.88","3 cells + end cap",1,"osmia",2,1,15,1,0,3,3,0,0,4,4,0,0,1,1,3,0.333333333333333,1,"sealed","parasitized",0,1,"no",153
"224","trapnest_16",2023-06-02,"BP","F","Low",5,"c","16_5","16_5c","16_5c_2","2","19.57","142.88","3 cells + end cap",1,"osmia",2,1,15,1,0,3,3,0,0,4,4,0,0,1,1,3,0.333333333333333,0,"sealed","parasitized",0,1,"no",153
"225","trapnest_16",2023-06-02,"BP","F","Low",5,"c","16_5","16_5c","16_5c_3","3","19.57","142.88","3 cells + end cap",1,"osmia",2,1,15,1,0,3,3,0,0,4,4,0,0,1,1,3,0.333333333333333,0,"sealed","parasitized",0,1,"yes",153
"226","trapnest_16",2023-05-29,"BP","F","Low",6,"a","16_6","16_6a","16_6a_1","1","41.41","142.06","5 cells + end cap",1,"osmia",1,1,16,4,0,3.5,3.5,0,0,4,4,0,0,4,0,3,0,0,"sealed","not parasitized",0,3,"no",149
"227","trapnest_16",2023-05-29,"BP","F","Low",6,"a","16_6","16_6a","16_6a_2","2","41.41","142.06","5 cells + end cap",1,"osmia",1,1,16,4,0,3.5,3.5,0,0,4,4,0,0,4,0,3,0,0,"sealed","not parasitized",0,3,"no",149
"228","trapnest_16",2023-05-29,"BP","F","Low",6,"a","16_6","16_6a","16_6a_3","3","41.41","142.06","5 cells + end cap",1,"osmia",1,1,16,4,0,3.5,3.5,0,0,4,4,0,0,4,0,3,0,0,"sealed","not parasitized",0,3,"yes",149
"229","trapnest_16",2023-05-31,"BP","F","Low",6,"b","16_6","16_6b","16_6b_1","1","58.2","150.21","1 cell + end cap",1,"osmia",2,1,16,4,0,3.5,3.5,0,0,5,5,0,0,4,0,1,0,0,"sealed","not parasitized",0,3,"yes",151
"230","trapnest_16",2023-05-15,"BP","F","Low",8,"a","16_8","16_8a","16_8a_1","1","26.95","123.63","1 cell",1,"osmia",3,1,18,2,0,0.5,0.5,0,0,2,2,0,0,2,1,1,1,1,"not sealed","parasitized",1,2,"no",135
"231","trapnest_16",2023-05-17,"BP","F","Low",8,"a","16_8","16_8a","16_8a_2","2","26.95","123.63","1 cell",1,"osmia",1,NA,16,0,0,2,2,0,0,2,2,0,0,0,2,2,1,1,"not sealed","parasitized",1,2,"yes",137
"232","trapnest_16",2023-05-31,"BP","F","Low",8,"b","16_8","16_8b","16_8b_1","1","33.96","149.35","2 cells",1,"osmia",2,1,16,4,0,3.5,3.5,0,0,5,5,0,0,4,0,2,0,0,"not sealed","not parasitized",1,3,"no",151
"233","trapnest_16",2023-05-31,"BP","F","Low",8,"b","16_8","16_8b","16_8b_2","2","33.96","149.35","2 cells",1,"osmia",2,1,16,4,0,3.5,3.5,0,0,5,5,0,0,4,0,2,0,0,"not sealed","not parasitized",1,3,"no",151
"234","trapnest_16",2023-06-02,"BP","F","Low",8,"b","16_8","16_8b","16_8b_3","3","33.96","149.35","1 cell + end cap",1,"osmia",2,NA,15,1,0,3,3,0,0,4,4,0,0,1,0,3,0,0,"sealed","not parasitized",0,1,"yes",153
"235","trapnest_17",2023-06-23,"BP","F","Mid",13,"b","17_13","17_13b","17_13b_1","1","40.29","134.99","5 cells + end cap",1,"osmia",3,1,10,1,2,6,5,2.5,2.5,NA,5,4,4,3,1,5,0.2,1,"sealed","parasitized",0,0,"no",174
"236","trapnest_17",2023-06-23,"BP","F","Mid",13,"b","17_13","17_13b","17_13b_2","2","40.29","134.99","5 cells + end cap",1,"osmia",3,1,10,1,2,6,5,2.5,2.5,NA,5,4,4,3,1,5,0.2,0,"sealed","parasitized",0,0,"no",174
"237","trapnest_17",2023-06-23,"BP","F","Mid",13,"b","17_13","17_13b","17_13b_3","3","40.29","134.99","5 cells + end cap",1,"osmia",3,1,10,1,2,6,5,2.5,2.5,NA,5,4,4,3,1,5,0.2,0,"sealed","parasitized",0,0,"no",174
"238","trapnest_17",2023-06-23,"BP","F","Mid",13,"b","17_13","17_13b","17_13b_4","4","40.29","134.99","5 cells + end cap",1,"osmia",3,1,10,1,2,6,5,2.5,2.5,NA,5,4,4,3,1,5,0.2,0,"sealed","parasitized",0,0,"no",174
"239","trapnest_17",2023-06-23,"BP","F","Mid",13,"b","17_13","17_13b","17_13b_5","5","40.29","134.99","5 cells + end cap",1,"osmia",3,1,10,1,2,6,5,2.5,2.5,NA,5,4,4,3,1,5,0.2,0,"sealed","parasitized",0,0,"yes",174
"240","trapnest_17",2023-05-26,"BP","F","Mid",15,"a","17_15","17_15a","17_15a_1","1","74.49","146.51","8 cells",1,"osmia",2,1,12,1,0,6,0,0,0,NA,1,0,0,1,0,8,0,0,"not sealed","not parasitized",1,1,"no",146
"241","trapnest_17",2023-05-31,"BP","F","Mid",15,"a","17_15","17_15a","17_15a_10","10","74.49","146.51","5 cells + end cap",1,"osmia",2,NA,12,0,0,6,3,0,0,NA,2,0,0,0,0,9,0,0,"sealed","not parasitized",0,2,"no",151
"242","trapnest_17",2023-05-31,"BP","F","Mid",15,"a","17_15","17_15a","17_15a_11","11","74.49","146.51","5 cells + end cap",1,"osmia",2,NA,12,0,0,6,3,0,0,NA,2,0,0,0,0,9,0,0,"sealed","not parasitized",0,2,"no",151
"243","trapnest_17",2023-05-31,"BP","F","Mid",15,"a","17_15","17_15a","17_15a_12","12","74.49","146.51","5 cells + end cap",1,"osmia",2,NA,12,0,0,6,3,0,0,NA,2,0,0,0,0,9,0,0,"sealed","not parasitized",0,2,"no",151
"244","trapnest_17",2023-05-31,"BP","F","Mid",15,"a","17_15","17_15a","17_15a_13","13","74.49","146.51","5 cells + end cap",1,"osmia",2,NA,12,0,0,6,3,0,0,NA,2,0,0,0,0,9,0,0,"sealed","not parasitized",0,2,"yes",151
"245","trapnest_17",2023-05-26,"BP","F","Mid",15,"a","17_15","17_15a","17_15a_2","2","74.49","146.51","8 cells",1,"osmia",2,1,12,1,0,6,0,0,0,NA,1,0,0,1,0,8,0,0,"not sealed","not parasitized",1,1,"no",146
"246","trapnest_17",2023-05-26,"BP","F","Mid",15,"a","17_15","17_15a","17_15a_3","3","74.49","146.51","8 cells",1,"osmia",2,1,12,1,0,6,0,0,0,NA,1,0,0,1,0,8,0,0,"not sealed","not parasitized",1,1,"no",146
"247","trapnest_17",2023-05-26,"BP","F","Mid",15,"a","17_15","17_15a","17_15a_4","4","74.49","146.51","8 cells",1,"osmia",2,1,12,1,0,6,0,0,0,NA,1,0,0,1,0,8,0,0,"not sealed","not parasitized",1,1,"no",146
"248","trapnest_17",2023-05-26,"BP","F","Mid",15,"a","17_15","17_15a","17_15a_5","5","74.49","146.51","8 cells",1,"osmia",2,1,12,1,0,6,0,0,0,NA,1,0,0,1,0,8,0,0,"not sealed","not parasitized",1,1,"no",146
"249","trapnest_17",2023-05-26,"BP","F","Mid",15,"a","17_15","17_15a","17_15a_6","6","74.49","146.51","8 cells",1,"osmia",2,1,12,1,0,6,0,0,0,NA,1,0,0,1,0,8,0,0,"not sealed","not parasitized",1,1,"no",146
"250","trapnest_17",2023-05-26,"BP","F","Mid",15,"a","17_15","17_15a","17_15a_7","7","74.49","146.51","8 cells",1,"osmia",2,1,12,1,0,6,0,0,0,NA,1,0,0,1,0,8,0,0,"not sealed","not parasitized",1,1,"no",146
"251","trapnest_17",2023-05-26,"BP","F","Mid",15,"a","17_15","17_15a","17_15a_8","8","74.49","146.51","8 cells",1,"osmia",2,1,12,1,0,6,0,0,0,NA,1,0,0,1,0,8,0,0,"not sealed","not parasitized",1,1,"no",146
"252","trapnest_17",2023-05-31,"BP","F","Mid",15,"a","17_15","17_15a","17_15a_9","9","74.49","146.51","5 cells + end cap",1,"osmia",2,NA,12,0,0,6,3,0,0,NA,2,0,0,0,0,9,0,0,"sealed","not parasitized",0,2,"no",151
"253","trapnest_17",2023-06-05,"BP","F","Mid",16,"a","17_16","17_16a","17_16a_1","1","22.77","144.92","3 cells",1,"osmia",1,1,12,2,0,6.5,5.5,0,0,NA,5,0,0,2,0,3,0,0,"not sealed","not parasitized",1,4,"no",156
"254","trapnest_17",2023-06-05,"BP","F","Mid",16,"a","17_16","17_16a","17_16a_2","2","22.77","144.92","3 cells",1,"osmia",1,1,12,2,0,6.5,5.5,0,0,NA,5,0,0,2,0,3,0,0,"not sealed","not parasitized",1,4,"no",156
"255","trapnest_17",2023-06-05,"BP","F","Mid",16,"a","17_16","17_16a","17_16a_3","3","22.77","144.92","3 cells",1,"osmia",1,1,12,2,0,6.5,5.5,0,0,NA,5,0,0,2,0,3,0,0,"not sealed","not parasitized",1,4,"yes",156
"256","trapnest_17",2023-05-29,"BP","F","Mid",17,"a","17_17","17_17a","17_17a_1","1","55.95","153.18","4 cells",1,"osmia",1,1,11,2,0,7.5,1.5,0,0,NA,2,0,0,2,1,4,0.25,0,"not sealed","parasitized",1,3,"no",149
"257","trapnest_17",2023-05-29,"BP","F","Mid",17,"a","17_17","17_17a","17_17a_2","2","55.95","153.18","4 cells",1,"osmia",1,1,11,2,0,7.5,1.5,0,0,NA,2,0,0,2,1,4,0.25,0,"not sealed","parasitized",1,3,"no",149
"258","trapnest_17",2023-05-29,"BP","F","Mid",17,"a","17_17","17_17a","17_17a_3","3","55.95","153.18","4 cells",1,"osmia",1,1,11,2,0,7.5,1.5,0,0,NA,2,0,0,2,1,4,0.25,1,"not sealed","parasitized",1,3,"no",149
"259","trapnest_17",2023-05-29,"BP","F","Mid",17,"a","17_17","17_17a","17_17a_4","4","55.95","153.18","4 cells",1,"osmia",1,1,11,2,0,7.5,1.5,0,0,NA,2,0,0,2,1,4,0.25,0,"not sealed","parasitized",1,3,"no",149
"260","trapnest_17",2023-06-02,"BP","F","Mid",17,"a","17_17","17_17a","17_17a_5","5","55.95","153.18","1 cell + end cap",1,"osmia",2,NA,12,3,0,7,4,0,0,NA,3,0,0,3,2,5,0.4,1,"sealed","parasitized",0,3,"yes",153
"261","trapnest_17",2023-06-05,"BP","F","Mid",17,"b","17_17","17_17b","17_17b_1","1","24.4","139.02","3 cells + end cap",1,"osmia",1,1,12,2,0,6.5,5.5,0,0,NA,5,0,0,2,2,3,0.666666666666667,0,"sealed","parasitized",0,4,"no",156
"262","trapnest_17",2023-06-05,"BP","F","Mid",17,"b","17_17","17_17b","17_17b_2","2","24.4","139.02","3 cells + end cap",1,"osmia",1,1,12,2,0,6.5,5.5,0,0,NA,5,0,0,2,2,3,0.666666666666667,1,"sealed","parasitized",0,4,"no",156
"263","trapnest_17",2023-06-05,"BP","F","Mid",17,"b","17_17","17_17b","17_17b_3","3","24.4","139.02","3 cells + end cap",1,"osmia",1,1,12,2,0,6.5,5.5,0,0,NA,5,0,0,2,2,3,0.666666666666667,1,"sealed","parasitized",0,4,"yes",156
"264","trapnest_17",2023-06-02,"BP","F","Mid",18,"a","17_18","17_18a","17_18a_1","1","21.07","139.95","4 cells + end cap",1,"osmia",2,NA,12,3,0,7,4,0,0,NA,3,0,0,3,0,4,0,0,"sealed","not parasitized",0,3,"no",153
"265","trapnest_17",2023-06-02,"BP","F","Mid",18,"a","17_18","17_18a","17_18a_2","2","21.07","139.95","4 cells + end cap",1,"osmia",2,NA,12,3,0,7,4,0,0,NA,3,0,0,3,0,4,0,0,"sealed","not parasitized",0,3,"no",153
"266","trapnest_17",2023-06-02,"BP","F","Mid",18,"a","17_18","17_18a","17_18a_3","3","21.07","139.95","4 cells + end cap",1,"osmia",2,NA,12,3,0,7,4,0,0,NA,3,0,0,3,0,4,0,0,"sealed","not parasitized",0,3,"no",153
"267","trapnest_17",2023-06-02,"BP","F","Mid",18,"a","17_18","17_18a","17_18a_4","4","21.07","139.95","4 cells + end cap",1,"osmia",2,NA,12,3,0,7,4,0,0,NA,3,0,0,3,0,4,0,0,"sealed","not parasitized",0,3,"yes",153
"268","trapnest_17",2023-06-14,"BP","F","Mid",7,"a","17_7","17_7a","17_7a_1","1","2.9","145.32","end cap",0,"osmia",0,NA,11,0,1,7,6,0,0,NA,4,1,1,1,0,1,0,0,"sealed","not parasitized",0,1,"yes",165
"269","trapnest_17",2023-06-05,"BP","F","Mid",9,"a","17_9","17_9a","17_9a_1","1","78.68","149.03","10 cells",1,"osmia",1,NA,12,2,0,6.5,5.5,0,0,NA,5,0,0,2,6,9,0.666666666666667,1,"not sealed","parasitized",1,4,"no",156
"270","trapnest_17",2023-06-05,"BP","F","Mid",9,"a","17_9","17_9a","17_9a_10","10","78.68","149.03","10 cells",1,"osmia",1,NA,12,2,0,6.5,5.5,0,0,NA,5,0,0,2,6,9,0.666666666666667,1,"not sealed","parasitized",1,4,"no",156
"271","trapnest_17",2023-06-09,"BP","F","Mid",9,"a","17_9","17_9a","17_9a_11","11","78.68","149.03","1 cell",1,"osmia",0,NA,11,0,0,7,6,0,0,NA,4,0,0,0,6,9,0.666666666666667,0,"not sealed","parasitized",1,4,"no",160
"272","trapnest_17",2023-06-14,"BP","F","Mid",9,"a","17_9","17_9a","17_9a_12","12","78.68","149.03","1 cell + end cap",1,"osmia",0,NA,11,0,1,7,6,0,0,NA,4,1,1,1,7,9,0.777777777777778,1,"sealed","parasitized",0,1,"yes",165
"273","trapnest_17",2023-06-05,"BP","F","Mid",9,"a","17_9","17_9a","17_9a_2","2","78.68","149.03","10 cells",1,"osmia",1,NA,12,2,0,6.5,5.5,0,0,NA,5,0,0,2,6,9,0.666666666666667,1,"not sealed","parasitized",1,4,"no",156
"274","trapnest_17",2023-06-05,"BP","F","Mid",9,"a","17_9","17_9a","17_9a_3","3","78.68","149.03","10 cells",1,"osmia",1,NA,12,2,0,6.5,5.5,0,0,NA,5,0,0,2,6,9,0.666666666666667,1,"not sealed","parasitized",1,4,"no",156
"275","trapnest_17",2023-06-05,"BP","F","Mid",9,"a","17_9","17_9a","17_9a_4","4","78.68","149.03","10 cells",1,"osmia",1,NA,12,2,0,6.5,5.5,0,0,NA,5,0,0,2,6,9,0.666666666666667,1,"not sealed","parasitized",1,4,"no",156
"276","trapnest_17",2023-06-05,"BP","F","Mid",9,"a","17_9","17_9a","17_9a_5","5","78.68","149.03","10 cells",1,"osmia",1,NA,12,2,0,6.5,5.5,0,0,NA,5,0,0,2,6,9,0.666666666666667,0,"not sealed","parasitized",1,4,"no",156
"277","trapnest_17",2023-06-05,"BP","F","Mid",9,"a","17_9","17_9a","17_9a_6","6","78.68","149.03","10 cells",1,"osmia",1,NA,12,2,0,6.5,5.5,0,0,NA,5,0,0,2,6,9,0.666666666666667,0,"not sealed","parasitized",1,4,"no",156
"278","trapnest_17",2023-06-05,"BP","F","Mid",9,"a","17_9","17_9a","17_9a_7","7","78.68","149.03","10 cells",1,"osmia",1,NA,12,2,0,6.5,5.5,0,0,NA,5,0,0,2,6,9,0.666666666666667,0,"not sealed","parasitized",1,4,"no",156
"279","trapnest_17",2023-06-05,"BP","F","Mid",9,"a","17_9","17_9a","17_9a_8","8","78.68","149.03","10 cells",1,"osmia",1,NA,12,2,0,6.5,5.5,0,0,NA,5,0,0,2,6,9,0.666666666666667,1,"not sealed","parasitized",1,4,"no",156
"280","trapnest_17",2023-06-05,"BP","F","Mid",9,"a","17_9","17_9a","17_9a_9","9","78.68","149.03","10 cells",1,"osmia",1,NA,12,2,0,6.5,5.5,0,0,NA,5,0,0,2,6,9,0.666666666666667,0,"not sealed","parasitized",1,4,"no",156
"281","trapnest_18",2023-06-05,"BP","F","High",10,"b","18_10","18_10b","18_10b_1","1","17.79","144.44","2 cell + end cap",1,"osmia",1,1,5,1,0,13,5,0,0,NA,6,0,0,1,0,2,0,0,"sealed","not parasitized",0,1,"no",156
"282","trapnest_18",2023-06-05,"BP","F","High",10,"b","18_10","18_10b","18_10b_2","2","17.79","144.44","2 cell + end cap",1,"osmia",1,1,5,1,0,13,5,0,0,NA,6,0,0,1,0,2,0,0,"sealed","not parasitized",0,1,"yes",156
"283","trapnest_18",2023-05-31,"BP","F","High",12,"b","18_12","18_12b","18_12b_1","1","95.42","145.84","7 cells",1,"osmia",2,1,5,2,0,13.5,3.5,0,0,NA,5,0,0,2,0,7,0,0,"not sealed","not parasitized",1,3,"no",151
"284","trapnest_18",2023-06-02,"BP","F","High",12,"b","18_12","18_12b","18_12b_10","10","95.42","145.84","5 cells + end cap",1,"osmia",2,NA,3,0,0,15,5,0,0,NA,5,0,0,0,0,9,0,0,"sealed","not parasitized",0,1,"no",153
"285","trapnest_18",2023-06-02,"BP","F","High",12,"b","18_12","18_12b","18_12b_11","11","95.42","145.84","5 cells + end cap",1,"osmia",2,NA,3,0,0,15,5,0,0,NA,5,0,0,0,0,9,0,0,"sealed","not parasitized",0,1,"no",153
"286","trapnest_18",2023-06-02,"BP","F","High",12,"b","18_12","18_12b","18_12b_12","12","95.42","145.84","5 cells + end cap",1,"osmia",2,NA,3,0,0,15,5,0,0,NA,5,0,0,0,0,9,0,0,"sealed","not parasitized",0,1,"yes",153
"287","trapnest_18",2023-05-31,"BP","F","High",12,"b","18_12","18_12b","18_12b_2","2","95.42","145.84","7 cells",1,"osmia",2,1,5,2,0,13.5,3.5,0,0,NA,5,0,0,2,0,7,0,0,"not sealed","not parasitized",1,3,"no",151
"288","trapnest_18",2023-05-31,"BP","F","High",12,"b","18_12","18_12b","18_12b_3","3","95.42","145.84","7 cells",1,"osmia",2,1,5,2,0,13.5,3.5,0,0,NA,5,0,0,2,0,7,0,0,"not sealed","not parasitized",1,3,"no",151
"289","trapnest_18",2023-05-31,"BP","F","High",12,"b","18_12","18_12b","18_12b_4","4","95.42","145.84","7 cells",1,"osmia",2,1,5,2,0,13.5,3.5,0,0,NA,5,0,0,2,0,7,0,0,"not sealed","not parasitized",1,3,"no",151
"290","trapnest_18",2023-05-31,"BP","F","High",12,"b","18_12","18_12b","18_12b_5","5","95.42","145.84","7 cells",1,"osmia",2,1,5,2,0,13.5,3.5,0,0,NA,5,0,0,2,0,7,0,0,"not sealed","not parasitized",1,3,"no",151
"291","trapnest_18",2023-05-31,"BP","F","High",12,"b","18_12","18_12b","18_12b_6","6","95.42","145.84","7 cells",1,"osmia",2,1,5,2,0,13.5,3.5,0,0,NA,5,0,0,2,0,7,0,0,"not sealed","not parasitized",1,3,"no",151
"292","trapnest_18",2023-05-31,"BP","F","High",12,"b","18_12","18_12b","18_12b_7","7","95.42","145.84","7 cells",1,"osmia",2,1,5,2,0,13.5,3.5,0,0,NA,5,0,0,2,0,7,0,0,"not sealed","not parasitized",1,3,"no",151
"293","trapnest_18",2023-06-02,"BP","F","High",12,"b","18_12","18_12b","18_12b_8","8","95.42","145.84","5 cells + end cap",1,"osmia",2,NA,3,0,0,15,5,0,0,NA,5,0,0,0,0,9,0,0,"sealed","not parasitized",0,1,"no",153
"294","trapnest_18",2023-06-02,"BP","F","High",12,"b","18_12","18_12b","18_12b_9","9","95.42","145.84","5 cells + end cap",1,"osmia",2,NA,3,0,0,15,5,0,0,NA,5,0,0,0,0,9,0,0,"sealed","not parasitized",0,1,"no",153
"295","trapnest_18",2023-05-29,"BP","F","High",13,"a","18_13","18_13a","18_13a_1","1","unknown","unknown","2 cells + end cap",1,"osmia",1,1,7,4,0,12.5,1.5,0,0,NA,4,0,0,4,1,2,0.5,1,"sealed","parasitized",0,2,"no",149
"296","trapnest_18",2023-05-29,"BP","F","High",13,"a","18_13","18_13a","18_13a_2","2","unknown","unknown","2 cells + end cap",1,"osmia",1,1,7,4,0,12.5,1.5,0,0,NA,4,0,0,4,1,2,0.5,0,"sealed","parasitized",0,2,"yes",149
"297","trapnest_18",2023-05-29,"BP","F","High",1,"a","18_1","18_1a","18_1a_1","1","27.2","142.7","3 cells + end cap",1,"osmia",1,1,7,4,0,12.5,1.5,0,0,NA,4,0,0,4,0,3,0,0,"sealed","not parasitized",0,2,"no",149
"298","trapnest_18",2023-05-29,"BP","F","High",1,"a","18_1","18_1a","18_1a_2","2","27.2","142.7","3 cells + end cap",1,"osmia",1,1,7,4,0,12.5,1.5,0,0,NA,4,0,0,4,0,3,0,0,"sealed","not parasitized",0,2,"no",149
"299","trapnest_18",2023-05-29,"BP","F","High",1,"a","18_1","18_1a","18_1a_3","3","27.2","142.7","3 cells + end cap",1,"osmia",1,1,7,4,0,12.5,1.5,0,0,NA,4,0,0,4,0,3,0,0,"sealed","not parasitized",0,2,"yes",149
"300","trapnest_18",2023-05-29,"BP","F","High",5,"a","18_5","18_5a","18_5a_1","1","27.76","146.22","5 cells",1,"osmia",1,1,7,4,0,12.5,1.5,0,0,NA,4,0,0,4,0,5,0,0,"not sealed","not parasitized",1,2,"no",149
"301","trapnest_18",2023-05-29,"BP","F","High",5,"a","18_5","18_5a","18_5a_2","2","27.76","146.22","5 cells",1,"osmia",1,1,7,4,0,12.5,1.5,0,0,NA,4,0,0,4,0,5,0,0,"not sealed","not parasitized",1,2,"no",149
"302","trapnest_18",2023-05-29,"BP","F","High",5,"a","18_5","18_5a","18_5a_3","3","27.76","146.22","5 cells",1,"osmia",1,1,7,4,0,12.5,1.5,0,0,NA,4,0,0,4,0,5,0,0,"not sealed","not parasitized",1,2,"no",149
"303","trapnest_18",2023-05-29,"BP","F","High",5,"a","18_5","18_5a","18_5a_4","4","27.76","146.22","5 cells",1,"osmia",1,1,7,4,0,12.5,1.5,0,0,NA,4,0,0,4,0,5,0,0,"not sealed","not parasitized",1,2,"no",149
"304","trapnest_18",2023-05-29,"BP","F","High",5,"a","18_5","18_5a","18_5a_5","5","27.76","146.22","5 cells",1,"osmia",1,1,7,4,0,12.5,1.5,0,0,NA,4,0,0,4,0,5,0,0,"not sealed","not parasitized",1,2,"yes",149
"305","trapnest_18",2023-05-29,"BP","F","High",8,"a","18_8","18_8a","18_8a_1","1","78.55","148.55","2 cells",1,"osmia",1,1,7,4,0,12.5,1.5,0,0,NA,4,0,0,4,0,2,0,0,"not sealed","not parasitized",1,2,"no",149
"306","trapnest_18",2023-06-02,"BP","F","High",8,"a","18_8","18_8a","18_8a_10","10","78.55","148.55","2 cells + end cap",1,"osmia",2,NA,3,0,0,15,5,0,0,NA,5,0,0,0,0,9,0,0,"sealed","not parasitized",0,1,"yes",153
"307","trapnest_18",2023-05-29,"BP","F","High",8,"a","18_8","18_8a","18_8a_2","2","78.55","148.55","2 cells",1,"osmia",1,1,7,4,0,12.5,1.5,0,0,NA,4,0,0,4,0,2,0,0,"not sealed","not parasitized",1,2,"no",149
"308","trapnest_18",2023-05-31,"BP","F","High",8,"a","18_8","18_8a","18_8a_3","3","78.55","148.55","6 cells",1,"osmia",2,NA,5,2,0,13.5,3.5,0,0,NA,5,0,0,2,0,8,0,0,"not sealed","not parasitized",1,3,"no",151
"309","trapnest_18",2023-05-31,"BP","F","High",8,"a","18_8","18_8a","18_8a_4","4","78.55","148.55","6 cells",1,"osmia",2,NA,5,2,0,13.5,3.5,0,0,NA,5,0,0,2,0,8,0,0,"not sealed","not parasitized",1,3,"no",151
"310","trapnest_18",2023-05-31,"BP","F","High",8,"a","18_8","18_8a","18_8a_5","5","78.55","148.55","6 cells",1,"osmia",2,NA,5,2,0,13.5,3.5,0,0,NA,5,0,0,2,0,8,0,0,"not sealed","not parasitized",1,3,"no",151
"311","trapnest_18",2023-05-31,"BP","F","High",8,"a","18_8","18_8a","18_8a_6","6","78.55","148.55","6 cells",1,"osmia",2,NA,5,2,0,13.5,3.5,0,0,NA,5,0,0,2,0,8,0,0,"not sealed","not parasitized",1,3,"no",151
"312","trapnest_18",2023-05-31,"BP","F","High",8,"a","18_8","18_8a","18_8a_7","7","78.55","148.55","6 cells",1,"osmia",2,NA,5,2,0,13.5,3.5,0,0,NA,5,0,0,2,0,8,0,0,"not sealed","not parasitized",1,3,"no",151
"313","trapnest_18",2023-05-31,"BP","F","High",8,"a","18_8","18_8a","18_8a_8","8","78.55","148.55","6 cells",1,"osmia",2,NA,5,2,0,13.5,3.5,0,0,NA,5,0,0,2,0,8,0,0,"not sealed","not parasitized",1,3,"no",151
"314","trapnest_18",2023-06-02,"BP","F","High",8,"a","18_8","18_8a","18_8a_9","9","78.55","148.55","2 cells + end cap",1,"osmia",2,NA,3,0,0,15,5,0,0,NA,5,0,0,0,0,9,0,0,"sealed","not parasitized",0,1,"no",153
"315","trapnest_19",2023-05-29,"NN","G","Low",8,"a","19_8","19_8a","19_8a_1","1","30.46","139.14","3 cells + end cap",1,"osmia",1,1,17,1,0,1,1,0,0,2,2,0,0,1,3,3,1,1,"sealed","parasitized",0,0,"no",149
"316","trapnest_19",2023-05-29,"NN","G","Low",8,"a","19_8","19_8a","19_8a_2","2","30.46","139.14","3 cells + end cap",1,"osmia",1,1,17,1,0,1,1,0,0,2,2,0,0,1,3,3,1,1,"sealed","parasitized",0,0,"no",149
"317","trapnest_19",2023-05-29,"NN","G","Low",8,"a","19_8","19_8a","19_8a_3","3","30.46","139.14","3 cells + end cap",1,"osmia",1,1,17,1,0,1,1,0,0,2,2,0,0,1,3,3,1,1,"sealed","parasitized",0,0,"yes",149
"318","trapnest_19",2023-06-04,"NN","G","Low",8,"b","19_8","19_8b","19_8b_1","1","18.39","139.95","2 cells + end cap",1,"osmia",3,1,18,1,0,0,0,0,0,1,1,0,0,1,0,1,0,0,"sealed","not parasitized",0,0,"yes",155
"319","trapnest_2",2023-05-31,"BP","A","Mid",15,"b","2_15","2_15b","2_15b_1","1","29","137.3","3 cells + end cap",1,"osmia",2,1,12,3,0,7,4,0,0,NA,6,0,0,3,0,3,0,0,"sealed","not parasitized",0,2,"no",151
"320","trapnest_2",2023-05-31,"BP","A","Mid",15,"b","2_15","2_15b","2_15b_2","2","29","137.3","3 cells + end cap",1,"osmia",2,1,12,3,0,7,4,0,0,NA,6,0,0,3,0,3,0,0,"sealed","not parasitized",0,2,"no",151
"321","trapnest_2",2023-05-31,"BP","A","Mid",15,"b","2_15","2_15b","2_15b_3","3","29","137.3","3 cells + end cap",1,"osmia",2,1,12,3,0,7,4,0,0,NA,6,0,0,3,0,3,0,0,"sealed","not parasitized",0,2,"yes",151
"322","trapnest_2",2023-05-29,"BP","A","Mid",16,"b","2_16","2_16b","2_16b_1","1","42.06","140.65","4 cells + end cap",1,"osmia",1,1,12,2,0,6.5,1.5,0,0,NA,3,0,0,2,2,4,0.5,0,"sealed","parasitized",0,0,"no",149
"323","trapnest_2",2023-05-29,"BP","A","Mid",16,"b","2_16","2_16b","2_16b_2","2","42.06","140.65","4 cells + end cap",1,"osmia",1,1,12,2,0,6.5,1.5,0,0,NA,3,0,0,2,2,4,0.5,1,"sealed","parasitized",0,0,"no",149
"324","trapnest_2",2023-05-29,"BP","A","Mid",16,"b","2_16","2_16b","2_16b_3","3","42.06","140.65","4 cells + end cap",1,"osmia",1,1,12,2,0,6.5,1.5,0,0,NA,3,0,0,2,2,4,0.5,0,"sealed","parasitized",0,0,"no",149
"325","trapnest_2",2023-05-29,"BP","A","Mid",16,"b","2_16","2_16b","2_16b_4","4","42.06","140.65","4 cells + end cap",1,"osmia",1,1,12,2,0,6.5,1.5,0,0,NA,3,0,0,2,2,4,0.5,1,"sealed","parasitized",0,0,"yes",149
"326","trapnest_2",2023-05-15,"BP","A","Mid",18,"a","2_18","2_18a","2_18a_1","1","106.85","142.77","5 cells",1,"osmia",3,NA,11,0,0,7,2,0,0,NA,1,0,0,0,0,5,0,0,"not sealed","not parasitized",1,2,"no",135
"327","trapnest_2",2023-05-26,"BP","A","Mid",18,"a","2_18","2_18a","2_18a_10","10","106.85","142.77","2 cells + end cap",1,"osmia",2,NA,12,0,0,6,1,0,0,NA,1,0,0,0,0,9,0,0,"sealed","not parasitized",0,0,"no",146
"328","trapnest_2",2023-05-26,"BP","A","Mid",18,"a","2_18","2_18a","2_18a_11","11","106.85","142.77","2 cells + end cap",1,"osmia",2,NA,12,0,0,6,1,0,0,NA,1,0,0,0,0,9,0,0,"sealed","not parasitized",0,0,"yes",146
"329","trapnest_2",2023-05-15,"BP","A","Mid",18,"a","2_18","2_18a","2_18a_2","2","106.85","142.77","5 cells",1,"osmia",3,NA,11,0,0,7,2,0,0,NA,1,0,0,0,0,5,0,0,"not sealed","not parasitized",1,2,"no",135
"330","trapnest_2",2023-05-15,"BP","A","Mid",18,"a","2_18","2_18a","2_18a_3","3","106.85","142.77","5 cells",1,"osmia",3,NA,11,0,0,7,2,0,0,NA,1,0,0,0,0,5,0,0,"not sealed","not parasitized",1,2,"no",135
"331","trapnest_2",2023-05-15,"BP","A","Mid",18,"a","2_18","2_18a","2_18a_4","4","106.85","142.77","5 cells",1,"osmia",3,NA,11,0,0,7,2,0,0,NA,1,0,0,0,0,5,0,0,"not sealed","not parasitized",1,2,"no",135
"332","trapnest_2",2023-05-15,"BP","A","Mid",18,"a","2_18","2_18a","2_18a_5","5","106.85","142.77","5 cells",1,"osmia",3,NA,11,0,0,7,2,0,0,NA,1,0,0,0,0,5,0,0,"not sealed","not parasitized",1,2,"no",135
"333","trapnest_2",2023-05-22,"BP","A","Mid",18,"a","2_18","2_18a","2_18a_6","6","106.85","142.77","3 cells",1,"osmia",1,NA,12,0,0,6,1,0,0,NA,1,0,0,0,0,8,0,0,"not sealed","not parasitized",1,1,"no",142
"334","trapnest_2",2023-05-22,"BP","A","Mid",18,"a","2_18","2_18a","2_18a_7","7","106.85","142.77","3 cells",1,"osmia",1,NA,12,0,0,6,1,0,0,NA,1,0,0,0,0,8,0,0,"not sealed","not parasitized",1,1,"no",142
"335","trapnest_2",2023-05-22,"BP","A","Mid",18,"a","2_18","2_18a","2_18a_8","8","106.85","142.77","3 cells",1,"osmia",1,NA,12,0,0,6,1,0,0,NA,1,0,0,0,0,8,0,0,"not sealed","not parasitized",1,1,"no",142
"336","trapnest_2",2023-05-23,"BP","A","Mid",18,"a","2_18","2_18a","2_18a_9","9","106.85","142.77","1 cell",1,"osmia",1,NA,12,0,0,6,1,0,0,NA,1,0,0,0,0,9,0,0,"not sealed","not parasitized",1,1,"no",143
"337","trapnest_2",2023-05-29,"BP","A","Mid",1,"a","2_1","2_1a","2_1a_1","1","21.51","147.24","2 cells + end cap",1,"osmia",1,1,12,2,0,6.5,1.5,0,0,NA,3,0,0,2,2,2,1,1,"sealed","parasitized",0,0,"no",149
"338","trapnest_2",2023-05-29,"BP","A","Mid",1,"a","2_1","2_1a","2_1a_2","2","21.51","147.24","2 cells + end cap",1,"osmia",1,1,12,2,0,6.5,1.5,0,0,NA,3,0,0,2,2,2,1,1,"sealed","parasitized",0,0,"yes",149
"339","trapnest_2",2023-05-31,"BP","A","Mid",7,"a","2_7","2_7a","2_7a_1","1","7.14","146.52","1 cell",1,"osmia",2,1,12,3,0,7,4,0,0,NA,6,0,0,3,0,1,0,0,"not sealed","not parasitized",1,2,"yes",151
"340","trapnest_2",2023-05-31,"BP","A","Mid",9,"a","2_9","2_9a","2_9a_1","1","64.69","148.95","6 cells",1,"osmia",2,1,12,3,0,7,4,0,0,NA,6,0,0,3,0,6,0,0,"not sealed","not parasitized",1,2,"no",151
"341","trapnest_2",2023-05-31,"BP","A","Mid",9,"a","2_9","2_9a","2_9a_2","2","64.69","148.95","6 cells",1,"osmia",2,1,12,3,0,7,4,0,0,NA,6,0,0,3,0,6,0,0,"not sealed","not parasitized",1,2,"no",151
"342","trapnest_2",2023-05-31,"BP","A","Mid",9,"a","2_9","2_9a","2_9a_3","3","64.69","148.95","6 cells",1,"osmia",2,1,12,3,0,7,4,0,0,NA,6,0,0,3,0,6,0,0,"not sealed","not parasitized",1,2,"no",151
"343","trapnest_2",2023-05-31,"BP","A","Mid",9,"a","2_9","2_9a","2_9a_4","4","64.69","148.95","6 cells",1,"osmia",2,1,12,3,0,7,4,0,0,NA,6,0,0,3,0,6,0,0,"not sealed","not parasitized",1,2,"no",151
"344","trapnest_2",2023-05-31,"BP","A","Mid",9,"a","2_9","2_9a","2_9a_5","5","64.69","148.95","6 cells",1,"osmia",2,1,12,3,0,7,4,0,0,NA,6,0,0,3,0,6,0,0,"not sealed","not parasitized",1,2,"no",151
"345","trapnest_2",2023-05-31,"BP","A","Mid",9,"a","2_9","2_9a","2_9a_6","6","64.69","148.95","6 cells",1,"osmia",2,1,12,3,0,7,4,0,0,NA,6,0,0,3,0,6,0,0,"not sealed","not parasitized",1,2,"no",151
"346","trapnest_2",2023-06-02,"BP","A","Mid",9,"a","2_9","2_9a","2_9a_7","7","64.69","148.95","1 cell + end cap",1,"osmia",2,NA,11,2,0,7.5,4.5,0,0,NA,4,0,0,2,0,7,0,0,"sealed","not parasitized",0,3,"yes",153
"347","trapnest_2",2023-06-14,"BP","A","Mid",9,"b","2_9","2_9b","2_9b_1","1","5.98","138.76","1 cell",1,"osmia",0,1,10,1,0,8,3,0,0,NA,2,0,0,1,0,1,0,0,"not sealed","not parasitized",1,4,"no",165
"348","trapnest_2",2023-06-16,"BP","A","Mid",9,"b","2_9","2_9b","2_9b_2","2","5.98","138.76","1 cell",1,"osmia",1,NA,9,0,0,9,4,0,0,NA,2,0,0,0,0,2,0,0,"not sealed","not parasitized",1,4,"yes",167
"349","trapnest_20",2023-06-01,"NN","G","Mid",15,"a","20_15","20_15a","20_15a_1","1","10.45","144.11","1 cell",1,"osmia",1,1,12,2,0,6.5,2.5,0,0,NA,4,0,0,2,0,1,0,0,"not sealed","not parasitized",1,1,"yes",152
"350","trapnest_20",2023-05-29,"NN","G","Mid",2,"a","20_2","20_2a","20_2a_1","1","96.03","149.23","9 cells",1,"osmia",1,1,12,2,0,6.5,0.5,0,0,NA,2,0,0,2,3,9,0.333333333333333,0,"not sealed","parasitized",1,2,"no",149
"351","trapnest_20",2023-05-31,"NN","G","Mid",2,"a","20_2","20_2a","20_2a_10","10","96.03","149.23","5 cells",1,"osmia",2,NA,14,2,0,4.5,0.5,0,0,NA,2,0,0,2,4,9,0.444444444444444,0,"not sealed","parasitized",1,1,"no",151
"352","trapnest_20",2023-05-31,"NN","G","Mid",2,"a","20_2","20_2a","20_2a_11","11","96.03","149.23","5 cells",1,"osmia",2,NA,14,2,0,4.5,0.5,0,0,NA,2,0,0,2,4,9,0.444444444444444,0,"not sealed","parasitized",1,1,"no",151
"353","trapnest_20",2023-05-31,"NN","G","Mid",2,"a","20_2","20_2a","20_2a_12","12","96.03","149.23","5 cells",1,"osmia",2,NA,14,2,0,4.5,0.5,0,0,NA,2,0,0,2,4,9,0.444444444444444,1,"not sealed","parasitized",1,1,"no",151
"354","trapnest_20",2023-05-31,"NN","G","Mid",2,"a","20_2","20_2a","20_2a_13","13","96.03","149.23","5 cells",1,"osmia",2,NA,14,2,0,4.5,0.5,0,0,NA,2,0,0,2,4,9,0.444444444444444,0,"not sealed","parasitized",1,1,"no",151
"355","trapnest_20",2023-05-31,"NN","G","Mid",2,"a","20_2","20_2a","20_2a_14","14","96.03","149.23","5 cells",1,"osmia",2,NA,14,2,0,4.5,0.5,0,0,NA,2,0,0,2,4,9,0.444444444444444,0,"not sealed","parasitized",1,1,"yes",151
"356","trapnest_20",2023-05-29,"NN","G","Mid",2,"a","20_2","20_2a","20_2a_2","2","96.03","149.23","9 cells",1,"osmia",1,1,12,2,0,6.5,0.5,0,0,NA,2,0,0,2,3,9,0.333333333333333,1,"not sealed","parasitized",1,2,"no",149
"357","trapnest_20",2023-05-29,"NN","G","Mid",2,"a","20_2","20_2a","20_2a_3","3","96.03","149.23","9 cells",1,"osmia",1,1,12,2,0,6.5,0.5,0,0,NA,2,0,0,2,3,9,0.333333333333333,1,"not sealed","parasitized",1,2,"no",149
"358","trapnest_20",2023-05-29,"NN","G","Mid",2,"a","20_2","20_2a","20_2a_4","4","96.03","149.23","9 cells",1,"osmia",1,1,12,2,0,6.5,0.5,0,0,NA,2,0,0,2,3,9,0.333333333333333,0,"not sealed","parasitized",1,2,"no",149
"359","trapnest_20",2023-05-29,"NN","G","Mid",2,"a","20_2","20_2a","20_2a_5","5","96.03","149.23","9 cells",1,"osmia",1,1,12,2,0,6.5,0.5,0,0,NA,2,0,0,2,3,9,0.333333333333333,0,"not sealed","parasitized",1,2,"no",149
"360","trapnest_20",2023-05-29,"NN","G","Mid",2,"a","20_2","20_2a","20_2a_6","6","96.03","149.23","9 cells",1,"osmia",1,1,12,2,0,6.5,0.5,0,0,NA,2,0,0,2,3,9,0.333333333333333,1,"not sealed","parasitized",1,2,"no",149
"361","trapnest_20",2023-05-29,"NN","G","Mid",2,"a","20_2","20_2a","20_2a_7","7","96.03","149.23","9 cells",1,"osmia",1,1,12,2,0,6.5,0.5,0,0,NA,2,0,0,2,3,9,0.333333333333333,0,"not sealed","parasitized",1,2,"no",149
"362","trapnest_20",2023-05-29,"NN","G","Mid",2,"a","20_2","20_2a","20_2a_8","8","96.03","149.23","9 cells",1,"osmia",1,1,12,2,0,6.5,0.5,0,0,NA,2,0,0,2,3,9,0.333333333333333,0,"not sealed","parasitized",1,2,"no",149
"363","trapnest_20",2023-05-29,"NN","G","Mid",2,"a","20_2","20_2a","20_2a_9","9","96.03","149.23","9 cells",1,"osmia",1,1,12,2,0,6.5,0.5,0,0,NA,2,0,0,2,3,9,0.333333333333333,0,"not sealed","parasitized",1,2,"no",149
"364","trapnest_20",2023-06-01,"NN","G","Mid",3,"b","20_3","20_3b","20_3b_1","1","41.3","142.17","5 cells + end cap",1,"osmia",1,1,12,2,0,6.5,2.5,0,0,NA,4,0,0,2,0,5,0,0,"sealed","not parasitized",0,1,"no",152
"365","trapnest_20",2023-06-01,"NN","G","Mid",3,"b","20_3","20_3b","20_3b_2","2","41.3","142.17","5 cells + end cap",1,"osmia",1,1,12,2,0,6.5,2.5,0,0,NA,4,0,0,2,0,5,0,0,"sealed","not parasitized",0,1,"no",152
"366","trapnest_20",2023-06-01,"NN","G","Mid",3,"b","20_3","20_3b","20_3b_3","3","41.3","142.17","5 cells + end cap",1,"osmia",1,1,12,2,0,6.5,2.5,0,0,NA,4,0,0,2,0,5,0,0,"sealed","not parasitized",0,1,"no",152
"367","trapnest_20",2023-06-01,"NN","G","Mid",3,"b","20_3","20_3b","20_3b_4","4","41.3","142.17","5 cells + end cap",1,"osmia",1,1,12,2,0,6.5,2.5,0,0,NA,4,0,0,2,0,5,0,0,"sealed","not parasitized",0,1,"no",152
"368","trapnest_20",2023-06-01,"NN","G","Mid",3,"b","20_3","20_3b","20_3b_5","5","41.3","142.17","5 cells + end cap",1,"osmia",1,1,12,2,0,6.5,2.5,0,0,NA,4,0,0,2,0,5,0,0,"sealed","not parasitized",0,1,"yes",152
"369","trapnest_20",2023-05-29,"NN","G","Mid",5,"a","20_5","20_5a","20_5a_1","1","89.81","145.52","8 cells",1,"osmia",1,1,12,2,0,6.5,0.5,0,0,NA,2,0,0,2,0,8,0,0,"not sealed","not parasitized",1,2,"no",149
"370","trapnest_20",2023-05-31,"NN","G","Mid",5,"a","20_5","20_5a","20_5a_10","10","89.81","145.52","3 cells + end cap",1,"osmia",2,NA,14,2,0,4.5,0.5,0,0,NA,2,0,0,2,0,9,0,0,"sealed","not parasitized",0,1,"no",151
"371","trapnest_20",2023-05-31,"NN","G","Mid",5,"a","20_5","20_5a","20_5a_11","11","89.81","145.52","3 cells + end cap",1,"osmia",2,NA,14,2,0,4.5,0.5,0,0,NA,2,0,0,2,0,9,0,0,"sealed","not parasitized",0,1,"yes",151
"372","trapnest_20",2023-05-29,"NN","G","Mid",5,"a","20_5","20_5a","20_5a_2","2","89.81","145.52","8 cells",1,"osmia",1,1,12,2,0,6.5,0.5,0,0,NA,2,0,0,2,0,8,0,0,"not sealed","not parasitized",1,2,"no",149
"373","trapnest_20",2023-05-29,"NN","G","Mid",5,"a","20_5","20_5a","20_5a_3","3","89.81","145.52","8 cells",1,"osmia",1,1,12,2,0,6.5,0.5,0,0,NA,2,0,0,2,0,8,0,0,"not sealed","not parasitized",1,2,"no",149
"374","trapnest_20",2023-05-29,"NN","G","Mid",5,"a","20_5","20_5a","20_5a_4","4","89.81","145.52","8 cells",1,"osmia",1,1,12,2,0,6.5,0.5,0,0,NA,2,0,0,2,0,8,0,0,"not sealed","not parasitized",1,2,"no",149
"375","trapnest_20",2023-05-29,"NN","G","Mid",5,"a","20_5","20_5a","20_5a_5","5","89.81","145.52","8 cells",1,"osmia",1,1,12,2,0,6.5,0.5,0,0,NA,2,0,0,2,0,8,0,0,"not sealed","not parasitized",1,2,"no",149
"376","trapnest_20",2023-05-29,"NN","G","Mid",5,"a","20_5","20_5a","20_5a_6","6","89.81","145.52","8 cells",1,"osmia",1,1,12,2,0,6.5,0.5,0,0,NA,2,0,0,2,0,8,0,0,"not sealed","not parasitized",1,2,"no",149
"377","trapnest_20",2023-05-29,"NN","G","Mid",5,"a","20_5","20_5a","20_5a_7","7","89.81","145.52","8 cells",1,"osmia",1,1,12,2,0,6.5,0.5,0,0,NA,2,0,0,2,0,8,0,0,"not sealed","not parasitized",1,2,"no",149
"378","trapnest_20",2023-05-29,"NN","G","Mid",5,"a","20_5","20_5a","20_5a_8","8","89.81","145.52","8 cells",1,"osmia",1,1,12,2,0,6.5,0.5,0,0,NA,2,0,0,2,0,8,0,0,"not sealed","not parasitized",1,2,"no",149
"379","trapnest_20",2023-05-31,"NN","G","Mid",5,"a","20_5","20_5a","20_5a_9","9","89.81","145.52","3 cells + end cap",1,"osmia",2,NA,14,2,0,4.5,0.5,0,0,NA,2,0,0,2,0,9,0,0,"sealed","not parasitized",0,1,"no",151
"380","trapnest_22",2023-06-19,"NN","H","Low",9,"a","22_9","22_9a","22_9a_1","1","9.35","146.11","1 cell",1,"osmia",0,1,17,1,0,0,0,0,0,1,1,0,0,1,1,1,1,1,"not sealed","parasitized",1,1,"yes",170
"381","trapnest_24",2023-06-08,"NN","H","High",10,"a","24_10","24_10a","24_10a_1","1","26.42","143.1","1 cell",1,"osmia",2,1,8,1,0,10,2,0,0,NA,3,0,0,1,1,1,1,1,"not sealed","parasitized",1,2,"no",159
"382","trapnest_24",2023-06-11,"NN","H","High",10,"a","24_10","24_10a","24_10a_2","2","26.42","143.1","1 cell",1,"osmia",1,NA,6,0,0,11,3,0,0,NA,3,0,0,0,2,2,1,1,"not sealed","parasitized",1,1,"no",162
"383","trapnest_24",2023-06-15,"NN","H","High",10,"a","24_10","24_10a","24_10a_3","3","26.42","143.1","1 cell",1,"osmia",0,NA,6,0,0,11,3,0,0,NA,3,0,0,0,2,3,0.666666666666667,0,"not sealed","parasitized",1,1,"yes",166
"384","trapnest_24",2023-06-30,"NN","H","High",12,"a","24_12","24_12a","24_12a_1","1","11.84","144.44","2 cells + end cap",1,"osmia",1,1,5,1,0,12,4,0,0,NA,5,0,0,1,1,2,0.5,1,"sealed","parasitized",0,0,"no",181
"385","trapnest_24",2023-06-30,"NN","H","High",12,"a","24_12","24_12a","24_12a_2","2","11.84","144.44","2 cells + end cap",1,"osmia",1,1,5,1,0,12,4,0,0,NA,5,0,0,1,1,2,0.5,0,"sealed","parasitized",0,0,"yes",181
"386","trapnest_24",2023-06-04,"NN","H","High",2,"a","24_2","24_2a","24_2a_1","1","48.72","138.64","5 cells",1,"osmia",3,1,7,1,0,11,1,0,0,NA,2,0,0,1,1,5,0.2,0,"not sealed","parasitized",1,2,"no",155
"387","trapnest_24",2023-06-04,"NN","H","High",2,"a","24_2","24_2a","24_2a_2","2","48.72","138.64","5 cells",1,"osmia",3,1,7,1,0,11,1,0,0,NA,2,0,0,1,1,5,0.2,0,"not sealed","parasitized",1,2,"no",155
"388","trapnest_24",2023-06-04,"NN","H","High",2,"a","24_2","24_2a","24_2a_3","3","48.72","138.64","5 cells",1,"osmia",3,1,7,1,0,11,1,0,0,NA,2,0,0,1,1,5,0.2,0,"not sealed","parasitized",1,2,"no",155
"389","trapnest_24",2023-06-04,"NN","H","High",2,"a","24_2","24_2a","24_2a_4","4","48.72","138.64","5 cells",1,"osmia",3,1,7,1,0,11,1,0,0,NA,2,0,0,1,1,5,0.2,0,"not sealed","parasitized",1,2,"no",155
"390","trapnest_24",2023-06-04,"NN","H","High",2,"a","24_2","24_2a","24_2a_5","5","48.72","138.64","5 cells",1,"osmia",3,1,7,1,0,11,1,0,0,NA,2,0,0,1,1,5,0.2,1,"not sealed","parasitized",1,2,"no",155
"391","trapnest_24",2023-06-08,"NN","H","High",2,"a","24_2","24_2a","24_2a_6","6","48.72","138.64","1 cell",1,"osmia",2,NA,8,1,0,10,2,0,0,NA,3,0,0,1,2,6,0.333333333333333,1,"not sealed","parasitized",1,2,"yes",159
"392","trapnest_24",2023-06-19,"NN","H","High",3,"b","24_3","24_3b","24_3b_1","1","28.02","137.27","1 cell",1,"osmia",0,1,6,1,0,11,3,0,0,NA,4,0,0,1,1,1,1,1,"not sealed","parasitized",1,2,"no",170
"393","trapnest_24",2023-06-22,"NN","H","High",3,"b","24_3","24_3b","24_3b_2","2","28.02","137.27","2 cells",1,"osmia",3,NA,6,0,0,12,4,0,0,NA,4,0,0,0,3,3,1,1,"not sealed","parasitized",1,1,"no",173
"394","trapnest_24",2023-06-22,"NN","H","High",3,"b","24_3","24_3b","24_3b_3","3","28.02","137.27","2 cells",1,"osmia",3,NA,6,0,0,12,4,0,0,NA,4,0,0,0,3,3,1,1,"not sealed","parasitized",1,1,"yes",173
"395","trapnest_24",2023-06-01,"NN","H","High",7,"b","24_7","24_7b","24_7b_1","1","70.92","140.17","3 cells",1,"osmia",1,1,7,1,0,11,1,0,0,NA,2,0,0,1,0,3,0,0,"not sealed","not parasitized",1,2,"no",152
"396","trapnest_24",2023-06-01,"NN","H","High",7,"b","24_7","24_7b","24_7b_2","2","70.92","140.17","3 cells",1,"osmia",1,1,7,1,0,11,1,0,0,NA,2,0,0,1,0,3,0,0,"not sealed","not parasitized",1,2,"no",152
"397","trapnest_24",2023-06-01,"NN","H","High",7,"b","24_7","24_7b","24_7b_3","3","70.92","140.17","3 cells",1,"osmia",1,1,7,1,0,11,1,0,0,NA,2,0,0,1,0,3,0,0,"not sealed","not parasitized",1,2,"no",152
"398","trapnest_24",2023-06-04,"NN","H","High",7,"b","24_7","24_7b","24_7b_4","4","70.92","140.17","5 cells",1,"osmia",3,NA,7,1,0,11,1,0,0,NA,2,0,0,1,2,8,0.25,1,"not sealed","parasitized",1,2,"no",155
"399","trapnest_24",2023-06-04,"NN","H","High",7,"b","24_7","24_7b","24_7b_5","5","70.92","140.17","5 cells",1,"osmia",3,NA,7,1,0,11,1,0,0,NA,2,0,0,1,2,8,0.25,0,"not sealed","parasitized",1,2,"no",155
"400","trapnest_24",2023-06-04,"NN","H","High",7,"b","24_7","24_7b","24_7b_6","6","70.92","140.17","5 cells",1,"osmia",3,NA,7,1,0,11,1,0,0,NA,2,0,0,1,2,8,0.25,1,"not sealed","parasitized",1,2,"no",155
"401","trapnest_24",2023-06-04,"NN","H","High",7,"b","24_7","24_7b","24_7b_7","7","70.92","140.17","5 cells",1,"osmia",3,NA,7,1,0,11,1,0,0,NA,2,0,0,1,2,8,0.25,0,"not sealed","parasitized",1,2,"no",155
"402","trapnest_24",2023-06-04,"NN","H","High",7,"b","24_7","24_7b","24_7b_8","8","70.92","140.17","5 cells",1,"osmia",3,NA,7,1,0,11,1,0,0,NA,2,0,0,1,2,8,0.25,0,"not sealed","parasitized",1,2,"yes",155
"403","trapnest_25",2023-05-29,"NN","I","Low",13,"a","25_13","25_13a","25_13a_1","1","108.83","148.8","3 cells",1,"osmia",1,1,17,3,0,2,2,0,0,3,3,0,0,3,0,3,0,0,"not sealed","not parasitized",1,3,"no",149
"404","trapnest_25",2023-06-01,"NN","I","Low",13,"a","25_13","25_13a","25_13a_10","10","108.83","148.8","4 cells",1,"osmia",1,NA,14,1,0,4,4,0,0,5,5,0,0,1,0,9,0,0,"not sealed","not parasitized",1,3,"no",152
"405","trapnest_25",2023-06-01,"NN","I","Low",13,"a","25_13","25_13a","25_13a_11","11","108.83","148.8","4 cells",1,"osmia",1,NA,14,1,0,4,4,0,0,5,5,0,0,1,0,9,0,0,"not sealed","not parasitized",1,3,"yes",152
"406","trapnest_25",2023-05-29,"NN","I","Low",13,"a","25_13","25_13a","25_13a_2","2","108.83","148.8","3 cells",1,"osmia",1,1,17,3,0,2,2,0,0,3,3,0,0,3,0,3,0,0,"not sealed","not parasitized",1,3,"no",149
"407","trapnest_25",2023-05-29,"NN","I","Low",13,"a","25_13","25_13a","25_13a_3","3","108.83","148.8","3 cells",1,"osmia",1,1,17,3,0,2,2,0,0,3,3,0,0,3,0,3,0,0,"not sealed","not parasitized",1,3,"no",149
"408","trapnest_25",2023-05-31,"NN","I","Low",13,"a","25_13","25_13a","25_13a_4","4","108.83","148.8","4 cells",1,"osmia",2,NA,17,4,0,2.5,2.5,0,0,3,3,0,0,4,0,7,0,0,"not sealed","not parasitized",1,4,"no",151
"409","trapnest_25",2023-05-31,"NN","I","Low",13,"a","25_13","25_13a","25_13a_5","5","108.83","148.8","4 cells",1,"osmia",2,NA,17,4,0,2.5,2.5,0,0,3,3,0,0,4,0,7,0,0,"not sealed","not parasitized",1,4,"no",151
"410","trapnest_25",2023-05-31,"NN","I","Low",13,"a","25_13","25_13a","25_13a_6","6","108.83","148.8","4 cells",1,"osmia",2,NA,17,4,0,2.5,2.5,0,0,3,3,0,0,4,0,7,0,0,"not sealed","not parasitized",1,4,"no",151
"411","trapnest_25",2023-05-31,"NN","I","Low",13,"a","25_13","25_13a","25_13a_7","7","108.83","148.8","4 cells",1,"osmia",2,NA,17,4,0,2.5,2.5,0,0,3,3,0,0,4,0,7,0,0,"not sealed","not parasitized",1,4,"no",151
"412","trapnest_25",2023-06-01,"NN","I","Low",13,"a","25_13","25_13a","25_13a_8","8","108.83","148.8","4 cells",1,"osmia",1,NA,14,1,0,4,4,0,0,5,5,0,0,1,0,9,0,0,"not sealed","not parasitized",1,3,"no",152
"413","trapnest_25",2023-06-01,"NN","I","Low",13,"a","25_13","25_13a","25_13a_9","9","108.83","148.8","4 cells",1,"osmia",1,NA,14,1,0,4,4,0,0,5,5,0,0,1,0,9,0,0,"not sealed","not parasitized",1,3,"no",152
"414","trapnest_25",2023-06-08,"NN","I","Low",16,"a","25_16","25_16a","25_16a_1","1","74.15","143.66","7 cells",1,"osmia",2,1,16,1,0,2,2,0,0,3,3,0,0,1,0,7,0,0,"not sealed","not parasitized",1,3,"no",159
"415","trapnest_25",2023-06-08,"NN","I","Low",16,"a","25_16","25_16a","25_16a_2","2","74.15","143.66","7 cells",1,"osmia",2,1,16,1,0,2,2,0,0,3,3,0,0,1,0,7,0,0,"not sealed","not parasitized",1,3,"no",159
"416","trapnest_25",2023-06-08,"NN","I","Low",16,"a","25_16","25_16a","25_16a_3","3","74.15","143.66","7 cells",1,"osmia",2,1,16,1,0,2,2,0,0,3,3,0,0,1,0,7,0,0,"not sealed","not parasitized",1,3,"no",159
"417","trapnest_25",2023-06-08,"NN","I","Low",16,"a","25_16","25_16a","25_16a_4","4","74.15","143.66","7 cells",1,"osmia",2,1,16,1,0,2,2,0,0,3,3,0,0,1,0,7,0,0,"not sealed","not parasitized",1,3,"no",159
"418","trapnest_25",2023-06-08,"NN","I","Low",16,"a","25_16","25_16a","25_16a_5","5","74.15","143.66","7 cells",1,"osmia",2,1,16,1,0,2,2,0,0,3,3,0,0,1,0,7,0,0,"not sealed","not parasitized",1,3,"no",159
"419","trapnest_25",2023-06-08,"NN","I","Low",16,"a","25_16","25_16a","25_16a_6","6","74.15","143.66","7 cells",1,"osmia",2,1,16,1,0,2,2,0,0,3,3,0,0,1,0,7,0,0,"not sealed","not parasitized",1,3,"no",159
"420","trapnest_25",2023-06-08,"NN","I","Low",16,"a","25_16","25_16a","25_16a_7","7","74.15","143.66","7 cells",1,"osmia",2,1,16,1,0,2,2,0,0,3,3,0,0,1,0,7,0,0,"not sealed","not parasitized",1,3,"yes",159
"421","trapnest_25",2023-06-15,"NN","I","Low",1,"b","25_1","25_1b","25_1b_1","1","37.62","143.46","1 cell",1,"osmia",0,1,16,3,0,3,2,0,0,NA,4,0,0,3,1,1,1,1,"not sealed","parasitized",1,3,"yes",166
"422","trapnest_25",2023-05-29,"NN","I","Low",3,"a","25_3","25_3a","25_3a_1","1","111.2","111.2","3 cells",1,"osmia",1,1,17,3,0,2,2,0,0,3,3,0,0,3,0,3,0,0,"not sealed","not parasitized",1,3,"no",149
"423","trapnest_25",2023-06-01,"NN","I","Low",3,"a","25_3","25_3a","25_3a_10","10","111.2","111.2","4 cells",1,"osmia",1,NA,14,1,0,4,4,0,0,5,5,0,0,1,0,9,0,0,"not sealed","not parasitized",1,3,"no",152
"424","trapnest_25",2023-06-01,"NN","I","Low",3,"a","25_3","25_3a","25_3a_11","11","111.2","111.2","4 cells",1,"osmia",1,NA,14,1,0,4,4,0,0,5,5,0,0,1,0,9,0,0,"not sealed","not parasitized",1,3,"no",152
"425","trapnest_25",2023-06-04,"NN","I","Low",3,"a","25_3","25_3a","25_3a_12","12","111.2","111.2","1 cell + end cap",1,"osmia",3,NA,14,2,0,4.5,4.5,0,0,6,6,0,0,2,0,9,0,0,"sealed","not parasitized",0,2,"yes",155
"426","trapnest_25",2023-05-29,"NN","I","Low",3,"a","25_3","25_3a","25_3a_2","2","111.2","111.2","3 cells",1,"osmia",1,1,17,3,0,2,2,0,0,3,3,0,0,3,0,3,0,0,"not sealed","not parasitized",1,3,"no",149
"427","trapnest_25",2023-05-29,"NN","I","Low",3,"a","25_3","25_3a","25_3a_3","3","111.2","111.2","3 cells",1,"osmia",1,1,17,3,0,2,2,0,0,3,3,0,0,3,0,3,0,0,"not sealed","not parasitized",1,3,"no",149
"428","trapnest_25",2023-05-31,"NN","I","Low",3,"a","25_3","25_3a","25_3a_4","4","111.2","111.2","4 cells",1,"osmia",2,NA,17,4,0,2.5,2.5,0,0,3,3,0,0,4,0,7,0,0,"not sealed","not parasitized",1,4,"no",151
"429","trapnest_25",2023-05-31,"NN","I","Low",3,"a","25_3","25_3a","25_3a_5","5","111.2","111.2","4 cells",1,"osmia",2,NA,17,4,0,2.5,2.5,0,0,3,3,0,0,4,0,7,0,0,"not sealed","not parasitized",1,4,"no",151
"430","trapnest_25",2023-05-31,"NN","I","Low",3,"a","25_3","25_3a","25_3a_6","6","111.2","111.2","4 cells",1,"osmia",2,NA,17,4,0,2.5,2.5,0,0,3,3,0,0,4,0,7,0,0,"not sealed","not parasitized",1,4,"no",151
"431","trapnest_25",2023-05-31,"NN","I","Low",3,"a","25_3","25_3a","25_3a_7","7","111.2","111.2","4 cells",1,"osmia",2,NA,17,4,0,2.5,2.5,0,0,3,3,0,0,4,0,7,0,0,"not sealed","not parasitized",1,4,"no",151
"432","trapnest_25",2023-06-01,"NN","I","Low",3,"a","25_3","25_3a","25_3a_8","8","111.2","111.2","4 cells",1,"osmia",1,NA,14,1,0,4,4,0,0,5,5,0,0,1,0,9,0,0,"not sealed","not parasitized",1,3,"no",152
"433","trapnest_25",2023-06-01,"NN","I","Low",3,"a","25_3","25_3a","25_3a_9","9","111.2","111.2","4 cells",1,"osmia",1,NA,14,1,0,4,4,0,0,5,5,0,0,1,0,9,0,0,"not sealed","not parasitized",1,3,"no",152
"434","trapnest_25",2023-06-15,"NN","I","Low",3,"b","25_3","25_3b","25_3b_1","1","20.96","140.64","2 cells",1,"osmia",0,1,16,3,0,3,2,0,0,NA,4,0,0,3,2,2,1,1,"not sealed","parasitized",1,3,"no",166
"435","trapnest_25",2023-06-15,"NN","I","Low",3,"b","25_3","25_3b","25_3b_2","2","20.96","140.64","2 cells",1,"osmia",0,1,16,3,0,3,2,0,0,NA,4,0,0,3,2,2,1,1,"not sealed","parasitized",1,3,"yes",166
"436","trapnest_25",2023-06-22,"NN","I","Low",3,"c","25_3","25_3c","25_3c_1","1","5.21","134.1","1 cell",1,"osmia",3,1,16,1,0,2,2,0,0,3,3,0,0,1,0,1,0,0,"not sealed","not parasitized",1,1,"yes",173
"437","trapnest_25",2023-06-01,"NN","I","Low",4,"a","25_4","25_4a","25_4a_1","1","50.46","148.66","1 cell",1,"osmia",1,NA,14,1,0,4,4,0,0,5,5,0,0,1,0,1,0,0,NA,"not parasitized",NA,3,"no",152
"438","trapnest_25",2023-06-04,"NN","I","Low",4,"a","25_4","25_4a","25_4a_2","2","50.46","148.66","6 cells + end cap",1,"osmia",3,NA,14,2,0,4.5,4.5,0,0,6,6,0,0,2,0,7,0,0,"sealed","not parasitized",0,2,"no",155
"439","trapnest_25",2023-06-04,"NN","I","Low",4,"a","25_4","25_4a","25_4a_3","3","50.46","148.66","6 cells + end cap",1,"osmia",3,NA,14,2,0,4.5,4.5,0,0,6,6,0,0,2,0,7,0,0,"sealed","not parasitized",0,2,"no",155
"440","trapnest_25",2023-06-04,"NN","I","Low",4,"a","25_4","25_4a","25_4a_4","4","50.46","148.66","6 cells + end cap",1,"osmia",3,NA,14,2,0,4.5,4.5,0,0,6,6,0,0,2,0,7,0,0,"sealed","not parasitized",0,2,"no",155
"441","trapnest_25",2023-06-04,"NN","I","Low",4,"a","25_4","25_4a","25_4a_5","5","50.46","148.66","6 cells + end cap",1,"osmia",3,NA,14,2,0,4.5,4.5,0,0,6,6,0,0,2,0,7,0,0,"sealed","not parasitized",0,2,"no",155
"442","trapnest_25",2023-06-04,"NN","I","Low",4,"a","25_4","25_4a","25_4a_6","6","50.46","148.66","6 cells + end cap",1,"osmia",3,NA,14,2,0,4.5,4.5,0,0,6,6,0,0,2,0,7,0,0,"sealed","not parasitized",0,2,"no",155
"443","trapnest_25",2023-06-04,"NN","I","Low",4,"a","25_4","25_4a","25_4a_7","7","50.46","148.66","6 cells + end cap",1,"osmia",3,NA,14,2,0,4.5,4.5,0,0,6,6,0,0,2,0,7,0,0,"sealed","not parasitized",0,2,"yes",155
"444","trapnest_25",2023-06-15,"NN","I","Low",4,"b","25_4","25_4b","25_4b_1","1","20.99","142.81","1 cell",1,"osmia",0,1,16,3,0,3,2,0,0,NA,4,0,0,3,1,1,1,1,"not sealed","parasitized",1,3,"no",166
"445","trapnest_25",2023-06-19,"NN","I","Low",4,"b","25_4","25_4b","25_4b_2","2","20.99","142.81","1 cell",1,"osmia",0,NA,15,0,0,3,3,0,0,3,3,0,0,0,1,2,0.5,0,"not sealed","parasitized",1,2,"yes",170
"446","trapnest_25",2023-06-04,"NN","I","Low",6,"b","25_6","25_6b","25_6b_1","1","58.79","136.32","1 cell",1,"osmia",3,1,14,2,0,4.5,4.5,0,0,6,6,0,0,2,0,1,0,0,"not sealed","not parasitized",1,2,"no",155
"447","trapnest_25",2023-06-08,"NN","I","Low",6,"b","25_6","25_6b","25_6b_2","2","58.79","136.32","4 cells",1,"osmia",2,NA,16,1,0,2,2,0,0,3,3,0,0,1,0,5,0,0,"not sealed","not parasitized",1,3,"no",159
"448","trapnest_25",2023-06-08,"NN","I","Low",6,"b","25_6","25_6b","25_6b_3","3","58.79","136.32","4 cells",1,"osmia",2,NA,16,1,0,2,2,0,0,3,3,0,0,1,0,5,0,0,"not sealed","not parasitized",1,3,"no",159
"449","trapnest_25",2023-06-08,"NN","I","Low",6,"b","25_6","25_6b","25_6b_4","4","58.79","136.32","4 cells",1,"osmia",2,NA,16,1,0,2,2,0,0,3,3,0,0,1,0,5,0,0,"not sealed","not parasitized",1,3,"no",159
"450","trapnest_25",2023-06-08,"NN","I","Low",6,"b","25_6","25_6b","25_6b_5","5","58.79","136.32","4 cells",1,"osmia",2,NA,16,1,0,2,2,0,0,3,3,0,0,1,0,5,0,0,"not sealed","not parasitized",1,3,"no",159
"451","trapnest_25",2023-06-11,"NN","I","Low",6,"b","25_6","25_6b","25_6b_6","6","58.79","136.32","3 cells",1,"osmia",1,NA,15,0,0,3,3,0,0,3,3,0,0,0,1,8,0.125,0,"not sealed","parasitized",1,1,"no",162
"452","trapnest_25",2023-06-11,"NN","I","Low",6,"b","25_6","25_6b","25_6b_7","7","58.79","136.32","3 cells",1,"osmia",1,NA,15,0,0,3,3,0,0,3,3,0,0,0,1,8,0.125,1,"not sealed","parasitized",1,1,"no",162
"453","trapnest_25",2023-06-11,"NN","I","Low",6,"b","25_6","25_6b","25_6b_8","8","58.79","136.32","3 cells",1,"osmia",1,NA,15,0,0,3,3,0,0,3,3,0,0,0,1,8,0.125,0,"not sealed","parasitized",1,1,"yes",162
"454","trapnest_28",2023-05-29,"NN","J","Low",17,"a","28_17","28_17a","28_17a_1","1","18.3","146.85","3 cells + end cap",1,"osmia",1,1,18,1,0,0,0,0,0,1,1,0,0,1,1,3,0.333333333333333,0,"sealed","parasitized",0,0,"no",149
"455","trapnest_28",2023-05-29,"NN","J","Low",17,"a","28_17","28_17a","28_17a_2","2","18.3","146.85","3 cells + end cap",1,"osmia",1,1,18,1,0,0,0,0,0,1,1,0,0,1,1,3,0.333333333333333,1,"sealed","parasitized",0,0,"no",149
"456","trapnest_28",2023-05-29,"NN","J","Low",17,"a","28_17","28_17a","28_17a_3","3","18.3","146.85","3 cells + end cap",1,"osmia",1,1,18,1,0,0,0,0,0,1,1,0,0,1,1,3,0.333333333333333,0,"sealed","parasitized",0,0,"yes",149
"457","trapnest_28",2023-06-22,"NN","J","Low",3,"a","28_3","28_3a","28_3a_1","1","30.81","144.79","2 cells",1,"osmia",3,1,17,1,0,0,0,0,0,1,1,0,0,1,2,2,1,1,"not sealed","parasitized",1,1,"no",173
"458","trapnest_28",2023-06-22,"NN","J","Low",3,"a","28_3","28_3a","28_3a_2","2","30.81","144.79","2 cells",1,"osmia",3,1,17,1,0,0,0,0,0,1,1,0,0,1,2,2,1,1,"not sealed","parasitized",1,1,"no",173
"459","trapnest_28",2023-06-30,"NN","J","Low",3,"a","28_3","28_3a","28_3a_3","3","30.81","144.79","2 cells + end cap",1,"osmia",1,NA,13,0,0,1,1,0,0,1,1,0,0,0,4,4,1,1,"sealed","parasitized",0,0,"no",181
"460","trapnest_28",2023-06-30,"NN","J","Low",3,"a","28_3","28_3a","28_3a_4","4","30.81","144.79","2 cells + end cap",1,"osmia",1,NA,13,0,0,1,1,0,0,1,1,0,0,0,4,4,1,1,"sealed","parasitized",0,0,"yes",181
"461","trapnest_29",2023-05-31,"NN","J","Mid",1,"b","29_1","29_1b","29_1b_1","1","54.16","125.67","1 cell",1,"osmia",2,1,12,1,0,6,2,0,0,NA,3,0,0,1,0,1,0,0,"not sealed","not parasitized",1,1,"no",151
"462","trapnest_29",2023-06-01,"NN","J","Mid",1,"b","29_1","29_1b","29_1b_2","2","54.16","125.67","3 cells",1,"osmia",1,NA,13,1,0,5,1,0,0,NA,2,0,0,1,2,4,0.5,0,"not sealed","parasitized",1,1,"no",152
"463","trapnest_29",2023-06-01,"NN","J","Mid",1,"b","29_1","29_1b","29_1b_3","3","54.16","125.67","3 cells",1,"osmia",1,NA,13,1,0,5,1,0,0,NA,2,0,0,1,2,4,0.5,1,"not sealed","parasitized",1,1,"no",152
"464","trapnest_29",2023-06-01,"NN","J","Mid",1,"b","29_1","29_1b","29_1b_4","4","54.16","125.67","3 cells",1,"osmia",1,NA,13,1,0,5,1,0,0,NA,2,0,0,1,2,4,0.5,1,"not sealed","parasitized",1,1,"yes",152
"465","trapnest_3",2023-06-02,"BP","A","High",11,"b","3_11","3_11b","3_11b_1","1","18.88","141.84","2 cells + end cap",1,"osmia",2,1,8,3,0,11,5,0,0,NA,6,0,0,3,1,2,0.5,0,"sealed","parasitized",0,2,"no",153
"466","trapnest_3",2023-06-02,"BP","A","High",11,"b","3_11","3_11b","3_11b_2","2","18.88","141.84","2 cells + end cap",1,"osmia",2,1,8,3,0,11,5,0,0,NA,6,0,0,3,1,2,0.5,1,"sealed","parasitized",0,2,"yes",153
"467","trapnest_3",2023-05-26,"BP","A","High",14,"a","3_14","3_14a","3_14a_1","1","8.71","142.78","2 cells",1,"osmia",2,1,7,1,0,11,1,0,0,NA,2,0,0,1,1,2,0.5,1,"not sealed","parasitized",1,2,"no",146
"468","trapnest_3",2023-05-26,"BP","A","High",14,"a","3_14","3_14a","3_14a_2","2","8.71","142.78","2 cells",1,"osmia",2,1,7,1,0,11,1,0,0,NA,2,0,0,1,1,2,0.5,0,"not sealed","parasitized",1,2,"yes",146
"469","trapnest_3",2023-06-02,"BP","A","High",16,"b","3_16","3_16b","3_16b_1","1","4.82","143.88","1 cell",1,"osmia",2,1,8,3,0,11,5,0,0,NA,6,0,0,3,0,1,0,0,"not sealed","not parasitized",1,2,"yes",153
"470","trapnest_3",2023-05-23,"BP","A","High",18,"a","3_18","3_18a","3_18a_1","1","61.17","144.35","1 cell",1,"osmia",1,1,7,1,0,11,0,0,0,NA,1,0,0,1,0,1,0,0,"not sealed","not parasitized",1,1,"no",143
"471","trapnest_3",2023-05-26,"BP","A","High",18,"a","3_18","3_18a","3_18a_2","2","61.17","144.35","3 cells",1,"osmia",2,NA,7,1,0,11,1,0,0,NA,2,0,0,1,0,4,0,0,"not sealed","not parasitized",1,2,"no",146
"472","trapnest_3",2023-05-26,"BP","A","High",18,"a","3_18","3_18a","3_18a_3","3","61.17","144.35","3 cells",1,"osmia",2,NA,7,1,0,11,1,0,0,NA,2,0,0,1,0,4,0,0,"not sealed","not parasitized",1,2,"no",146
"473","trapnest_3",2023-05-26,"BP","A","High",18,"a","3_18","3_18a","3_18a_4","4","61.17","144.35","3 cells",1,"osmia",2,NA,7,1,0,11,1,0,0,NA,2,0,0,1,0,4,0,0,"not sealed","not parasitized",1,2,"no",146
"474","trapnest_3",2023-05-29,"BP","A","High",18,"a","3_18","3_18a","3_18a_5","5","61.17","144.35","4 cells + end cap",1,"osmia",1,NA,7,1,0,11,2,0,0,NA,3,0,0,1,0,8,0,0,"sealed","not parasitized",0,1,"no",149
"475","trapnest_3",2023-05-29,"BP","A","High",18,"a","3_18","3_18a","3_18a_6","6","61.17","144.35","4 cells + end cap",1,"osmia",1,NA,7,1,0,11,2,0,0,NA,3,0,0,1,0,8,0,0,"sealed","not parasitized",0,1,"no",149
"476","trapnest_3",2023-05-29,"BP","A","High",18,"a","3_18","3_18a","3_18a_7","7","61.17","144.35","4 cells + end cap",1,"osmia",1,NA,7,1,0,11,2,0,0,NA,3,0,0,1,0,8,0,0,"sealed","not parasitized",0,1,"no",149
"477","trapnest_3",2023-05-29,"BP","A","High",18,"a","3_18","3_18a","3_18a_8","8","61.17","144.35","4 cells + end cap",1,"osmia",1,NA,7,1,0,11,2,0,0,NA,3,0,0,1,0,8,0,0,"sealed","not parasitized",0,1,"yes",149
"478","trapnest_3",2023-05-31,"BP","A","High",2,"a","3_2","3_2a","3_2a_1","1","46.68","142.17","2 cells",1,"osmia",2,1,6,1,0,12,3,0,0,NA,4,0,0,1,0,2,0,0,"not sealed","not parasitized",1,2,"no",151
"479","trapnest_3",2023-05-31,"BP","A","High",2,"a","3_2","3_2a","3_2a_2","2","46.68","142.17","2 cells",1,"osmia",2,1,6,1,0,12,3,0,0,NA,4,0,0,1,0,2,0,0,"not sealed","not parasitized",1,2,"no",151
"480","trapnest_3",2023-06-02,"BP","A","High",2,"a","3_2","3_2a","3_2a_3","3","46.68","142.17","3 cells + end cap",1,"osmia",2,NA,8,3,0,11,5,0,0,NA,6,0,0,3,0,5,0,0,"sealed","not parasitized",0,2,"no",153
"481","trapnest_3",2023-06-02,"BP","A","High",2,"a","3_2","3_2a","3_2a_4","4","46.68","142.17","3 cells + end cap",1,"osmia",2,NA,8,3,0,11,5,0,0,NA,6,0,0,3,0,5,0,0,"sealed","not parasitized",0,2,"no",153
"482","trapnest_3",2023-06-02,"BP","A","High",2,"a","3_2","3_2a","3_2a_5","5","46.68","142.17","3 cells + end cap",1,"osmia",2,NA,8,3,0,11,5,0,0,NA,6,0,0,3,0,5,0,0,"sealed","not parasitized",0,2,"yes",153
"483","trapnest_3",2023-06-16,"BP","A","High",9,"b","3_9","3_9b","3_9b_1","1","72.46","139.75","1 cell",1,"osmia",1,1,7,1,0,11,6,0,0,NA,6,0,0,1,0,1,0,0,"not sealed","not parasitized",1,3,"no",167
"484","trapnest_3",2023-06-29,"BP","A","High",9,"b","3_9","3_9b","3_9b_10","10","72.46","139.75","6 cells",1,"osmia",1,NA,5,0,0,11,6,0,0,NA,6,0,0,0,0,9,0,0,"not sealed","not parasitized",1,2,"yes",180
"485","trapnest_3",2023-06-23,"BP","A","High",9,"b","3_9","3_9b","3_9b_2","2","72.46","139.75","3 cells",1,"osmia",3,NA,6,0,0,11,6,0,0,NA,6,0,0,0,0,4,0,0,"not sealed","not parasitized",1,2,"no",174
"486","trapnest_3",2023-06-23,"BP","A","High",9,"b","3_9","3_9b","3_9b_3","3","72.46","139.75","3 cells",1,"osmia",3,NA,6,0,0,11,6,0,0,NA,6,0,0,0,0,4,0,0,"not sealed","not parasitized",1,2,"no",174
"487","trapnest_3",2023-06-23,"BP","A","High",9,"b","3_9","3_9b","3_9b_4","4","72.46","139.75","3 cells",1,"osmia",3,NA,6,0,0,11,6,0,0,NA,6,0,0,0,0,4,0,0,"not sealed","not parasitized",1,2,"no",174
"488","trapnest_3",2023-06-29,"BP","A","High",9,"b","3_9","3_9b","3_9b_5","5","72.46","139.75","6 cells",1,"osmia",1,NA,5,0,0,11,6,0,0,NA,6,0,0,0,0,9,0,0,"not sealed","not parasitized",1,2,"no",180
"489","trapnest_3",2023-06-29,"BP","A","High",9,"b","3_9","3_9b","3_9b_6","6","72.46","139.75","6 cells",1,"osmia",1,NA,5,0,0,11,6,0,0,NA,6,0,0,0,0,9,0,0,"not sealed","not parasitized",1,2,"no",180
"490","trapnest_3",2023-06-29,"BP","A","High",9,"b","3_9","3_9b","3_9b_7","7","72.46","139.75","6 cells",1,"osmia",1,NA,5,0,0,11,6,0,0,NA,6,0,0,0,0,9,0,0,"not sealed","not parasitized",1,2,"no",180
"491","trapnest_3",2023-06-29,"BP","A","High",9,"b","3_9","3_9b","3_9b_8","8","72.46","139.75","6 cells",1,"osmia",1,NA,5,0,0,11,6,0,0,NA,6,0,0,0,0,9,0,0,"not sealed","not parasitized",1,2,"no",180
"492","trapnest_3",2023-06-29,"BP","A","High",9,"b","3_9","3_9b","3_9b_9","9","72.46","139.75","6 cells",1,"osmia",1,NA,5,0,0,11,6,0,0,NA,6,0,0,0,0,9,0,0,"not sealed","not parasitized",1,2,"no",180
"493","trapnest_30",2023-06-22,"NN","J","High",12,"a","30_12","30_12a","30_12a_1","1","unknown","unknown","2 cells",1,"megachile",3,1,4,0,2,11,0,0.5,0.5,NA,0,1,1,2,0,2,0,0,"not sealed","not parasitized",1,0,"no",173
"494","trapnest_30",2023-06-22,"NN","J","High",12,"a","30_12","30_12a","30_12a_2","2","unknown","unknown","2 cells",1,"megachile",3,1,4,0,2,11,0,0.5,0.5,NA,0,1,1,2,0,2,0,0,"not sealed","not parasitized",1,0,"no",173
"495","trapnest_30",2023-06-30,"NN","J","High",12,"a","30_12","30_12a","30_12a_3","3","unknown","unknown","7 cells + end cap",1,"megachile",1,NA,4,0,1,11,0,2,2,NA,0,3,3,1,0,9,0,0,"sealed","not parasitized",0,0,"no",181
"496","trapnest_30",2023-06-30,"NN","J","High",12,"a","30_12","30_12a","30_12a_4","4","unknown","unknown","7 cells + end cap",1,"megachile",1,NA,4,0,1,11,0,2,2,NA,0,3,3,1,0,9,0,0,"sealed","not parasitized",0,0,"no",181
"497","trapnest_30",2023-06-30,"NN","J","High",12,"a","30_12","30_12a","30_12a_5","5","unknown","unknown","7 cells + end cap",1,"megachile",1,NA,4,0,1,11,0,2,2,NA,0,3,3,1,0,9,0,0,"sealed","not parasitized",0,0,"no",181
"498","trapnest_30",2023-06-30,"NN","J","High",12,"a","30_12","30_12a","30_12a_6","6","unknown","unknown","7 cells + end cap",1,"megachile",1,NA,4,0,1,11,0,2,2,NA,0,3,3,1,0,9,0,0,"sealed","not parasitized",0,0,"no",181
"499","trapnest_30",2023-06-30,"NN","J","High",12,"a","30_12","30_12a","30_12a_7","7","unknown","unknown","7 cells + end cap",1,"megachile",1,NA,4,0,1,11,0,2,2,NA,0,3,3,1,0,9,0,0,"sealed","not parasitized",0,0,"no",181
"500","trapnest_30",2023-06-30,"NN","J","High",12,"a","30_12","30_12a","30_12a_8","8","unknown","unknown","7 cells + end cap",1,"megachile",1,NA,4,0,1,11,0,2,2,NA,0,3,3,1,0,9,0,0,"sealed","not parasitized",0,0,"no",181
"501","trapnest_30",2023-06-30,"NN","J","High",12,"a","30_12","30_12a","30_12a_9","9","unknown","unknown","7 cells + end cap",1,"megachile",1,NA,4,0,1,11,0,2,2,NA,0,3,3,1,0,9,0,0,"sealed","not parasitized",0,0,"yes",181
"502","trapnest_32",2023-06-01,"NN","K","Mid",8,"b","32_8","32_8b","32_8b_1","1","17.37","61.84","2 cells + end cap",1,"osmia",1,1,11,1,0,7,4,0,0,NA,2,0,0,1,0,2,0,0,"sealed","not parasitized",0,4,"no",152
"503","trapnest_32",2023-06-01,"NN","K","Mid",8,"b","32_8","32_8b","32_8b_2","2","17.37","61.84","2 cells + end cap",1,"osmia",1,1,11,1,0,7,4,0,0,NA,2,0,0,1,0,2,0,0,"sealed","not parasitized",0,4,"yes",152
"504","trapnest_35",2023-06-22,"NN","L","Mid",7,"a","35_7","35_7a","35_7a_1","1","4.98","141.88","1 cell",1,"osmia",3,1,8,1,0,6,1,0,0,NA,2,0,0,1,0,1,0,0,"not sealed","not parasitized",1,1,"yes",173
"505","trapnest_35",2023-06-08,"NN","L","Mid",8,"a","35_8","35_8a","35_8a_1","1","unknown","unknown","1 cell",1,"osmia",2,NA,11,0,0,4,2,0,0,NA,1,0,0,0,1,1,1,1,"not sealed","parasitized",1,2,"yes",159
"506","trapnest_35",2023-07-06,"NN","L","Mid",9,"c","35_9","35_9c","35_9c_1","1","9.77","144.43","1 cell",1,"osmia",2,1,12,1,0,6,2,0,0,NA,3,0,0,1,0,1,0,0,"not sealed","not parasitized",1,2,"yes",187
"507","trapnest_36",2023-06-04,"NN","L","High",13,"b","36_13","36_13b","36_13b_1","1","38.51","140.74","3 cells + end cap",1,"osmia",3,1,7,1,0,11,6,0,0,NA,6,0,0,1,0,3,0,0,"sealed","not parasitized",0,4,"no",155
"508","trapnest_36",2023-06-04,"NN","L","High",13,"b","36_13","36_13b","36_13b_2","2","38.51","140.74","3 cells + end cap",1,"osmia",3,1,7,1,0,11,6,0,0,NA,6,0,0,1,0,3,0,0,"sealed","not parasitized",0,4,"no",155
"509","trapnest_36",2023-06-04,"NN","L","High",13,"b","36_13","36_13b","36_13b_3","3","38.51","140.74","3 cells + end cap",1,"osmia",3,1,7,1,0,11,6,0,0,NA,6,0,0,1,0,3,0,0,"sealed","not parasitized",0,4,"yes",155
"510","trapnest_36",2023-06-08,"NN","L","High",15,"b","36_15","36_15b","36_15b_1","1","12.03","143.21","2 cells",1,"osmia",2,1,7,1,0,11,6,0,0,NA,7,0,0,1,0,2,0,0,"not sealed","not parasitized",1,4,"no",159
"511","trapnest_36",2023-06-08,"NN","L","High",15,"b","36_15","36_15b","36_15b_2","2","12.03","143.21","2 cells",1,"osmia",2,1,7,1,0,11,6,0,0,NA,7,0,0,1,0,2,0,0,"not sealed","not parasitized",1,4,"yes",159
"512","trapnest_36",2023-05-29,"NN","L","High",1,"a","36_1","36_1a","36_1a_1","1","86.14","144.22","1 cell",1,"osmia",1,1,7,2,0,11.5,0.5,0,0,NA,2,0,0,2,0,1,0,0,"not sealed","not parasitized",1,2,"no",149
"513","trapnest_36",2023-05-31,"NN","L","High",1,"a","36_1","36_1a","36_1a_2","2","86.14","144.22","5 cells",1,"osmia",2,NA,8,5,0,12,3,0,0,NA,4,0,0,5,0,6,0,0,"not sealed","not parasitized",1,6,"no",151
"514","trapnest_36",2023-05-31,"NN","L","High",1,"a","36_1","36_1a","36_1a_3","3","86.14","144.22","5 cells",1,"osmia",2,NA,8,5,0,12,3,0,0,NA,4,0,0,5,0,6,0,0,"not sealed","not parasitized",1,6,"no",151
"515","trapnest_36",2023-05-31,"NN","L","High",1,"a","36_1","36_1a","36_1a_4","4","86.14","144.22","5 cells",1,"osmia",2,NA,8,5,0,12,3,0,0,NA,4,0,0,5,0,6,0,0,"not sealed","not parasitized",1,6,"no",151
"516","trapnest_36",2023-05-31,"NN","L","High",1,"a","36_1","36_1a","36_1a_5","5","86.14","144.22","5 cells",1,"osmia",2,NA,8,5,0,12,3,0,0,NA,4,0,0,5,0,6,0,0,"not sealed","not parasitized",1,6,"no",151
"517","trapnest_36",2023-05-31,"NN","L","High",1,"a","36_1","36_1a","36_1a_6","6","86.14","144.22","5 cells",1,"osmia",2,NA,8,5,0,12,3,0,0,NA,4,0,0,5,0,6,0,0,"not sealed","not parasitized",1,6,"no",151
"518","trapnest_36",2023-06-01,"NN","L","High",1,"a","36_1","36_1a","36_1a_7","7","86.14","144.22","3 cells + end cap",1,"osmia",1,NA,5,0,0,13,6,0,0,NA,4,0,0,0,0,9,0,0,"sealed","not parasitized",0,5,"no",152
"519","trapnest_36",2023-06-01,"NN","L","High",1,"a","36_1","36_1a","36_1a_8","8","86.14","144.22","3 cells + end cap",1,"osmia",1,NA,5,0,0,13,6,0,0,NA,4,0,0,0,0,9,0,0,"sealed","not parasitized",0,5,"no",152
"520","trapnest_36",2023-06-01,"NN","L","High",1,"a","36_1","36_1a","36_1a_9","9","86.14","144.22","3 cells + end cap",1,"osmia",1,NA,5,0,0,13,6,0,0,NA,4,0,0,0,0,9,0,0,"sealed","not parasitized",0,5,"yes",152
"521","trapnest_36",2023-06-04,"NN","L","High",3,"b","36_3","36_3b","36_3b_1","1","81.83","148.15","4 cells",1,"osmia",3,NA,7,1,0,11,6,0,0,NA,6,0,0,1,0,4,0,0,"not sealed","not parasitized",1,4,"no",155
"522","trapnest_36",2023-06-04,"NN","L","High",3,"b","36_3","36_3b","36_3b_2","2","81.83","148.15","4 cells",1,"osmia",3,NA,7,1,0,11,6,0,0,NA,6,0,0,1,0,4,0,0,"not sealed","not parasitized",1,4,"no",155
"523","trapnest_36",2023-06-04,"NN","L","High",3,"b","36_3","36_3b","36_3b_3","3","81.83","148.15","4 cells",1,"osmia",3,NA,7,1,0,11,6,0,0,NA,6,0,0,1,0,4,0,0,"not sealed","not parasitized",1,4,"no",155
"524","trapnest_36",2023-06-04,"NN","L","High",3,"b","36_3","36_3b","36_3b_4","4","81.83","148.15","4 cells",1,"osmia",3,NA,7,1,0,11,6,0,0,NA,6,0,0,1,0,4,0,0,"not sealed","not parasitized",1,4,"no",155
"525","trapnest_36",2023-06-08,"NN","L","High",3,"b","36_3","36_3b","36_3b_5","5","81.83","148.15","2 cells",1,"osmia",2,NA,7,1,0,11,6,0,0,NA,7,0,0,1,0,6,0,0,"not sealed","not parasitized",1,4,"no",159
"526","trapnest_36",2023-06-08,"NN","L","High",3,"b","36_3","36_3b","36_3b_6","6","81.83","148.15","2 cells",1,"osmia",2,NA,7,1,0,11,6,0,0,NA,7,0,0,1,0,6,0,0,"not sealed","not parasitized",1,4,"no",159
"527","trapnest_36",2023-06-11,"NN","L","High",3,"b","36_3","36_3b","36_3b_7","7","81.83","148.15","2 cells",1,"osmia",1,NA,7,0,0,11,7,0,0,NA,7,0,0,0,0,8,0,0,"not sealed","not parasitized",1,4,"no",162
"528","trapnest_36",2023-06-11,"NN","L","High",3,"b","36_3","36_3b","36_3b_8","8","81.83","148.15","2 cells",1,"osmia",1,NA,7,0,0,11,7,0,0,NA,7,0,0,0,0,8,0,0,"not sealed","not parasitized",1,4,"no",162
"529","trapnest_36",2023-06-15,"NN","L","High",3,"b","36_3","36_3b","36_3b_9","9","81.83","148.15","1 cell + end cap",1,"osmia",0,NA,7,0,0,11,7,0,0,NA,7,0,0,0,0,9,0,0,"sealed","not parasitized",0,3,"yes",166
"530","trapnest_36",2023-05-31,"NN","L","High",4,"b","36_4","36_4b","36_4b_1","1","60.97","136.39","1 cell",1,"osmia",2,1,8,5,0,12,3,0,0,NA,4,0,0,5,0,1,0,0,"not sealed","not parasitized",1,6,"no",151
"531","trapnest_36",2023-06-01,"NN","L","High",4,"b","36_4","36_4b","36_4b_2","2","60.97","136.39","4 cells",1,"osmia",1,NA,5,0,0,13,6,0,0,NA,4,0,0,0,1,5,0.2,1,"not sealed","parasitized",1,5,"no",152
"532","trapnest_36",2023-06-01,"NN","L","High",4,"b","36_4","36_4b","36_4b_3","3","60.97","136.39","4 cells",1,"osmia",1,NA,5,0,0,13,6,0,0,NA,4,0,0,0,1,5,0.2,0,"not sealed","parasitized",1,5,"no",152
"533","trapnest_36",2023-06-01,"NN","L","High",4,"b","36_4","36_4b","36_4b_4","4","60.97","136.39","4 cells",1,"osmia",1,NA,5,0,0,13,6,0,0,NA,4,0,0,0,1,5,0.2,0,"not sealed","parasitized",1,5,"no",152
"534","trapnest_36",2023-06-01,"NN","L","High",4,"b","36_4","36_4b","36_4b_5","5","60.97","136.39","4 cells",1,"osmia",1,NA,5,0,0,13,6,0,0,NA,4,0,0,0,1,5,0.2,0,"not sealed","parasitized",1,5,"no",152
"535","trapnest_36",2023-06-04,"NN","L","High",4,"b","36_4","36_4b","36_4b_6","6","60.97","136.39","1 cell + end cap",1,"osmia",3,NA,7,1,0,11,6,0,0,NA,6,0,0,1,1,6,0.166666666666667,0,"sealed","parasitized",0,4,"yes",155
"536","trapnest_36",2023-05-29,"NN","L","High",6,"a","36_6","36_6a","36_6a_1","1","48","146.43","1 cell",1,"osmia",1,1,7,2,0,11.5,0.5,0,0,NA,2,0,0,2,0,1,0,0,"not sealed","not parasitized",1,2,"no",149
"537","trapnest_36",2023-06-01,"NN","L","High",6,"a","36_6","36_6a","36_6a_2","2","48","146.43","1 cell",1,"osmia",1,NA,5,0,0,13,6,0,0,NA,4,0,0,0,1,2,0.5,1,"not sealed","parasitized",1,5,"no",152
"538","trapnest_36",2023-06-04,"NN","L","High",6,"a","36_6","36_6a","36_6a_3","3","48","146.43","4 cells",1,"osmia",3,NA,7,1,0,11,6,0,0,NA,6,0,0,1,2,4,0.5,0,"not sealed","parasitized",1,4,"no",155
"539","trapnest_36",2023-06-04,"NN","L","High",6,"a","36_6","36_6a","36_6a_4","4","48","146.43","4 cells",1,"osmia",3,NA,7,1,0,11,6,0,0,NA,6,0,0,1,2,4,0.5,1,"not sealed","parasitized",1,4,"yes",155
"540","trapnest_36",2023-06-22,"NN","L","High",8,"b","36_8","36_8b","36_8b_1","1","9.14","138.49","1 cell",1,"osmia",3,1,6,1,0,11,7,0,0,NA,8,0,0,1,0,1,0,0,"not sealed","not parasitized",1,2,"no",173
"541","trapnest_36",2023-06-30,"NN","L","High",8,"b","36_8","36_8b","36_8b_2","2","9.14","138.49","1 cell",1,"osmia",1,NA,5,0,0,11,7,0,0,NA,7,0,0,0,0,2,0,0,"not sealed","not parasitized",1,2,"yes",181
"542","trapnest_36",2023-05-31,"NN","L","High",9,"a","36_9","36_9a","36_9a_1","1","29.63","143.68","2 cells",1,"osmia",2,1,8,5,0,12,3,0,0,NA,4,0,0,5,1,2,0.5,0,"not sealed","parasitized",1,6,"no",151
"543","trapnest_36",2023-05-31,"NN","L","High",9,"a","36_9","36_9a","36_9a_2","2","29.63","143.68","2 cells",1,"osmia",2,1,8,5,0,12,3,0,0,NA,4,0,0,5,1,2,0.5,1,"not sealed","parasitized",1,6,"yes",151
"544","trapnest_4",2023-06-23,"BP","B","Low",8,"a","4_8","4_8a","4_8a_1","1","139.8","139.8","4 cells",1,"osmia",3,1,15,1,0,0,0,0,0,1,1,0,0,1,0,4,0,0,"not sealed","not parasitized",1,1,"no",174
"545","trapnest_4",2023-06-23,"BP","B","Low",8,"a","4_8","4_8a","4_8a_2","2","139.8","139.8","4 cells",1,"osmia",3,1,15,1,0,0,0,0,0,1,1,0,0,1,0,4,0,0,"not sealed","not parasitized",1,1,"no",174
"546","trapnest_4",2023-06-23,"BP","B","Low",8,"a","4_8","4_8a","4_8a_3","3","139.8","139.8","4 cells",1,"osmia",3,1,15,1,0,0,0,0,0,1,1,0,0,1,0,4,0,0,"not sealed","not parasitized",1,1,"no",174
"547","trapnest_4",2023-06-23,"BP","B","Low",8,"a","4_8","4_8a","4_8a_4","4","139.8","139.8","4 cells",1,"osmia",3,1,15,1,0,0,0,0,0,1,1,0,0,1,0,4,0,0,"not sealed","not parasitized",1,1,"no",174
"548","trapnest_4",2023-06-29,"BP","B","Low",8,"a","4_8","4_8a","4_8a_5","5","139.8","139.8","4 cells + end cap",1,"osmia",1,NA,15,0,0,1,1,0,0,1,1,0,0,0,0,8,0,0,"sealed","not parasitized",0,0,"no",180
"549","trapnest_4",2023-06-29,"BP","B","Low",8,"a","4_8","4_8a","4_8a_6","6","139.8","139.8","4 cells + end cap",1,"osmia",1,NA,15,0,0,1,1,0,0,1,1,0,0,0,0,8,0,0,"sealed","not parasitized",0,0,"no",180
"550","trapnest_4",2023-06-29,"BP","B","Low",8,"a","4_8","4_8a","4_8a_7","7","139.8","139.8","4 cells + end cap",1,"osmia",1,NA,15,0,0,1,1,0,0,1,1,0,0,0,0,8,0,0,"sealed","not parasitized",0,0,"no",180
"551","trapnest_4",2023-06-29,"BP","B","Low",8,"a","4_8","4_8a","4_8a_8","8","139.8","139.8","4 cells + end cap",1,"osmia",1,NA,15,0,0,1,1,0,0,1,1,0,0,0,0,8,0,0,"sealed","not parasitized",0,0,"yes",180
"552","trapnest_5",2023-06-02,"BP","B","Mid",18,"a","5_18","5_18a","5_18a_1","1","24.8","143.69","3 cells",1,"osmia",2,1,12,1,0,6,1,0,0,NA,2,0,0,1,1,3,0.333333333333333,1,"not sealed","parasitized",1,1,"no",153
"553","trapnest_5",2023-06-02,"BP","B","Mid",18,"a","5_18","5_18a","5_18a_2","2","24.8","143.69","3 cells",1,"osmia",2,1,12,1,0,6,1,0,0,NA,2,0,0,1,1,3,0.333333333333333,0,"not sealed","parasitized",1,1,"no",153
"554","trapnest_5",2023-06-02,"BP","B","Mid",18,"a","5_18","5_18a","5_18a_3","3","24.8","143.69","3 cells",1,"osmia",2,1,12,1,0,6,1,0,0,NA,2,0,0,1,1,3,0.333333333333333,0,"not sealed","parasitized",1,1,"yes",153
"555","trapnest_50",2023-07-04,"BP","Q","Mid",12,"a","50_12","50_12a","50_12a_1","1","15","143.4","1 cell",1,"osmia",1,1,10,1,1,0,0,6,0,1,1,NA,1,2,0,1,0,0,"not sealed","not parasitized",1,1,"yes",185
"556","trapnest_51",2023-07-04,"BP","Q","High",4,"a","51_4","51_4a","51_4a_1","1","13.86","130.28","1 cell",1,"osmia",1,1,7,1,0,0,0,11,0,1,1,NA,0,1,0,1,0,0,"not sealed","not parasitized",1,1,"yes",185
"557","trapnest_6",2023-05-31,"BP","B","High",10,"a","6_10","6_10a","6_10a_1","1",NA,NA,"pseudo",NA,"osmia",2,NA,8,4,0,11.5,1.5,0,0,NA,4,0,0,4,0,5,0,0,NA,"not parasitized",NA,3,"no",151
"558","trapnest_6",2023-05-31,"BP","B","High",10,"a","6_10","6_10a","6_10a_2","2",NA,NA,"pseudo",NA,"osmia",2,NA,8,4,0,11.5,1.5,0,0,NA,4,0,0,4,0,5,0,0,NA,"not parasitized",NA,3,"no",151
"559","trapnest_6",2023-05-31,"BP","B","High",10,"a","6_10","6_10a","6_10a_3","3",NA,NA,"pseudo",NA,"osmia",2,NA,8,4,0,11.5,1.5,0,0,NA,4,0,0,4,0,5,0,0,NA,"not parasitized",NA,3,"no",151
"560","trapnest_6",2023-05-31,"BP","B","High",10,"a","6_10","6_10a","6_10a_4","4",NA,NA,"pseudo",NA,"osmia",2,NA,8,4,0,11.5,1.5,0,0,NA,4,0,0,4,0,5,0,0,NA,"not parasitized",NA,3,"no",151
"561","trapnest_6",2023-05-31,"BP","B","High",10,"a","6_10","6_10a","6_10a_5","5",NA,NA,"pseudo",NA,"osmia",2,NA,8,4,0,11.5,1.5,0,0,NA,4,0,0,4,0,5,0,0,NA,"not parasitized",NA,3,"yes",151
"562","trapnest_6",2023-06-23,"BP","B","High",13,"b","6_13","6_13b","6_13b_1","1","69.56","144.68","no change",1,"osmia",3,NA,6,0,0,12,6,0,0,NA,6,0,0,0,0,2,0,0,"not sealed","not parasitized",1,1,"no",174
"563","trapnest_6",2023-06-23,"BP","B","High",13,"b","6_13","6_13b","6_13b_2","2","69.56","144.68","no change",1,"osmia",3,NA,6,0,0,12,6,0,0,NA,6,0,0,0,0,2,0,0,"not sealed","not parasitized",1,1,"no",174
"564","trapnest_6",2023-06-29,"BP","B","High",13,"b","6_13","6_13b","6_13b_3","3","69.56","144.68","4 cells",1,"osmia",1,NA,6,0,0,12,6,0,0,NA,6,0,0,0,0,6,0,0,"not sealed","not parasitized",1,1,"no",180
"565","trapnest_6",2023-06-29,"BP","B","High",13,"b","6_13","6_13b","6_13b_4","4","69.56","144.68","4 cells",1,"osmia",1,NA,6,0,0,12,6,0,0,NA,6,0,0,0,0,6,0,0,"not sealed","not parasitized",1,1,"no",180
"566","trapnest_6",2023-06-29,"BP","B","High",13,"b","6_13","6_13b","6_13b_5","5","69.56","144.68","4 cells",1,"osmia",1,NA,6,0,0,12,6,0,0,NA,6,0,0,0,0,6,0,0,"not sealed","not parasitized",1,1,"no",180
"567","trapnest_6",2023-06-29,"BP","B","High",13,"b","6_13","6_13b","6_13b_6","6","69.56","144.68","4 cells",1,"osmia",1,NA,6,0,0,12,6,0,0,NA,6,0,0,0,0,6,0,0,"not sealed","not parasitized",1,1,"yes",180
"568","trapnest_6",2023-05-31,"BP","B","High",14,"a","6_14","6_14a","6_14a_1","1","22.27","144.29","1 cell",1,"osmia",2,1,8,4,0,11.5,1.5,0,0,NA,4,0,0,4,0,1,0,0,"not sealed","not parasitized",1,3,"no",151
"569","trapnest_6",2023-06-05,"BP","B","High",14,"a","6_14","6_14a","6_14a_2","2","22.27","144.29","1 cell",1,"osmia",1,NA,7,1,0,11,4,0,0,NA,5,0,0,1,0,2,0,0,"not sealed","not parasitized",1,2,"no",156
"570","trapnest_6",2023-06-08,"BP","B","High",14,"a","6_14","6_14a","6_14a_3","3","22.27","144.29","1 cell",1,"osmia",2,NA,7,0,0,11,5,0,0,NA,5,0,0,0,0,3,0,0,"not sealed","not parasitized",1,2,"yes",159
"571","trapnest_6",2023-05-31,"BP","B","High",15,"a","6_15","6_15a","6_15a_1","1","81.61","138.87","1 cell",1,"osmia",2,1,8,4,0,11.5,1.5,0,0,NA,4,0,0,4,0,1,0,0,"not sealed","not parasitized",1,3,"no",151
"572","trapnest_6",2023-06-05,"BP","B","High",15,"a","6_15","6_15a","6_15a_10","10","81.61","138.87","5 cells + end cap",1,"osmia",1,NA,7,1,0,11,4,0,0,NA,5,0,0,1,5,9,0.555555555555556,1,"sealed","parasitized",0,2,"no",156
"573","trapnest_6",2023-06-05,"BP","B","High",15,"a","6_15","6_15a","6_15a_11","11","81.61","138.87","5 cells + end cap",1,"osmia",1,NA,7,1,0,11,4,0,0,NA,5,0,0,1,5,9,0.555555555555556,1,"sealed","parasitized",0,2,"no",156
"574","trapnest_6",2023-06-05,"BP","B","High",15,"a","6_15","6_15a","6_15a_12","12","81.61","138.87","5 cells + end cap",1,"osmia",1,NA,7,1,0,11,4,0,0,NA,5,0,0,1,5,9,0.555555555555556,0,"sealed","parasitized",0,2,"yes",156
"575","trapnest_6",2023-06-02,"BP","B","High",15,"a","6_15","6_15a","6_15a_2","2","81.61","138.87","6 cells",1,"osmia",2,NA,8,0,0,10,4,0,0,NA,4,0,0,0,2,7,0.285714285714286,0,"not sealed","parasitized",1,3,"no",153
"576","trapnest_6",2023-06-02,"BP","B","High",15,"a","6_15","6_15a","6_15a_3","3","81.61","138.87","6 cells",1,"osmia",2,NA,8,0,0,10,4,0,0,NA,4,0,0,0,2,7,0.285714285714286,0,"not sealed","parasitized",1,3,"no",153
"577","trapnest_6",2023-06-02,"BP","B","High",15,"a","6_15","6_15a","6_15a_4","4","81.61","138.87","6 cells",1,"osmia",2,NA,8,0,0,10,4,0,0,NA,4,0,0,0,2,7,0.285714285714286,1,"not sealed","parasitized",1,3,"no",153
"578","trapnest_6",2023-06-02,"BP","B","High",15,"a","6_15","6_15a","6_15a_5","5","81.61","138.87","6 cells",1,"osmia",2,NA,8,0,0,10,4,0,0,NA,4,0,0,0,2,7,0.285714285714286,0,"not sealed","parasitized",1,3,"no",153
"579","trapnest_6",2023-06-02,"BP","B","High",15,"a","6_15","6_15a","6_15a_6","6","81.61","138.87","6 cells",1,"osmia",2,NA,8,0,0,10,4,0,0,NA,4,0,0,0,2,7,0.285714285714286,0,"not sealed","parasitized",1,3,"no",153
"580","trapnest_6",2023-06-02,"BP","B","High",15,"a","6_15","6_15a","6_15a_7","7","81.61","138.87","6 cells",1,"osmia",2,NA,8,0,0,10,4,0,0,NA,4,0,0,0,2,7,0.285714285714286,1,"not sealed","parasitized",1,3,"no",153
"581","trapnest_6",2023-06-05,"BP","B","High",15,"a","6_15","6_15a","6_15a_8","8","81.61","138.87","5 cells + end cap",1,"osmia",1,NA,7,1,0,11,4,0,0,NA,5,0,0,1,5,9,0.555555555555556,1,"sealed","parasitized",0,2,"no",156
"582","trapnest_6",2023-06-05,"BP","B","High",15,"a","6_15","6_15a","6_15a_9","9","81.61","138.87","5 cells + end cap",1,"osmia",1,NA,7,1,0,11,4,0,0,NA,5,0,0,1,5,9,0.555555555555556,0,"sealed","parasitized",0,2,"no",156
"583","trapnest_6",2023-06-05,"BP","B","High",5,"b","6_5","6_5b","6_5b_1","1","17.78","135.46","1 cell",1,"osmia",1,1,7,1,0,11,4,0,0,NA,5,0,0,1,0,1,0,0,"not sealed","not parasitized",1,2,"no",156
"584","trapnest_6",2023-06-16,"BP","B","High",5,"b","6_5","6_5b","6_5b_2","2","17.78","135.46","1 cell + end cap",1,"osmia",1,NA,7,0,0,11,5,0,0,NA,5,0,0,0,0,2,0,0,"sealed","not parasitized",0,0,"yes",167
"585","trapnest_62",2023-07-05,"CP","U","Mid",15,"a","62_15","62_15a","62_15a_1","1","28.11","144","2 cells",1,"osmia",1,1,12,1,0,0,0,6,0,1,1,NA,0,1,0,1,0,0,"not sealed","not parasitized",1,1,"yes",186
"586","trapnest_62",2023-07-07,"CP","U","Mid",15,"a","62_15","62_15a","62_15a_1","1","28.11","144","2 cells",1,"osmia",2,NA,11,0,0,1,1,6,0,1,1,NA,0,0,0,1,0,0,"not sealed","not parasitized",1,1,"no",188
"587","trapnest_62",2023-07-07,"CP","U","Mid",15,"a","62_15","62_15a","62_15a_1","1","28.11","144","2 cells",1,"osmia",2,NA,11,0,0,1,1,6,0,1,1,NA,0,0,0,1,0,0,"not sealed","not parasitized",1,1,"no",188
"588","trapnest_64",2023-07-05,"CP","V","Low",14,"a","64_14","64_14a","64_14a_1","1","105.32","142.31","2 cells",1,"osmia",1,1,18,1,0,0,0,0,0,1,1,0,0,1,0,3,0,0,"not sealed","not parasitized",1,1,"no",186
"589","trapnest_64",2023-07-10,"CP","V","Low",14,"a","64_14","64_14a","64_14a_10","10","105.32","142.31","4 cells",1,"osmia",1,NA,16,0,0,1,1,0,0,1,1,0,0,0,0,9,0,0,"not sealed","not parasitized",1,1,"no",191
"590","trapnest_64",2023-07-10,"CP","V","Low",14,"a","64_14","64_14a","64_14a_11","11","105.32","142.31","4 cells",1,"osmia",1,NA,16,0,0,1,1,0,0,1,1,0,0,0,0,9,0,0,"not sealed","not parasitized",1,1,"yes",191
"591","trapnest_64",2023-07-05,"CP","V","Low",14,"a","64_14","64_14a","64_14a_2","2","105.32","142.31","2 cells",1,"osmia",1,1,18,1,0,0,0,0,0,1,1,0,0,1,0,3,0,0,"not sealed","not parasitized",1,1,"no",186
"592","trapnest_64",2023-07-05,"CP","V","Low",14,"a","64_14","64_14a","64_14a_3","3","105.32","142.31","2 cells",1,"osmia",1,1,18,1,0,0,0,0,0,1,1,0,0,1,0,3,0,0,"not sealed","not parasitized",1,1,"no",186
"593","trapnest_64",2023-07-07,"CP","V","Low",14,"a","64_14","64_14a","64_14a_4","4","105.32","142.31","5 cells",1,"osmia",2,NA,16,0,0,1,1,0,0,1,1,0,0,0,0,7,0,0,"not sealed","not parasitized",1,1,"no",188
"594","trapnest_64",2023-07-07,"CP","V","Low",14,"a","64_14","64_14a","64_14a_5","5","105.32","142.31","5 cells",1,"osmia",2,NA,16,0,0,1,1,0,0,1,1,0,0,0,0,7,0,0,"not sealed","not parasitized",1,1,"no",188
"595","trapnest_64",2023-07-07,"CP","V","Low",14,"a","64_14","64_14a","64_14a_6","6","105.32","142.31","5 cells",1,"osmia",2,NA,16,0,0,1,1,0,0,1,1,0,0,0,0,7,0,0,"not sealed","not parasitized",1,1,"no",188
"596","trapnest_64",2023-07-07,"CP","V","Low",14,"a","64_14","64_14a","64_14a_7","7","105.32","142.31","5 cells",1,"osmia",2,NA,16,0,0,1,1,0,0,1,1,0,0,0,0,7,0,0,"not sealed","not parasitized",1,1,"no",188
"597","trapnest_64",2023-07-10,"CP","V","Low",14,"a","64_14","64_14a","64_14a_8","8","105.32","142.31","4 cells",1,"osmia",1,NA,16,0,0,1,1,0,0,1,1,0,0,0,0,9,0,0,"not sealed","not parasitized",1,1,"no",191
"598","trapnest_64",2023-07-10,"CP","V","Low",14,"a","64_14","64_14a","64_14a_9","9","105.32","142.31","4 cells",1,"osmia",1,NA,16,0,0,1,1,0,0,1,1,0,0,0,0,9,0,0,"not sealed","not parasitized",1,1,"no",191
"599","trapnest_7",2023-05-29,"BP","C","Low",12,"a","7_12","7_12a","7_12a_1","1","8.67","142.14","1 cell",1,"osmia",1,1,18,5,1,2,2,0,0,5,5,1,1,6,0,1,0,0,"not sealed","not parasitized",1,3,"yes",149
"600","trapnest_7",2023-05-29,"BP","C","Low",14,"a","7_14","7_14a","7_14a_1","1","138.07","138.07","2 cells",1,"osmia",1,1,18,5,1,2,2,0,0,5,5,1,1,6,0,2,0,0,"not sealed","not parasitized",1,3,"no",149
"601","trapnest_7",2023-06-02,"BP","C","Low",14,"a","7_14","7_14a","7_14a_10","10","138.07","138.07","5 cells",1,"osmia",2,NA,13,0,1,4,4,1,1,4,4,2,2,1,0,9,0,0,"not sealed","not parasitized",1,3,"no",153
"602","trapnest_7",2023-06-02,"BP","C","Low",14,"a","7_14","7_14a","7_14a_11","11","138.07","138.07","5 cells",1,"osmia",2,NA,13,0,1,4,4,1,1,4,4,2,2,1,0,9,0,0,"not sealed","not parasitized",1,3,"no",153
"603","trapnest_7",2023-06-02,"BP","C","Low",14,"a","7_14","7_14a","7_14a_12","12","138.07","138.07","5 cells",1,"osmia",2,NA,13,0,1,4,4,1,1,4,4,2,2,1,0,9,0,0,"not sealed","not parasitized",1,3,"no",153
"604","trapnest_7",2023-06-02,"BP","C","Low",14,"a","7_14","7_14a","7_14a_13","13","138.07","138.07","5 cells",1,"osmia",2,NA,13,0,1,4,4,1,1,4,4,2,2,1,0,9,0,0,"not sealed","not parasitized",1,3,"no",153
"605","trapnest_7",2023-06-05,"BP","C","Low",14,"a","7_14","7_14a","7_14a_14","14","138.07","138.07","6 cells + end cap",1,"osmia",1,NA,14,0,2,3,3,1.5,1.5,3,3,2,2,2,0,9,0,0,"sealed","not parasitized",0,0,"no",156
"606","trapnest_7",2023-06-05,"BP","C","Low",14,"a","7_14","7_14a","7_14a_15","15","138.07","138.07","6 cells + end cap",1,"osmia",1,NA,14,0,2,3,3,1.5,1.5,3,3,2,2,2,0,9,0,0,"sealed","not parasitized",0,0,"no",156
"607","trapnest_7",2023-06-05,"BP","C","Low",14,"a","7_14","7_14a","7_14a_16","16","138.07","138.07","6 cells + end cap",1,"osmia",1,NA,14,0,2,3,3,1.5,1.5,3,3,2,2,2,0,9,0,0,"sealed","not parasitized",0,0,"no",156
"608","trapnest_7",2023-06-05,"BP","C","Low",14,"a","7_14","7_14a","7_14a_17","17","138.07","138.07","6 cells + end cap",1,"osmia",1,NA,14,0,2,3,3,1.5,1.5,3,3,2,2,2,0,9,0,0,"sealed","not parasitized",0,0,"no",156
"609","trapnest_7",2023-06-05,"BP","C","Low",14,"a","7_14","7_14a","7_14a_18","18","138.07","138.07","6 cells + end cap",1,"osmia",1,NA,14,0,2,3,3,1.5,1.5,3,3,2,2,2,0,9,0,0,"sealed","not parasitized",0,0,"no",156
"610","trapnest_7",2023-06-05,"BP","C","Low",14,"a","7_14","7_14a","7_14a_19","19","138.07","138.07","6 cells + end cap",1,"osmia",1,NA,14,0,2,3,3,1.5,1.5,3,3,2,2,2,0,9,0,0,"sealed","not parasitized",0,0,"yes",156
"611","trapnest_7",2023-05-29,"BP","C","Low",14,"a","7_14","7_14a","7_14a_2","2","138.07","138.07","2 cells",1,"osmia",1,1,18,5,1,2,2,0,0,5,5,1,1,6,0,2,0,0,"not sealed","not parasitized",1,3,"no",149
"612","trapnest_7",2023-05-31,"BP","C","Low",14,"a","7_14","7_14a","7_14a_3","3","138.07","138.07","6 cells",1,"osmia",2,NA,17,3,1,2,2,0,0,4,4,1,1,4,0,8,0,0,"not sealed","not parasitized",1,4,"no",151
"613","trapnest_7",2023-05-31,"BP","C","Low",14,"a","7_14","7_14a","7_14a_4","4","138.07","138.07","6 cells",1,"osmia",2,NA,17,3,1,2,2,0,0,4,4,1,1,4,0,8,0,0,"not sealed","not parasitized",1,4,"no",151
"614","trapnest_7",2023-05-31,"BP","C","Low",14,"a","7_14","7_14a","7_14a_5","5","138.07","138.07","6 cells",1,"osmia",2,NA,17,3,1,2,2,0,0,4,4,1,1,4,0,8,0,0,"not sealed","not parasitized",1,4,"no",151
"615","trapnest_7",2023-05-31,"BP","C","Low",14,"a","7_14","7_14a","7_14a_6","6","138.07","138.07","6 cells",1,"osmia",2,NA,17,3,1,2,2,0,0,4,4,1,1,4,0,8,0,0,"not sealed","not parasitized",1,4,"no",151
"616","trapnest_7",2023-05-31,"BP","C","Low",14,"a","7_14","7_14a","7_14a_7","7","138.07","138.07","6 cells",1,"osmia",2,NA,17,3,1,2,2,0,0,4,4,1,1,4,0,8,0,0,"not sealed","not parasitized",1,4,"no",151
"617","trapnest_7",2023-05-31,"BP","C","Low",14,"a","7_14","7_14a","7_14a_8","8","138.07","138.07","6 cells",1,"osmia",2,NA,17,3,1,2,2,0,0,4,4,1,1,4,0,8,0,0,"not sealed","not parasitized",1,4,"no",151
"618","trapnest_7",2023-06-02,"BP","C","Low",14,"a","7_14","7_14a","7_14a_9","9","138.07","138.07","5 cells",1,"osmia",2,NA,13,0,1,4,4,1,1,4,4,2,2,1,0,9,0,0,"not sealed","not parasitized",1,3,"no",153
"619","trapnest_7",2023-05-29,"BP","C","Low",15,"a","7_15","7_15a","7_15a_1","1","83.82","146.73","4 cells",1,"osmia",1,1,18,5,1,2,2,0,0,5,5,1,1,6,0,4,0,0,"not sealed","not parasitized",1,3,"no",149
"620","trapnest_7",2023-06-02,"BP","C","Low",15,"a","7_15","7_15a","7_15a_10","10","83.82","146.73","5 cells + end cap",1,"osmia",2,NA,13,0,1,4,4,1,1,4,4,2,2,1,0,9,0,0,"sealed","not parasitized",0,3,"no",153
"621","trapnest_7",2023-06-02,"BP","C","Low",15,"a","7_15","7_15a","7_15a_11","11","83.82","146.73","5 cells + end cap",1,"osmia",2,NA,13,0,1,4,4,1,1,4,4,2,2,1,0,9,0,0,"sealed","not parasitized",0,3,"no",153
"622","trapnest_7",2023-06-02,"BP","C","Low",15,"a","7_15","7_15a","7_15a_12","12","83.82","146.73","5 cells + end cap",1,"osmia",2,NA,13,0,1,4,4,1,1,4,4,2,2,1,0,9,0,0,"sealed","not parasitized",0,3,"no",153
"623","trapnest_7",2023-06-02,"BP","C","Low",15,"a","7_15","7_15a","7_15a_13","13","83.82","146.73","5 cells + end cap",1,"osmia",2,NA,13,0,1,4,4,1,1,4,4,2,2,1,0,9,0,0,"sealed","not parasitized",0,3,"no",153
"624","trapnest_7",2023-06-02,"BP","C","Low",15,"a","7_15","7_15a","7_15a_14","14","83.82","146.73","5 cells + end cap",1,"osmia",2,NA,13,0,1,4,4,1,1,4,4,2,2,1,0,9,0,0,"sealed","not parasitized",0,3,"yes",153
"625","trapnest_7",2023-05-29,"BP","C","Low",15,"a","7_15","7_15a","7_15a_2","2","83.82","146.73","4 cells",1,"osmia",1,1,18,5,1,2,2,0,0,5,5,1,1,6,0,4,0,0,"not sealed","not parasitized",1,3,"no",149
"626","trapnest_7",2023-05-29,"BP","C","Low",15,"a","7_15","7_15a","7_15a_3","3","83.82","146.73","4 cells",1,"osmia",1,1,18,5,1,2,2,0,0,5,5,1,1,6,0,4,0,0,"not sealed","not parasitized",1,3,"no",149
"627","trapnest_7",2023-05-29,"BP","C","Low",15,"a","7_15","7_15a","7_15a_4","4","83.82","146.73","4 cells",1,"osmia",1,1,18,5,1,2,2,0,0,5,5,1,1,6,0,4,0,0,"not sealed","not parasitized",1,3,"no",149
"628","trapnest_7",2023-05-31,"BP","C","Low",15,"a","7_15","7_15a","7_15a_5","5","83.82","146.73","5 cells",1,"osmia",2,NA,17,3,1,2,2,0,0,4,4,1,1,4,0,9,0,0,"not sealed","not parasitized",1,4,"no",151
"629","trapnest_7",2023-05-31,"BP","C","Low",15,"a","7_15","7_15a","7_15a_6","6","83.82","146.73","5 cells",1,"osmia",2,NA,17,3,1,2,2,0,0,4,4,1,1,4,0,9,0,0,"not sealed","not parasitized",1,4,"no",151
"630","trapnest_7",2023-05-31,"BP","C","Low",15,"a","7_15","7_15a","7_15a_7","7","83.82","146.73","5 cells",1,"osmia",2,NA,17,3,1,2,2,0,0,4,4,1,1,4,0,9,0,0,"not sealed","not parasitized",1,4,"no",151
"631","trapnest_7",2023-05-31,"BP","C","Low",15,"a","7_15","7_15a","7_15a_8","8","83.82","146.73","5 cells",1,"osmia",2,NA,17,3,1,2,2,0,0,4,4,1,1,4,0,9,0,0,"not sealed","not parasitized",1,4,"no",151
"632","trapnest_7",2023-05-31,"BP","C","Low",15,"a","7_15","7_15a","7_15a_9","9","83.82","146.73","5 cells",1,"osmia",2,NA,17,3,1,2,2,0,0,4,4,1,1,4,0,9,0,0,"not sealed","not parasitized",1,4,"no",151
"633","trapnest_7",2023-05-29,"BP","C","Low",17,"a","7_17","7_17a","7_17a_1","1","37.42","148.86","5 cells + end cap",1,"osmia",1,1,18,5,1,2,2,0,0,5,5,1,1,6,1,5,0.2,1,"sealed","parasitized",0,3,"no",149
"634","trapnest_7",2023-05-29,"BP","C","Low",17,"a","7_17","7_17a","7_17a_2","2","37.42","148.86","5 cells + end cap",1,"osmia",1,1,18,5,1,2,2,0,0,5,5,1,1,6,1,5,0.2,0,"sealed","parasitized",0,3,"no",149
"635","trapnest_7",2023-05-29,"BP","C","Low",17,"a","7_17","7_17a","7_17a_3","3","37.42","148.86","5 cells + end cap",1,"osmia",1,1,18,5,1,2,2,0,0,5,5,1,1,6,1,5,0.2,0,"sealed","parasitized",0,3,"no",149
"636","trapnest_7",2023-05-29,"BP","C","Low",17,"a","7_17","7_17a","7_17a_4","4","37.42","148.86","5 cells + end cap",1,"osmia",1,1,18,5,1,2,2,0,0,5,5,1,1,6,1,5,0.2,0,"sealed","parasitized",0,3,"no",149
"637","trapnest_7",2023-05-29,"BP","C","Low",17,"a","7_17","7_17a","7_17a_5","5","37.42","148.86","5 cells + end cap",1,"osmia",1,1,18,5,1,2,2,0,0,5,5,1,1,6,1,5,0.2,0,"sealed","parasitized",0,3,"yes",149
"638","trapnest_7",2023-05-29,"BP","C","Low",2,"a","7_2","7_2a","7_2a_1","1","unknown","unknown","4 cells + end cap",1,"osmia",1,1,18,5,1,2,2,0,0,5,5,1,1,6,0,4,0,0,"sealed","not parasitized",0,3,"no",149
"639","trapnest_7",2023-05-29,"BP","C","Low",2,"a","7_2","7_2a","7_2a_2","2","unknown","unknown","4 cells + end cap",1,"osmia",1,1,18,5,1,2,2,0,0,5,5,1,1,6,0,4,0,0,"sealed","not parasitized",0,3,"no",149
"640","trapnest_7",2023-05-29,"BP","C","Low",2,"a","7_2","7_2a","7_2a_3","3","unknown","unknown","4 cells + end cap",1,"osmia",1,1,18,5,1,2,2,0,0,5,5,1,1,6,0,4,0,0,"sealed","not parasitized",0,3,"no",149
"641","trapnest_7",2023-05-29,"BP","C","Low",2,"a","7_2","7_2a","7_2a_4","4","unknown","unknown","4 cells + end cap",1,"osmia",1,1,18,5,1,2,2,0,0,5,5,1,1,6,0,4,0,0,"sealed","not parasitized",0,3,"yes",149
"642","trapnest_7",2023-05-22,"BP","C","Low",3,"a","7_3","7_3a","7_3a_1","1","24.54","151.22","1 cell",1,"osmia",1,1,18,1,0,0,0,0,0,1,1,0,0,1,0,1,0,0,"not sealed","not parasitized",1,1,"no",142
"643","trapnest_7",2023-05-23,"BP","C","Low",3,"a","7_3","7_3a","7_3a_2","2","24.54","151.22","1 cell",1,"osmia",1,NA,18,1,0,0,0,0,0,1,1,0,0,1,0,2,0,0,"not sealed","not parasitized",1,1,"yes",143
"644","trapnest_7",2023-05-31,"BP","C","Low",3,"b","7_3","7_3b","7_3b_1","1","66.62","139.07","3 cells",1,"osmia",2,1,17,3,1,2,2,0,0,4,4,1,1,4,0,3,0,0,"not sealed","not parasitized",1,4,"no",151
"645","trapnest_7",2023-05-31,"BP","C","Low",3,"b","7_3","7_3b","7_3b_2","2","66.62","139.07","3 cells",1,"osmia",2,1,17,3,1,2,2,0,0,4,4,1,1,4,0,3,0,0,"not sealed","not parasitized",1,4,"no",151
"646","trapnest_7",2023-05-31,"BP","C","Low",3,"b","7_3","7_3b","7_3b_3","3","66.62","139.07","3 cells",1,"osmia",2,1,17,3,1,2,2,0,0,4,4,1,1,4,0,3,0,0,"not sealed","not parasitized",1,4,"no",151
"647","trapnest_7",2023-06-02,"BP","C","Low",3,"b","7_3","7_3b","7_3b_4","4","66.62","139.07","3 cells",1,"osmia",2,NA,13,0,1,4,4,1,1,4,4,2,2,1,0,6,0,0,"not sealed","not parasitized",1,3,"no",153
"648","trapnest_7",2023-06-02,"BP","C","Low",3,"b","7_3","7_3b","7_3b_5","5","66.62","139.07","3 cells",1,"osmia",2,NA,13,0,1,4,4,1,1,4,4,2,2,1,0,6,0,0,"not sealed","not parasitized",1,3,"no",153
"649","trapnest_7",2023-06-02,"BP","C","Low",3,"b","7_3","7_3b","7_3b_6","6","66.62","139.07","3 cells",1,"osmia",2,NA,13,0,1,4,4,1,1,4,4,2,2,1,0,6,0,0,"not sealed","not parasitized",1,3,"no",153
"650","trapnest_7",2023-06-05,"BP","C","Low",3,"b","7_3","7_3b","7_3b_7","7","66.62","139.07","3 cells + end cap",1,"osmia",1,NA,14,0,2,3,3,1.5,1.5,3,3,2,2,2,0,9,0,0,"sealed","not parasitized",0,0,"no",156
"651","trapnest_7",2023-06-05,"BP","C","Low",3,"b","7_3","7_3b","7_3b_8","8","66.62","139.07","3 cells + end cap",1,"osmia",1,NA,14,0,2,3,3,1.5,1.5,3,3,2,2,2,0,9,0,0,"sealed","not parasitized",0,0,"no",156
"652","trapnest_7",2023-06-05,"BP","C","Low",3,"b","7_3","7_3b","7_3b_9","9","66.62","139.07","3 cells + end cap",1,"osmia",1,NA,14,0,2,3,3,1.5,1.5,3,3,2,2,2,0,9,0,0,"sealed","not parasitized",0,0,"yes",156
"653","trapnest_7",2023-06-14,"BP","C","Low",3,"c","7_3","7_3c","7_3c_1","1","2.55","138.37","inner wall + end cap",0,"osmia",0,1,14,1,1,1,1,3,3,1,1,4,4,2,0,1,0,0,"sealed","not parasitized",0,1,"yes",165
"654","trapnest_7",2023-06-23,"BP","C","Low",9,"a","7_9","7_9a","7_9a_1","1","16.75","147.02","3 cells",1,"osmia",3,1,15,1,1,0,0,2,2,1,1,3,3,2,0,3,0,0,"not sealed","not parasitized",1,1,"no",174
"655","trapnest_7",2023-06-23,"BP","C","Low",9,"a","7_9","7_9a","7_9a_2","2","16.75","147.02","3 cells",1,"osmia",3,1,15,1,1,0,0,2,2,1,1,3,3,2,0,3,0,0,"not sealed","not parasitized",1,1,"no",174
"656","trapnest_7",2023-06-23,"BP","C","Low",9,"a","7_9","7_9a","7_9a_3","3","16.75","147.02","3 cells",1,"osmia",3,1,15,1,1,0,0,2,2,1,1,3,3,2,0,3,0,0,"not sealed","not parasitized",1,1,"yes",174
"657","trapnest_8",2023-05-26,"BP","C","Mid",12,"a","8_12","8_12a","8_12a_1","1","59.29","147.64","6 cells",1,"osmia",2,NA,11,1,0,7,2,0,0,NA,3,0,0,1,1,6,0.166666666666667,0,"not sealed","parasitized",1,3,"no",146
"658","trapnest_8",2023-05-31,"BP","C","Mid",12,"a","8_12","8_12a","8_12a_10","10","59.29","147.64","2 cells + end cap",1,"osmia",2,NA,11,0,0,7,4,0,0,NA,4,0,0,0,1,9,0.111111111111111,0,"sealed","parasitized",0,1,"no",151
"659","trapnest_8",2023-05-31,"BP","C","Mid",12,"a","8_12","8_12a","8_12a_11","11","59.29","147.64","2 cells + end cap",1,"osmia",2,NA,11,0,0,7,4,0,0,NA,4,0,0,0,1,9,0.111111111111111,0,"sealed","parasitized",0,1,"yes",151
"660","trapnest_8",2023-05-26,"BP","C","Mid",12,"a","8_12","8_12a","8_12a_2","2","59.29","147.64","6 cells",1,"osmia",2,NA,11,1,0,7,2,0,0,NA,3,0,0,1,1,6,0.166666666666667,0,"not sealed","parasitized",1,3,"no",146
"661","trapnest_8",2023-05-26,"BP","C","Mid",12,"a","8_12","8_12a","8_12a_3","3","59.29","147.64","6 cells",1,"osmia",2,NA,11,1,0,7,2,0,0,NA,3,0,0,1,1,6,0.166666666666667,0,"not sealed","parasitized",1,3,"no",146
"662","trapnest_8",2023-05-26,"BP","C","Mid",12,"a","8_12","8_12a","8_12a_4","4","59.29","147.64","6 cells",1,"osmia",2,NA,11,1,0,7,2,0,0,NA,3,0,0,1,1,6,0.166666666666667,0,"not sealed","parasitized",1,3,"no",146
"663","trapnest_8",2023-05-26,"BP","C","Mid",12,"a","8_12","8_12a","8_12a_5","5","59.29","147.64","6 cells",1,"osmia",2,NA,11,1,0,7,2,0,0,NA,3,0,0,1,1,6,0.166666666666667,0,"not sealed","parasitized",1,3,"no",146
"664","trapnest_8",2023-05-26,"BP","C","Mid",12,"a","8_12","8_12a","8_12a_6","6","59.29","147.64","6 cells",1,"osmia",2,NA,11,1,0,7,2,0,0,NA,3,0,0,1,1,6,0.166666666666667,1,"not sealed","parasitized",1,3,"no",146
"665","trapnest_8",2023-05-29,"BP","C","Mid",12,"a","8_12","8_12a","8_12a_7","7","59.29","147.64","3 cells",1,"osmia",1,NA,10,1,0,8,3,0,0,NA,4,0,0,1,1,9,0.111111111111111,0,"not sealed","parasitized",1,3,"no",149
"666","trapnest_8",2023-05-29,"BP","C","Mid",12,"a","8_12","8_12a","8_12a_8","8","59.29","147.64","3 cells",1,"osmia",1,NA,10,1,0,8,3,0,0,NA,4,0,0,1,1,9,0.111111111111111,0,"not sealed","parasitized",1,3,"no",149
"667","trapnest_8",2023-05-29,"BP","C","Mid",12,"a","8_12","8_12a","8_12a_9","9","59.29","147.64","3 cells",1,"osmia",1,NA,10,1,0,8,3,0,0,NA,4,0,0,1,1,9,0.111111111111111,0,"not sealed","parasitized",1,3,"no",149
"668","trapnest_8",2023-05-26,"BP","C","Mid",16,"a","8_16","8_16a","8_16a_1","1","73.97","142.42","4 cells",1,"osmia",2,1,11,1,0,7,2,0,0,NA,3,0,0,1,1,4,0.25,0,"not sealed","parasitized",1,3,"no",146
"669","trapnest_8",2023-05-26,"BP","C","Mid",16,"a","8_16","8_16a","8_16a_2","2","73.97","142.42","4 cells",1,"osmia",2,1,11,1,0,7,2,0,0,NA,3,0,0,1,1,4,0.25,1,"not sealed","parasitized",1,3,"no",146
"670","trapnest_8",2023-05-26,"BP","C","Mid",16,"a","8_16","8_16a","8_16a_3","3","73.97","142.42","4 cells",1,"osmia",2,1,11,1,0,7,2,0,0,NA,3,0,0,1,1,4,0.25,0,"not sealed","parasitized",1,3,"no",146
"671","trapnest_8",2023-05-26,"BP","C","Mid",16,"a","8_16","8_16a","8_16a_4","4","73.97","142.42","4 cells",1,"osmia",2,1,11,1,0,7,2,0,0,NA,3,0,0,1,1,4,0.25,0,"not sealed","parasitized",1,3,"no",146
"672","trapnest_8",2023-05-29,"BP","C","Mid",16,"a","8_16","8_16a","8_16a_5","5","73.97","142.42","3 cells",1,"osmia",1,NA,10,1,0,8,3,0,0,NA,4,0,0,1,1,7,0.142857142857143,0,"not sealed","parasitized",1,3,"no",149
"673","trapnest_8",2023-05-29,"BP","C","Mid",16,"a","8_16","8_16a","8_16a_6","6","73.97","142.42","3 cells",1,"osmia",1,NA,10,1,0,8,3,0,0,NA,4,0,0,1,1,7,0.142857142857143,0,"not sealed","parasitized",1,3,"no",149
"674","trapnest_8",2023-05-29,"BP","C","Mid",16,"a","8_16","8_16a","8_16a_7","7","73.97","142.42","3 cells",1,"osmia",1,NA,10,1,0,8,3,0,0,NA,4,0,0,1,1,7,0.142857142857143,0,"not sealed","parasitized",1,3,"yes",149
"675","trapnest_8",2023-05-29,"BP","C","Mid",2,"a","8_2","8_2a","8_2a_1","1","17.28","145.88","2 cells",1,"osmia",1,1,10,1,0,8,3,0,0,NA,4,0,0,1,0,2,0,0,"not sealed","not parasitized",1,3,"no",149
"676","trapnest_8",2023-05-29,"BP","C","Mid",2,"a","8_2","8_2a","8_2a_2","2","17.28","145.88","2 cells",1,"osmia",1,1,10,1,0,8,3,0,0,NA,4,0,0,1,0,2,0,0,"not sealed","not parasitized",1,3,"yes",149
"677","trapnest_8",2023-05-22,"BP","C","Mid",3,"a","8_3","8_3a","8_3a_1","1","59.6","147.13","3 cells",1,"osmia",1,1,12,1,0,6,0,0,0,NA,1,0,0,1,3,3,1,1,"not sealed","parasitized",1,1,"no",142
"678","trapnest_8",2023-05-22,"BP","C","Mid",3,"a","8_3","8_3a","8_3a_2","2","59.6","147.13","3 cells",1,"osmia",1,1,12,1,0,6,0,0,0,NA,1,0,0,1,3,3,1,1,"not sealed","parasitized",1,1,"no",142
"679","trapnest_8",2023-05-22,"BP","C","Mid",3,"a","8_3","8_3a","8_3a_3","3","59.6","147.13","3 cells",1,"osmia",1,1,12,1,0,6,0,0,0,NA,1,0,0,1,3,3,1,1,"not sealed","parasitized",1,1,"no",142
"680","trapnest_8",2023-05-23,"BP","C","Mid",3,"a","8_3","8_3a","8_3a_4","4","59.6","147.13","3 cells",1,"osmia",1,NA,13,2,0,5.5,0.5,0,0,NA,1,0,0,2,4,6,0.666666666666667,1,"not sealed","parasitized",1,2,"no",143
"681","trapnest_8",2023-05-23,"BP","C","Mid",3,"a","8_3","8_3a","8_3a_5","5","59.6","147.13","3 cells",1,"osmia",1,NA,13,2,0,5.5,0.5,0,0,NA,1,0,0,2,4,6,0.666666666666667,0,"not sealed","parasitized",1,2,"no",143
"682","trapnest_8",2023-05-23,"BP","C","Mid",3,"a","8_3","8_3a","8_3a_6","6","59.6","147.13","3 cells",1,"osmia",1,NA,13,2,0,5.5,0.5,0,0,NA,1,0,0,2,4,6,0.666666666666667,0,"not sealed","parasitized",1,2,"yes",143
"683","trapnest_9",2023-06-05,"BP","C","High",5,"a","9_5","9_5a","9_5a_1","1","70.8","146.38","8 cells",1,"osmia",1,1,7,1,1,11,2,0,0,NA,3,1,1,2,0,8,0,0,"not sealed","not parasitized",1,1,"no",156
"684","trapnest_9",2023-06-14,"BP","C","High",5,"a","9_5","9_5a","9_5a_10","10","70.8","146.38","3 cells + end cap",1,"osmia",0,NA,3,0,0,10,3,3,3,NA,3,3,3,0,0,9,0,0,"sealed","not parasitized",0,0,"no",165
"685","trapnest_9",2023-06-14,"BP","C","High",5,"a","9_5","9_5a","9_5a_11","11","70.8","146.38","3 cells + end cap",1,"osmia",0,NA,3,0,0,10,3,3,3,NA,3,3,3,0,0,9,0,0,"sealed","not parasitized",0,0,"no",165
"686","trapnest_9",2023-06-14,"BP","C","High",5,"a","9_5","9_5a","9_5a_12","12","70.8","146.38","3 cells + end cap",1,"osmia",0,NA,3,0,0,10,3,3,3,NA,3,3,3,0,0,9,0,0,"sealed","not parasitized",0,0,"yes",165
"687","trapnest_9",2023-06-05,"BP","C","High",5,"a","9_5","9_5a","9_5a_2","2","70.8","146.38","8 cells",1,"osmia",1,1,7,1,1,11,2,0,0,NA,3,1,1,2,0,8,0,0,"not sealed","not parasitized",1,1,"no",156
"688","trapnest_9",2023-06-05,"BP","C","High",5,"a","9_5","9_5a","9_5a_3","3","70.8","146.38","8 cells",1,"osmia",1,1,7,1,1,11,2,0,0,NA,3,1,1,2,0,8,0,0,"not sealed","not parasitized",1,1,"no",156
"689","trapnest_9",2023-06-05,"BP","C","High",5,"a","9_5","9_5a","9_5a_4","4","70.8","146.38","8 cells",1,"osmia",1,1,7,1,1,11,2,0,0,NA,3,1,1,2,0,8,0,0,"not sealed","not parasitized",1,1,"no",156
"690","trapnest_9",2023-06-05,"BP","C","High",5,"a","9_5","9_5a","9_5a_5","5","70.8","146.38","8 cells",1,"osmia",1,1,7,1,1,11,2,0,0,NA,3,1,1,2,0,8,0,0,"not sealed","not parasitized",1,1,"no",156
"691","trapnest_9",2023-06-05,"BP","C","High",5,"a","9_5","9_5a","9_5a_6","6","70.8","146.38","8 cells",1,"osmia",1,1,7,1,1,11,2,0,0,NA,3,1,1,2,0,8,0,0,"not sealed","not parasitized",1,1,"no",156
"692","trapnest_9",2023-06-05,"BP","C","High",5,"a","9_5","9_5a","9_5a_7","7","70.8","146.38","8 cells",1,"osmia",1,1,7,1,1,11,2,0,0,NA,3,1,1,2,0,8,0,0,"not sealed","not parasitized",1,1,"no",156
"693","trapnest_9",2023-06-05,"BP","C","High",5,"a","9_5","9_5a","9_5a_8","8","70.8","146.38","8 cells",1,"osmia",1,1,7,1,1,11,2,0,0,NA,3,1,1,2,0,8,0,0,"not sealed","not parasitized",1,1,"no",156
"694","trapnest_9",2023-06-08,"BP","C","High",5,"a","9_5","9_5a","9_5a_9","9","70.8","146.38","1 cell",1,"osmia",2,NA,7,0,2,10,3,1.5,1.5,NA,3,3,3,2,0,9,0,0,"not sealed","not parasitized",1,1,"no",159
"695","trapnest_9",2023-05-22,"BP","C","High",8,"a","9_8","9_8a","9_8a_1","1","82.48","150.77","2 cells",1,"osmia",1,1,7,1,0,11,0,0,0,NA,1,0,0,1,1,2,0.5,1,"not sealed","parasitized",1,1,"no",142
"696","trapnest_9",2023-05-22,"BP","C","High",8,"a","9_8","9_8a","9_8a_2","2","82.48","150.77","2 cells",1,"osmia",1,1,7,1,0,11,0,0,0,NA,1,0,0,1,1,2,0.5,0,"not sealed","parasitized",1,1,"no",142
"697","trapnest_9",2023-05-23,"BP","C","High",8,"a","9_8","9_8a","9_8a_3","3","82.48","150.77","2 cells",1,"osmia",1,NA,8,1,0,10,0,0,0,NA,1,0,0,1,1,4,0.25,0,"not sealed","parasitized",1,1,"no",143
"698","trapnest_9",2023-05-23,"BP","C","High",8,"a","9_8","9_8a","9_8a_4","4","82.48","150.77","2 cells",1,"osmia",1,NA,8,1,0,10,0,0,0,NA,1,0,0,1,1,4,0.25,0,"not sealed","parasitized",1,1,"no",143
"699","trapnest_9",2023-05-26,"BP","C","High",8,"a","9_8","9_8a","9_8a_5","5","82.48","150.77","4 cells",1,"osmia",2,NA,7,0,0,11,1,0,0,NA,1,0,0,0,1,8,0.125,0,"not sealed","parasitized",1,1,"no",146
"700","trapnest_9",2023-05-26,"BP","C","High",8,"a","9_8","9_8a","9_8a_6","6","82.48","150.77","4 cells",1,"osmia",2,NA,7,0,0,11,1,0,0,NA,1,0,0,0,1,8,0.125,0,"not sealed","parasitized",1,1,"no",146
"701","trapnest_9",2023-05-26,"BP","C","High",8,"a","9_8","9_8a","9_8a_7","7","82.48","150.77","4 cells",1,"osmia",2,NA,7,0,0,11,1,0,0,NA,1,0,0,0,1,8,0.125,0,"not sealed","parasitized",1,1,"no",146
"702","trapnest_9",2023-05-26,"BP","C","High",8,"a","9_8","9_8a","9_8a_8","8","82.48","150.77","4 cells",1,"osmia",2,NA,7,0,0,11,1,0,0,NA,1,0,0,0,1,8,0.125,0,"not sealed","parasitized",1,1,"no",146
"703","trapnest_9",2023-05-29,"BP","C","High",8,"a","9_8","9_8a","9_8a_9","9","82.48","150.77","1 cell + end cap",1,"osmia",1,NA,7,1,0,11,1,0,0,NA,1,0,0,1,2,9,0.222222222222222,1,"sealed","parasitized",0,1,"yes",149
"704","trapnest_9",2023-05-31,"BP","C","High",9,"b","9_9","9_9b","9_9b_1","1","104.11","150.1","5 cells",1,"osmia",2,NA,8,1,0,10,1,0,0,NA,2,0,0,1,0,5,0,0,"not sealed","not parasitized",1,1,"no",151
"705","trapnest_9",2023-06-02,"BP","C","High",9,"b","9_9","9_9b","9_9b_10","10","104.11","150.1","7 cells",1,"osmia",2,NA,7,0,0,11,2,0,0,NA,2,0,0,0,0,9,0,0,"not sealed","not parasitized",1,1,"no",153
"706","trapnest_9",2023-06-02,"BP","C","High",9,"b","9_9","9_9b","9_9b_11","11","104.11","150.1","7 cells",1,"osmia",2,NA,7,0,0,11,2,0,0,NA,2,0,0,0,0,9,0,0,"not sealed","not parasitized",1,1,"no",153
"707","trapnest_9",2023-06-02,"BP","C","High",9,"b","9_9","9_9b","9_9b_12","12","104.11","150.1","7 cells",1,"osmia",2,NA,7,0,0,11,2,0,0,NA,2,0,0,0,0,9,0,0,"not sealed","not parasitized",1,1,"no",153
"708","trapnest_9",2023-06-05,"BP","C","High",9,"b","9_9","9_9b","9_9b_13","13","104.11","150.1","3 cells + end cap",1,"osmia",1,NA,7,1,1,11,2,0,0,NA,3,1,1,2,0,9,0,0,"sealed","not parasitized",0,1,"no",156
"709","trapnest_9",2023-06-05,"BP","C","High",9,"b","9_9","9_9b","9_9b_14","14","104.11","150.1","3 cells + end cap",1,"osmia",1,NA,7,1,1,11,2,0,0,NA,3,1,1,2,0,9,0,0,"sealed","not parasitized",0,1,"no",156
"710","trapnest_9",2023-06-05,"BP","C","High",9,"b","9_9","9_9b","9_9b_15","15","104.11","150.1","3 cells + end cap",1,"osmia",1,NA,7,1,1,11,2,0,0,NA,3,1,1,2,0,9,0,0,"sealed","not parasitized",0,1,"yes",156
"711","trapnest_9",2023-05-31,"BP","C","High",9,"b","9_9","9_9b","9_9b_2","2","104.11","150.1","5 cells",1,"osmia",2,NA,8,1,0,10,1,0,0,NA,2,0,0,1,0,5,0,0,"not sealed","not parasitized",1,1,"no",151
"712","trapnest_9",2023-05-31,"BP","C","High",9,"b","9_9","9_9b","9_9b_3","3","104.11","150.1","5 cells",1,"osmia",2,NA,8,1,0,10,1,0,0,NA,2,0,0,1,0,5,0,0,"not sealed","not parasitized",1,1,"no",151
"713","trapnest_9",2023-05-31,"BP","C","High",9,"b","9_9","9_9b","9_9b_4","4","104.11","150.1","5 cells",1,"osmia",2,NA,8,1,0,10,1,0,0,NA,2,0,0,1,0,5,0,0,"not sealed","not parasitized",1,1,"no",151
"714","trapnest_9",2023-05-31,"BP","C","High",9,"b","9_9","9_9b","9_9b_5","5","104.11","150.1","5 cells",1,"osmia",2,NA,8,1,0,10,1,0,0,NA,2,0,0,1,0,5,0,0,"not sealed","not parasitized",1,1,"no",151
"715","trapnest_9",2023-06-02,"BP","C","High",9,"b","9_9","9_9b","9_9b_6","6","104.11","150.1","7 cells",1,"osmia",2,NA,7,0,0,11,2,0,0,NA,2,0,0,0,0,9,0,0,"not sealed","not parasitized",1,1,"no",153
"716","trapnest_9",2023-06-02,"BP","C","High",9,"b","9_9","9_9b","9_9b_7","7","104.11","150.1","7 cells",1,"osmia",2,NA,7,0,0,11,2,0,0,NA,2,0,0,0,0,9,0,0,"not sealed","not parasitized",1,1,"no",153
"717","trapnest_9",2023-06-02,"BP","C","High",9,"b","9_9","9_9b","9_9b_8","8","104.11","150.1","7 cells",1,"osmia",2,NA,7,0,0,11,2,0,0,NA,2,0,0,0,0,9,0,0,"not sealed","not parasitized",1,1,"no",153
"718","trapnest_9",2023-06-02,"BP","C","High",9,"b","9_9","9_9b","9_9b_9","9","104.11","150.1","7 cells",1,"osmia",2,NA,7,0,0,11,2,0,0,NA,2,0,0,0,0,9,0,0,"not sealed","not parasitized",1,1,"no",153
