"","Trapnest","Date","Day_of_year","Site","Subsite","Treatment","Good_days","New_nests_meg","New_nests_sum","Meg_ps_prior","Meg_no_ps_prior","Sum_unsealed_meg","DP_meg_prior","NDP_meg_prior","NDP_ps_meg_prior"
"1","trapnest_100",2024-06-05,157,"CP","AJ","Low",2,0,0,0,0,NA,0,0,0
"2","trapnest_100",2024-06-11,163,"CP","AJ","Low",1,0,0,0,0,NA,0,0,0
"3","trapnest_100",2024-06-14,166,"CP","AJ","Low",1,0,0,0,0,NA,0,0,0
"4","trapnest_100",2024-06-17,169,"CP","AJ","Low",3,0,0,0,0,NA,0,0,0
"5","trapnest_100",2024-06-21,173,"CP","AJ","Low",4,1,1,0,0,1,0,0,0
"6","trapnest_100",2024-06-25,177,"CP","AJ","Low",1,0,0,1,1,1,0,1,1
"7","trapnest_100",2024-06-28,180,"CP","AJ","Low",3,0,0,1,1,1,0,1,1
"8","trapnest_100",2024-07-02,184,"CP","AJ","Low",3,0,0,1,1,1,0,1,1
"9","trapnest_100",2024-07-05,187,"CP","AJ","Low",3,0,0,0,0,NA,0,0,0
"10","trapnest_100",2024-07-08,190,"CP","AJ","Low",2,0,0,0,0,NA,0,0,0
"11","trapnest_100",2024-07-13,195,"CP","AJ","Low",2,0,0,0,0,NA,0,0,0
"12","trapnest_100",2024-07-16,198,"CP","AJ","Low",3,0,0,0,0,NA,0,0,0
"13","trapnest_100",2024-07-19,201,"CP","AJ","Low",2,0,0,0,0,NA,0,0,0
"14","trapnest_100",2024-07-22,204,"CP","AJ","Low",3,0,0,0,0,NA,0,0,0
"15","trapnest_100",2024-07-24,206,"CP","AJ","Low",2,0,0,0,0,NA,0,0,0
"16","trapnest_100",2024-07-26,208,"CP","AJ","Low",0,0,0,0,0,NA,0,0,0
"17","trapnest_100",2024-07-29,211,"CP","AJ","Low",3,0,0,0,0,NA,0,0,0
"18","trapnest_100",2024-08-02,215,"CP","AJ","Low",3,0,0,0,0,NA,0,0,0
"19","trapnest_100",2024-08-06,219,"CP","AJ","Low",3,0,0,0,0,NA,0,0,0
"20","trapnest_100",2024-08-08,221,"CP","AJ","Low",0,0,0,0,0,NA,0,0,0
"21","trapnest_100",2024-08-12,225,"CP","AJ","Low",3,0,0,0,0,NA,0,0,0
"22","trapnest_101",2024-06-05,157,"CP","AJ","Mid",2,0,0,6,0,NA,0,0,6
"23","trapnest_101",2024-06-11,163,"CP","AJ","Mid",1,0,0,6,0,NA,0,0,6
"24","trapnest_101",2024-06-14,166,"CP","AJ","Mid",1,0,0,6,0,NA,0,0,6
"25","trapnest_101",2024-06-17,169,"CP","AJ","Mid",3,0,0,6,0,NA,0,0,6
"26","trapnest_101",2024-06-21,173,"CP","AJ","Mid",4,0,0,6,0,NA,0,0,6
"27","trapnest_101",2024-06-25,177,"CP","AJ","Mid",1,0,0,6,0,NA,0,0,6
"28","trapnest_101",2024-06-28,180,"CP","AJ","Mid",3,0,0,6,0,NA,0,0,6
"29","trapnest_101",2024-07-02,184,"CP","AJ","Mid",3,0,0,6,0,NA,0,0,6
"30","trapnest_101",2024-07-05,187,"CP","AJ","Mid",3,0,0,6,0,NA,0,0,6
"31","trapnest_101",2024-07-08,190,"CP","AJ","Mid",2,0,0,6,0,NA,0,0,6
"32","trapnest_101",2024-07-13,195,"CP","AJ","Mid",2,0,0,6,0,NA,0,0,6
"33","trapnest_101",2024-07-16,198,"CP","AJ","Mid",3,0,0,6,0,NA,0,0,6
"34","trapnest_101",2024-07-19,201,"CP","AJ","Mid",2,0,0,6,0,NA,0,0,6
"35","trapnest_101",2024-07-22,204,"CP","AJ","Mid",3,0,0,6,0,NA,0,0,6
"36","trapnest_101",2024-07-24,206,"CP","AJ","Mid",2,0,0,6,0,NA,0,0,6
"37","trapnest_101",2024-07-26,208,"CP","AJ","Mid",0,0,0,6,0,NA,0,0,6
"38","trapnest_101",2024-07-29,211,"CP","AJ","Mid",3,0,0,6,0,NA,0,0,6
"39","trapnest_101",2024-08-02,215,"CP","AJ","Mid",3,0,0,6,0,NA,0,0,6
"40","trapnest_101",2024-08-06,219,"CP","AJ","Mid",3,0,0,6,0,NA,0,0,6
"41","trapnest_101",2024-08-08,221,"CP","AJ","Mid",0,0,0,6,0,NA,0,0,6
"42","trapnest_101",2024-08-12,225,"CP","AJ","Mid",3,0,0,6,0,NA,0,0,6
"43","trapnest_102",2024-06-05,157,"CP","AJ","High",2,0,0,10,0,NA,0,0,10
"44","trapnest_102",2024-06-11,163,"CP","AJ","High",1,0,0,10,0,NA,0,0,10
"45","trapnest_102",2024-06-14,166,"CP","AJ","High",1,0,0,10,0,NA,0,0,10
"46","trapnest_102",2024-06-17,169,"CP","AJ","High",3,0,0,10,0,NA,0,0,10
"47","trapnest_102",2024-06-21,173,"CP","AJ","High",4,1,1,10,0,1,0,0,10
"48","trapnest_102",2024-06-25,177,"CP","AJ","High",1,1,1,10,1,2,0,1,10
"49","trapnest_102",2024-06-28,180,"CP","AJ","High",3,0,0,10,2,2,0,2,10
"50","trapnest_102",2024-07-02,184,"CP","AJ","High",3,0,0,10,2,2,0,2,10
"51","trapnest_102",2024-07-05,187,"CP","AJ","High",3,0,0,10,2,0,0,2,10
"52","trapnest_102",2024-07-08,190,"CP","AJ","High",2,0,0,10,2,0,0,2,10
"53","trapnest_102",2024-07-13,195,"CP","AJ","High",2,0,0,10,2,0,0,2,10
"54","trapnest_102",2024-07-16,198,"CP","AJ","High",3,0,0,10,2,0,0,2,10
"55","trapnest_102",2024-07-19,201,"CP","AJ","High",2,0,0,10,2,0,0,2,10
"56","trapnest_102",2024-07-22,204,"CP","AJ","High",3,0,0,10,2,0,0,2,10
"57","trapnest_102",2024-07-24,206,"CP","AJ","High",2,0,0,10,2,0,0,2,10
"58","trapnest_102",2024-07-26,208,"CP","AJ","High",0,0,0,10,0,NA,0,0,10
"59","trapnest_102",2024-07-29,211,"CP","AJ","High",3,0,0,10,0,NA,0,0,10
"60","trapnest_102",2024-08-02,215,"CP","AJ","High",3,0,0,10,0,NA,0,0,10
"61","trapnest_102",2024-08-06,219,"CP","AJ","High",3,0,0,10,0,NA,0,0,10
"62","trapnest_102",2024-08-08,221,"CP","AJ","High",0,0,0,10,0,NA,0,0,10
"63","trapnest_102",2024-08-12,225,"CP","AJ","High",3,0,0,10,0,NA,0,0,10
"64","trapnest_103",2024-06-05,157,"CP","AK","Low",2,0,0,0,0,NA,0,0,0
"65","trapnest_103",2024-06-11,163,"CP","AK","Low",1,0,0,0,0,NA,0,0,0
"66","trapnest_103",2024-06-14,166,"CP","AK","Low",1,0,0,0,0,NA,0,0,0
"67","trapnest_103",2024-06-17,169,"CP","AK","Low",3,0,0,0,0,NA,0,0,0
"68","trapnest_103",2024-06-21,173,"CP","AK","Low",4,0,0,0,0,NA,0,0,0
"69","trapnest_103",2024-06-25,177,"CP","AK","Low",1,0,0,0,0,NA,0,0,0
"70","trapnest_103",2024-06-28,180,"CP","AK","Low",3,0,0,0,0,NA,0,0,0
"71","trapnest_103",2024-07-02,184,"CP","AK","Low",3,0,0,0,0,NA,0,0,0
"72","trapnest_103",2024-07-05,187,"CP","AK","Low",3,0,0,0,0,NA,0,0,0
"73","trapnest_103",2024-07-08,190,"CP","AK","Low",2,0,0,0,0,NA,0,0,0
"74","trapnest_103",2024-07-13,195,"CP","AK","Low",2,0,0,0,0,NA,0,0,0
"75","trapnest_103",2024-07-16,198,"CP","AK","Low",3,0,0,0,0,NA,0,0,0
"76","trapnest_103",2024-07-19,201,"CP","AK","Low",2,0,0,0,0,NA,0,0,0
"77","trapnest_103",2024-07-22,204,"CP","AK","Low",3,0,0,0,0,NA,0,0,0
"78","trapnest_103",2024-07-24,206,"CP","AK","Low",2,0,0,0,0,NA,0,0,0
"79","trapnest_103",2024-07-26,208,"CP","AK","Low",0,0,0,0,0,NA,0,0,0
"80","trapnest_103",2024-07-29,211,"CP","AK","Low",3,0,0,0,0,NA,0,0,0
"81","trapnest_103",2024-08-02,215,"CP","AK","Low",3,0,0,0,0,NA,0,0,0
"82","trapnest_103",2024-08-06,219,"CP","AK","Low",3,0,0,0,0,NA,0,0,0
"83","trapnest_103",2024-08-08,221,"CP","AK","Low",0,0,0,0,0,NA,0,0,0
"84","trapnest_103",2024-08-12,225,"CP","AK","Low",3,0,0,0,0,NA,0,0,0
"85","trapnest_104",2024-06-05,157,"CP","AK","Mid",2,0,0,6,0,NA,0,0,6
"86","trapnest_104",2024-06-11,163,"CP","AK","Mid",1,0,0,6,0,NA,0,0,6
"87","trapnest_104",2024-06-14,166,"CP","AK","Mid",1,0,0,6,0,NA,0,0,6
"88","trapnest_104",2024-06-17,169,"CP","AK","Mid",3,0,0,6,0,NA,0,0,6
"89","trapnest_104",2024-06-21,173,"CP","AK","Mid",4,1,1,6,0,1,0,0,6
"90","trapnest_104",2024-06-25,177,"CP","AK","Mid",1,0,0,6,1,1,0,1,6
"91","trapnest_104",2024-06-28,180,"CP","AK","Mid",3,0,0,6,1,1,0,1,6
"92","trapnest_104",2024-07-02,184,"CP","AK","Mid",3,1,1,6,1,2,0,1,6
"93","trapnest_104",2024-07-05,187,"CP","AK","Mid",3,0,0,7,1,1,0,1,7
"94","trapnest_104",2024-07-08,190,"CP","AK","Mid",2,0,0,6,1,1,0,1,6
"95","trapnest_104",2024-07-13,195,"CP","AK","Mid",2,1,1,6,1,2,0,1,6
"96","trapnest_104",2024-07-16,198,"CP","AK","Mid",3,0,0,6,2,1,0,2,6
"97","trapnest_104",2024-07-19,201,"CP","AK","Mid",2,0,0,6,2,1,0,2,6
"98","trapnest_104",2024-07-22,204,"CP","AK","Mid",3,1,1,6,2,1,0,2,6
"99","trapnest_104",2024-07-24,206,"CP","AK","Mid",2,0,0,7,3,1,0,3,7
"100","trapnest_104",2024-07-26,208,"CP","AK","Mid",0,0,0,7,3,1,0,3,7
"101","trapnest_104",2024-07-29,211,"CP","AK","Mid",3,1,1,7,3,1,0,3,7
"102","trapnest_104",2024-08-02,215,"CP","AK","Mid",3,0,0,7,3,1,0,3,7
"103","trapnest_104",2024-08-06,219,"CP","AK","Mid",3,0,0,7,2,1,0,2,7
"104","trapnest_104",2024-08-08,221,"CP","AK","Mid",0,0,0,7,2,1,0,2,7
"105","trapnest_104",2024-08-12,225,"CP","AK","Mid",3,0,0,7,2,1,0,2,7
"106","trapnest_105",2024-06-05,157,"CP","AK","High",2,0,0,11,0,NA,0,0,11
"107","trapnest_105",2024-06-11,163,"CP","AK","High",1,0,0,11,0,NA,0,0,11
"108","trapnest_105",2024-06-14,166,"CP","AK","High",1,0,0,11,0,NA,0,0,11
"109","trapnest_105",2024-06-17,169,"CP","AK","High",3,0,0,11,0,NA,0,0,11
"110","trapnest_105",2024-06-21,173,"CP","AK","High",4,0,0,11,0,NA,0,0,11
"111","trapnest_105",2024-06-25,177,"CP","AK","High",1,0,0,11,0,NA,0,0,11
"112","trapnest_105",2024-06-28,180,"CP","AK","High",3,0,0,11,0,NA,0,0,11
"113","trapnest_105",2024-07-02,184,"CP","AK","High",3,0,0,11,0,NA,0,0,11
"114","trapnest_105",2024-07-05,187,"CP","AK","High",3,0,0,11,0,NA,0,0,11
"115","trapnest_105",2024-07-08,190,"CP","AK","High",2,0,0,11,0,NA,0,0,11
"116","trapnest_105",2024-07-13,195,"CP","AK","High",2,0,0,11,0,NA,0,0,11
"117","trapnest_105",2024-07-16,198,"CP","AK","High",3,0,0,11,0,NA,0,0,11
"118","trapnest_105",2024-07-19,201,"CP","AK","High",2,0,0,11,0,NA,0,0,11
"119","trapnest_105",2024-07-22,204,"CP","AK","High",3,0,0,11,0,NA,0,0,11
"120","trapnest_105",2024-07-24,206,"CP","AK","High",2,0,0,11,0,NA,0,0,11
"121","trapnest_105",2024-07-26,208,"CP","AK","High",0,0,0,11,0,NA,0,0,11
"122","trapnest_105",2024-07-29,211,"CP","AK","High",3,0,0,11,0,NA,0,0,11
"123","trapnest_105",2024-08-02,215,"CP","AK","High",3,0,0,11,0,NA,0,0,11
"124","trapnest_105",2024-08-06,219,"CP","AK","High",3,0,0,11,0,NA,0,0,11
"125","trapnest_105",2024-08-08,221,"CP","AK","High",0,0,0,11,0,NA,0,0,11
"126","trapnest_105",2024-08-12,225,"CP","AK","High",3,0,0,11,0,NA,0,0,11
"127","trapnest_106",2024-06-05,157,"CP","AL","Low",2,0,0,0,0,NA,0,0,0
"128","trapnest_106",2024-06-11,163,"CP","AL","Low",1,0,0,0,0,NA,0,0,0
"129","trapnest_106",2024-06-14,166,"CP","AL","Low",1,0,0,0,0,NA,0,0,0
"130","trapnest_106",2024-06-17,169,"CP","AL","Low",3,0,0,0,0,NA,0,0,0
"131","trapnest_106",2024-06-21,173,"CP","AL","Low",4,1,1,0,0,1,0,0,0
"132","trapnest_106",2024-06-25,177,"CP","AL","Low",1,0,0,1,1,0,0,1,1
"133","trapnest_106",2024-06-28,180,"CP","AL","Low",3,0,0,1,1,0,0,1,1
"134","trapnest_106",2024-07-02,184,"CP","AL","Low",3,0,0,1,1,0,0,1,1
"135","trapnest_106",2024-07-05,187,"CP","AL","Low",3,0,0,0,0,NA,0,0,0
"136","trapnest_106",2024-07-08,190,"CP","AL","Low",2,0,0,0,0,NA,0,0,0
"137","trapnest_106",2024-07-13,195,"CP","AL","Low",2,0,0,0,0,NA,0,0,0
"138","trapnest_106",2024-07-16,198,"CP","AL","Low",3,0,0,0,0,NA,0,0,0
"139","trapnest_106",2024-07-19,201,"CP","AL","Low",2,0,0,0,0,NA,0,0,0
"140","trapnest_106",2024-07-22,204,"CP","AL","Low",3,0,0,0,0,NA,0,0,0
"141","trapnest_106",2024-07-24,206,"CP","AL","Low",2,0,0,0,0,NA,0,0,0
"142","trapnest_106",2024-07-26,208,"CP","AL","Low",0,0,0,0,0,NA,0,0,0
"143","trapnest_106",2024-07-29,211,"CP","AL","Low",3,0,0,0,0,NA,0,0,0
"144","trapnest_106",2024-08-02,215,"CP","AL","Low",3,0,0,0,0,NA,0,0,0
"145","trapnest_106",2024-08-06,219,"CP","AL","Low",3,0,0,0,0,NA,0,0,0
"146","trapnest_106",2024-08-08,221,"CP","AL","Low",0,0,0,0,0,NA,0,0,0
"147","trapnest_106",2024-08-12,225,"CP","AL","Low",3,0,0,0,0,NA,0,0,0
"148","trapnest_107",2024-06-05,157,"CP","AL","Mid",2,1,1,6,0,1,0,0,6
"149","trapnest_107",2024-06-11,163,"CP","AL","Mid",1,0,0,6,1,1,1,0,5
"150","trapnest_107",2024-06-14,166,"CP","AL","Mid",1,0,0,6,1,1,1,0,5
"151","trapnest_107",2024-06-17,169,"CP","AL","Mid",3,1,1,6,1,2,1,0,5
"152","trapnest_107",2024-06-21,173,"CP","AL","Mid",4,0,0,7,2,0,0,2,7
"153","trapnest_107",2024-06-25,177,"CP","AL","Mid",1,0,0,6,2,0,0,2,6
"154","trapnest_107",2024-06-28,180,"CP","AL","Mid",3,0,0,6,2,0,0,2,6
"155","trapnest_107",2024-07-02,184,"CP","AL","Mid",3,0,0,6,2,0,0,2,6
"156","trapnest_107",2024-07-05,187,"CP","AL","Mid",3,0,0,6,2,0,0,2,6
"157","trapnest_107",2024-07-08,190,"CP","AL","Mid",2,0,0,6,2,0,0,2,6
"158","trapnest_107",2024-07-13,195,"CP","AL","Mid",2,0,0,6,2,0,0,2,6
"159","trapnest_107",2024-07-16,198,"CP","AL","Mid",3,0,0,6,2,0,0,2,6
"160","trapnest_107",2024-07-19,201,"CP","AL","Mid",2,0,0,6,2,0,0,2,6
"161","trapnest_107",2024-07-22,204,"CP","AL","Mid",3,0,0,6,2,0,0,2,6
"162","trapnest_107",2024-07-24,206,"CP","AL","Mid",2,0,0,6,2,0,0,2,6
"163","trapnest_107",2024-07-26,208,"CP","AL","Mid",0,0,0,6,0,NA,0,0,6
"164","trapnest_107",2024-07-29,211,"CP","AL","Mid",3,0,0,6,0,NA,0,0,6
"165","trapnest_107",2024-08-02,215,"CP","AL","Mid",3,0,0,6,0,NA,0,0,6
"166","trapnest_107",2024-08-06,219,"CP","AL","Mid",3,0,0,6,0,NA,0,0,6
"167","trapnest_107",2024-08-08,221,"CP","AL","Mid",0,0,0,6,0,NA,0,0,6
"168","trapnest_107",2024-08-12,225,"CP","AL","Mid",3,0,0,6,0,NA,0,0,6
"169","trapnest_108",2024-06-05,157,"CP","AL","High",2,0,0,11,0,NA,0,0,11
"170","trapnest_108",2024-06-11,163,"CP","AL","High",1,0,0,11,0,NA,0,0,11
"171","trapnest_108",2024-06-14,166,"CP","AL","High",1,0,0,11,0,NA,0,0,11
"172","trapnest_108",2024-06-17,169,"CP","AL","High",3,0,0,11,0,NA,0,0,11
"173","trapnest_108",2024-06-21,173,"CP","AL","High",4,0,0,11,0,NA,0,0,11
"174","trapnest_108",2024-06-25,177,"CP","AL","High",1,0,0,11,0,NA,0,0,11
"175","trapnest_108",2024-06-28,180,"CP","AL","High",3,0,0,11,0,NA,0,0,11
"176","trapnest_108",2024-07-02,184,"CP","AL","High",3,0,0,11,0,NA,0,0,11
"177","trapnest_108",2024-07-05,187,"CP","AL","High",3,0,0,11,0,NA,0,0,11
"178","trapnest_108",2024-07-08,190,"CP","AL","High",2,0,0,11,0,NA,0,0,11
"179","trapnest_108",2024-07-13,195,"CP","AL","High",2,0,0,10,0,NA,0,0,10
"180","trapnest_108",2024-07-16,198,"CP","AL","High",3,0,0,10,0,NA,0,0,10
"181","trapnest_108",2024-07-19,201,"CP","AL","High",2,0,0,10,0,NA,0,0,10
"182","trapnest_108",2024-07-22,204,"CP","AL","High",3,0,0,10,0,NA,0,0,10
"183","trapnest_108",2024-07-24,206,"CP","AL","High",2,0,0,10,0,NA,0,0,10
"184","trapnest_108",2024-07-26,208,"CP","AL","High",0,0,0,10,0,NA,0,0,10
"185","trapnest_108",2024-07-29,211,"CP","AL","High",3,0,0,10,0,NA,0,0,10
"186","trapnest_108",2024-08-02,215,"CP","AL","High",3,0,0,10,0,NA,0,0,10
"187","trapnest_108",2024-08-06,219,"CP","AL","High",3,0,0,10,0,NA,0,0,10
"188","trapnest_108",2024-08-08,221,"CP","AL","High",0,0,0,10,0,NA,0,0,10
"189","trapnest_108",2024-08-12,225,"CP","AL","High",3,0,0,10,0,NA,0,0,10
"190","trapnest_10",2023-05-11,131,"BP","D","Low",3,0,0,0,0,NA,0,0,0
"191","trapnest_10",2023-05-12,132,"BP","D","Low",1,0,0,0,0,NA,0,0,0
"192","trapnest_10",2023-05-15,135,"BP","D","Low",3,0,0,0,0,NA,0,0,0
"193","trapnest_10",2023-05-16,136,"BP","D","Low",1,0,0,0,0,NA,0,0,0
"194","trapnest_10",2023-05-17,137,"BP","D","Low",1,0,0,0,0,NA,0,0,0
"195","trapnest_10",2023-05-19,139,"BP","D","Low",2,0,0,0,0,NA,0,0,0
"196","trapnest_10",2023-05-21,141,"BP","D","Low",1,0,0,0,0,NA,0,0,0
"197","trapnest_10",2023-05-22,142,"BP","D","Low",1,0,0,0,0,NA,0,0,0
"198","trapnest_10",2023-05-23,143,"BP","D","Low",1,0,0,0,0,NA,0,0,0
"199","trapnest_10",2023-05-26,146,"BP","D","Low",2,0,0,0,0,NA,0,0,0
"200","trapnest_10",2023-05-28,148,"BP","D","Low",2,0,0,0,0,NA,0,0,0
"201","trapnest_10",2023-05-29,149,"BP","D","Low",1,0,0,0,0,NA,0,0,0
"202","trapnest_10",2023-05-31,151,"BP","D","Low",2,0,0,0,0,NA,0,0,0
"203","trapnest_10",2023-06-02,153,"BP","D","Low",2,0,0,0,0,NA,0,0,0
"204","trapnest_10",2023-06-05,156,"BP","D","Low",1,0,0,0,0,NA,0,0,0
"205","trapnest_10",2023-06-08,159,"BP","D","Low",2,0,0,0,0,NA,0,0,0
"206","trapnest_10",2023-06-10,161,"BP","D","Low",0,0,0,0,0,NA,0,0,0
"207","trapnest_10",2023-06-12,163,"BP","D","Low",1,0,0,0,0,NA,0,0,0
"208","trapnest_10",2023-06-14,165,"BP","D","Low",0,0,0,0,0,NA,0,0,0
"209","trapnest_10",2023-06-16,167,"BP","D","Low",1,0,0,0,0,NA,0,0,0
"210","trapnest_10",2023-06-20,171,"BP","D","Low",3,0,0,0,0,NA,0,0,0
"211","trapnest_10",2023-06-23,174,"BP","D","Low",3,0,0,0,0,NA,0,0,0
"212","trapnest_10",2023-06-29,180,"BP","D","Low",1,0,0,0,0,NA,0,0,0
"213","trapnest_11",2023-05-11,131,"BP","D","Mid",3,0,0,0,0,NA,0,0,0
"214","trapnest_11",2023-05-12,132,"BP","D","Mid",1,0,0,0,0,NA,0,0,0
"215","trapnest_11",2023-05-15,135,"BP","D","Mid",3,0,0,0,0,NA,0,0,0
"216","trapnest_11",2023-05-16,136,"BP","D","Mid",1,0,0,0,0,NA,0,0,0
"217","trapnest_11",2023-05-17,137,"BP","D","Mid",1,0,0,0,0,NA,0,0,0
"218","trapnest_11",2023-05-19,139,"BP","D","Mid",2,0,0,0,0,NA,0,0,0
"219","trapnest_11",2023-05-21,141,"BP","D","Mid",1,0,0,0,0,NA,0,0,0
"220","trapnest_11",2023-05-22,142,"BP","D","Mid",1,0,0,0,0,NA,0,0,0
"221","trapnest_11",2023-05-23,143,"BP","D","Mid",1,0,0,0,0,NA,0,0,0
"222","trapnest_11",2023-05-26,146,"BP","D","Mid",2,0,0,0,0,NA,0,0,0
"223","trapnest_11",2023-05-28,148,"BP","D","Mid",2,0,0,0,0,NA,0,0,0
"224","trapnest_11",2023-05-29,149,"BP","D","Mid",1,0,0,0,0,NA,0,0,0
"225","trapnest_11",2023-05-31,151,"BP","D","Mid",2,0,0,0,0,NA,0,0,0
"226","trapnest_11",2023-06-02,153,"BP","D","Mid",2,0,0,0,0,NA,0,0,0
"227","trapnest_11",2023-06-05,156,"BP","D","Mid",1,0,0,0,0,NA,0,0,0
"228","trapnest_11",2023-06-08,159,"BP","D","Mid",2,0,0,0,0,NA,0,0,0
"229","trapnest_11",2023-06-10,161,"BP","D","Mid",0,0,0,0,0,NA,0,0,0
"230","trapnest_11",2023-06-12,163,"BP","D","Mid",1,0,0,0,0,NA,0,0,0
"231","trapnest_11",2023-06-14,165,"BP","D","Mid",0,0,0,0,0,NA,0,0,0
"232","trapnest_11",2023-06-16,167,"BP","D","Mid",1,0,0,0,0,NA,0,0,0
"233","trapnest_11",2023-06-20,171,"BP","D","Mid",3,0,0,0,0,NA,0,0,0
"234","trapnest_11",2023-06-23,174,"BP","D","Mid",3,0,0,0,0,NA,0,0,0
"235","trapnest_11",2023-06-29,180,"BP","D","Mid",1,0,1,0,0,NA,0,0,0
"236","trapnest_12",2023-06-02,153,"BP","D","High",2,0,2,0,0,NA,0,0,0
"237","trapnest_12",2023-06-05,156,"BP","D","High",1,0,0,0,0,NA,0,0,0
"238","trapnest_12",2023-05-31,151,"BP","D","High",2,0,0,0,0,NA,0,0,0
"239","trapnest_12",2023-05-11,131,"BP","D","High",3,0,0,0,0,NA,0,0,0
"240","trapnest_12",2023-05-12,132,"BP","D","High",1,0,0,0,0,NA,0,0,0
"241","trapnest_12",2023-05-15,135,"BP","D","High",3,0,1,0,0,NA,0,0,0
"242","trapnest_12",2023-05-16,136,"BP","D","High",1,0,0,0,0,NA,0,0,0
"243","trapnest_12",2023-05-17,137,"BP","D","High",1,0,0,0,0,NA,0,0,0
"244","trapnest_12",2023-05-19,139,"BP","D","High",2,0,0,0,0,NA,0,0,0
"245","trapnest_12",2023-05-21,141,"BP","D","High",1,0,0,0,0,NA,0,0,0
"246","trapnest_12",2023-05-22,142,"BP","D","High",1,0,0,0,0,NA,0,0,0
"247","trapnest_12",2023-05-23,143,"BP","D","High",1,0,0,0,0,NA,0,0,0
"248","trapnest_12",2023-05-26,146,"BP","D","High",2,0,0,0,0,NA,0,0,0
"249","trapnest_12",2023-05-28,148,"BP","D","High",2,0,0,0,0,NA,0,0,0
"250","trapnest_12",2023-05-29,149,"BP","D","High",1,0,2,0,0,NA,0,0,0
"251","trapnest_12",2023-06-08,159,"BP","D","High",2,0,1,0,0,NA,0,0,0
"252","trapnest_12",2023-06-10,161,"BP","D","High",0,0,0,0,0,NA,0,0,0
"253","trapnest_12",2023-06-12,163,"BP","D","High",1,0,0,0,0,NA,0,0,0
"254","trapnest_12",2023-06-14,165,"BP","D","High",0,0,1,0,0,NA,0,0,0
"255","trapnest_12",2023-06-16,167,"BP","D","High",1,0,0,0,0,NA,0,0,0
"256","trapnest_12",2023-06-20,171,"BP","D","High",3,0,2,0,0,NA,0,0,0
"257","trapnest_12",2023-06-23,174,"BP","D","High",3,0,0,0,0,NA,0,0,0
"258","trapnest_12",2023-06-29,180,"BP","D","High",1,0,1,0,0,NA,0,0,0
"259","trapnest_13",2023-05-11,131,"BP","E","Low",3,0,0,0,0,NA,0,0,0
"260","trapnest_13",2023-05-12,132,"BP","E","Low",1,0,0,0,0,NA,0,0,0
"261","trapnest_13",2023-05-15,135,"BP","E","Low",3,0,0,0,0,NA,0,0,0
"262","trapnest_13",2023-05-16,136,"BP","E","Low",1,0,0,0,0,NA,0,0,0
"263","trapnest_13",2023-05-17,137,"BP","E","Low",1,0,0,0,0,NA,0,0,0
"264","trapnest_13",2023-05-19,139,"BP","E","Low",2,0,0,0,0,NA,0,0,0
"265","trapnest_13",2023-05-21,141,"BP","E","Low",1,0,0,0,0,NA,0,0,0
"266","trapnest_13",2023-05-22,142,"BP","E","Low",1,0,0,0,0,NA,0,0,0
"267","trapnest_13",2023-05-23,143,"BP","E","Low",1,0,1,0,0,NA,0,0,0
"268","trapnest_13",2023-05-26,146,"BP","E","Low",2,0,0,0,0,NA,0,0,0
"269","trapnest_13",2023-05-28,148,"BP","E","Low",2,0,0,0,0,NA,0,0,0
"270","trapnest_13",2023-05-29,149,"BP","E","Low",1,0,3,0,0,NA,0,0,0
"271","trapnest_13",2023-05-31,151,"BP","E","Low",2,0,1,0,0,NA,0,0,0
"272","trapnest_13",2023-06-02,153,"BP","E","Low",2,0,2,0,0,NA,0,0,0
"273","trapnest_13",2023-06-05,156,"BP","E","Low",1,0,2,0,0,NA,0,0,0
"274","trapnest_13",2023-06-09,160,"BP","E","Low",0,0,0,0,0,NA,0,0,0
"275","trapnest_13",2023-06-10,161,"BP","E","Low",0,0,0,0,0,NA,0,0,0
"276","trapnest_13",2023-06-12,163,"BP","E","Low",1,0,0,0,0,NA,0,0,0
"277","trapnest_13",2023-06-14,165,"BP","E","Low",0,0,3,0,0,NA,0,0,0
"278","trapnest_13",2023-06-16,167,"BP","E","Low",1,0,1,0,0,NA,0,0,0
"279","trapnest_13",2023-06-20,171,"BP","E","Low",3,0,0,0,0,NA,0,0,0
"280","trapnest_13",2023-06-23,174,"BP","E","Low",3,2,2,0.5,0.5,2,0,1,1
"281","trapnest_13",2023-06-29,180,"BP","E","Low",1,1,1,2,2,3,0,2,2
"282","trapnest_14",2023-05-11,131,"BP","E","Mid",3,0,0,0,0,NA,0,0,0
"283","trapnest_14",2023-05-12,132,"BP","E","Mid",1,0,0,0,0,NA,0,0,0
"284","trapnest_14",2023-05-15,135,"BP","E","Mid",3,0,0,0,0,NA,0,0,0
"285","trapnest_14",2023-05-16,136,"BP","E","Mid",1,0,0,0,0,NA,0,0,0
"286","trapnest_14",2023-05-17,137,"BP","E","Mid",1,0,0,0,0,NA,0,0,0
"287","trapnest_14",2023-05-19,139,"BP","E","Mid",2,0,0,0,0,NA,0,0,0
"288","trapnest_14",2023-05-21,141,"BP","E","Mid",1,0,0,0,0,NA,0,0,0
"289","trapnest_14",2023-05-22,142,"BP","E","Mid",1,0,0,0,0,NA,0,0,0
"290","trapnest_14",2023-05-23,143,"BP","E","Mid",1,0,0,0,0,NA,0,0,0
"291","trapnest_14",2023-05-26,146,"BP","E","Mid",2,0,0,0,0,NA,0,0,0
"292","trapnest_14",2023-05-28,148,"BP","E","Mid",2,0,0,0,0,NA,0,0,0
"293","trapnest_14",2023-05-29,149,"BP","E","Mid",1,0,1,0,0,NA,0,0,0
"294","trapnest_14",2023-05-31,151,"BP","E","Mid",2,0,3,0,0,NA,0,0,0
"295","trapnest_14",2023-06-02,153,"BP","E","Mid",2,0,1,0,0,NA,0,0,0
"296","trapnest_14",2023-06-05,156,"BP","E","Mid",1,0,1,0,0,NA,0,0,0
"297","trapnest_14",2023-06-09,160,"BP","E","Mid",0,0,0,0,0,NA,0,0,0
"298","trapnest_14",2023-06-10,161,"BP","E","Mid",0,0,0,0,0,NA,0,0,0
"299","trapnest_14",2023-06-12,163,"BP","E","Mid",1,0,0,0,0,NA,0,0,0
"300","trapnest_14",2023-06-14,165,"BP","E","Mid",0,0,0,0,0,NA,0,0,0
"301","trapnest_14",2023-06-16,167,"BP","E","Mid",1,0,0,0,0,NA,0,0,0
"302","trapnest_14",2023-06-20,171,"BP","E","Mid",3,0,0,0,0,NA,0,0,0
"303","trapnest_14",2023-06-23,174,"BP","E","Mid",3,0,0,0,0,NA,0,0,0
"304","trapnest_14",2023-06-29,180,"BP","E","Mid",1,0,0,0,0,NA,0,0,0
"305","trapnest_15",2023-05-23,143,"BP","E","High",1,0,0,0,0,NA,0,0,0
"306","trapnest_15",2023-05-26,146,"BP","E","High",2,0,0,0,0,NA,0,0,0
"307","trapnest_15",2023-05-28,148,"BP","E","High",2,0,0,0,0,NA,0,0,0
"308","trapnest_15",2023-05-29,149,"BP","E","High",1,0,0,0,0,NA,0,0,0
"309","trapnest_15",2023-05-31,151,"BP","E","High",2,0,0,0,0,NA,0,0,0
"310","trapnest_15",2023-06-02,153,"BP","E","High",2,0,0,0,0,NA,0,0,0
"311","trapnest_15",2023-06-05,156,"BP","E","High",1,0,0,0,0,NA,0,0,0
"312","trapnest_15",2023-06-09,160,"BP","E","High",0,0,0,0,0,NA,0,0,0
"313","trapnest_15",2023-06-10,161,"BP","E","High",0,0,0,0,0,NA,0,0,0
"314","trapnest_15",2023-06-12,163,"BP","E","High",1,0,0,0,0,NA,0,0,0
"315","trapnest_15",2023-06-14,165,"BP","E","High",0,0,0,0,0,NA,0,0,0
"316","trapnest_15",2023-06-16,167,"BP","E","High",1,0,0,0,0,NA,0,0,0
"317","trapnest_15",2023-06-20,171,"BP","E","High",3,0,0,0,0,NA,0,0,0
"318","trapnest_15",2023-06-23,174,"BP","E","High",3,1,1,0,0,1,0,0,0
"319","trapnest_15",2023-06-29,180,"BP","E","High",1,0,0,1,1,1,0,1,1
"320","trapnest_15",2023-05-11,131,"BP","E","High",3,0,0,0,0,NA,0,0,0
"321","trapnest_15",2023-05-12,132,"BP","E","High",1,0,0,0,0,NA,0,0,0
"322","trapnest_15",2023-05-15,135,"BP","E","High",3,0,1,0,0,NA,0,0,0
"323","trapnest_15",2023-05-16,136,"BP","E","High",1,0,0,0,0,NA,0,0,0
"324","trapnest_15",2023-05-17,137,"BP","E","High",1,0,1,0,0,NA,0,0,0
"325","trapnest_15",2023-05-19,139,"BP","E","High",2,0,0,0,0,NA,0,0,0
"326","trapnest_15",2023-05-21,141,"BP","E","High",1,0,0,0,0,NA,0,0,0
"327","trapnest_15",2023-05-22,142,"BP","E","High",1,0,2,0,0,NA,0,0,0
"328","trapnest_16",2023-05-11,131,"BP","F","Low",3,0,1,0,0,NA,0,0,0
"329","trapnest_16",2023-05-12,132,"BP","F","Low",1,0,1,0,0,NA,0,0,0
"330","trapnest_16",2023-05-15,135,"BP","F","Low",3,0,1,0,0,NA,0,0,0
"331","trapnest_16",2023-05-16,136,"BP","F","Low",1,0,0,0,0,NA,0,0,0
"332","trapnest_16",2023-05-17,137,"BP","F","Low",1,0,0,0,0,NA,0,0,0
"333","trapnest_16",2023-05-19,139,"BP","F","Low",2,0,0,0,0,NA,0,0,0
"334","trapnest_16",2023-05-21,141,"BP","F","Low",1,0,0,0,0,NA,0,0,0
"335","trapnest_16",2023-05-22,142,"BP","F","Low",1,0,0,0,0,NA,0,0,0
"336","trapnest_16",2023-05-23,143,"BP","F","Low",1,0,1,0,0,NA,0,0,0
"337","trapnest_16",2023-05-26,146,"BP","F","Low",2,0,1,0,0,NA,0,0,0
"338","trapnest_16",2023-05-28,148,"BP","F","Low",2,0,0,0,0,NA,0,0,0
"339","trapnest_16",2023-05-29,149,"BP","F","Low",1,0,4,0,0,NA,0,0,0
"340","trapnest_16",2023-05-31,151,"BP","F","Low",2,0,2,0,0,NA,0,0,0
"341","trapnest_16",2023-06-02,153,"BP","F","Low",2,0,1,0,0,NA,0,0,0
"342","trapnest_16",2023-06-05,156,"BP","F","Low",1,0,0,0,0,NA,0,0,0
"343","trapnest_16",2023-06-09,160,"BP","F","Low",0,0,0,0,0,NA,0,0,0
"344","trapnest_16",2023-06-10,161,"BP","F","Low",0,0,0,0,0,NA,0,0,0
"345","trapnest_16",2023-06-12,163,"BP","F","Low",1,0,0,0,0,NA,0,0,0
"346","trapnest_16",2023-06-14,165,"BP","F","Low",0,0,0,0,0,NA,0,0,0
"347","trapnest_16",2023-06-16,167,"BP","F","Low",1,0,0,0,0,NA,0,0,0
"348","trapnest_16",2023-06-20,171,"BP","F","Low",3,0,0,0,0,NA,0,0,0
"349","trapnest_16",2023-06-23,174,"BP","F","Low",3,0,0,0,0,NA,0,0,0
"350","trapnest_16",2023-06-29,180,"BP","F","Low",1,0,0,0,0,NA,0,0,0
"351","trapnest_17",2023-06-05,156,"BP","F","Mid",1,0,2,0,0,NA,0,0,0
"352","trapnest_17",2023-06-09,160,"BP","F","Mid",0,0,0,0,0,NA,0,0,0
"353","trapnest_17",2023-06-10,161,"BP","F","Mid",0,0,0,0,0,NA,0,0,0
"354","trapnest_17",2023-06-12,163,"BP","F","Mid",1,0,0,0,0,NA,0,0,0
"355","trapnest_17",2023-06-14,165,"BP","F","Mid",0,1,1,0,0,1,0,0,0
"356","trapnest_17",2023-06-16,167,"BP","F","Mid",1,0,0,1,1,1,0,0,0
"357","trapnest_17",2023-06-20,171,"BP","F","Mid",3,1,1,1,1,2,0,0,0
"358","trapnest_17",2023-06-23,174,"BP","F","Mid",3,2,3,2.5,2.5,4,0,2,2
"359","trapnest_17",2023-06-29,180,"BP","F","Mid",1,0,0,4,4,4,0,3,3
"360","trapnest_17",2023-05-31,151,"BP","F","Mid",2,0,0,0,0,NA,0,0,0
"361","trapnest_17",2023-06-02,153,"BP","F","Mid",2,0,3,0,0,NA,0,0,0
"362","trapnest_17",2023-05-11,131,"BP","F","Mid",3,0,0,0,0,NA,0,0,0
"363","trapnest_17",2023-05-12,132,"BP","F","Mid",1,0,0,0,0,NA,0,0,0
"364","trapnest_17",2023-05-15,135,"BP","F","Mid",3,0,0,0,0,NA,0,0,0
"365","trapnest_17",2023-05-16,136,"BP","F","Mid",1,0,0,0,0,NA,0,0,0
"366","trapnest_17",2023-05-17,137,"BP","F","Mid",1,0,0,0,0,NA,0,0,0
"367","trapnest_17",2023-05-19,139,"BP","F","Mid",2,0,0,0,0,NA,0,0,0
"368","trapnest_17",2023-05-21,141,"BP","F","Mid",1,0,0,0,0,NA,0,0,0
"369","trapnest_17",2023-05-22,142,"BP","F","Mid",1,0,0,0,0,NA,0,0,0
"370","trapnest_17",2023-05-23,143,"BP","F","Mid",1,0,0,0,0,NA,0,0,0
"371","trapnest_17",2023-05-26,146,"BP","F","Mid",2,0,1,0,0,NA,0,0,0
"372","trapnest_17",2023-05-28,148,"BP","F","Mid",2,0,0,0,0,NA,0,0,0
"373","trapnest_17",2023-05-29,149,"BP","F","Mid",1,0,2,0,0,NA,0,0,0
"374","trapnest_18",2023-05-11,131,"BP","F","High",3,0,0,0,0,NA,0,0,0
"375","trapnest_18",2023-05-12,132,"BP","F","High",1,0,0,0,0,NA,0,0,0
"376","trapnest_18",2023-05-15,135,"BP","F","High",3,0,0,0,0,NA,0,0,0
"377","trapnest_18",2023-05-16,136,"BP","F","High",1,0,0,0,0,NA,0,0,0
"378","trapnest_18",2023-05-17,137,"BP","F","High",1,0,0,0,0,NA,0,0,0
"379","trapnest_18",2023-05-19,139,"BP","F","High",2,0,0,0,0,NA,0,0,0
"380","trapnest_18",2023-05-21,141,"BP","F","High",1,0,0,0,0,NA,0,0,0
"381","trapnest_18",2023-05-22,142,"BP","F","High",1,0,0,0,0,NA,0,0,0
"382","trapnest_18",2023-05-23,143,"BP","F","High",1,0,0,0,0,NA,0,0,0
"383","trapnest_18",2023-05-26,146,"BP","F","High",2,0,0,0,0,NA,0,0,0
"384","trapnest_18",2023-05-28,148,"BP","F","High",2,0,0,0,0,NA,0,0,0
"385","trapnest_18",2023-05-29,149,"BP","F","High",1,0,4,0,0,NA,0,0,0
"386","trapnest_18",2023-05-31,151,"BP","F","High",2,0,1,0,0,NA,0,0,0
"387","trapnest_18",2023-06-02,153,"BP","F","High",2,0,0,0,0,NA,0,0,0
"388","trapnest_18",2023-06-05,156,"BP","F","High",1,0,1,0,0,NA,0,0,0
"389","trapnest_18",2023-06-09,160,"BP","F","High",0,0,0,0,0,NA,0,0,0
"390","trapnest_18",2023-06-10,161,"BP","F","High",0,0,0,0,0,NA,0,0,0
"391","trapnest_18",2023-06-12,163,"BP","F","High",1,0,0,0,0,NA,0,0,0
"392","trapnest_18",2023-06-14,165,"BP","F","High",0,0,0,0,0,NA,0,0,0
"393","trapnest_18",2023-06-16,167,"BP","F","High",1,0,0,0,0,NA,0,0,0
"394","trapnest_18",2023-06-20,171,"BP","F","High",3,0,0,0,0,NA,0,0,0
"395","trapnest_18",2023-06-23,174,"BP","F","High",3,0,0,0,0,NA,0,0,0
"396","trapnest_18",2023-06-29,180,"BP","F","High",1,0,0,0,0,NA,0,0,0
"397","trapnest_19",2023-05-07,127,"NN","G","Low",1,0,0,0,0,NA,0,0,0
"398","trapnest_19",2023-05-11,131,"NN","G","Low",4,0,0,0,0,NA,0,0,0
"399","trapnest_19",2023-05-12,132,"NN","G","Low",1,0,0,0,0,NA,0,0,0
"400","trapnest_19",2023-05-15,135,"NN","G","Low",3,0,1,0,0,NA,0,0,0
"401","trapnest_19",2023-05-16,136,"NN","G","Low",1,0,0,0,0,NA,0,0,0
"402","trapnest_19",2023-05-18,138,"NN","G","Low",2,0,0,0,0,NA,0,0,0
"403","trapnest_19",2023-05-19,139,"NN","G","Low",1,0,0,0,0,NA,0,0,0
"404","trapnest_19",2023-05-21,141,"NN","G","Low",1,0,0,0,0,NA,0,0,0
"405","trapnest_19",2023-05-22,142,"NN","G","Low",1,0,0,0,0,NA,0,0,0
"406","trapnest_19",2023-05-25,145,"NN","G","Low",3,0,0,0,0,NA,0,0,0
"407","trapnest_19",2023-05-26,146,"NN","G","Low",1,0,0,0,0,NA,0,0,0
"408","trapnest_19",2023-05-28,148,"NN","G","Low",2,0,0,0,0,NA,0,0,0
"409","trapnest_19",2023-05-29,149,"NN","G","Low",1,0,1,0,0,NA,0,0,0
"410","trapnest_19",2023-05-31,151,"NN","G","Low",2,0,0,0,0,NA,0,0,0
"411","trapnest_19",2023-06-01,152,"NN","G","Low",1,0,0,0,0,NA,0,0,0
"412","trapnest_19",2023-06-04,155,"NN","G","Low",3,0,1,0,0,NA,0,0,0
"413","trapnest_19",2023-06-05,156,"NN","G","Low",1,0,0,0,0,NA,0,0,0
"414","trapnest_19",2023-06-08,159,"NN","G","Low",2,0,0,0,0,NA,0,0,0
"415","trapnest_19",2023-06-10,161,"NN","G","Low",0,0,0,0,0,NA,0,0,0
"416","trapnest_19",2023-06-11,162,"NN","G","Low",1,0,0,0,0,NA,0,0,0
"417","trapnest_19",2023-06-12,163,"NN","G","Low",0,0,0,0,0,NA,0,0,0
"418","trapnest_19",2023-06-15,166,"NN","G","Low",0,0,0,0,0,NA,0,0,0
"419","trapnest_19",2023-06-19,170,"NN","G","Low",0,0,0,0,0,NA,0,0,0
"420","trapnest_19",2023-06-22,173,"NN","G","Low",3,0,0,0,0,NA,0,0,0
"421","trapnest_19",2023-06-23,174,"NN","G","Low",1,0,0,0,0,NA,0,0,0
"422","trapnest_19",2023-06-30,181,"NN","G","Low",1,0,0,0,0,NA,0,0,0
"423","trapnest_19",2023-07-03,184,"NN","G","Low",2,0,0,0,0,NA,0,0,0
"424","trapnest_19",2023-07-04,185,"NN","G","Low",1,0,0,0,0,NA,0,0,0
"425","trapnest_19",2023-07-06,187,"NN","G","Low",2,0,0,0,0,NA,0,0,0
"426","trapnest_1",2023-05-11,131,"BP","A","Low",3,0,0,0,0,NA,0,0,0
"427","trapnest_1",2023-05-12,132,"BP","A","Low",1,0,0,0,0,NA,0,0,0
"428","trapnest_1",2023-05-15,135,"BP","A","Low",3,0,0,0,0,NA,0,0,0
"429","trapnest_1",2023-05-16,136,"BP","A","Low",1,0,0,0,0,NA,0,0,0
"430","trapnest_1",2023-05-17,137,"BP","A","Low",1,0,0,0,0,NA,0,0,0
"431","trapnest_1",2023-05-19,139,"BP","A","Low",2,0,0,0,0,NA,0,0,0
"432","trapnest_1",2023-05-21,141,"BP","A","Low",1,0,0,0,0,NA,0,0,0
"433","trapnest_1",2023-05-22,142,"BP","A","Low",1,0,0,0,0,NA,0,0,0
"434","trapnest_1",2023-05-23,143,"BP","A","Low",1,0,0,0,0,NA,0,0,0
"435","trapnest_1",2023-05-26,146,"BP","A","Low",2,0,0,0,0,NA,0,0,0
"436","trapnest_1",2023-05-28,148,"BP","A","Low",2,0,0,0,0,NA,0,0,0
"437","trapnest_1",2023-05-29,149,"BP","A","Low",1,0,1,0,0,NA,0,0,0
"438","trapnest_1",2023-05-31,151,"BP","A","Low",2,0,0,0,0,NA,0,0,0
"439","trapnest_1",2023-06-02,153,"BP","A","Low",2,0,0,0,0,NA,0,0,0
"440","trapnest_1",2023-06-05,156,"BP","A","Low",1,0,1,0,0,NA,0,0,0
"441","trapnest_1",2023-06-08,159,"BP","A","Low",2,0,0,0,0,NA,0,0,0
"442","trapnest_1",2023-06-10,161,"BP","A","Low",0,0,0,0,0,NA,0,0,0
"443","trapnest_1",2023-06-12,163,"BP","A","Low",1,0,0,0,0,NA,0,0,0
"444","trapnest_1",2023-06-14,165,"BP","A","Low",0,0,0,0,0,NA,0,0,0
"445","trapnest_1",2023-06-16,167,"BP","A","Low",1,0,0,0,0,NA,0,0,0
"446","trapnest_1",2023-06-20,171,"BP","A","Low",3,0,0,0,0,NA,0,0,0
"447","trapnest_1",2023-06-23,174,"BP","A","Low",3,0,0,0,0,NA,0,0,0
"448","trapnest_1",2023-06-29,180,"BP","A","Low",1,0,0,0,0,NA,0,0,0
"449","trapnest_20",2023-06-04,155,"NN","G","Mid",3,0,0,0,0,NA,0,0,0
"450","trapnest_20",2023-06-05,156,"NN","G","Mid",1,0,0,0,0,NA,0,0,0
"451","trapnest_20",2023-06-08,159,"NN","G","Mid",2,0,0,0,0,NA,0,0,0
"452","trapnest_20",2023-06-10,161,"NN","G","Mid",0,0,0,0,0,NA,0,0,0
"453","trapnest_20",2023-06-11,162,"NN","G","Mid",1,0,0,0,0,NA,0,0,0
"454","trapnest_20",2023-06-12,163,"NN","G","Mid",0,0,0,0,0,NA,0,0,0
"455","trapnest_20",2023-06-15,166,"NN","G","Mid",0,0,0,0,0,NA,0,0,0
"456","trapnest_20",2023-06-19,170,"NN","G","Mid",0,0,0,0,0,NA,0,0,0
"457","trapnest_20",2023-06-22,173,"NN","G","Mid",3,0,0,0,0,NA,0,0,0
"458","trapnest_20",2023-06-23,174,"NN","G","Mid",1,0,0,0,0,NA,0,0,0
"459","trapnest_20",2023-06-30,181,"NN","G","Mid",1,0,0,0,0,NA,0,0,0
"460","trapnest_20",2023-07-03,184,"NN","G","Mid",2,0,0,0,0,NA,0,0,0
"461","trapnest_20",2023-07-04,185,"NN","G","Mid",1,0,0,0,0,NA,0,0,0
"462","trapnest_20",2023-07-06,187,"NN","G","Mid",2,0,0,0,0,NA,0,0,0
"463","trapnest_20",2023-05-07,127,"NN","G","Mid",1,0,0,0,0,NA,0,0,0
"464","trapnest_20",2023-05-11,131,"NN","G","Mid",4,0,0,0,0,NA,0,0,0
"465","trapnest_20",2023-05-12,132,"NN","G","Mid",1,0,0,0,0,NA,0,0,0
"466","trapnest_20",2023-05-15,135,"NN","G","Mid",3,0,0,0,0,NA,0,0,0
"467","trapnest_20",2023-05-16,136,"NN","G","Mid",1,0,0,0,0,NA,0,0,0
"468","trapnest_20",2023-05-18,138,"NN","G","Mid",2,0,0,0,0,NA,0,0,0
"469","trapnest_20",2023-05-19,139,"NN","G","Mid",1,0,0,0,0,NA,0,0,0
"470","trapnest_20",2023-05-21,141,"NN","G","Mid",1,0,0,0,0,NA,0,0,0
"471","trapnest_20",2023-05-22,142,"NN","G","Mid",1,0,0,0,0,NA,0,0,0
"472","trapnest_20",2023-05-25,145,"NN","G","Mid",3,0,0,0,0,NA,0,0,0
"473","trapnest_20",2023-05-26,146,"NN","G","Mid",1,0,0,0,0,NA,0,0,0
"474","trapnest_20",2023-05-28,148,"NN","G","Mid",2,0,0,0,0,NA,0,0,0
"475","trapnest_20",2023-05-29,149,"NN","G","Mid",1,0,2,0,0,NA,0,0,0
"476","trapnest_20",2023-05-31,151,"NN","G","Mid",2,0,0,0,0,NA,0,0,0
"477","trapnest_20",2023-06-01,152,"NN","G","Mid",1,0,2,0,0,NA,0,0,0
"478","trapnest_21",2023-05-07,127,"NN","G","High",1,0,0,0,0,NA,0,0,0
"479","trapnest_21",2023-05-11,131,"NN","G","High",4,0,0,0,0,NA,0,0,0
"480","trapnest_21",2023-05-12,132,"NN","G","High",1,0,0,0,0,NA,0,0,0
"481","trapnest_21",2023-05-15,135,"NN","G","High",3,0,0,0,0,NA,0,0,0
"482","trapnest_21",2023-05-16,136,"NN","G","High",1,0,0,0,0,NA,0,0,0
"483","trapnest_21",2023-05-18,138,"NN","G","High",2,0,0,0,0,NA,0,0,0
"484","trapnest_21",2023-05-19,139,"NN","G","High",1,0,0,0,0,NA,0,0,0
"485","trapnest_21",2023-05-21,141,"NN","G","High",1,0,0,0,0,NA,0,0,0
"486","trapnest_21",2023-05-22,142,"NN","G","High",1,0,0,0,0,NA,0,0,0
"487","trapnest_21",2023-05-25,145,"NN","G","High",3,0,0,0,0,NA,0,0,0
"488","trapnest_21",2023-05-26,146,"NN","G","High",1,0,0,0,0,NA,0,0,0
"489","trapnest_21",2023-05-28,148,"NN","G","High",2,0,0,0,0,NA,0,0,0
"490","trapnest_21",2023-05-29,149,"NN","G","High",1,0,0,0,0,NA,0,0,0
"491","trapnest_21",2023-05-31,151,"NN","G","High",2,0,0,0,0,NA,0,0,0
"492","trapnest_21",2023-06-01,152,"NN","G","High",1,0,0,0,0,NA,0,0,0
"493","trapnest_21",2023-06-04,155,"NN","G","High",3,0,0,0,0,NA,0,0,0
"494","trapnest_21",2023-06-05,156,"NN","G","High",1,0,0,0,0,NA,0,0,0
"495","trapnest_21",2023-06-08,159,"NN","G","High",2,0,0,0,0,NA,0,0,0
"496","trapnest_21",2023-06-10,161,"NN","G","High",0,0,0,0,0,NA,0,0,0
"497","trapnest_21",2023-06-11,162,"NN","G","High",1,0,0,0,0,NA,0,0,0
"498","trapnest_21",2023-06-12,163,"NN","G","High",0,0,0,0,0,NA,0,0,0
"499","trapnest_21",2023-06-15,166,"NN","G","High",0,0,0,0,0,NA,0,0,0
"500","trapnest_21",2023-06-19,170,"NN","G","High",0,0,0,0,0,NA,0,0,0
"501","trapnest_21",2023-06-22,173,"NN","G","High",3,0,0,0,0,NA,0,0,0
"502","trapnest_21",2023-06-23,174,"NN","G","High",1,0,0,0,0,NA,0,0,0
"503","trapnest_21",2023-06-30,181,"NN","G","High",1,0,0,0,0,NA,0,0,0
"504","trapnest_21",2023-07-03,184,"NN","G","High",2,0,0,0,0,NA,0,0,0
"505","trapnest_21",2023-07-04,185,"NN","G","High",1,0,0,0,0,NA,0,0,0
"506","trapnest_21",2023-07-06,187,"NN","G","High",2,0,0,0,0,NA,0,0,0
"507","trapnest_22",2023-05-07,127,"NN","H","Low",1,0,0,0,0,NA,0,0,0
"508","trapnest_22",2023-05-11,131,"NN","H","Low",4,0,0,0,0,NA,0,0,0
"509","trapnest_22",2023-05-12,132,"NN","H","Low",1,0,0,0,0,NA,0,0,0
"510","trapnest_22",2023-05-15,135,"NN","H","Low",3,0,0,0,0,NA,0,0,0
"511","trapnest_22",2023-05-16,136,"NN","H","Low",1,0,0,0,0,NA,0,0,0
"512","trapnest_22",2023-05-18,138,"NN","H","Low",2,0,0,0,0,NA,0,0,0
"513","trapnest_22",2023-05-19,139,"NN","H","Low",1,0,0,0,0,NA,0,0,0
"514","trapnest_22",2023-05-21,141,"NN","H","Low",1,0,0,0,0,NA,0,0,0
"515","trapnest_22",2023-05-22,142,"NN","H","Low",1,0,0,0,0,NA,0,0,0
"516","trapnest_22",2023-05-25,145,"NN","H","Low",3,0,0,0,0,NA,0,0,0
"517","trapnest_22",2023-05-26,146,"NN","H","Low",1,0,0,0,0,NA,0,0,0
"518","trapnest_22",2023-05-28,148,"NN","H","Low",2,0,0,0,0,NA,0,0,0
"519","trapnest_22",2023-05-29,149,"NN","H","Low",1,0,0,0,0,NA,0,0,0
"520","trapnest_22",2023-05-31,151,"NN","H","Low",2,0,0,0,0,NA,0,0,0
"521","trapnest_22",2023-06-01,152,"NN","H","Low",1,0,0,0,0,NA,0,0,0
"522","trapnest_22",2023-06-04,155,"NN","H","Low",3,0,0,0,0,NA,0,0,0
"523","trapnest_22",2023-06-05,156,"NN","H","Low",1,0,0,0,0,NA,0,0,0
"524","trapnest_22",2023-06-08,159,"NN","H","Low",2,0,0,0,0,NA,0,0,0
"525","trapnest_22",2023-06-10,161,"NN","H","Low",0,0,0,0,0,NA,0,0,0
"526","trapnest_22",2023-06-11,162,"NN","H","Low",1,0,0,0,0,NA,0,0,0
"527","trapnest_22",2023-06-12,163,"NN","H","Low",0,0,0,0,0,NA,0,0,0
"528","trapnest_22",2023-06-15,166,"NN","H","Low",0,0,0,0,0,NA,0,0,0
"529","trapnest_22",2023-06-19,170,"NN","H","Low",0,0,1,0,0,NA,0,0,0
"530","trapnest_22",2023-06-22,173,"NN","H","Low",3,0,0,0,0,NA,0,0,0
"531","trapnest_22",2023-06-23,174,"NN","H","Low",1,0,0,0,0,NA,0,0,0
"532","trapnest_22",2023-06-30,181,"NN","H","Low",1,0,0,0,0,NA,0,0,0
"533","trapnest_22",2023-07-03,184,"NN","H","Low",2,0,0,0,0,NA,0,0,0
"534","trapnest_22",2023-07-04,185,"NN","H","Low",1,0,0,0,0,NA,0,0,0
"535","trapnest_22",2023-07-06,187,"NN","H","Low",2,0,0,0,0,NA,0,0,0
"536","trapnest_23",2023-05-07,127,"NN","H","Mid",1,0,0,0,0,NA,0,0,0
"537","trapnest_23",2023-05-11,131,"NN","H","Mid",4,0,0,0,0,NA,0,0,0
"538","trapnest_23",2023-05-12,132,"NN","H","Mid",1,0,0,0,0,NA,0,0,0
"539","trapnest_23",2023-05-15,135,"NN","H","Mid",3,0,0,0,0,NA,0,0,0
"540","trapnest_23",2023-05-16,136,"NN","H","Mid",1,0,0,0,0,NA,0,0,0
"541","trapnest_23",2023-05-18,138,"NN","H","Mid",2,0,0,0,0,NA,0,0,0
"542","trapnest_23",2023-05-19,139,"NN","H","Mid",1,0,0,0,0,NA,0,0,0
"543","trapnest_23",2023-05-21,141,"NN","H","Mid",1,0,0,0,0,NA,0,0,0
"544","trapnest_23",2023-05-22,142,"NN","H","Mid",1,0,1,0,0,NA,0,0,0
"545","trapnest_23",2023-05-25,145,"NN","H","Mid",3,0,0,0,0,NA,0,0,0
"546","trapnest_23",2023-05-26,146,"NN","H","Mid",1,0,0,0,0,NA,0,0,0
"547","trapnest_23",2023-05-28,148,"NN","H","Mid",2,0,0,0,0,NA,0,0,0
"548","trapnest_23",2023-05-29,149,"NN","H","Mid",1,0,0,0,0,NA,0,0,0
"549","trapnest_23",2023-05-31,151,"NN","H","Mid",2,0,0,0,0,NA,0,0,0
"550","trapnest_23",2023-06-01,152,"NN","H","Mid",1,0,0,0,0,NA,0,0,0
"551","trapnest_23",2023-06-04,155,"NN","H","Mid",3,0,0,0,0,NA,0,0,0
"552","trapnest_23",2023-06-05,156,"NN","H","Mid",1,0,0,0,0,NA,0,0,0
"553","trapnest_23",2023-06-08,159,"NN","H","Mid",2,0,0,0,0,NA,0,0,0
"554","trapnest_23",2023-06-10,161,"NN","H","Mid",0,0,0,0,0,NA,0,0,0
"555","trapnest_23",2023-06-11,162,"NN","H","Mid",1,0,0,0,0,NA,0,0,0
"556","trapnest_23",2023-06-12,163,"NN","H","Mid",0,0,0,0,0,NA,0,0,0
"557","trapnest_23",2023-06-15,166,"NN","H","Mid",0,0,0,0,0,NA,0,0,0
"558","trapnest_23",2023-06-19,170,"NN","H","Mid",0,0,0,0,0,NA,0,0,0
"559","trapnest_23",2023-06-22,173,"NN","H","Mid",3,0,0,0,0,NA,0,0,0
"560","trapnest_23",2023-06-23,174,"NN","H","Mid",1,0,0,0,0,NA,0,0,0
"561","trapnest_23",2023-06-30,181,"NN","H","Mid",1,0,0,0,0,NA,0,0,0
"562","trapnest_23",2023-07-03,184,"NN","H","Mid",2,0,0,0,0,NA,0,0,0
"563","trapnest_23",2023-07-04,185,"NN","H","Mid",1,0,0,0,0,NA,0,0,0
"564","trapnest_23",2023-07-06,187,"NN","H","Mid",2,0,0,0,0,NA,0,0,0
"565","trapnest_24",2023-05-07,127,"NN","H","High",1,0,0,0,0,NA,0,0,0
"566","trapnest_24",2023-05-11,131,"NN","H","High",4,0,0,0,0,NA,0,0,0
"567","trapnest_24",2023-05-12,132,"NN","H","High",1,0,0,0,0,NA,0,0,0
"568","trapnest_24",2023-05-15,135,"NN","H","High",3,0,0,0,0,NA,0,0,0
"569","trapnest_24",2023-05-16,136,"NN","H","High",1,0,0,0,0,NA,0,0,0
"570","trapnest_24",2023-05-18,138,"NN","H","High",2,0,0,0,0,NA,0,0,0
"571","trapnest_24",2023-05-19,139,"NN","H","High",1,0,0,0,0,NA,0,0,0
"572","trapnest_24",2023-05-21,141,"NN","H","High",1,0,0,0,0,NA,0,0,0
"573","trapnest_24",2023-05-22,142,"NN","H","High",1,0,1,0,0,NA,0,0,0
"574","trapnest_24",2023-05-25,145,"NN","H","High",3,0,1,0,0,NA,0,0,0
"575","trapnest_24",2023-05-26,146,"NN","H","High",1,0,0,0,0,NA,0,0,0
"576","trapnest_24",2023-05-28,148,"NN","H","High",2,0,0,0,0,NA,0,0,0
"577","trapnest_24",2023-05-29,149,"NN","H","High",1,0,0,0,0,NA,0,0,0
"578","trapnest_24",2023-05-31,151,"NN","H","High",2,0,1,0,0,NA,0,0,0
"579","trapnest_24",2023-06-01,152,"NN","H","High",1,0,1,0,0,NA,0,0,0
"580","trapnest_24",2023-06-04,155,"NN","H","High",3,0,1,0,0,NA,0,0,0
"581","trapnest_24",2023-06-05,156,"NN","H","High",1,0,0,0,0,NA,0,0,0
"582","trapnest_24",2023-06-08,159,"NN","H","High",2,0,1,0,0,NA,0,0,0
"583","trapnest_24",2023-06-10,161,"NN","H","High",0,0,0,0,0,NA,0,0,0
"584","trapnest_24",2023-06-11,162,"NN","H","High",1,0,0,0,0,NA,0,0,0
"585","trapnest_24",2023-06-12,163,"NN","H","High",0,0,0,0,0,NA,0,0,0
"586","trapnest_24",2023-06-15,166,"NN","H","High",0,0,0,0,0,NA,0,0,0
"587","trapnest_24",2023-06-19,170,"NN","H","High",0,0,1,0,0,NA,0,0,0
"588","trapnest_24",2023-06-22,173,"NN","H","High",3,0,0,0,0,NA,0,0,0
"589","trapnest_24",2023-06-23,174,"NN","H","High",1,0,0,0,0,NA,0,0,0
"590","trapnest_24",2023-06-30,181,"NN","H","High",1,0,1,0,0,NA,0,0,0
"591","trapnest_24",2023-07-03,184,"NN","H","High",2,0,0,0,0,NA,0,0,0
"592","trapnest_24",2023-07-04,185,"NN","H","High",1,0,0,0,0,NA,0,0,0
"593","trapnest_24",2023-07-06,187,"NN","H","High",2,0,0,0,0,NA,0,0,0
"594","trapnest_25",2023-05-07,127,"NN","I","Low",1,0,0,0,0,NA,0,0,0
"595","trapnest_25",2023-05-11,131,"NN","I","Low",4,0,0,0,0,NA,0,0,0
"596","trapnest_25",2023-05-12,132,"NN","I","Low",1,0,0,0,0,NA,0,0,0
"597","trapnest_25",2023-05-15,135,"NN","I","Low",3,0,0,0,0,NA,0,0,0
"598","trapnest_25",2023-05-16,136,"NN","I","Low",1,0,0,0,0,NA,0,0,0
"599","trapnest_25",2023-05-18,138,"NN","I","Low",2,0,0,0,0,NA,0,0,0
"600","trapnest_25",2023-05-19,139,"NN","I","Low",1,0,0,0,0,NA,0,0,0
"601","trapnest_25",2023-05-21,141,"NN","I","Low",1,0,0,0,0,NA,0,0,0
"602","trapnest_25",2023-05-22,142,"NN","I","Low",1,0,0,0,0,NA,0,0,0
"603","trapnest_25",2023-05-25,145,"NN","I","Low",3,0,0,0,0,NA,0,0,0
"604","trapnest_25",2023-05-26,146,"NN","I","Low",1,0,0,0,0,NA,0,0,0
"605","trapnest_25",2023-05-28,148,"NN","I","Low",2,0,0,0,0,NA,0,0,0
"606","trapnest_25",2023-05-29,149,"NN","I","Low",1,0,3,0,0,NA,0,0,0
"607","trapnest_25",2023-05-31,151,"NN","I","Low",2,0,1,0,0,NA,0,0,0
"608","trapnest_25",2023-06-01,152,"NN","I","Low",1,0,0,0,0,NA,0,0,0
"609","trapnest_25",2023-06-04,155,"NN","I","Low",3,0,2,0,0,NA,0,0,0
"610","trapnest_25",2023-06-05,156,"NN","I","Low",1,0,0,0,0,NA,0,0,0
"611","trapnest_25",2023-06-08,159,"NN","I","Low",2,0,1,0,0,NA,0,0,0
"612","trapnest_25",2023-06-10,161,"NN","I","Low",0,0,0,0,0,NA,0,0,0
"613","trapnest_25",2023-06-11,162,"NN","I","Low",1,0,0,0,0,NA,0,0,0
"614","trapnest_25",2023-06-12,163,"NN","I","Low",0,0,0,0,0,NA,0,0,0
"615","trapnest_25",2023-06-15,166,"NN","I","Low",0,0,3,0,0,NA,0,0,0
"616","trapnest_25",2023-06-19,170,"NN","I","Low",0,0,0,0,0,NA,0,0,0
"617","trapnest_25",2023-06-22,173,"NN","I","Low",3,0,1,0,0,NA,0,0,0
"618","trapnest_25",2023-06-23,174,"NN","I","Low",1,0,0,0,0,NA,0,0,0
"619","trapnest_25",2023-06-30,181,"NN","I","Low",1,0,0,0,0,NA,0,0,0
"620","trapnest_25",2023-07-03,184,"NN","I","Low",2,0,0,0,0,NA,0,0,0
"621","trapnest_25",2023-07-04,185,"NN","I","Low",1,0,0,0,0,NA,0,0,0
"622","trapnest_25",2023-07-06,187,"NN","I","Low",2,0,0,0,0,NA,0,0,0
"623","trapnest_26",2023-05-07,127,"NN","I","Mid",1,0,0,0,0,NA,0,0,0
"624","trapnest_26",2023-05-11,131,"NN","I","Mid",4,0,0,0,0,NA,0,0,0
"625","trapnest_26",2023-05-12,132,"NN","I","Mid",1,0,0,0,0,NA,0,0,0
"626","trapnest_26",2023-05-15,135,"NN","I","Mid",3,0,0,0,0,NA,0,0,0
"627","trapnest_26",2023-05-16,136,"NN","I","Mid",1,0,0,0,0,NA,0,0,0
"628","trapnest_26",2023-05-18,138,"NN","I","Mid",2,0,0,0,0,NA,0,0,0
"629","trapnest_26",2023-05-19,139,"NN","I","Mid",1,0,0,0,0,NA,0,0,0
"630","trapnest_26",2023-05-21,141,"NN","I","Mid",1,0,0,0,0,NA,0,0,0
"631","trapnest_26",2023-05-22,142,"NN","I","Mid",1,0,1,0,0,NA,0,0,0
"632","trapnest_26",2023-05-25,145,"NN","I","Mid",3,0,0,0,0,NA,0,0,0
"633","trapnest_26",2023-05-26,146,"NN","I","Mid",1,0,0,0,0,NA,0,0,0
"634","trapnest_26",2023-05-28,148,"NN","I","Mid",2,0,0,0,0,NA,0,0,0
"635","trapnest_26",2023-05-29,149,"NN","I","Mid",1,0,0,0,0,NA,0,0,0
"636","trapnest_26",2023-05-31,151,"NN","I","Mid",2,0,0,0,0,NA,0,0,0
"637","trapnest_26",2023-06-01,152,"NN","I","Mid",1,0,0,0,0,NA,0,0,0
"638","trapnest_26",2023-06-04,155,"NN","I","Mid",3,0,0,0,0,NA,0,0,0
"639","trapnest_26",2023-06-05,156,"NN","I","Mid",1,0,0,0,0,NA,0,0,0
"640","trapnest_26",2023-06-08,159,"NN","I","Mid",2,0,0,0,0,NA,0,0,0
"641","trapnest_26",2023-06-10,161,"NN","I","Mid",0,0,0,0,0,NA,0,0,0
"642","trapnest_26",2023-06-11,162,"NN","I","Mid",1,0,0,0,0,NA,0,0,0
"643","trapnest_26",2023-06-12,163,"NN","I","Mid",0,0,0,0,0,NA,0,0,0
"644","trapnest_26",2023-06-15,166,"NN","I","Mid",0,0,0,0,0,NA,0,0,0
"645","trapnest_26",2023-06-19,170,"NN","I","Mid",0,0,0,0,0,NA,0,0,0
"646","trapnest_26",2023-06-22,173,"NN","I","Mid",3,0,0,0,0,NA,0,0,0
"647","trapnest_26",2023-06-23,174,"NN","I","Mid",1,0,0,0,0,NA,0,0,0
"648","trapnest_26",2023-06-30,181,"NN","I","Mid",1,0,0,0,0,NA,0,0,0
"649","trapnest_26",2023-07-03,184,"NN","I","Mid",2,0,0,0,0,NA,0,0,0
"650","trapnest_26",2023-07-04,185,"NN","I","Mid",1,0,0,0,0,NA,0,0,0
"651","trapnest_26",2023-07-06,187,"NN","I","Mid",2,0,0,0,0,NA,0,0,0
"652","trapnest_27",2023-05-07,127,"NN","I","High",1,0,0,0,0,NA,0,0,0
"653","trapnest_27",2023-05-11,131,"NN","I","High",4,0,0,0,0,NA,0,0,0
"654","trapnest_27",2023-05-12,132,"NN","I","High",1,0,0,0,0,NA,0,0,0
"655","trapnest_27",2023-05-15,135,"NN","I","High",3,0,0,0,0,NA,0,0,0
"656","trapnest_27",2023-05-16,136,"NN","I","High",1,0,0,0,0,NA,0,0,0
"657","trapnest_27",2023-05-18,138,"NN","I","High",2,0,0,0,0,NA,0,0,0
"658","trapnest_27",2023-05-19,139,"NN","I","High",1,0,0,0,0,NA,0,0,0
"659","trapnest_27",2023-05-21,141,"NN","I","High",1,0,0,0,0,NA,0,0,0
"660","trapnest_27",2023-05-22,142,"NN","I","High",1,0,0,0,0,NA,0,0,0
"661","trapnest_27",2023-05-25,145,"NN","I","High",3,0,0,0,0,NA,0,0,0
"662","trapnest_27",2023-05-26,146,"NN","I","High",1,0,0,0,0,NA,0,0,0
"663","trapnest_27",2023-05-28,148,"NN","I","High",2,0,0,0,0,NA,0,0,0
"664","trapnest_27",2023-05-29,149,"NN","I","High",1,0,0,0,0,NA,0,0,0
"665","trapnest_27",2023-05-31,151,"NN","I","High",2,0,0,0,0,NA,0,0,0
"666","trapnest_27",2023-06-01,152,"NN","I","High",1,0,0,0,0,NA,0,0,0
"667","trapnest_27",2023-06-04,155,"NN","I","High",3,0,0,0,0,NA,0,0,0
"668","trapnest_27",2023-06-05,156,"NN","I","High",1,0,0,0,0,NA,0,0,0
"669","trapnest_27",2023-06-08,159,"NN","I","High",2,0,0,0,0,NA,0,0,0
"670","trapnest_27",2023-06-10,161,"NN","I","High",0,0,0,0,0,NA,0,0,0
"671","trapnest_27",2023-06-11,162,"NN","I","High",1,0,0,0,0,NA,0,0,0
"672","trapnest_27",2023-06-12,163,"NN","I","High",0,0,0,0,0,NA,0,0,0
"673","trapnest_27",2023-06-15,166,"NN","I","High",0,0,0,0,0,NA,0,0,0
"674","trapnest_27",2023-06-19,170,"NN","I","High",0,0,0,0,0,NA,0,0,0
"675","trapnest_27",2023-06-22,173,"NN","I","High",3,0,0,0,0,NA,0,0,0
"676","trapnest_27",2023-06-23,174,"NN","I","High",1,0,0,0,0,NA,0,0,0
"677","trapnest_27",2023-06-30,181,"NN","I","High",1,0,0,0,0,NA,0,0,0
"678","trapnest_27",2023-07-03,184,"NN","I","High",2,0,0,0,0,NA,0,0,0
"679","trapnest_27",2023-07-04,185,"NN","I","High",1,0,0,0,0,NA,0,0,0
"680","trapnest_27",2023-07-06,187,"NN","I","High",2,0,0,0,0,NA,0,0,0
"681","trapnest_28",2023-05-07,127,"NN","J","Low",1,0,0,0,0,NA,0,0,0
"682","trapnest_28",2023-05-11,131,"NN","J","Low",4,0,0,0,0,NA,0,0,0
"683","trapnest_28",2023-05-12,132,"NN","J","Low",1,0,0,0,0,NA,0,0,0
"684","trapnest_28",2023-05-15,135,"NN","J","Low",3,0,0,0,0,NA,0,0,0
"685","trapnest_28",2023-05-16,136,"NN","J","Low",1,0,0,0,0,NA,0,0,0
"686","trapnest_28",2023-05-18,138,"NN","J","Low",2,0,0,0,0,NA,0,0,0
"687","trapnest_28",2023-05-19,139,"NN","J","Low",1,0,0,0,0,NA,0,0,0
"688","trapnest_28",2023-05-21,141,"NN","J","Low",1,0,0,0,0,NA,0,0,0
"689","trapnest_28",2023-05-22,142,"NN","J","Low",1,0,0,0,0,NA,0,0,0
"690","trapnest_28",2023-05-25,145,"NN","J","Low",3,0,0,0,0,NA,0,0,0
"691","trapnest_28",2023-05-26,146,"NN","J","Low",1,0,0,0,0,NA,0,0,0
"692","trapnest_28",2023-05-28,148,"NN","J","Low",2,0,0,0,0,NA,0,0,0
"693","trapnest_28",2023-05-29,149,"NN","J","Low",1,0,1,0,0,NA,0,0,0
"694","trapnest_28",2023-05-31,151,"NN","J","Low",2,0,0,0,0,NA,0,0,0
"695","trapnest_28",2023-06-01,152,"NN","J","Low",1,0,0,0,0,NA,0,0,0
"696","trapnest_28",2023-06-04,155,"NN","J","Low",3,0,0,0,0,NA,0,0,0
"697","trapnest_28",2023-06-05,156,"NN","J","Low",1,0,0,0,0,NA,0,0,0
"698","trapnest_28",2023-06-08,159,"NN","J","Low",2,0,0,0,0,NA,0,0,0
"699","trapnest_28",2023-06-10,161,"NN","J","Low",0,0,0,0,0,NA,0,0,0
"700","trapnest_28",2023-06-11,162,"NN","J","Low",1,0,0,0,0,NA,0,0,0
"701","trapnest_28",2023-06-12,163,"NN","J","Low",0,0,0,0,0,NA,0,0,0
"702","trapnest_28",2023-06-15,166,"NN","J","Low",0,0,0,0,0,NA,0,0,0
"703","trapnest_28",2023-06-19,170,"NN","J","Low",0,0,0,0,0,NA,0,0,0
"704","trapnest_28",2023-06-22,173,"NN","J","Low",3,0,1,0,0,NA,0,0,0
"705","trapnest_28",2023-06-23,174,"NN","J","Low",1,0,0,0,0,NA,0,0,0
"706","trapnest_28",2023-06-30,181,"NN","J","Low",1,0,0,0,0,NA,0,0,0
"707","trapnest_28",2023-07-03,184,"NN","J","Low",2,0,0,0,0,NA,0,0,0
"708","trapnest_28",2023-07-04,185,"NN","J","Low",1,0,0,0,0,NA,0,0,0
"709","trapnest_28",2023-07-06,187,"NN","J","Low",2,0,0,0,0,NA,0,0,0
"710","trapnest_29",2023-05-07,127,"NN","J","Mid",1,0,0,0,0,NA,0,0,0
"711","trapnest_29",2023-05-11,131,"NN","J","Mid",4,0,0,0,0,NA,0,0,0
"712","trapnest_29",2023-05-12,132,"NN","J","Mid",1,0,0,0,0,NA,0,0,0
"713","trapnest_29",2023-05-15,135,"NN","J","Mid",3,0,0,0,0,NA,0,0,0
"714","trapnest_29",2023-05-16,136,"NN","J","Mid",1,0,0,0,0,NA,0,0,0
"715","trapnest_29",2023-05-18,138,"NN","J","Mid",2,0,1,0,0,NA,0,0,0
"716","trapnest_29",2023-05-19,139,"NN","J","Mid",1,0,0,0,0,NA,0,0,0
"717","trapnest_29",2023-05-21,141,"NN","J","Mid",1,0,0,0,0,NA,0,0,0
"718","trapnest_29",2023-05-22,142,"NN","J","Mid",1,0,0,0,0,NA,0,0,0
"719","trapnest_29",2023-05-25,145,"NN","J","Mid",3,0,1,0,0,NA,0,0,0
"720","trapnest_29",2023-05-26,146,"NN","J","Mid",1,0,0,0,0,NA,0,0,0
"721","trapnest_29",2023-05-28,148,"NN","J","Mid",2,0,0,0,0,NA,0,0,0
"722","trapnest_29",2023-05-29,149,"NN","J","Mid",1,0,0,0,0,NA,0,0,0
"723","trapnest_29",2023-05-31,151,"NN","J","Mid",2,0,1,0,0,NA,0,0,0
"724","trapnest_29",2023-06-01,152,"NN","J","Mid",1,0,0,0,0,NA,0,0,0
"725","trapnest_29",2023-06-04,155,"NN","J","Mid",3,0,0,0,0,NA,0,0,0
"726","trapnest_29",2023-06-05,156,"NN","J","Mid",1,0,0,0,0,NA,0,0,0
"727","trapnest_29",2023-06-08,159,"NN","J","Mid",2,0,0,0,0,NA,0,0,0
"728","trapnest_29",2023-06-10,161,"NN","J","Mid",0,0,0,0,0,NA,0,0,0
"729","trapnest_29",2023-06-11,162,"NN","J","Mid",1,0,0,0,0,NA,0,0,0
"730","trapnest_29",2023-06-12,163,"NN","J","Mid",0,0,0,0,0,NA,0,0,0
"731","trapnest_29",2023-06-15,166,"NN","J","Mid",0,0,0,0,0,NA,0,0,0
"732","trapnest_29",2023-06-19,170,"NN","J","Mid",0,0,0,0,0,NA,0,0,0
"733","trapnest_29",2023-06-22,173,"NN","J","Mid",3,0,0,0,0,NA,0,0,0
"734","trapnest_29",2023-06-23,174,"NN","J","Mid",1,0,0,0,0,NA,0,0,0
"735","trapnest_29",2023-06-30,181,"NN","J","Mid",1,0,0,0,0,NA,0,0,0
"736","trapnest_29",2023-07-03,184,"NN","J","Mid",2,0,0,0,0,NA,0,0,0
"737","trapnest_29",2023-07-04,185,"NN","J","Mid",1,0,0,0,0,NA,0,0,0
"738","trapnest_29",2023-07-06,187,"NN","J","Mid",2,0,0,0,0,NA,0,0,0
"739","trapnest_2",2023-05-11,131,"BP","A","Mid",3,0,2,0,0,NA,0,0,0
"740","trapnest_2",2023-05-12,132,"BP","A","Mid",1,0,0,0,0,NA,0,0,0
"741","trapnest_2",2023-05-15,135,"BP","A","Mid",3,0,0,0,0,NA,0,0,0
"742","trapnest_2",2023-05-16,136,"BP","A","Mid",1,0,0,0,0,NA,0,0,0
"743","trapnest_2",2023-05-17,137,"BP","A","Mid",1,0,0,0,0,NA,0,0,0
"744","trapnest_2",2023-05-19,139,"BP","A","Mid",2,0,0,0,0,NA,0,0,0
"745","trapnest_2",2023-05-21,141,"BP","A","Mid",1,0,0,0,0,NA,0,0,0
"746","trapnest_2",2023-05-22,142,"BP","A","Mid",1,0,0,0,0,NA,0,0,0
"747","trapnest_2",2023-05-23,143,"BP","A","Mid",1,0,0,0,0,NA,0,0,0
"748","trapnest_2",2023-05-26,146,"BP","A","Mid",2,0,0,0,0,NA,0,0,0
"749","trapnest_2",2023-05-28,148,"BP","A","Mid",2,0,0,0,0,NA,0,0,0
"750","trapnest_2",2023-05-29,149,"BP","A","Mid",1,0,2,0,0,NA,0,0,0
"751","trapnest_2",2023-05-31,151,"BP","A","Mid",2,0,3,0,0,NA,0,0,0
"752","trapnest_2",2023-06-02,153,"BP","A","Mid",2,0,2,0,0,NA,0,0,0
"753","trapnest_2",2023-06-05,156,"BP","A","Mid",1,0,0,0,0,NA,0,0,0
"754","trapnest_2",2023-06-08,159,"BP","A","Mid",2,0,0,0,0,NA,0,0,0
"755","trapnest_2",2023-06-10,161,"BP","A","Mid",0,0,0,0,0,NA,0,0,0
"756","trapnest_2",2023-06-12,163,"BP","A","Mid",1,0,0,0,0,NA,0,0,0
"757","trapnest_2",2023-06-14,165,"BP","A","Mid",0,0,1,0,0,NA,0,0,0
"758","trapnest_2",2023-06-16,167,"BP","A","Mid",1,0,0,0,0,NA,0,0,0
"759","trapnest_2",2023-06-20,171,"BP","A","Mid",3,0,0,0,0,NA,0,0,0
"760","trapnest_2",2023-06-23,174,"BP","A","Mid",3,0,0,0,0,NA,0,0,0
"761","trapnest_2",2023-06-29,180,"BP","A","Mid",1,0,0,0,0,NA,0,0,0
"762","trapnest_30",2023-05-07,127,"NN","J","High",1,0,0,0,0,NA,0,0,0
"763","trapnest_30",2023-05-11,131,"NN","J","High",4,0,0,0,0,NA,0,0,0
"764","trapnest_30",2023-05-12,132,"NN","J","High",1,0,0,0,0,NA,0,0,0
"765","trapnest_30",2023-05-15,135,"NN","J","High",3,0,0,0,0,NA,0,0,0
"766","trapnest_30",2023-05-16,136,"NN","J","High",1,0,0,0,0,NA,0,0,0
"767","trapnest_30",2023-05-18,138,"NN","J","High",2,0,0,0,0,NA,0,0,0
"768","trapnest_30",2023-05-19,139,"NN","J","High",1,0,0,0,0,NA,0,0,0
"769","trapnest_30",2023-05-21,141,"NN","J","High",1,0,0,0,0,NA,0,0,0
"770","trapnest_30",2023-05-22,142,"NN","J","High",1,0,0,0,0,NA,0,0,0
"771","trapnest_30",2023-05-25,145,"NN","J","High",3,0,0,0,0,NA,0,0,0
"772","trapnest_30",2023-05-26,146,"NN","J","High",1,0,0,0,0,NA,0,0,0
"773","trapnest_30",2023-05-28,148,"NN","J","High",2,0,0,0,0,NA,0,0,0
"774","trapnest_30",2023-05-29,149,"NN","J","High",1,0,0,0,0,NA,0,0,0
"775","trapnest_30",2023-05-31,151,"NN","J","High",2,0,0,0,0,NA,0,0,0
"776","trapnest_30",2023-06-01,152,"NN","J","High",1,0,0,0,0,NA,0,0,0
"777","trapnest_30",2023-06-04,155,"NN","J","High",3,0,0,0,0,NA,0,0,0
"778","trapnest_30",2023-06-05,156,"NN","J","High",1,0,0,0,0,NA,0,0,0
"779","trapnest_30",2023-06-08,159,"NN","J","High",2,0,0,0,0,NA,0,0,0
"780","trapnest_30",2023-06-10,161,"NN","J","High",0,0,0,0,0,NA,0,0,0
"781","trapnest_30",2023-06-11,162,"NN","J","High",1,0,0,0,0,NA,0,0,0
"782","trapnest_30",2023-06-12,163,"NN","J","High",0,0,0,0,0,NA,0,0,0
"783","trapnest_30",2023-06-15,166,"NN","J","High",0,0,0,0,0,NA,0,0,0
"784","trapnest_30",2023-06-23,174,"NN","J","High",1,0,0,2,2,2,0,2,2
"785","trapnest_30",2023-06-30,181,"NN","J","High",1,1,1,2,2,2,0,2,2
"786","trapnest_30",2023-07-03,184,"NN","J","High",2,0,0,2,2,2,0,1,1
"787","trapnest_30",2023-07-04,185,"NN","J","High",1,0,0,2,2,2,0,1,1
"788","trapnest_30",2023-07-06,187,"NN","J","High",2,0,0,2,2,2,0,1,1
"789","trapnest_30",2023-06-19,170,"NN","J","High",0,0,0,0,0,NA,0,0,0
"790","trapnest_30",2023-06-22,173,"NN","J","High",3,2,2,0.5,0.5,2,0,1,1
"791","trapnest_31",2023-05-07,127,"NN","K","Low",1,0,0,0,0,NA,0,0,0
"792","trapnest_31",2023-05-11,131,"NN","K","Low",4,0,0,0,0,NA,0,0,0
"793","trapnest_31",2023-05-12,132,"NN","K","Low",1,0,0,0,0,NA,0,0,0
"794","trapnest_31",2023-05-15,135,"NN","K","Low",3,0,0,0,0,NA,0,0,0
"795","trapnest_31",2023-05-16,136,"NN","K","Low",1,0,0,0,0,NA,0,0,0
"796","trapnest_31",2023-05-18,138,"NN","K","Low",2,0,0,0,0,NA,0,0,0
"797","trapnest_31",2023-05-19,139,"NN","K","Low",1,0,0,0,0,NA,0,0,0
"798","trapnest_31",2023-05-21,141,"NN","K","Low",1,0,0,0,0,NA,0,0,0
"799","trapnest_31",2023-05-22,142,"NN","K","Low",1,0,0,0,0,NA,0,0,0
"800","trapnest_31",2023-05-25,145,"NN","K","Low",3,0,0,0,0,NA,0,0,0
"801","trapnest_31",2023-05-26,146,"NN","K","Low",1,0,0,0,0,NA,0,0,0
"802","trapnest_31",2023-05-28,148,"NN","K","Low",2,0,0,0,0,NA,0,0,0
"803","trapnest_31",2023-05-29,149,"NN","K","Low",1,0,1,0,0,NA,0,0,0
"804","trapnest_31",2023-05-31,151,"NN","K","Low",2,0,0,0,0,NA,0,0,0
"805","trapnest_31",2023-06-01,152,"NN","K","Low",1,0,0,0,0,NA,0,0,0
"806","trapnest_31",2023-06-04,155,"NN","K","Low",3,0,0,0,0,NA,0,0,0
"807","trapnest_31",2023-06-05,156,"NN","K","Low",1,0,0,0,0,NA,0,0,0
"808","trapnest_31",2023-06-08,159,"NN","K","Low",2,0,0,0,0,NA,0,0,0
"809","trapnest_31",2023-06-10,161,"NN","K","Low",0,0,0,0,0,NA,0,0,0
"810","trapnest_31",2023-06-11,162,"NN","K","Low",1,0,0,0,0,NA,0,0,0
"811","trapnest_31",2023-06-12,163,"NN","K","Low",0,0,0,0,0,NA,0,0,0
"812","trapnest_31",2023-06-15,166,"NN","K","Low",0,0,0,0,0,NA,0,0,0
"813","trapnest_31",2023-06-19,170,"NN","K","Low",0,0,0,0,0,NA,0,0,0
"814","trapnest_31",2023-06-22,173,"NN","K","Low",3,0,0,0,0,NA,0,0,0
"815","trapnest_31",2023-06-23,174,"NN","K","Low",1,0,0,0,0,NA,0,0,0
"816","trapnest_31",2023-06-30,181,"NN","K","Low",1,0,0,0,0,NA,0,0,0
"817","trapnest_31",2023-07-03,184,"NN","K","Low",2,0,0,0,0,NA,0,0,0
"818","trapnest_31",2023-07-04,185,"NN","K","Low",1,0,0,0,0,NA,0,0,0
"819","trapnest_31",2023-07-06,187,"NN","K","Low",2,0,0,0,0,NA,0,0,0
"820","trapnest_32",2023-05-07,127,"NN","K","Mid",1,0,0,0,0,NA,0,0,0
"821","trapnest_32",2023-05-11,131,"NN","K","Mid",4,0,0,0,0,NA,0,0,0
"822","trapnest_32",2023-05-12,132,"NN","K","Mid",1,0,0,0,0,NA,0,0,0
"823","trapnest_32",2023-05-15,135,"NN","K","Mid",3,0,0,0,0,NA,0,0,0
"824","trapnest_32",2023-05-16,136,"NN","K","Mid",1,0,0,0,0,NA,0,0,0
"825","trapnest_32",2023-05-18,138,"NN","K","Mid",2,0,0,0,0,NA,0,0,0
"826","trapnest_32",2023-05-19,139,"NN","K","Mid",1,0,0,0,0,NA,0,0,0
"827","trapnest_32",2023-05-21,141,"NN","K","Mid",1,0,0,0,0,NA,0,0,0
"828","trapnest_32",2023-05-22,142,"NN","K","Mid",1,0,0,0,0,NA,0,0,0
"829","trapnest_32",2023-05-25,145,"NN","K","Mid",3,0,0,0,0,NA,0,0,0
"830","trapnest_32",2023-05-26,146,"NN","K","Mid",1,0,3,0,0,NA,0,0,0
"831","trapnest_32",2023-05-28,148,"NN","K","Mid",2,0,0,0,0,NA,0,0,0
"832","trapnest_32",2023-05-29,149,"NN","K","Mid",1,0,1,0,0,NA,0,0,0
"833","trapnest_32",2023-05-31,151,"NN","K","Mid",2,0,0,0,0,NA,0,0,0
"834","trapnest_32",2023-06-01,152,"NN","K","Mid",1,0,1,0,0,NA,0,0,0
"835","trapnest_32",2023-06-04,155,"NN","K","Mid",3,0,0,0,0,NA,0,0,0
"836","trapnest_32",2023-06-05,156,"NN","K","Mid",1,0,0,0,0,NA,0,0,0
"837","trapnest_32",2023-06-08,159,"NN","K","Mid",2,0,0,0,0,NA,0,0,0
"838","trapnest_32",2023-06-10,161,"NN","K","Mid",0,0,0,0,0,NA,0,0,0
"839","trapnest_32",2023-06-11,162,"NN","K","Mid",1,0,0,0,0,NA,0,0,0
"840","trapnest_32",2023-06-12,163,"NN","K","Mid",0,0,0,0,0,NA,0,0,0
"841","trapnest_32",2023-06-15,166,"NN","K","Mid",0,0,0,0,0,NA,0,0,0
"842","trapnest_32",2023-06-19,170,"NN","K","Mid",0,0,0,0,0,NA,0,0,0
"843","trapnest_32",2023-06-22,173,"NN","K","Mid",3,0,0,0,0,NA,0,0,0
"844","trapnest_32",2023-06-23,174,"NN","K","Mid",1,0,0,0,0,NA,0,0,0
"845","trapnest_32",2023-07-03,184,"NN","K","Mid",2,0,0,0,0,NA,0,0,0
"846","trapnest_32",2023-07-04,185,"NN","K","Mid",1,0,0,0,0,NA,0,0,0
"847","trapnest_32",2023-07-06,187,"NN","K","Mid",2,0,0,0,0,NA,0,0,0
"848","trapnest_32",2023-06-30,181,"NN","K","Mid",1,0,0,0,0,NA,0,0,0
"849","trapnest_33",2023-05-07,127,"NN","K","High",1,0,0,0,0,NA,0,0,0
"850","trapnest_33",2023-05-11,131,"NN","K","High",4,0,0,0,0,NA,0,0,0
"851","trapnest_33",2023-05-12,132,"NN","K","High",1,0,0,0,0,NA,0,0,0
"852","trapnest_33",2023-05-15,135,"NN","K","High",3,0,0,0,0,NA,0,0,0
"853","trapnest_33",2023-05-16,136,"NN","K","High",1,0,0,0,0,NA,0,0,0
"854","trapnest_33",2023-05-18,138,"NN","K","High",2,0,0,0,0,NA,0,0,0
"855","trapnest_33",2023-05-19,139,"NN","K","High",1,0,0,0,0,NA,0,0,0
"856","trapnest_33",2023-05-21,141,"NN","K","High",1,0,0,0,0,NA,0,0,0
"857","trapnest_33",2023-05-22,142,"NN","K","High",1,0,0,0,0,NA,0,0,0
"858","trapnest_33",2023-05-25,145,"NN","K","High",3,0,0,0,0,NA,0,0,0
"859","trapnest_33",2023-05-26,146,"NN","K","High",1,0,0,0,0,NA,0,0,0
"860","trapnest_33",2023-05-28,148,"NN","K","High",2,0,0,0,0,NA,0,0,0
"861","trapnest_33",2023-05-29,149,"NN","K","High",1,0,0,0,0,NA,0,0,0
"862","trapnest_33",2023-05-31,151,"NN","K","High",2,0,0,0,0,NA,0,0,0
"863","trapnest_33",2023-06-01,152,"NN","K","High",1,0,0,0,0,NA,0,0,0
"864","trapnest_33",2023-06-04,155,"NN","K","High",3,0,0,0,0,NA,0,0,0
"865","trapnest_33",2023-06-05,156,"NN","K","High",1,0,0,0,0,NA,0,0,0
"866","trapnest_33",2023-06-08,159,"NN","K","High",2,0,0,0,0,NA,0,0,0
"867","trapnest_33",2023-06-10,161,"NN","K","High",0,0,0,0,0,NA,0,0,0
"868","trapnest_33",2023-06-11,162,"NN","K","High",1,0,0,0,0,NA,0,0,0
"869","trapnest_33",2023-06-12,163,"NN","K","High",0,0,0,0,0,NA,0,0,0
"870","trapnest_33",2023-06-15,166,"NN","K","High",0,0,0,0,0,NA,0,0,0
"871","trapnest_33",2023-06-19,170,"NN","K","High",0,0,0,0,0,NA,0,0,0
"872","trapnest_33",2023-06-22,173,"NN","K","High",3,0,0,0,0,NA,0,0,0
"873","trapnest_33",2023-06-23,174,"NN","K","High",1,0,0,0,0,NA,0,0,0
"874","trapnest_33",2023-06-30,181,"NN","K","High",1,0,0,0,0,NA,0,0,0
"875","trapnest_33",2023-07-03,184,"NN","K","High",2,0,0,0,0,NA,0,0,0
"876","trapnest_33",2023-07-04,185,"NN","K","High",1,0,0,0,0,NA,0,0,0
"877","trapnest_33",2023-07-06,187,"NN","K","High",2,0,0,0,0,NA,0,0,0
"878","trapnest_34",2023-05-07,127,"NN","L","Low",1,0,0,0,0,NA,0,0,0
"879","trapnest_34",2023-05-11,131,"NN","L","Low",4,0,0,0,0,NA,0,0,0
"880","trapnest_34",2023-05-12,132,"NN","L","Low",1,0,0,0,0,NA,0,0,0
"881","trapnest_34",2023-05-15,135,"NN","L","Low",3,0,0,0,0,NA,0,0,0
"882","trapnest_34",2023-05-16,136,"NN","L","Low",1,0,0,0,0,NA,0,0,0
"883","trapnest_34",2023-05-18,138,"NN","L","Low",2,0,0,0,0,NA,0,0,0
"884","trapnest_34",2023-05-19,139,"NN","L","Low",1,0,0,0,0,NA,0,0,0
"885","trapnest_34",2023-05-21,141,"NN","L","Low",1,0,0,0,0,NA,0,0,0
"886","trapnest_34",2023-05-22,142,"NN","L","Low",1,0,0,0,0,NA,0,0,0
"887","trapnest_34",2023-05-25,145,"NN","L","Low",3,0,0,0,0,NA,0,0,0
"888","trapnest_34",2023-05-26,146,"NN","L","Low",1,0,0,0,0,NA,0,0,0
"889","trapnest_34",2023-05-28,148,"NN","L","Low",2,0,0,0,0,NA,0,0,0
"890","trapnest_34",2023-05-29,149,"NN","L","Low",1,0,0,0,0,NA,0,0,0
"891","trapnest_34",2023-05-31,151,"NN","L","Low",2,0,0,0,0,NA,0,0,0
"892","trapnest_34",2023-06-01,152,"NN","L","Low",1,0,0,0,0,NA,0,0,0
"893","trapnest_34",2023-06-04,155,"NN","L","Low",3,0,0,0,0,NA,0,0,0
"894","trapnest_34",2023-06-05,156,"NN","L","Low",1,0,0,0,0,NA,0,0,0
"895","trapnest_34",2023-06-08,159,"NN","L","Low",2,0,0,0,0,NA,0,0,0
"896","trapnest_34",2023-06-10,161,"NN","L","Low",0,0,0,0,0,NA,0,0,0
"897","trapnest_34",2023-06-11,162,"NN","L","Low",1,0,0,0,0,NA,0,0,0
"898","trapnest_34",2023-06-12,163,"NN","L","Low",0,0,0,0,0,NA,0,0,0
"899","trapnest_34",2023-06-15,166,"NN","L","Low",0,0,0,0,0,NA,0,0,0
"900","trapnest_34",2023-06-19,170,"NN","L","Low",0,0,0,0,0,NA,0,0,0
"901","trapnest_34",2023-06-22,173,"NN","L","Low",3,0,0,0,0,NA,0,0,0
"902","trapnest_34",2023-06-23,174,"NN","L","Low",1,0,0,0,0,NA,0,0,0
"903","trapnest_34",2023-06-30,181,"NN","L","Low",1,0,0,0,0,NA,0,0,0
"904","trapnest_34",2023-07-03,184,"NN","L","Low",2,0,0,0,0,NA,0,0,0
"905","trapnest_34",2023-07-04,185,"NN","L","Low",1,0,0,0,0,NA,0,0,0
"906","trapnest_34",2023-07-06,187,"NN","L","Low",2,0,0,0,0,NA,0,0,0
"907","trapnest_35",2023-05-07,127,"NN","L","Mid",1,0,0,0,0,NA,0,0,0
"908","trapnest_35",2023-05-11,131,"NN","L","Mid",4,0,0,0,0,NA,0,0,0
"909","trapnest_35",2023-05-12,132,"NN","L","Mid",1,0,0,0,0,NA,0,0,0
"910","trapnest_35",2023-05-15,135,"NN","L","Mid",3,0,0,0,0,NA,0,0,0
"911","trapnest_35",2023-05-16,136,"NN","L","Mid",1,0,0,0,0,NA,0,0,0
"912","trapnest_35",2023-05-18,138,"NN","L","Mid",2,0,0,0,0,NA,0,0,0
"913","trapnest_35",2023-05-19,139,"NN","L","Mid",1,0,0,0,0,NA,0,0,0
"914","trapnest_35",2023-05-21,141,"NN","L","Mid",1,0,0,0,0,NA,0,0,0
"915","trapnest_35",2023-05-22,142,"NN","L","Mid",1,0,0,0,0,NA,0,0,0
"916","trapnest_35",2023-05-25,145,"NN","L","Mid",3,0,0,0,0,NA,0,0,0
"917","trapnest_35",2023-05-26,146,"NN","L","Mid",1,0,0,0,0,NA,0,0,0
"918","trapnest_35",2023-05-28,148,"NN","L","Mid",2,0,0,0,0,NA,0,0,0
"919","trapnest_35",2023-05-29,149,"NN","L","Mid",1,0,0,0,0,NA,0,0,0
"920","trapnest_35",2023-05-31,151,"NN","L","Mid",2,0,0,0,0,NA,0,0,0
"921","trapnest_35",2023-06-01,152,"NN","L","Mid",1,0,0,0,0,NA,0,0,0
"922","trapnest_35",2023-06-04,155,"NN","L","Mid",3,0,2,0,0,NA,0,0,0
"923","trapnest_35",2023-06-05,156,"NN","L","Mid",1,0,0,0,0,NA,0,0,0
"924","trapnest_35",2023-06-08,159,"NN","L","Mid",2,0,0,0,0,NA,0,0,0
"925","trapnest_35",2023-06-10,161,"NN","L","Mid",0,0,0,0,0,NA,0,0,0
"926","trapnest_35",2023-06-11,162,"NN","L","Mid",1,0,0,0,0,NA,0,0,0
"927","trapnest_35",2023-06-12,163,"NN","L","Mid",0,0,0,0,0,NA,0,0,0
"928","trapnest_35",2023-06-15,166,"NN","L","Mid",0,0,0,0,0,NA,0,0,0
"929","trapnest_35",2023-06-19,170,"NN","L","Mid",0,0,0,0,0,NA,0,0,0
"930","trapnest_35",2023-06-22,173,"NN","L","Mid",3,0,1,0,0,NA,0,0,0
"931","trapnest_35",2023-06-23,174,"NN","L","Mid",1,0,0,0,0,NA,0,0,0
"932","trapnest_35",2023-06-30,181,"NN","L","Mid",1,0,0,0,0,NA,0,0,0
"933","trapnest_35",2023-07-03,184,"NN","L","Mid",2,0,0,0,0,NA,0,0,0
"934","trapnest_35",2023-07-04,185,"NN","L","Mid",1,0,0,0,0,NA,0,0,0
"935","trapnest_35",2023-07-06,187,"NN","L","Mid",2,0,1,0,0,NA,0,0,0
"936","trapnest_36",2023-05-07,127,"NN","L","High",1,0,0,0,0,NA,0,0,0
"937","trapnest_36",2023-05-11,131,"NN","L","High",4,0,0,0,0,NA,0,0,0
"938","trapnest_36",2023-05-12,132,"NN","L","High",1,0,0,0,0,NA,0,0,0
"939","trapnest_36",2023-05-15,135,"NN","L","High",3,0,0,0,0,NA,0,0,0
"940","trapnest_36",2023-05-16,136,"NN","L","High",1,0,0,0,0,NA,0,0,0
"941","trapnest_36",2023-05-18,138,"NN","L","High",2,0,0,0,0,NA,0,0,0
"942","trapnest_36",2023-05-19,139,"NN","L","High",1,0,0,0,0,NA,0,0,0
"943","trapnest_36",2023-05-21,141,"NN","L","High",1,0,0,0,0,NA,0,0,0
"944","trapnest_36",2023-05-22,142,"NN","L","High",1,0,0,0,0,NA,0,0,0
"945","trapnest_36",2023-05-25,145,"NN","L","High",3,0,0,0,0,NA,0,0,0
"946","trapnest_36",2023-05-26,146,"NN","L","High",1,0,0,0,0,NA,0,0,0
"947","trapnest_36",2023-05-28,148,"NN","L","High",2,0,0,0,0,NA,0,0,0
"948","trapnest_36",2023-05-29,149,"NN","L","High",1,0,2,0,0,NA,0,0,0
"949","trapnest_36",2023-06-10,161,"NN","L","High",0,0,0,0,0,NA,0,0,0
"950","trapnest_36",2023-06-11,162,"NN","L","High",1,0,0,0,0,NA,0,0,0
"951","trapnest_36",2023-06-12,163,"NN","L","High",0,0,0,0,0,NA,0,0,0
"952","trapnest_36",2023-06-15,166,"NN","L","High",0,0,0,0,0,NA,0,0,0
"953","trapnest_36",2023-06-19,170,"NN","L","High",0,0,0,0,0,NA,0,0,0
"954","trapnest_36",2023-06-22,173,"NN","L","High",3,0,1,0,0,NA,0,0,0
"955","trapnest_36",2023-06-23,174,"NN","L","High",1,0,0,0,0,NA,0,0,0
"956","trapnest_36",2023-06-30,181,"NN","L","High",1,0,0,0,0,NA,0,0,0
"957","trapnest_36",2023-07-03,184,"NN","L","High",2,0,0,0,0,NA,0,0,0
"958","trapnest_36",2023-07-04,185,"NN","L","High",1,0,0,0,0,NA,0,0,0
"959","trapnest_36",2023-07-06,187,"NN","L","High",2,0,0,0,0,NA,0,0,0
"960","trapnest_36",2023-06-05,156,"NN","L","High",1,0,0,0,0,NA,0,0,0
"961","trapnest_36",2023-06-08,159,"NN","L","High",2,0,1,0,0,NA,0,0,0
"962","trapnest_36",2023-06-01,152,"NN","L","High",1,0,0,0,0,NA,0,0,0
"963","trapnest_36",2023-05-31,151,"NN","L","High",2,0,4,0,0,NA,0,0,0
"964","trapnest_36",2023-06-04,155,"NN","L","High",3,0,1,0,0,NA,0,0,0
"965","trapnest_37",2023-07-03,184,"BP","M","Low",1,0,0,0,0,NA,0,0,0
"966","trapnest_37",2023-07-04,185,"BP","M","Low",1,0,0,0,0,NA,0,0,0
"967","trapnest_37",2023-07-07,188,"BP","M","Low",3,0,0,0,0,NA,0,0,0
"968","trapnest_37",2023-07-10,191,"BP","M","Low",1,0,0,0,0,NA,0,0,0
"969","trapnest_37",2023-07-12,193,"BP","M","Low",1,0,0,0,0,NA,0,0,0
"970","trapnest_37",2023-07-14,195,"BP","M","Low",1,0,0,0,0,NA,0,0,0
"971","trapnest_37",2023-07-17,198,"BP","M","Low",2,0,0,0,0,NA,0,0,0
"972","trapnest_37",2023-07-20,201,"BP","M","Low",2,0,0,0,0,NA,0,0,0
"973","trapnest_37",2023-07-24,205,"BP","M","Low",2,0,0,0,0,NA,0,0,0
"974","trapnest_37",2023-07-26,207,"BP","M","Low",1,0,0,0,0,NA,0,0,0
"975","trapnest_37",2023-07-28,209,"BP","M","Low",0,0,0,0,0,NA,0,0,0
"976","trapnest_37",2023-07-29,210,"BP","M","Low",0,0,0,0,0,NA,0,0,0
"977","trapnest_37",2023-08-01,213,"BP","M","Low",2,0,0,0,0,NA,0,0,0
"978","trapnest_37",2023-08-04,216,"BP","M","Low",2,0,0,0,0,NA,0,0,0
"979","trapnest_37",2023-08-09,221,"BP","M","Low",4,0,0,0,0,NA,0,0,0
"980","trapnest_38",2023-07-03,184,"BP","M","Mid",1,0,0,6,0,NA,0,0,6
"981","trapnest_38",2023-07-04,185,"BP","M","Mid",1,0,0,6,0,NA,0,0,6
"982","trapnest_38",2023-07-07,188,"BP","M","Mid",3,0,0,6,0,NA,0,0,6
"983","trapnest_38",2023-07-10,191,"BP","M","Mid",1,0,0,6,0,NA,0,0,6
"984","trapnest_38",2023-07-12,193,"BP","M","Mid",1,0,0,6,0,NA,0,0,6
"985","trapnest_38",2023-07-14,195,"BP","M","Mid",1,0,0,6,0,NA,0,0,6
"986","trapnest_38",2023-07-17,198,"BP","M","Mid",2,0,0,6,0,NA,0,0,6
"987","trapnest_38",2023-07-20,201,"BP","M","Mid",2,0,0,6,0,NA,0,0,6
"988","trapnest_38",2023-07-24,205,"BP","M","Mid",2,0,0,6,0,NA,0,0,6
"989","trapnest_38",2023-07-26,207,"BP","M","Mid",1,0,0,6,0,NA,0,0,6
"990","trapnest_38",2023-07-28,209,"BP","M","Mid",0,0,0,6,0,NA,0,0,6
"991","trapnest_38",2023-07-29,210,"BP","M","Mid",0,0,0,6,0,NA,0,0,6
"992","trapnest_38",2023-08-01,213,"BP","M","Mid",2,0,0,6,0,NA,0,0,6
"993","trapnest_38",2023-08-04,216,"BP","M","Mid",2,0,0,6,0,NA,0,0,6
"994","trapnest_38",2023-08-09,221,"BP","M","Mid",4,0,0,6,0,NA,0,0,6
"995","trapnest_39",2023-07-03,184,"BP","M","High",1,0,0,11,0,NA,0,0,11
"996","trapnest_39",2023-07-04,185,"BP","M","High",1,0,0,11,0,NA,0,0,11
"997","trapnest_39",2023-07-07,188,"BP","M","High",3,0,0,11,0,NA,0,0,11
"998","trapnest_39",2023-07-10,191,"BP","M","High",1,0,0,11,0,NA,0,0,11
"999","trapnest_39",2023-07-12,193,"BP","M","High",1,0,0,11,0,NA,0,0,11
"1000","trapnest_39",2023-07-14,195,"BP","M","High",1,0,0,11,0,NA,0,0,11
"1001","trapnest_39",2023-07-17,198,"BP","M","High",2,0,0,11,0,NA,0,0,11
"1002","trapnest_39",2023-07-20,201,"BP","M","High",2,0,0,11,0,NA,0,0,11
"1003","trapnest_39",2023-07-24,205,"BP","M","High",2,0,0,11,0,NA,0,0,11
"1004","trapnest_39",2023-07-26,207,"BP","M","High",1,0,0,11,0,NA,0,0,11
"1005","trapnest_39",2023-07-28,209,"BP","M","High",0,0,0,11,0,NA,0,0,11
"1006","trapnest_39",2023-07-29,210,"BP","M","High",0,0,0,11,0,NA,0,0,11
"1007","trapnest_39",2023-08-01,213,"BP","M","High",2,0,0,11,0,NA,0,0,11
"1008","trapnest_39",2023-08-04,216,"BP","M","High",2,0,0,11,0,NA,0,0,11
"1009","trapnest_39",2023-08-09,221,"BP","M","High",4,0,0,11,0,NA,0,0,11
"1010","trapnest_3",2023-05-28,148,"BP","A","High",2,0,0,0,0,NA,0,0,0
"1011","trapnest_3",2023-05-11,131,"BP","A","High",3,0,0,0,0,NA,0,0,0
"1012","trapnest_3",2023-05-12,132,"BP","A","High",1,0,0,0,0,NA,0,0,0
"1013","trapnest_3",2023-05-15,135,"BP","A","High",3,0,0,0,0,NA,0,0,0
"1014","trapnest_3",2023-05-16,136,"BP","A","High",1,0,0,0,0,NA,0,0,0
"1015","trapnest_3",2023-05-17,137,"BP","A","High",1,0,0,0,0,NA,0,0,0
"1016","trapnest_3",2023-05-19,139,"BP","A","High",2,0,0,0,0,NA,0,0,0
"1017","trapnest_3",2023-05-21,141,"BP","A","High",1,0,0,0,0,NA,0,0,0
"1018","trapnest_3",2023-05-22,142,"BP","A","High",1,0,0,0,0,NA,0,0,0
"1019","trapnest_3",2023-05-23,143,"BP","A","High",1,0,1,0,0,NA,0,0,0
"1020","trapnest_3",2023-06-08,159,"BP","A","High",2,0,0,0,0,NA,0,0,0
"1021","trapnest_3",2023-06-10,161,"BP","A","High",0,0,0,0,0,NA,0,0,0
"1022","trapnest_3",2023-06-12,163,"BP","A","High",1,0,0,0,0,NA,0,0,0
"1023","trapnest_3",2023-06-14,165,"BP","A","High",0,0,0,0,0,NA,0,0,0
"1024","trapnest_3",2023-06-16,167,"BP","A","High",1,0,1,0,0,NA,0,0,0
"1025","trapnest_3",2023-06-20,171,"BP","A","High",3,0,0,0,0,NA,0,0,0
"1026","trapnest_3",2023-05-26,146,"BP","A","High",2,0,1,0,0,NA,0,0,0
"1027","trapnest_3",2023-05-29,149,"BP","A","High",1,0,1,0,0,NA,0,0,0
"1028","trapnest_3",2023-05-31,151,"BP","A","High",2,0,1,0,0,NA,0,0,0
"1029","trapnest_3",2023-06-02,153,"BP","A","High",2,0,3,0,0,NA,0,0,0
"1030","trapnest_3",2023-06-05,156,"BP","A","High",1,0,0,0,0,NA,0,0,0
"1031","trapnest_3",2023-06-23,174,"BP","A","High",3,0,0,0,0,NA,0,0,0
"1032","trapnest_3",2023-06-29,180,"BP","A","High",1,0,0,0,0,NA,0,0,0
"1033","trapnest_40",2023-07-03,184,"BP","N","Low",1,0,0,0,0,NA,0,0,0
"1034","trapnest_40",2023-07-04,185,"BP","N","Low",1,0,0,0,0,NA,0,0,0
"1035","trapnest_40",2023-07-07,188,"BP","N","Low",3,0,0,0,0,NA,0,0,0
"1036","trapnest_40",2023-07-10,191,"BP","N","Low",1,0,0,0,0,NA,0,0,0
"1037","trapnest_40",2023-07-12,193,"BP","N","Low",1,0,0,0,0,NA,0,0,0
"1038","trapnest_40",2023-07-14,195,"BP","N","Low",1,0,0,0,0,NA,0,0,0
"1039","trapnest_40",2023-07-17,198,"BP","N","Low",2,0,0,0,0,NA,0,0,0
"1040","trapnest_40",2023-07-20,201,"BP","N","Low",2,0,0,0,0,NA,0,0,0
"1041","trapnest_40",2023-07-24,205,"BP","N","Low",2,0,0,0,0,NA,0,0,0
"1042","trapnest_40",2023-07-26,207,"BP","N","Low",1,0,0,0,0,NA,0,0,0
"1043","trapnest_40",2023-07-28,209,"BP","N","Low",0,0,0,0,0,NA,0,0,0
"1044","trapnest_40",2023-07-29,210,"BP","N","Low",0,0,0,0,0,NA,0,0,0
"1045","trapnest_40",2023-08-01,213,"BP","N","Low",2,0,0,0,0,NA,0,0,0
"1046","trapnest_40",2023-08-04,216,"BP","N","Low",2,0,0,0,0,NA,0,0,0
"1047","trapnest_40",2023-08-09,221,"BP","N","Low",4,0,0,0,0,NA,0,0,0
"1048","trapnest_41",2023-07-03,184,"BP","N","Mid",1,0,0,6,0,NA,0,0,6
"1049","trapnest_41",2023-07-04,185,"BP","N","Mid",1,0,0,6,0,NA,0,0,6
"1050","trapnest_41",2023-07-07,188,"BP","N","Mid",3,0,0,6,0,NA,0,0,6
"1051","trapnest_41",2023-07-10,191,"BP","N","Mid",1,0,0,6,0,NA,0,0,6
"1052","trapnest_41",2023-07-12,193,"BP","N","Mid",1,0,0,6,0,NA,0,0,6
"1053","trapnest_41",2023-07-14,195,"BP","N","Mid",1,0,0,6,0,NA,0,0,6
"1054","trapnest_41",2023-07-17,198,"BP","N","Mid",2,0,0,6,0,NA,0,0,6
"1055","trapnest_41",2023-07-20,201,"BP","N","Mid",2,0,0,6,0,NA,0,0,6
"1056","trapnest_41",2023-07-24,205,"BP","N","Mid",2,0,0,6,0,NA,0,0,6
"1057","trapnest_41",2023-07-26,207,"BP","N","Mid",1,0,0,6,0,NA,0,0,6
"1058","trapnest_41",2023-07-28,209,"BP","N","Mid",0,0,0,6,0,NA,0,0,6
"1059","trapnest_41",2023-07-29,210,"BP","N","Mid",0,0,0,6,0,NA,0,0,6
"1060","trapnest_41",2023-08-01,213,"BP","N","Mid",2,0,0,6,0,NA,0,0,6
"1061","trapnest_41",2023-08-04,216,"BP","N","Mid",2,0,0,6,0,NA,0,0,6
"1062","trapnest_41",2023-08-09,221,"BP","N","Mid",4,0,0,6,0,NA,0,0,6
"1063","trapnest_42",2023-07-03,184,"BP","N","High",1,0,0,11,0,NA,0,0,11
"1064","trapnest_42",2023-07-04,185,"BP","N","High",1,0,0,11,0,NA,0,0,11
"1065","trapnest_42",2023-07-07,188,"BP","N","High",3,0,0,11,0,NA,0,0,11
"1066","trapnest_42",2023-07-10,191,"BP","N","High",1,0,0,11,0,NA,0,0,11
"1067","trapnest_42",2023-07-12,193,"BP","N","High",1,0,0,11,0,NA,0,0,11
"1068","trapnest_42",2023-07-14,195,"BP","N","High",1,0,0,11,0,NA,0,0,11
"1069","trapnest_42",2023-07-17,198,"BP","N","High",2,0,0,11,0,NA,0,0,11
"1070","trapnest_42",2023-07-20,201,"BP","N","High",2,1,1,11,0,1,0,0,11
"1071","trapnest_42",2023-07-24,205,"BP","N","High",2,2,2,11.5,1.5,3,0,1,11
"1072","trapnest_42",2023-07-26,207,"BP","N","High",1,0,0,11,3,3,0,2,10
"1073","trapnest_42",2023-07-28,209,"BP","N","High",0,0,0,11,3,3,0,2,10
"1074","trapnest_42",2023-07-29,210,"BP","N","High",0,0,0,11,3,3,0,2,10
"1075","trapnest_42",2023-08-01,213,"BP","N","High",2,0,0,11,3,3,0,2,10
"1076","trapnest_42",2023-08-04,216,"BP","N","High",2,0,0,11,3,3,0,2,10
"1077","trapnest_42",2023-08-09,221,"BP","N","High",4,0,0,11,3,3,0,2,10
"1078","trapnest_43",2023-07-03,184,"BP","O","Low",1,0,0,0,0,NA,0,0,0
"1079","trapnest_43",2023-07-04,185,"BP","O","Low",1,2,2,0.5,0.5,2,0,0,0
"1080","trapnest_43",2023-07-07,188,"BP","O","Low",3,0,0,2,2,2,0,0,0
"1081","trapnest_43",2023-07-10,191,"BP","O","Low",1,0,0,2,2,2,0,0,0
"1082","trapnest_43",2023-07-12,193,"BP","O","Low",1,1,1,0,0,1,0,0,0
"1083","trapnest_43",2023-07-14,195,"BP","O","Low",1,0,0,1,1,1,0,0,0
"1084","trapnest_43",2023-07-17,198,"BP","O","Low",2,0,0,1,1,1,0,0,0
"1085","trapnest_43",2023-07-20,201,"BP","O","Low",2,0,0,1,1,1,0,0,0
"1086","trapnest_43",2023-07-24,205,"BP","O","Low",2,0,0,1,1,1,0,0,0
"1087","trapnest_43",2023-07-26,207,"BP","O","Low",1,0,0,1,1,1,0,0,0
"1088","trapnest_43",2023-07-28,209,"BP","O","Low",0,0,0,1,1,1,0,0,0
"1089","trapnest_43",2023-07-29,210,"BP","O","Low",0,0,0,1,1,1,0,0,0
"1090","trapnest_43",2023-08-01,213,"BP","O","Low",2,0,0,1,1,1,0,0,0
"1091","trapnest_43",2023-08-04,216,"BP","O","Low",2,1,1,0,0,1,0,0,0
"1092","trapnest_43",2023-08-09,221,"BP","O","Low",4,1,1,1,1,1,0,1,1
"1093","trapnest_44",2023-07-03,184,"BP","O","Mid",1,0,0,6,0,NA,0,0,6
"1094","trapnest_44",2023-07-04,185,"BP","O","Mid",1,0,0,6,0,NA,0,0,6
"1095","trapnest_44",2023-07-07,188,"BP","O","Mid",3,0,0,6,0,NA,0,0,6
"1096","trapnest_44",2023-07-10,191,"BP","O","Mid",1,0,0,6,0,NA,0,0,6
"1097","trapnest_44",2023-07-12,193,"BP","O","Mid",1,0,0,6,0,NA,0,0,6
"1098","trapnest_44",2023-07-14,195,"BP","O","Mid",1,0,0,6,0,NA,0,0,6
"1099","trapnest_44",2023-07-17,198,"BP","O","Mid",2,0,0,6,0,NA,0,0,6
"1100","trapnest_44",2023-07-20,201,"BP","O","Mid",2,1,1,6,0,1,0,0,6
"1101","trapnest_44",2023-07-24,205,"BP","O","Mid",2,4,4,7.5,2.5,4,0,3,8
"1102","trapnest_44",2023-07-26,207,"BP","O","Mid",1,0,0,6,4,3,0,4,6
"1103","trapnest_44",2023-07-28,209,"BP","O","Mid",0,0,0,6,4,3,0,4,6
"1104","trapnest_44",2023-07-29,210,"BP","O","Mid",0,0,0,5,3,3,0,3,5
"1105","trapnest_44",2023-08-01,213,"BP","O","Mid",2,1,1,5,3,4,0,3,5
"1106","trapnest_44",2023-08-04,216,"BP","O","Mid",2,1,1,6,3,3,0,3,6
"1107","trapnest_44",2023-08-09,221,"BP","O","Mid",4,1,1,6,3,2,0,2,5
"1108","trapnest_45",2023-07-03,184,"BP","O","High",1,0,0,11,0,NA,0,0,11
"1109","trapnest_45",2023-07-04,185,"BP","O","High",1,0,0,11,0,NA,0,0,11
"1110","trapnest_45",2023-07-07,188,"BP","O","High",3,0,0,11,0,NA,0,0,11
"1111","trapnest_45",2023-07-10,191,"BP","O","High",1,0,0,11,0,NA,0,0,11
"1112","trapnest_45",2023-07-12,193,"BP","O","High",1,0,0,11,0,NA,0,0,11
"1113","trapnest_45",2023-07-14,195,"BP","O","High",1,0,0,11,0,NA,0,0,11
"1114","trapnest_45",2023-07-17,198,"BP","O","High",2,0,0,11,0,NA,0,0,11
"1115","trapnest_45",2023-07-20,201,"BP","O","High",2,0,0,11,0,NA,0,0,11
"1116","trapnest_45",2023-07-24,205,"BP","O","High",2,0,0,11,0,NA,0,0,11
"1117","trapnest_45",2023-07-26,207,"BP","O","High",1,0,0,11,0,NA,0,0,11
"1118","trapnest_45",2023-07-28,209,"BP","O","High",0,0,0,11,0,NA,0,0,11
"1119","trapnest_45",2023-07-29,210,"BP","O","High",0,0,0,11,0,NA,0,0,11
"1120","trapnest_45",2023-08-01,213,"BP","O","High",2,0,0,11,0,NA,0,0,11
"1121","trapnest_45",2023-08-04,216,"BP","O","High",2,1,1,11,0,1,0,0,11
"1122","trapnest_45",2023-08-09,221,"BP","O","High",4,0,0,11,1,1,0,1,11
"1123","trapnest_46",2023-07-03,184,"BP","P","Low",1,0,0,0,0,NA,0,0,0
"1124","trapnest_46",2023-07-04,185,"BP","P","Low",1,0,0,0,0,NA,0,0,0
"1125","trapnest_46",2023-07-07,188,"BP","P","Low",3,0,0,0,0,NA,0,0,0
"1126","trapnest_46",2023-07-10,191,"BP","P","Low",1,0,0,0,0,NA,0,0,0
"1127","trapnest_46",2023-07-12,193,"BP","P","Low",1,0,0,0,0,NA,0,0,0
"1128","trapnest_46",2023-07-14,195,"BP","P","Low",1,0,0,0,0,NA,0,0,0
"1129","trapnest_46",2023-07-17,198,"BP","P","Low",2,0,0,0,0,NA,0,0,0
"1130","trapnest_46",2023-07-20,201,"BP","P","Low",2,0,0,0,0,NA,0,0,0
"1131","trapnest_46",2023-07-24,205,"BP","P","Low",2,0,0,0,0,NA,0,0,0
"1132","trapnest_46",2023-07-26,207,"BP","P","Low",1,0,0,0,0,NA,0,0,0
"1133","trapnest_46",2023-07-28,209,"BP","P","Low",0,0,0,0,0,NA,0,0,0
"1134","trapnest_46",2023-07-29,210,"BP","P","Low",0,0,0,0,0,NA,0,0,0
"1135","trapnest_46",2023-08-01,213,"BP","P","Low",2,0,0,0,0,NA,0,0,0
"1136","trapnest_46",2023-08-04,216,"BP","P","Low",2,0,0,0,0,NA,0,0,0
"1137","trapnest_46",2023-08-09,221,"BP","P","Low",4,0,0,0,0,NA,0,0,0
"1138","trapnest_47",2023-07-03,184,"BP","P","Mid",1,0,0,6,0,NA,0,0,6
"1139","trapnest_47",2023-07-04,185,"BP","P","Mid",1,0,0,6,0,NA,0,0,6
"1140","trapnest_47",2023-07-07,188,"BP","P","Mid",3,0,0,6,0,NA,0,0,6
"1141","trapnest_47",2023-07-10,191,"BP","P","Mid",1,0,0,6,0,NA,0,0,6
"1142","trapnest_47",2023-07-12,193,"BP","P","Mid",1,0,0,6,0,NA,0,0,6
"1143","trapnest_47",2023-07-14,195,"BP","P","Mid",1,0,0,6,0,NA,0,0,6
"1144","trapnest_47",2023-07-17,198,"BP","P","Mid",2,0,0,6,0,NA,0,0,6
"1145","trapnest_47",2023-07-20,201,"BP","P","Mid",2,0,0,6,0,NA,0,0,6
"1146","trapnest_47",2023-07-24,205,"BP","P","Mid",2,0,0,6,0,NA,0,0,6
"1147","trapnest_47",2023-07-26,207,"BP","P","Mid",1,0,0,6,0,NA,0,0,6
"1148","trapnest_47",2023-07-28,209,"BP","P","Mid",0,0,0,6,0,NA,0,0,6
"1149","trapnest_47",2023-07-29,210,"BP","P","Mid",0,0,0,6,0,NA,0,0,6
"1150","trapnest_47",2023-08-01,213,"BP","P","Mid",2,0,0,6,0,NA,0,0,6
"1151","trapnest_47",2023-08-04,216,"BP","P","Mid",2,0,0,6,0,NA,0,0,6
"1152","trapnest_47",2023-08-09,221,"BP","P","Mid",4,0,0,6,0,NA,0,0,6
"1153","trapnest_48",2023-07-03,184,"BP","P","High",1,0,0,11,0,NA,0,0,11
"1154","trapnest_48",2023-07-04,185,"BP","P","High",1,0,0,11,0,NA,0,0,11
"1155","trapnest_48",2023-07-07,188,"BP","P","High",3,0,0,10,0,NA,0,0,10
"1156","trapnest_48",2023-07-10,191,"BP","P","High",1,0,0,11,0,NA,0,0,11
"1157","trapnest_48",2023-07-12,193,"BP","P","High",1,0,0,11,0,NA,0,0,11
"1158","trapnest_48",2023-07-14,195,"BP","P","High",1,0,0,11,0,NA,0,0,11
"1159","trapnest_48",2023-07-17,198,"BP","P","High",2,0,0,11,0,NA,0,0,11
"1160","trapnest_48",2023-07-20,201,"BP","P","High",2,0,0,11,0,NA,0,0,11
"1161","trapnest_48",2023-07-24,205,"BP","P","High",2,0,0,11,0,NA,0,0,11
"1162","trapnest_48",2023-07-26,207,"BP","P","High",1,0,0,11,0,NA,0,0,11
"1163","trapnest_48",2023-07-28,209,"BP","P","High",0,0,0,11,0,NA,0,0,11
"1164","trapnest_48",2023-07-29,210,"BP","P","High",0,0,0,11,0,NA,0,0,11
"1165","trapnest_48",2023-08-01,213,"BP","P","High",2,0,0,11,0,NA,0,0,11
"1166","trapnest_48",2023-08-04,216,"BP","P","High",2,0,0,11,0,NA,0,0,11
"1167","trapnest_48",2023-08-09,221,"BP","P","High",4,0,0,11,0,NA,0,0,11
"1168","trapnest_49",2023-07-03,184,"BP","Q","Low",1,0,0,0,0,NA,0,0,0
"1169","trapnest_49",2023-07-04,185,"BP","Q","Low",1,0,0,0,0,NA,0,0,0
"1170","trapnest_49",2023-07-07,188,"BP","Q","Low",3,0,0,0,0,NA,0,0,0
"1171","trapnest_49",2023-07-10,191,"BP","Q","Low",1,0,0,0,0,NA,0,0,0
"1172","trapnest_49",2023-07-12,193,"BP","Q","Low",1,0,0,0,0,NA,0,0,0
"1173","trapnest_49",2023-07-14,195,"BP","Q","Low",1,0,0,0,0,NA,0,0,0
"1174","trapnest_49",2023-07-17,198,"BP","Q","Low",2,0,0,0,0,NA,0,0,0
"1175","trapnest_49",2023-07-20,201,"BP","Q","Low",2,0,0,0,0,NA,0,0,0
"1176","trapnest_49",2023-07-24,205,"BP","Q","Low",2,0,0,0,0,NA,0,0,0
"1177","trapnest_49",2023-07-26,207,"BP","Q","Low",1,1,1,0,0,1,0,0,0
"1178","trapnest_49",2023-07-28,209,"BP","Q","Low",0,0,0,1,1,1,0,0,0
"1179","trapnest_49",2023-07-29,210,"BP","Q","Low",0,0,0,1,1,1,0,0,0
"1180","trapnest_49",2023-08-01,213,"BP","Q","Low",2,0,0,1,1,1,0,0,0
"1181","trapnest_49",2023-08-04,216,"BP","Q","Low",2,0,0,1,1,1,0,0,0
"1182","trapnest_49",2023-08-09,221,"BP","Q","Low",4,0,0,0,0,NA,0,0,0
"1183","trapnest_4",2023-05-11,131,"BP","B","Low",3,0,0,0,0,NA,0,0,0
"1184","trapnest_4",2023-05-12,132,"BP","B","Low",1,0,0,0,0,NA,0,0,0
"1185","trapnest_4",2023-05-15,135,"BP","B","Low",3,0,0,0,0,NA,0,0,0
"1186","trapnest_4",2023-05-16,136,"BP","B","Low",1,0,0,0,0,NA,0,0,0
"1187","trapnest_4",2023-05-17,137,"BP","B","Low",1,0,0,0,0,NA,0,0,0
"1188","trapnest_4",2023-05-19,139,"BP","B","Low",2,0,0,0,0,NA,0,0,0
"1189","trapnest_4",2023-05-21,141,"BP","B","Low",1,0,0,0,0,NA,0,0,0
"1190","trapnest_4",2023-05-22,142,"BP","B","Low",1,0,0,0,0,NA,0,0,0
"1191","trapnest_4",2023-05-23,143,"BP","B","Low",1,0,0,0,0,NA,0,0,0
"1192","trapnest_4",2023-05-26,146,"BP","B","Low",2,0,0,0,0,NA,0,0,0
"1193","trapnest_4",2023-05-28,148,"BP","B","Low",2,0,0,0,0,NA,0,0,0
"1194","trapnest_4",2023-05-29,149,"BP","B","Low",1,0,0,0,0,NA,0,0,0
"1195","trapnest_4",2023-05-31,151,"BP","B","Low",2,0,0,0,0,NA,0,0,0
"1196","trapnest_4",2023-06-02,153,"BP","B","Low",2,0,0,0,0,NA,0,0,0
"1197","trapnest_4",2023-06-05,156,"BP","B","Low",1,0,0,0,0,NA,0,0,0
"1198","trapnest_4",2023-06-08,159,"BP","B","Low",2,0,0,0,0,NA,0,0,0
"1199","trapnest_4",2023-06-10,161,"BP","B","Low",0,0,0,0,0,NA,0,0,0
"1200","trapnest_4",2023-06-12,163,"BP","B","Low",1,0,0,0,0,NA,0,0,0
"1201","trapnest_4",2023-06-14,165,"BP","B","Low",0,0,0,0,0,NA,0,0,0
"1202","trapnest_4",2023-06-16,167,"BP","B","Low",1,0,0,0,0,NA,0,0,0
"1203","trapnest_4",2023-06-20,171,"BP","B","Low",3,0,0,0,0,NA,0,0,0
"1204","trapnest_4",2023-06-23,174,"BP","B","Low",3,0,0,0,0,NA,0,0,0
"1205","trapnest_4",2023-06-29,180,"BP","B","Low",1,0,0,0,0,NA,0,0,0
"1206","trapnest_50",2023-07-03,184,"BP","Q","Mid",1,0,0,6,0,NA,0,0,6
"1207","trapnest_50",2023-07-04,185,"BP","Q","Mid",1,1,2,6,0,1,0,0,6
"1208","trapnest_50",2023-07-07,188,"BP","Q","Mid",3,0,0,6,1,1,0,0,5
"1209","trapnest_50",2023-07-10,191,"BP","Q","Mid",1,0,0,6,1,1,0,0,5
"1210","trapnest_50",2023-07-12,193,"BP","Q","Mid",1,0,0,6,1,1,0,0,5
"1211","trapnest_50",2023-07-14,195,"BP","Q","Mid",1,0,0,7,1,1,0,0,6
"1212","trapnest_50",2023-07-17,198,"BP","Q","Mid",2,0,0,7,1,1,0,0,6
"1213","trapnest_50",2023-07-20,201,"BP","Q","Mid",2,0,0,7,1,1,0,0,6
"1214","trapnest_50",2023-07-24,205,"BP","Q","Mid",2,0,0,7,1,1,0,0,6
"1215","trapnest_50",2023-07-26,207,"BP","Q","Mid",1,0,0,7,1,1,0,0,6
"1216","trapnest_50",2023-07-28,209,"BP","Q","Mid",0,0,0,7,1,1,0,0,6
"1217","trapnest_50",2023-07-29,210,"BP","Q","Mid",0,0,0,7,1,1,0,0,6
"1218","trapnest_50",2023-08-01,213,"BP","Q","Mid",2,0,0,7,1,1,0,0,6
"1219","trapnest_50",2023-08-04,216,"BP","Q","Mid",2,0,0,7,1,1,0,0,6
"1220","trapnest_50",2023-08-09,221,"BP","Q","Mid",4,0,0,7,1,1,0,0,6
"1221","trapnest_51",2023-07-03,184,"BP","Q","High",1,0,0,11,0,NA,0,0,11
"1222","trapnest_51",2023-07-04,185,"BP","Q","High",1,0,1,11,0,NA,0,0,11
"1223","trapnest_51",2023-07-07,188,"BP","Q","High",3,0,0,11,0,NA,0,0,11
"1224","trapnest_51",2023-07-10,191,"BP","Q","High",1,0,0,11,0,NA,0,0,11
"1225","trapnest_51",2023-07-12,193,"BP","Q","High",1,0,0,11,0,NA,0,0,11
"1226","trapnest_51",2023-07-14,195,"BP","Q","High",1,0,0,11,0,NA,0,0,11
"1227","trapnest_51",2023-07-17,198,"BP","Q","High",2,0,0,11,0,NA,0,0,11
"1228","trapnest_51",2023-07-20,201,"BP","Q","High",2,0,0,11,0,NA,0,0,11
"1229","trapnest_51",2023-07-24,205,"BP","Q","High",2,0,0,11,0,NA,0,0,11
"1230","trapnest_51",2023-07-26,207,"BP","Q","High",1,0,0,11,0,NA,0,0,11
"1231","trapnest_51",2023-07-28,209,"BP","Q","High",0,0,0,11,0,NA,0,0,11
"1232","trapnest_51",2023-07-29,210,"BP","Q","High",0,0,0,11,0,NA,0,0,11
"1233","trapnest_51",2023-08-01,213,"BP","Q","High",2,0,0,11,0,NA,0,0,11
"1234","trapnest_51",2023-08-04,216,"BP","Q","High",2,0,0,11,0,NA,0,0,11
"1235","trapnest_51",2023-08-09,221,"BP","Q","High",4,0,0,11,0,NA,0,0,11
"1236","trapnest_52",2023-07-03,184,"BP","R","Low",1,0,0,0,0,NA,0,0,0
"1237","trapnest_52",2023-07-14,195,"BP","R","Low",1,0,0,0,0,NA,0,0,0
"1238","trapnest_52",2023-07-24,205,"BP","R","Low",2,0,0,0,0,NA,0,0,0
"1239","trapnest_52",2023-07-26,207,"BP","R","Low",1,0,0,0,0,NA,0,0,0
"1240","trapnest_52",2023-07-28,209,"BP","R","Low",0,0,0,0,0,NA,0,0,0
"1241","trapnest_52",2023-07-29,210,"BP","R","Low",0,0,0,0,0,NA,0,0,0
"1242","trapnest_52",2023-08-01,213,"BP","R","Low",2,0,0,0,0,NA,0,0,0
"1243","trapnest_52",2023-08-04,216,"BP","R","Low",2,0,0,0,0,NA,0,0,0
"1244","trapnest_52",2023-08-09,221,"BP","R","Low",4,0,0,0,0,NA,0,0,0
"1245","trapnest_52",2023-07-04,185,"BP","R","Low",1,0,0,0,0,NA,0,0,0
"1246","trapnest_52",2023-07-20,201,"BP","R","Low",2,0,0,0,0,NA,0,0,0
"1247","trapnest_52",2023-07-07,188,"BP","R","Low",3,0,0,0,0,NA,0,0,0
"1248","trapnest_52",2023-07-10,191,"BP","R","Low",1,0,0,0,0,NA,0,0,0
"1249","trapnest_52",2023-07-12,193,"BP","R","Low",1,0,0,0,0,NA,0,0,0
"1250","trapnest_52",2023-07-17,198,"BP","R","Low",2,0,0,0,0,NA,0,0,0
"1251","trapnest_53",2023-07-03,184,"BP","R","Mid",1,0,0,6,0,NA,0,0,6
"1252","trapnest_53",2023-07-04,185,"BP","R","Mid",1,0,0,6,0,NA,0,0,6
"1253","trapnest_53",2023-07-07,188,"BP","R","Mid",3,0,0,6,0,NA,0,0,6
"1254","trapnest_53",2023-07-10,191,"BP","R","Mid",1,0,0,6,0,NA,0,0,6
"1255","trapnest_53",2023-07-12,193,"BP","R","Mid",1,0,0,6,0,NA,0,0,6
"1256","trapnest_53",2023-07-14,195,"BP","R","Mid",1,0,0,6,0,NA,0,0,6
"1257","trapnest_53",2023-07-17,198,"BP","R","Mid",2,0,0,5,0,NA,0,0,5
"1258","trapnest_53",2023-07-20,201,"BP","R","Mid",2,0,0,5,0,NA,0,0,5
"1259","trapnest_53",2023-07-24,205,"BP","R","Mid",2,0,0,5,0,NA,0,0,5
"1260","trapnest_53",2023-07-26,207,"BP","R","Mid",1,0,0,5,0,NA,0,0,5
"1261","trapnest_53",2023-07-28,209,"BP","R","Mid",0,0,0,5,0,NA,0,0,5
"1262","trapnest_53",2023-07-29,210,"BP","R","Mid",0,0,0,5,0,NA,0,0,5
"1263","trapnest_53",2023-08-01,213,"BP","R","Mid",2,0,0,5,0,NA,0,0,5
"1264","trapnest_53",2023-08-04,216,"BP","R","Mid",2,0,0,5,0,NA,0,0,5
"1265","trapnest_53",2023-08-09,221,"BP","R","Mid",4,0,0,5,0,NA,0,0,5
"1266","trapnest_54",2023-07-03,184,"BP","R","High",1,0,0,11,0,NA,0,0,11
"1267","trapnest_54",2023-07-04,185,"BP","R","High",1,0,0,11,0,NA,0,0,11
"1268","trapnest_54",2023-07-07,188,"BP","R","High",3,0,0,11,0,NA,0,0,11
"1269","trapnest_54",2023-07-10,191,"BP","R","High",1,0,0,11,0,NA,0,0,11
"1270","trapnest_54",2023-07-12,193,"BP","R","High",1,0,0,11,0,NA,0,0,11
"1271","trapnest_54",2023-07-14,195,"BP","R","High",1,0,0,11,0,NA,0,0,11
"1272","trapnest_54",2023-07-17,198,"BP","R","High",2,0,0,11,0,NA,0,0,11
"1273","trapnest_54",2023-07-20,201,"BP","R","High",2,0,0,11,0,NA,0,0,11
"1274","trapnest_54",2023-07-24,205,"BP","R","High",2,0,0,11,0,NA,0,0,11
"1275","trapnest_54",2023-07-26,207,"BP","R","High",1,0,0,11,0,NA,0,0,11
"1276","trapnest_54",2023-07-28,209,"BP","R","High",0,0,0,11,0,NA,0,0,11
"1277","trapnest_54",2023-07-29,210,"BP","R","High",0,0,0,11,0,NA,0,0,11
"1278","trapnest_54",2023-08-01,213,"BP","R","High",2,0,0,11,0,NA,0,0,11
"1279","trapnest_54",2023-08-04,216,"BP","R","High",2,0,0,11,0,NA,0,0,11
"1280","trapnest_54",2023-08-09,221,"BP","R","High",4,0,0,11,0,NA,0,0,11
"1281","trapnest_55",2023-07-04,185,"CP","S","Low",1,0,0,0,0,NA,0,0,0
"1282","trapnest_55",2023-07-05,186,"CP","S","Low",1,0,0,0,0,NA,0,0,0
"1283","trapnest_55",2023-07-07,188,"CP","S","Low",2,0,0,0,0,NA,0,0,0
"1284","trapnest_55",2023-07-10,191,"CP","S","Low",1,0,0,0,0,NA,0,0,0
"1285","trapnest_55",2023-07-12,193,"CP","S","Low",1,0,0,0,0,NA,0,0,0
"1286","trapnest_55",2023-07-14,195,"CP","S","Low",1,0,0,0,0,NA,0,0,0
"1287","trapnest_55",2023-07-17,198,"CP","S","Low",2,0,0,0,0,NA,0,0,0
"1288","trapnest_55",2023-07-20,201,"CP","S","Low",2,0,0,0,0,NA,0,0,0
"1289","trapnest_55",2023-07-24,205,"CP","S","Low",2,0,0,0,0,NA,0,0,0
"1290","trapnest_55",2023-07-26,207,"CP","S","Low",1,0,0,0,0,NA,0,0,0
"1291","trapnest_55",2023-07-28,209,"CP","S","Low",0,0,0,0,0,NA,0,0,0
"1292","trapnest_55",2023-07-29,210,"CP","S","Low",0,0,0,0,0,NA,0,0,0
"1293","trapnest_55",2023-08-01,213,"CP","S","Low",2,0,0,0,0,NA,0,0,0
"1294","trapnest_55",2023-08-04,216,"CP","S","Low",2,0,0,0,0,NA,0,0,0
"1295","trapnest_55",2023-08-09,221,"CP","S","Low",4,0,0,0,0,NA,0,0,0
"1296","trapnest_56",2023-07-04,185,"CP","S","Mid",1,0,0,6,0,NA,0,0,6
"1297","trapnest_56",2023-07-05,186,"CP","S","Mid",1,0,0,6,0,NA,0,0,6
"1298","trapnest_56",2023-07-07,188,"CP","S","Mid",2,0,0,6,0,NA,0,0,6
"1299","trapnest_56",2023-07-10,191,"CP","S","Mid",1,0,0,6,0,NA,0,0,6
"1300","trapnest_56",2023-07-12,193,"CP","S","Mid",1,0,0,6,0,NA,0,0,6
"1301","trapnest_56",2023-07-14,195,"CP","S","Mid",1,0,0,6,0,NA,0,0,6
"1302","trapnest_56",2023-07-17,198,"CP","S","Mid",2,0,0,6,0,NA,0,0,6
"1303","trapnest_56",2023-07-20,201,"CP","S","Mid",2,0,0,6,0,NA,0,0,6
"1304","trapnest_56",2023-07-24,205,"CP","S","Mid",2,0,0,6,0,NA,0,0,6
"1305","trapnest_56",2023-07-26,207,"CP","S","Mid",1,0,0,6,0,NA,0,0,6
"1306","trapnest_56",2023-07-28,209,"CP","S","Mid",0,0,0,6,0,NA,0,0,6
"1307","trapnest_56",2023-07-29,210,"CP","S","Mid",0,0,0,6,0,NA,0,0,6
"1308","trapnest_56",2023-08-01,213,"CP","S","Mid",2,0,0,6,0,NA,0,0,6
"1309","trapnest_56",2023-08-04,216,"CP","S","Mid",2,0,0,6,0,NA,0,0,6
"1310","trapnest_56",2023-08-09,221,"CP","S","Mid",4,0,0,6,0,NA,0,0,6
"1311","trapnest_57",2023-07-04,185,"CP","S","High",1,0,0,11,0,NA,0,0,11
"1312","trapnest_57",2023-07-05,186,"CP","S","High",1,0,0,11,0,NA,0,0,11
"1313","trapnest_57",2023-07-07,188,"CP","S","High",2,0,0,11,0,NA,0,0,11
"1314","trapnest_57",2023-07-10,191,"CP","S","High",1,0,0,11,0,NA,0,0,11
"1315","trapnest_57",2023-07-12,193,"CP","S","High",1,0,0,11,0,NA,0,0,11
"1316","trapnest_57",2023-07-14,195,"CP","S","High",1,0,0,11,0,NA,0,0,11
"1317","trapnest_57",2023-07-17,198,"CP","S","High",2,0,0,11,0,NA,0,0,11
"1318","trapnest_57",2023-07-20,201,"CP","S","High",2,0,0,11,0,NA,0,0,11
"1319","trapnest_57",2023-07-24,205,"CP","S","High",2,0,0,11,0,NA,0,0,11
"1320","trapnest_57",2023-07-26,207,"CP","S","High",1,0,0,11,0,NA,0,0,11
"1321","trapnest_57",2023-07-28,209,"CP","S","High",0,0,0,11,0,NA,0,0,11
"1322","trapnest_57",2023-07-29,210,"CP","S","High",0,0,0,11,0,NA,0,0,11
"1323","trapnest_57",2023-08-01,213,"CP","S","High",2,0,0,11,0,NA,0,0,11
"1324","trapnest_57",2023-08-04,216,"CP","S","High",2,0,0,11,0,NA,0,0,11
"1325","trapnest_57",2023-08-09,221,"CP","S","High",4,0,0,11,0,NA,0,0,11
"1326","trapnest_58",2023-07-04,185,"CP","T","Low",1,0,0,0,0,NA,0,0,0
"1327","trapnest_58",2023-07-05,186,"CP","T","Low",1,0,0,0,0,NA,0,0,0
"1328","trapnest_58",2023-07-07,188,"CP","T","Low",2,0,0,0,0,NA,0,0,0
"1329","trapnest_58",2023-07-10,191,"CP","T","Low",1,0,0,0,0,NA,0,0,0
"1330","trapnest_58",2023-07-12,193,"CP","T","Low",1,0,0,0,0,NA,0,0,0
"1331","trapnest_58",2023-07-14,195,"CP","T","Low",1,0,0,0,0,NA,0,0,0
"1332","trapnest_58",2023-07-17,198,"CP","T","Low",2,0,0,0,0,NA,0,0,0
"1333","trapnest_58",2023-07-20,201,"CP","T","Low",2,0,0,0,0,NA,0,0,0
"1334","trapnest_58",2023-07-24,205,"CP","T","Low",2,0,0,0,0,NA,0,0,0
"1335","trapnest_58",2023-07-26,207,"CP","T","Low",1,0,0,0,0,NA,0,0,0
"1336","trapnest_58",2023-07-28,209,"CP","T","Low",0,0,0,0,0,NA,0,0,0
"1337","trapnest_58",2023-07-29,210,"CP","T","Low",0,0,0,0,0,NA,0,0,0
"1338","trapnest_58",2023-08-01,213,"CP","T","Low",2,0,0,0,0,NA,0,0,0
"1339","trapnest_58",2023-08-04,216,"CP","T","Low",2,0,0,0,0,NA,0,0,0
"1340","trapnest_58",2023-08-09,221,"CP","T","Low",4,0,0,0,0,NA,0,0,0
"1341","trapnest_59",2023-07-04,185,"CP","T","Mid",1,0,0,5,0,NA,0,0,5
"1342","trapnest_59",2023-07-05,186,"CP","T","Mid",1,2,2,5.5,0.5,2,0,0,5
"1343","trapnest_59",2023-07-07,188,"CP","T","Mid",2,0,0,6,2,2,0,1,5
"1344","trapnest_59",2023-07-10,191,"CP","T","Mid",1,0,0,6,2,2,1,0,4
"1345","trapnest_59",2023-07-12,193,"CP","T","Mid",1,0,0,5,1,0,0,1,5
"1346","trapnest_59",2023-07-14,195,"CP","T","Mid",1,1,1,5,0,1,0,0,5
"1347","trapnest_59",2023-07-17,198,"CP","T","Mid",2,0,0,5,1,1,0,0,4
"1348","trapnest_59",2023-07-20,201,"CP","T","Mid",2,0,0,5,1,1,0,0,4
"1349","trapnest_59",2023-07-24,205,"CP","T","Mid",2,0,0,5,1,0,0,1,5
"1350","trapnest_59",2023-07-26,207,"CP","T","Mid",1,0,0,5,1,0,0,1,5
"1351","trapnest_59",2023-07-28,209,"CP","T","Mid",0,1,1,5,1,1,0,1,5
"1352","trapnest_59",2023-07-29,210,"CP","T","Mid",0,0,0,5,1,1,0,1,5
"1353","trapnest_59",2023-08-01,213,"CP","T","Mid",2,0,0,5,1,1,0,1,5
"1354","trapnest_59",2023-08-04,216,"CP","T","Mid",2,0,0,5,1,1,0,0,4
"1355","trapnest_59",2023-08-09,221,"CP","T","Mid",4,0,0,5,1,1,0,1,5
"1356","trapnest_5",2023-05-11,131,"BP","B","Mid",3,0,0,0,0,NA,0,0,0
"1357","trapnest_5",2023-05-12,132,"BP","B","Mid",1,0,0,0,0,NA,0,0,0
"1358","trapnest_5",2023-05-15,135,"BP","B","Mid",3,0,0,0,0,NA,0,0,0
"1359","trapnest_5",2023-05-16,136,"BP","B","Mid",1,0,0,0,0,NA,0,0,0
"1360","trapnest_5",2023-05-17,137,"BP","B","Mid",1,0,0,0,0,NA,0,0,0
"1361","trapnest_5",2023-05-19,139,"BP","B","Mid",2,0,0,0,0,NA,0,0,0
"1362","trapnest_5",2023-05-21,141,"BP","B","Mid",1,0,0,0,0,NA,0,0,0
"1363","trapnest_5",2023-05-22,142,"BP","B","Mid",1,0,0,0,0,NA,0,0,0
"1364","trapnest_5",2023-05-23,143,"BP","B","Mid",1,0,0,0,0,NA,0,0,0
"1365","trapnest_5",2023-05-26,146,"BP","B","Mid",2,0,0,0,0,NA,0,0,0
"1366","trapnest_5",2023-05-28,148,"BP","B","Mid",2,0,0,0,0,NA,0,0,0
"1367","trapnest_5",2023-05-29,149,"BP","B","Mid",1,0,1,0,0,NA,0,0,0
"1368","trapnest_5",2023-05-31,151,"BP","B","Mid",2,0,0,0,0,NA,0,0,0
"1369","trapnest_5",2023-06-02,153,"BP","B","Mid",2,0,1,0,0,NA,0,0,0
"1370","trapnest_5",2023-06-05,156,"BP","B","Mid",1,0,0,0,0,NA,0,0,0
"1371","trapnest_5",2023-06-08,159,"BP","B","Mid",2,0,0,0,0,NA,0,0,0
"1372","trapnest_5",2023-06-10,161,"BP","B","Mid",0,0,0,0,0,NA,0,0,0
"1373","trapnest_5",2023-06-12,163,"BP","B","Mid",1,0,0,0,0,NA,0,0,0
"1374","trapnest_5",2023-06-14,165,"BP","B","Mid",0,0,0,0,0,NA,0,0,0
"1375","trapnest_5",2023-06-16,167,"BP","B","Mid",1,0,0,0,0,NA,0,0,0
"1376","trapnest_5",2023-06-20,171,"BP","B","Mid",3,1,1,0,0,1,0,0,0
"1377","trapnest_5",2023-06-23,174,"BP","B","Mid",3,1,1,1,1,2,0,1,1
"1378","trapnest_5",2023-06-29,180,"BP","B","Mid",1,1,1,2,2,3,0,1,1
"1379","trapnest_60",2023-07-04,185,"CP","T","High",1,0,0,11,0,NA,0,0,11
"1380","trapnest_60",2023-07-05,186,"CP","T","High",1,0,0,11,0,NA,0,0,11
"1381","trapnest_60",2023-07-07,188,"CP","T","High",2,0,0,11,0,NA,0,0,11
"1382","trapnest_60",2023-07-10,191,"CP","T","High",1,0,0,11,0,NA,0,0,11
"1383","trapnest_60",2023-07-12,193,"CP","T","High",1,0,0,11,0,NA,0,0,11
"1384","trapnest_60",2023-07-14,195,"CP","T","High",1,0,0,11,0,NA,0,0,11
"1385","trapnest_60",2023-07-17,198,"CP","T","High",2,0,0,11,0,NA,0,0,11
"1386","trapnest_60",2023-07-20,201,"CP","T","High",2,0,0,11,0,NA,0,0,11
"1387","trapnest_60",2023-07-24,205,"CP","T","High",2,0,0,11,0,NA,0,0,11
"1388","trapnest_60",2023-07-26,207,"CP","T","High",1,0,0,11,0,NA,0,0,11
"1389","trapnest_60",2023-07-28,209,"CP","T","High",0,0,0,11,0,NA,0,0,11
"1390","trapnest_60",2023-07-29,210,"CP","T","High",0,0,0,11,0,NA,0,0,11
"1391","trapnest_60",2023-08-01,213,"CP","T","High",2,0,0,11,0,NA,0,0,11
"1392","trapnest_60",2023-08-04,216,"CP","T","High",2,0,0,11,0,NA,0,0,11
"1393","trapnest_60",2023-08-09,221,"CP","T","High",4,0,0,11,0,NA,0,0,11
"1394","trapnest_61",2023-07-04,185,"CP","U","Low",1,0,0,0,0,NA,0,0,0
"1395","trapnest_61",2023-07-05,186,"CP","U","Low",1,0,0,0,0,NA,0,0,0
"1396","trapnest_61",2023-07-07,188,"CP","U","Low",2,0,0,0,0,NA,0,0,0
"1397","trapnest_61",2023-07-10,191,"CP","U","Low",1,0,0,0,0,NA,0,0,0
"1398","trapnest_61",2023-07-12,193,"CP","U","Low",1,0,0,0,0,NA,0,0,0
"1399","trapnest_61",2023-07-14,195,"CP","U","Low",1,0,0,0,0,NA,0,0,0
"1400","trapnest_61",2023-07-17,198,"CP","U","Low",2,0,0,0,0,NA,0,0,0
"1401","trapnest_61",2023-07-20,201,"CP","U","Low",2,0,0,0,0,NA,0,0,0
"1402","trapnest_61",2023-07-24,205,"CP","U","Low",2,0,0,0,0,NA,0,0,0
"1403","trapnest_61",2023-07-26,207,"CP","U","Low",1,0,0,0,0,NA,0,0,0
"1404","trapnest_61",2023-07-28,209,"CP","U","Low",0,0,0,0,0,NA,0,0,0
"1405","trapnest_61",2023-07-29,210,"CP","U","Low",0,0,0,0,0,NA,0,0,0
"1406","trapnest_61",2023-08-01,213,"CP","U","Low",2,0,0,0,0,NA,0,0,0
"1407","trapnest_61",2023-08-04,216,"CP","U","Low",2,0,0,0,0,NA,0,0,0
"1408","trapnest_61",2023-08-09,221,"CP","U","Low",4,0,0,0,0,NA,0,0,0
"1409","trapnest_62",2023-07-04,185,"CP","U","Mid",1,0,0,6,0,NA,0,0,6
"1410","trapnest_62",2023-07-05,186,"CP","U","Mid",1,0,1,6,0,NA,0,0,6
"1411","trapnest_62",2023-07-07,188,"CP","U","Mid",2,0,0,6,0,NA,0,0,6
"1412","trapnest_62",2023-07-10,191,"CP","U","Mid",1,0,0,6,0,NA,0,0,6
"1413","trapnest_62",2023-07-12,193,"CP","U","Mid",1,0,0,6,0,NA,0,0,6
"1414","trapnest_62",2023-07-14,195,"CP","U","Mid",1,0,0,6,0,NA,0,0,6
"1415","trapnest_62",2023-07-17,198,"CP","U","Mid",2,0,0,6,0,NA,0,0,6
"1416","trapnest_62",2023-07-20,201,"CP","U","Mid",2,0,0,6,0,NA,0,0,6
"1417","trapnest_62",2023-07-24,205,"CP","U","Mid",2,0,0,6,0,NA,0,0,6
"1418","trapnest_62",2023-07-26,207,"CP","U","Mid",1,0,0,6,0,NA,0,0,6
"1419","trapnest_62",2023-07-28,209,"CP","U","Mid",0,0,0,6,0,NA,0,0,6
"1420","trapnest_62",2023-07-29,210,"CP","U","Mid",0,0,0,6,0,NA,0,0,6
"1421","trapnest_62",2023-08-01,213,"CP","U","Mid",2,0,0,6,0,NA,0,0,6
"1422","trapnest_62",2023-08-04,216,"CP","U","Mid",2,0,0,6,0,NA,0,0,6
"1423","trapnest_62",2023-08-09,221,"CP","U","Mid",4,0,0,6,0,NA,0,0,6
"1424","trapnest_63",2023-07-04,185,"CP","U","High",1,0,0,11,0,NA,0,0,11
"1425","trapnest_63",2023-07-05,186,"CP","U","High",1,0,0,11,0,NA,0,0,11
"1426","trapnest_63",2023-07-07,188,"CP","U","High",2,0,0,11,0,NA,0,0,11
"1427","trapnest_63",2023-07-10,191,"CP","U","High",1,0,0,11,0,NA,0,0,11
"1428","trapnest_63",2023-07-12,193,"CP","U","High",1,0,0,11,0,NA,0,0,11
"1429","trapnest_63",2023-07-14,195,"CP","U","High",1,0,0,11,0,NA,0,0,11
"1430","trapnest_63",2023-07-17,198,"CP","U","High",2,0,0,11,0,NA,0,0,11
"1431","trapnest_63",2023-07-20,201,"CP","U","High",2,0,0,11,0,NA,0,0,11
"1432","trapnest_63",2023-07-24,205,"CP","U","High",2,0,0,11,0,NA,0,0,11
"1433","trapnest_63",2023-07-26,207,"CP","U","High",1,0,0,11,0,NA,0,0,11
"1434","trapnest_63",2023-07-28,209,"CP","U","High",0,0,0,11,0,NA,0,0,11
"1435","trapnest_63",2023-07-29,210,"CP","U","High",0,0,0,11,0,NA,0,0,11
"1436","trapnest_63",2023-08-01,213,"CP","U","High",2,0,0,11,0,NA,0,0,11
"1437","trapnest_63",2023-08-04,216,"CP","U","High",2,0,0,11,0,NA,0,0,11
"1438","trapnest_63",2023-08-09,221,"CP","U","High",4,0,0,11,0,NA,0,0,11
"1439","trapnest_64",2023-07-04,185,"CP","V","Low",1,0,0,0,0,NA,0,0,0
"1440","trapnest_64",2023-07-05,186,"CP","V","Low",1,0,0,0,0,NA,0,0,0
"1441","trapnest_64",2023-07-07,188,"CP","V","Low",2,0,0,0,0,NA,0,0,0
"1442","trapnest_64",2023-07-10,191,"CP","V","Low",1,0,0,0,0,NA,0,0,0
"1443","trapnest_64",2023-07-12,193,"CP","V","Low",1,0,0,0,0,NA,0,0,0
"1444","trapnest_64",2023-07-14,195,"CP","V","Low",1,0,0,0,0,NA,0,0,0
"1445","trapnest_64",2023-07-17,198,"CP","V","Low",2,0,0,0,0,NA,0,0,0
"1446","trapnest_64",2023-07-20,201,"CP","V","Low",2,0,0,0,0,NA,0,0,0
"1447","trapnest_64",2023-07-24,205,"CP","V","Low",2,0,0,0,0,NA,0,0,0
"1448","trapnest_64",2023-07-26,207,"CP","V","Low",1,0,0,0,0,NA,0,0,0
"1449","trapnest_64",2023-07-28,209,"CP","V","Low",0,0,0,0,0,NA,0,0,0
"1450","trapnest_64",2023-07-29,210,"CP","V","Low",0,0,0,0,0,NA,0,0,0
"1451","trapnest_64",2023-08-01,213,"CP","V","Low",2,0,0,0,0,NA,0,0,0
"1452","trapnest_64",2023-08-04,216,"CP","V","Low",2,0,0,0,0,NA,0,0,0
"1453","trapnest_64",2023-08-09,221,"CP","V","Low",4,0,0,0,0,NA,0,0,0
"1454","trapnest_65",2023-07-04,185,"CP","V","Mid",1,0,0,6,0,NA,0,0,6
"1455","trapnest_65",2023-07-05,186,"CP","V","Mid",1,0,0,6,0,NA,0,0,6
"1456","trapnest_65",2023-07-07,188,"CP","V","Mid",2,0,0,6,0,NA,0,0,6
"1457","trapnest_65",2023-07-10,191,"CP","V","Mid",1,0,0,6,0,NA,0,0,6
"1458","trapnest_65",2023-07-12,193,"CP","V","Mid",1,0,0,6,0,NA,0,0,6
"1459","trapnest_65",2023-07-14,195,"CP","V","Mid",1,0,0,6,0,NA,0,0,6
"1460","trapnest_65",2023-07-17,198,"CP","V","Mid",2,0,0,6,0,NA,0,0,6
"1461","trapnest_65",2023-07-20,201,"CP","V","Mid",2,0,0,6,0,NA,0,0,6
"1462","trapnest_65",2023-07-24,205,"CP","V","Mid",2,0,0,6,0,NA,0,0,6
"1463","trapnest_65",2023-07-26,207,"CP","V","Mid",1,0,0,6,0,NA,0,0,6
"1464","trapnest_65",2023-07-28,209,"CP","V","Mid",0,0,0,6,0,NA,0,0,6
"1465","trapnest_65",2023-07-29,210,"CP","V","Mid",0,0,0,6,0,NA,0,0,6
"1466","trapnest_65",2023-08-01,213,"CP","V","Mid",2,0,0,6,0,NA,0,0,6
"1467","trapnest_65",2023-08-04,216,"CP","V","Mid",2,0,0,6,0,NA,0,0,6
"1468","trapnest_65",2023-08-09,221,"CP","V","Mid",4,0,0,6,0,NA,0,0,6
"1469","trapnest_66",2023-07-04,185,"CP","V","High",1,0,0,11,0,NA,0,0,11
"1470","trapnest_66",2023-07-05,186,"CP","V","High",1,0,0,10,0,NA,0,0,10
"1471","trapnest_66",2023-07-07,188,"CP","V","High",2,0,0,11,0,NA,0,0,11
"1472","trapnest_66",2023-07-10,191,"CP","V","High",1,0,0,11,0,NA,0,0,11
"1473","trapnest_66",2023-07-12,193,"CP","V","High",1,0,0,11,0,NA,0,0,11
"1474","trapnest_66",2023-07-14,195,"CP","V","High",1,0,0,11,0,NA,0,0,11
"1475","trapnest_66",2023-07-17,198,"CP","V","High",2,0,0,10,0,NA,0,0,10
"1476","trapnest_66",2023-07-20,201,"CP","V","High",2,0,0,11,0,NA,0,0,11
"1477","trapnest_66",2023-07-24,205,"CP","V","High",2,0,0,11,0,NA,0,0,11
"1478","trapnest_66",2023-07-26,207,"CP","V","High",1,0,0,11,0,NA,0,0,11
"1479","trapnest_66",2023-07-28,209,"CP","V","High",0,0,0,11,0,NA,0,0,11
"1480","trapnest_66",2023-07-29,210,"CP","V","High",0,0,0,11,0,NA,0,0,11
"1481","trapnest_66",2023-08-01,213,"CP","V","High",2,0,0,11,0,NA,0,0,11
"1482","trapnest_66",2023-08-04,216,"CP","V","High",2,0,0,11,0,NA,0,0,11
"1483","trapnest_66",2023-08-09,221,"CP","V","High",4,0,0,11,0,NA,0,0,11
"1484","trapnest_67",2023-07-04,185,"CP","W","Low",1,0,0,0,0,NA,0,0,0
"1485","trapnest_67",2023-07-05,186,"CP","W","Low",1,1,1,0,0,1,0,0,0
"1486","trapnest_67",2023-07-07,188,"CP","W","Low",2,1,1,1,1,1,0,1,1
"1487","trapnest_67",2023-07-10,191,"CP","W","Low",1,0,0,1,1,1,0,0,0
"1488","trapnest_67",2023-07-12,193,"CP","W","Low",1,1,1,1,1,1,0,1,1
"1489","trapnest_67",2023-07-14,195,"CP","W","Low",1,0,0,1,1,1,1,0,0
"1490","trapnest_67",2023-07-17,198,"CP","W","Low",2,0,0,1,1,0,0,1,1
"1491","trapnest_67",2023-07-20,201,"CP","W","Low",2,0,0,1,1,0,0,1,1
"1492","trapnest_67",2023-07-24,205,"CP","W","Low",2,0,0,0,0,NA,0,0,0
"1493","trapnest_67",2023-07-26,207,"CP","W","Low",1,0,0,0,0,NA,0,0,0
"1494","trapnest_67",2023-07-28,209,"CP","W","Low",0,0,0,0,0,NA,0,0,0
"1495","trapnest_67",2023-07-29,210,"CP","W","Low",0,0,0,0,0,NA,0,0,0
"1496","trapnest_67",2023-08-01,213,"CP","W","Low",2,0,0,0,0,NA,0,0,0
"1497","trapnest_67",2023-08-04,216,"CP","W","Low",2,0,0,0,0,NA,0,0,0
"1498","trapnest_67",2023-08-09,221,"CP","W","Low",4,0,0,0,0,NA,0,0,0
"1499","trapnest_68",2023-07-04,185,"CP","W","Mid",1,0,0,6,0,NA,0,0,6
"1500","trapnest_68",2023-07-05,186,"CP","W","Mid",1,0,0,6,0,NA,0,0,6
"1501","trapnest_68",2023-07-07,188,"CP","W","Mid",2,0,0,6,0,NA,0,0,6
"1502","trapnest_68",2023-07-10,191,"CP","W","Mid",1,0,0,6,0,NA,0,0,6
"1503","trapnest_68",2023-07-12,193,"CP","W","Mid",1,0,0,6,0,NA,0,0,6
"1504","trapnest_68",2023-07-14,195,"CP","W","Mid",1,0,0,6,0,NA,0,0,6
"1505","trapnest_68",2023-07-17,198,"CP","W","Mid",2,0,0,6,0,NA,0,0,6
"1506","trapnest_68",2023-07-20,201,"CP","W","Mid",2,0,0,6,0,NA,0,0,6
"1507","trapnest_68",2023-07-24,205,"CP","W","Mid",2,0,0,6,0,NA,0,0,6
"1508","trapnest_68",2023-07-26,207,"CP","W","Mid",1,0,0,6,0,NA,0,0,6
"1509","trapnest_68",2023-07-28,209,"CP","W","Mid",0,0,0,6,0,NA,0,0,6
"1510","trapnest_68",2023-07-29,210,"CP","W","Mid",0,0,0,6,0,NA,0,0,6
"1511","trapnest_68",2023-08-01,213,"CP","W","Mid",2,0,0,6,0,NA,0,0,6
"1512","trapnest_68",2023-08-04,216,"CP","W","Mid",2,0,0,6,0,NA,0,0,6
"1513","trapnest_68",2023-08-09,221,"CP","W","Mid",4,0,0,6,0,NA,0,0,6
"1514","trapnest_69",2023-07-04,185,"CP","W","High",1,0,0,11,0,NA,0,0,11
"1515","trapnest_69",2023-07-05,186,"CP","W","High",1,0,0,11,0,NA,0,0,11
"1516","trapnest_69",2023-07-07,188,"CP","W","High",2,0,0,11,0,NA,0,0,11
"1517","trapnest_69",2023-07-10,191,"CP","W","High",1,0,0,11,0,NA,0,0,11
"1518","trapnest_69",2023-07-12,193,"CP","W","High",1,0,0,11,0,NA,0,0,11
"1519","trapnest_69",2023-07-14,195,"CP","W","High",1,0,0,11,0,NA,0,0,11
"1520","trapnest_69",2023-07-17,198,"CP","W","High",2,0,0,11,0,NA,0,0,11
"1521","trapnest_69",2023-07-20,201,"CP","W","High",2,0,0,11,0,NA,0,0,11
"1522","trapnest_69",2023-07-24,205,"CP","W","High",2,0,0,11,0,NA,0,0,11
"1523","trapnest_69",2023-07-26,207,"CP","W","High",1,0,0,11,0,NA,0,0,11
"1524","trapnest_69",2023-07-28,209,"CP","W","High",0,0,0,11,0,NA,0,0,11
"1525","trapnest_69",2023-07-29,210,"CP","W","High",0,0,0,11,0,NA,0,0,11
"1526","trapnest_69",2023-08-01,213,"CP","W","High",2,0,0,11,0,NA,0,0,11
"1527","trapnest_69",2023-08-04,216,"CP","W","High",2,0,0,11,0,NA,0,0,11
"1528","trapnest_69",2023-08-09,221,"CP","W","High",4,0,0,11,0,NA,0,0,11
"1529","trapnest_6",2023-06-02,153,"BP","B","High",2,0,0,0,0,NA,0,0,0
"1530","trapnest_6",2023-06-05,156,"BP","B","High",1,0,1,0,0,NA,0,0,0
"1531","trapnest_6",2023-06-08,159,"BP","B","High",2,0,0,0,0,NA,0,0,0
"1532","trapnest_6",2023-06-10,161,"BP","B","High",0,0,0,0,0,NA,0,0,0
"1533","trapnest_6",2023-06-12,163,"BP","B","High",1,0,0,0,0,NA,0,0,0
"1534","trapnest_6",2023-06-14,165,"BP","B","High",0,0,0,0,0,NA,0,0,0
"1535","trapnest_6",2023-06-16,167,"BP","B","High",1,0,0,0,0,NA,0,0,0
"1536","trapnest_6",2023-06-20,171,"BP","B","High",3,0,0,0,0,NA,0,0,0
"1537","trapnest_6",2023-06-23,174,"BP","B","High",3,0,0,0,0,NA,0,0,0
"1538","trapnest_6",2023-06-29,180,"BP","B","High",1,0,0,0,0,NA,0,0,0
"1539","trapnest_6",2023-05-11,131,"BP","B","High",3,0,0,0,0,NA,0,0,0
"1540","trapnest_6",2023-05-12,132,"BP","B","High",1,0,0,0,0,NA,0,0,0
"1541","trapnest_6",2023-05-15,135,"BP","B","High",3,0,0,0,0,NA,0,0,0
"1542","trapnest_6",2023-05-16,136,"BP","B","High",1,0,0,0,0,NA,0,0,0
"1543","trapnest_6",2023-05-17,137,"BP","B","High",1,0,0,0,0,NA,0,0,0
"1544","trapnest_6",2023-05-19,139,"BP","B","High",2,0,0,0,0,NA,0,0,0
"1545","trapnest_6",2023-05-21,141,"BP","B","High",1,0,0,0,0,NA,0,0,0
"1546","trapnest_6",2023-05-22,142,"BP","B","High",1,0,0,0,0,NA,0,0,0
"1547","trapnest_6",2023-05-23,143,"BP","B","High",1,0,0,0,0,NA,0,0,0
"1548","trapnest_6",2023-05-26,146,"BP","B","High",2,0,0,0,0,NA,0,0,0
"1549","trapnest_6",2023-05-28,148,"BP","B","High",2,0,0,0,0,NA,0,0,0
"1550","trapnest_6",2023-05-29,149,"BP","B","High",1,0,1,0,0,NA,0,0,0
"1551","trapnest_6",2023-05-31,151,"BP","B","High",2,0,3,0,0,NA,0,0,0
"1552","trapnest_70",2023-07-04,185,"CP","X","Low",1,0,0,0,0,NA,0,0,0
"1553","trapnest_70",2023-07-05,186,"CP","X","Low",1,0,0,0,0,NA,0,0,0
"1554","trapnest_70",2023-07-07,188,"CP","X","Low",2,0,0,0,0,NA,0,0,0
"1555","trapnest_70",2023-07-10,191,"CP","X","Low",1,0,0,0,0,NA,0,0,0
"1556","trapnest_70",2023-07-12,193,"CP","X","Low",1,0,0,0,0,NA,0,0,0
"1557","trapnest_70",2023-07-14,195,"CP","X","Low",1,0,0,0,0,NA,0,0,0
"1558","trapnest_70",2023-07-17,198,"CP","X","Low",2,0,0,0,0,NA,0,0,0
"1559","trapnest_70",2023-07-20,201,"CP","X","Low",2,0,0,0,0,NA,0,0,0
"1560","trapnest_70",2023-07-24,205,"CP","X","Low",2,0,0,0,0,NA,0,0,0
"1561","trapnest_70",2023-07-26,207,"CP","X","Low",1,0,0,0,0,NA,0,0,0
"1562","trapnest_70",2023-07-28,209,"CP","X","Low",0,0,0,0,0,NA,0,0,0
"1563","trapnest_70",2023-07-29,210,"CP","X","Low",0,0,0,0,0,NA,0,0,0
"1564","trapnest_70",2023-08-01,213,"CP","X","Low",2,0,0,0,0,NA,0,0,0
"1565","trapnest_70",2023-08-04,216,"CP","X","Low",2,0,0,0,0,NA,0,0,0
"1566","trapnest_70",2023-08-09,221,"CP","X","Low",4,1,1,0,0,1,0,0,0
"1567","trapnest_71",2023-07-04,185,"CP","X","Mid",1,0,0,6,0,NA,0,0,6
"1568","trapnest_71",2023-07-05,186,"CP","X","Mid",1,0,0,6,0,NA,0,0,6
"1569","trapnest_71",2023-07-07,188,"CP","X","Mid",2,1,1,6,0,1,0,0,6
"1570","trapnest_71",2023-07-10,191,"CP","X","Mid",1,0,0,6,1,0,0,1,6
"1571","trapnest_71",2023-07-12,193,"CP","X","Mid",1,0,0,6,1,0,0,1,6
"1572","trapnest_71",2023-07-14,195,"CP","X","Mid",1,0,0,6,0,NA,0,0,6
"1573","trapnest_71",2023-07-17,198,"CP","X","Mid",2,1,1,6,0,1,0,0,6
"1574","trapnest_71",2023-07-20,201,"CP","X","Mid",2,1,1,6,0,1,0,0,6
"1575","trapnest_71",2023-07-24,205,"CP","X","Mid",2,1,1,6,1,1,0,1,6
"1576","trapnest_71",2023-07-26,207,"CP","X","Mid",1,0,0,6,2,1,0,1,5
"1577","trapnest_71",2023-07-28,209,"CP","X","Mid",0,1,1,6,2,2,0,1,5
"1578","trapnest_71",2023-07-29,210,"CP","X","Mid",0,0,0,6,3,2,0,2,5
"1579","trapnest_71",2023-08-01,213,"CP","X","Mid",2,0,0,6,3,2,0,2,5
"1580","trapnest_71",2023-08-04,216,"CP","X","Mid",2,0,0,6,3,0,0,3,6
"1581","trapnest_71",2023-08-09,221,"CP","X","Mid",4,1,1,6,3,1,0,3,6
"1582","trapnest_72",2023-07-04,185,"CP","X","High",1,0,0,11,0,NA,0,0,11
"1583","trapnest_72",2023-07-05,186,"CP","X","High",1,0,0,11,0,NA,0,0,11
"1584","trapnest_72",2023-07-07,188,"CP","X","High",2,0,0,11,0,NA,0,0,11
"1585","trapnest_72",2023-07-10,191,"CP","X","High",1,0,0,11,0,NA,0,0,11
"1586","trapnest_72",2023-07-12,193,"CP","X","High",1,0,0,11,0,NA,0,0,11
"1587","trapnest_72",2023-07-14,195,"CP","X","High",1,0,0,11,0,NA,0,0,11
"1588","trapnest_72",2023-07-17,198,"CP","X","High",2,0,0,11,0,NA,0,0,11
"1589","trapnest_72",2023-07-20,201,"CP","X","High",2,0,0,11,0,NA,0,0,11
"1590","trapnest_72",2023-07-24,205,"CP","X","High",2,0,0,11,0,NA,0,0,11
"1591","trapnest_72",2023-07-26,207,"CP","X","High",1,0,0,11,0,NA,0,0,11
"1592","trapnest_72",2023-07-28,209,"CP","X","High",0,0,0,11,0,NA,0,0,11
"1593","trapnest_72",2023-07-29,210,"CP","X","High",0,0,0,11,0,NA,0,0,11
"1594","trapnest_72",2023-08-01,213,"CP","X","High",2,0,0,11,0,NA,0,0,11
"1595","trapnest_72",2023-08-04,216,"CP","X","High",2,0,0,11,0,NA,0,0,11
"1596","trapnest_72",2023-08-09,221,"CP","X","High",4,0,0,11,0,NA,0,0,11
"1597","trapnest_73",2024-06-05,157,"BP","AA","Low",2,0,0,0,0,NA,0,0,0
"1598","trapnest_73",2024-06-11,163,"BP","AA","Low",1,0,0,0,0,NA,0,0,0
"1599","trapnest_73",2024-06-14,166,"BP","AA","Low",1,0,0,0,0,NA,0,0,0
"1600","trapnest_73",2024-06-17,169,"BP","AA","Low",3,0,0,0,0,NA,0,0,0
"1601","trapnest_73",2024-06-21,173,"BP","AA","Low",4,1,1,0,0,1,0,0,0
"1602","trapnest_73",2024-06-25,177,"BP","AA","Low",1,0,0,1,1,1,1,0,0
"1603","trapnest_73",2024-06-28,180,"BP","AA","Low",3,0,0,1,1,1,1,0,0
"1604","trapnest_73",2024-07-02,184,"BP","AA","Low",3,0,0,1,1,0,0,1,1
"1605","trapnest_73",2024-07-05,187,"BP","AA","Low",3,0,0,0,0,NA,0,0,0
"1606","trapnest_73",2024-07-08,190,"BP","AA","Low",2,0,0,0,0,NA,0,0,0
"1607","trapnest_73",2024-07-13,195,"BP","AA","Low",2,0,0,0,0,NA,0,0,0
"1608","trapnest_73",2024-07-16,198,"BP","AA","Low",3,0,0,0,0,NA,0,0,0
"1609","trapnest_73",2024-07-19,201,"BP","AA","Low",2,0,0,0,0,NA,0,0,0
"1610","trapnest_73",2024-07-22,204,"BP","AA","Low",3,0,0,0,0,NA,0,0,0
"1611","trapnest_73",2024-07-26,208,"BP","AA","Low",2,0,0,0,0,NA,0,0,0
"1612","trapnest_73",2024-07-29,211,"BP","AA","Low",3,0,0,0,0,NA,0,0,0
"1613","trapnest_73",2024-08-02,215,"BP","AA","Low",3,0,0,0,0,NA,0,0,0
"1614","trapnest_73",2024-08-06,219,"BP","AA","Low",3,0,0,0,0,NA,0,0,0
"1615","trapnest_73",2024-08-08,221,"BP","AA","Low",0,0,0,0,0,NA,0,0,0
"1616","trapnest_73",2024-08-12,225,"BP","AA","Low",3,0,0,0,0,NA,0,0,0
"1617","trapnest_74",2024-06-05,157,"BP","AA","Mid",2,0,0,6,0,NA,0,0,6
"1618","trapnest_74",2024-06-11,163,"BP","AA","Mid",1,0,0,6,0,NA,0,0,6
"1619","trapnest_74",2024-06-14,166,"BP","AA","Mid",1,0,0,6,0,NA,0,0,6
"1620","trapnest_74",2024-06-17,169,"BP","AA","Mid",3,0,0,6,0,NA,0,0,6
"1621","trapnest_74",2024-06-21,173,"BP","AA","Mid",4,0,0,6,0,NA,0,0,6
"1622","trapnest_74",2024-06-25,177,"BP","AA","Mid",1,0,0,6,0,NA,0,0,6
"1623","trapnest_74",2024-06-28,180,"BP","AA","Mid",3,0,0,6,0,NA,0,0,6
"1624","trapnest_74",2024-07-02,184,"BP","AA","Mid",3,0,0,6,0,NA,0,0,6
"1625","trapnest_74",2024-07-05,187,"BP","AA","Mid",3,0,0,6,0,NA,0,0,6
"1626","trapnest_74",2024-07-08,190,"BP","AA","Mid",2,0,0,6,0,NA,0,0,6
"1627","trapnest_74",2024-07-13,195,"BP","AA","Mid",2,0,0,6,0,NA,0,0,6
"1628","trapnest_74",2024-07-16,198,"BP","AA","Mid",3,0,0,6,0,NA,0,0,6
"1629","trapnest_74",2024-07-19,201,"BP","AA","Mid",2,0,0,6,0,NA,0,0,6
"1630","trapnest_74",2024-07-22,204,"BP","AA","Mid",3,0,0,6,0,NA,0,0,6
"1631","trapnest_74",2024-07-26,208,"BP","AA","Mid",2,0,0,6,0,NA,0,0,6
"1632","trapnest_74",2024-07-29,211,"BP","AA","Mid",3,0,0,6,0,NA,0,0,6
"1633","trapnest_74",2024-08-02,215,"BP","AA","Mid",3,0,0,6,0,NA,0,0,6
"1634","trapnest_74",2024-08-06,219,"BP","AA","Mid",3,0,0,6,0,NA,0,0,6
"1635","trapnest_74",2024-08-08,221,"BP","AA","Mid",0,0,0,6,0,NA,0,0,6
"1636","trapnest_74",2024-08-12,225,"BP","AA","Mid",3,0,0,6,0,NA,0,0,6
"1637","trapnest_75",2024-06-05,157,"BP","AA","High",2,0,0,11,0,NA,0,0,11
"1638","trapnest_75",2024-06-11,163,"BP","AA","High",1,0,0,11,0,NA,0,0,11
"1639","trapnest_75",2024-06-14,166,"BP","AA","High",1,0,0,11,0,NA,0,0,11
"1640","trapnest_75",2024-06-17,169,"BP","AA","High",3,0,0,11,0,NA,0,0,11
"1641","trapnest_75",2024-06-21,173,"BP","AA","High",4,1,1,11,0,1,0,0,11
"1642","trapnest_75",2024-06-25,177,"BP","AA","High",1,1,1,11,1,1,0,1,11
"1643","trapnest_75",2024-06-28,180,"BP","AA","High",3,0,0,11,2,1,1,1,10
"1644","trapnest_75",2024-07-02,184,"BP","AA","High",3,0,0,11,2,1,1,1,10
"1645","trapnest_75",2024-07-05,187,"BP","AA","High",3,0,0,11,2,1,1,1,10
"1646","trapnest_75",2024-07-08,190,"BP","AA","High",2,0,0,11,2,1,1,1,10
"1647","trapnest_75",2024-07-13,195,"BP","AA","High",2,0,0,11,2,1,1,1,10
"1648","trapnest_75",2024-07-16,198,"BP","AA","High",3,0,0,11,2,1,1,1,10
"1649","trapnest_75",2024-07-19,201,"BP","AA","High",2,0,0,11,2,1,1,1,10
"1650","trapnest_75",2024-07-22,204,"BP","AA","High",3,0,0,11,2,1,1,1,10
"1651","trapnest_75",2024-07-26,208,"BP","AA","High",2,0,0,11,2,1,1,1,10
"1652","trapnest_75",2024-07-29,211,"BP","AA","High",3,0,0,11,1,1,1,0,10
"1653","trapnest_75",2024-08-02,215,"BP","AA","High",3,0,0,10,1,1,1,0,9
"1654","trapnest_75",2024-08-06,219,"BP","AA","High",3,0,0,10,0,NA,0,0,10
"1655","trapnest_75",2024-08-08,221,"BP","AA","High",0,0,0,10,0,NA,0,0,10
"1656","trapnest_75",2024-08-12,225,"BP","AA","High",3,0,0,10,0,NA,0,0,10
"1657","trapnest_76",2024-06-05,157,"BP","AB","Low",2,0,0,0,0,NA,0,0,0
"1658","trapnest_76",2024-06-11,163,"BP","AB","Low",1,0,0,0,0,NA,0,0,0
"1659","trapnest_76",2024-06-14,166,"BP","AB","Low",1,0,0,0,0,NA,0,0,0
"1660","trapnest_76",2024-06-17,169,"BP","AB","Low",3,0,0,0,0,NA,0,0,0
"1661","trapnest_76",2024-06-21,173,"BP","AB","Low",4,0,0,0,0,NA,0,0,0
"1662","trapnest_76",2024-06-25,177,"BP","AB","Low",1,0,0,0,0,NA,0,0,0
"1663","trapnest_76",2024-06-28,180,"BP","AB","Low",3,0,0,0,0,NA,0,0,0
"1664","trapnest_76",2024-07-02,184,"BP","AB","Low",3,1,1,0,0,1,0,0,0
"1665","trapnest_76",2024-07-05,187,"BP","AB","Low",3,0,0,1,1,1,0,0,0
"1666","trapnest_76",2024-07-08,190,"BP","AB","Low",2,0,0,1,1,1,0,0,0
"1667","trapnest_76",2024-07-13,195,"BP","AB","Low",2,0,0,1,1,1,0,0,0
"1668","trapnest_76",2024-07-16,198,"BP","AB","Low",3,0,0,0,0,NA,0,0,0
"1669","trapnest_76",2024-07-19,201,"BP","AB","Low",2,0,0,0,0,NA,0,0,0
"1670","trapnest_76",2024-07-22,204,"BP","AB","Low",3,0,0,0,0,NA,0,0,0
"1671","trapnest_76",2024-07-26,208,"BP","AB","Low",2,0,0,0,0,NA,0,0,0
"1672","trapnest_76",2024-07-29,211,"BP","AB","Low",3,0,0,0,0,NA,0,0,0
"1673","trapnest_76",2024-08-02,215,"BP","AB","Low",3,0,0,0,0,NA,0,0,0
"1674","trapnest_76",2024-08-06,219,"BP","AB","Low",3,0,0,0,0,NA,0,0,0
"1675","trapnest_76",2024-08-08,221,"BP","AB","Low",0,0,0,0,0,NA,0,0,0
"1676","trapnest_76",2024-08-12,225,"BP","AB","Low",3,0,0,0,0,NA,0,0,0
"1677","trapnest_77",2024-06-05,157,"BP","AB","Mid",2,0,1,6,0,NA,0,0,6
"1678","trapnest_77",2024-06-11,163,"BP","AB","Mid",1,0,0,6,0,NA,0,0,6
"1679","trapnest_77",2024-06-14,166,"BP","AB","Mid",1,0,0,6,0,NA,0,0,6
"1680","trapnest_77",2024-06-17,169,"BP","AB","Mid",3,0,0,6,0,NA,0,0,6
"1681","trapnest_77",2024-06-21,173,"BP","AB","Mid",4,1,1,6,0,1,0,0,6
"1682","trapnest_77",2024-06-25,177,"BP","AB","Mid",1,0,0,6,1,1,0,1,6
"1683","trapnest_77",2024-06-28,180,"BP","AB","Mid",3,0,0,6,1,1,0,1,6
"1684","trapnest_77",2024-07-02,184,"BP","AB","Mid",3,0,0,6,1,0,0,1,6
"1685","trapnest_77",2024-07-05,187,"BP","AB","Mid",3,1,1,7,2,1,0,1,6
"1686","trapnest_77",2024-07-08,190,"BP","AB","Mid",2,0,0,7,3,1,0,2,6
"1687","trapnest_77",2024-07-13,195,"BP","AB","Mid",2,0,0,6,2,1,0,2,6
"1688","trapnest_77",2024-07-16,198,"BP","AB","Mid",3,1,1,6,2,2,0,2,6
"1689","trapnest_77",2024-07-19,201,"BP","AB","Mid",2,0,0,6,3,2,0,3,6
"1690","trapnest_77",2024-07-22,204,"BP","AB","Mid",3,1,1,6,3,2,0,3,6
"1691","trapnest_77",2024-07-26,208,"BP","AB","Mid",2,0,0,6,3,0,0,3,6
"1692","trapnest_77",2024-07-29,211,"BP","AB","Mid",3,1,1,6,3,1,0,3,6
"1693","trapnest_77",2024-08-02,215,"BP","AB","Mid",3,1,1,6,3,0,0,3,6
"1694","trapnest_77",2024-08-06,219,"BP","AB","Mid",3,2,2,6.5,3.5,2,0,4,7
"1695","trapnest_77",2024-08-08,221,"BP","AB","Mid",0,0,0,6,3,2,0,3,6
"1696","trapnest_77",2024-08-12,225,"BP","AB","Mid",3,0,0,6,3,1,0,3,6
"1697","trapnest_78",2024-06-05,157,"BP","AB","High",2,0,0,11,0,NA,0,0,11
"1698","trapnest_78",2024-06-11,163,"BP","AB","High",1,0,0,11,0,NA,0,0,11
"1699","trapnest_78",2024-06-14,166,"BP","AB","High",1,0,0,11,0,NA,0,0,11
"1700","trapnest_78",2024-06-17,169,"BP","AB","High",3,0,0,11,0,NA,0,0,11
"1701","trapnest_78",2024-06-21,173,"BP","AB","High",4,0,0,11,0,NA,0,0,11
"1702","trapnest_78",2024-06-25,177,"BP","AB","High",1,1,1,11,0,1,0,0,11
"1703","trapnest_78",2024-06-28,180,"BP","AB","High",3,0,0,11,1,1,0,1,11
"1704","trapnest_78",2024-07-02,184,"BP","AB","High",3,0,0,11,1,1,0,1,11
"1705","trapnest_78",2024-07-05,187,"BP","AB","High",3,1,1,11,1,2,0,1,11
"1706","trapnest_78",2024-07-08,190,"BP","AB","High",2,0,0,11,2,2,0,2,11
"1707","trapnest_78",2024-07-13,195,"BP","AB","High",2,0,0,11,2,2,0,2,11
"1708","trapnest_78",2024-07-16,198,"BP","AB","High",3,1,1,11,2,3,0,2,11
"1709","trapnest_78",2024-07-19,201,"BP","AB","High",2,0,0,11,3,3,0,3,11
"1710","trapnest_78",2024-07-22,204,"BP","AB","High",3,0,0,11,3,3,0,3,11
"1711","trapnest_78",2024-07-26,208,"BP","AB","High",2,0,0,11,3,3,0,3,11
"1712","trapnest_78",2024-07-29,211,"BP","AB","High",3,0,0,11,2,2,0,2,11
"1713","trapnest_78",2024-08-02,215,"BP","AB","High",3,1,1,11,2,3,0,2,11
"1714","trapnest_78",2024-08-06,219,"BP","AB","High",3,0,0,13,2,1,0,2,13
"1715","trapnest_78",2024-08-08,221,"BP","AB","High",0,0,0,12,2,1,0,2,12
"1716","trapnest_78",2024-08-12,225,"BP","AB","High",3,0,0,12,2,1,0,2,12
"1717","trapnest_79",2024-06-05,157,"BP","AC","Low",2,0,0,0,0,NA,0,0,0
"1718","trapnest_79",2024-06-11,163,"BP","AC","Low",1,0,0,0,0,NA,0,0,0
"1719","trapnest_79",2024-06-14,166,"BP","AC","Low",1,0,0,0,0,NA,0,0,0
"1720","trapnest_79",2024-06-17,169,"BP","AC","Low",3,0,0,0,0,NA,0,0,0
"1721","trapnest_79",2024-06-21,173,"BP","AC","Low",4,0,0,0,0,NA,0,0,0
"1722","trapnest_79",2024-06-25,177,"BP","AC","Low",1,0,0,0,0,NA,0,0,0
"1723","trapnest_79",2024-06-28,180,"BP","AC","Low",3,0,0,0,0,NA,0,0,0
"1724","trapnest_79",2024-07-02,184,"BP","AC","Low",3,0,0,0,0,NA,0,0,0
"1725","trapnest_79",2024-07-05,187,"BP","AC","Low",3,0,0,1,1,0,0,0,0
"1726","trapnest_79",2024-07-08,190,"BP","AC","Low",2,0,0,1,1,0,0,0,0
"1727","trapnest_79",2024-07-13,195,"BP","AC","Low",2,0,0,1,1,0,0,0,0
"1728","trapnest_79",2024-07-16,198,"BP","AC","Low",3,0,0,0,0,NA,0,0,0
"1729","trapnest_79",2024-07-19,201,"BP","AC","Low",2,0,0,0,0,NA,0,0,0
"1730","trapnest_79",2024-07-22,204,"BP","AC","Low",3,0,0,0,0,NA,0,0,0
"1731","trapnest_79",2024-07-26,208,"BP","AC","Low",2,0,0,0,0,NA,0,0,0
"1732","trapnest_79",2024-07-29,211,"BP","AC","Low",3,0,0,0,0,NA,0,0,0
"1733","trapnest_79",2024-08-02,215,"BP","AC","Low",3,0,0,0,0,NA,0,0,0
"1734","trapnest_79",2024-08-06,219,"BP","AC","Low",3,0,0,0,0,NA,0,0,0
"1735","trapnest_79",2024-08-08,221,"BP","AC","Low",0,0,0,0,0,NA,0,0,0
"1736","trapnest_79",2024-08-12,225,"BP","AC","Low",3,0,0,0,0,NA,0,0,0
"1737","trapnest_7",2023-05-11,131,"BP","C","Low",3,0,0,0,0,NA,0,0,0
"1738","trapnest_7",2023-05-12,132,"BP","C","Low",1,0,0,0,0,NA,0,0,0
"1739","trapnest_7",2023-05-15,135,"BP","C","Low",3,0,0,0,0,NA,0,0,0
"1740","trapnest_7",2023-05-16,136,"BP","C","Low",1,0,0,0,0,NA,0,0,0
"1741","trapnest_7",2023-05-17,137,"BP","C","Low",1,0,0,0,0,NA,0,0,0
"1742","trapnest_7",2023-05-19,139,"BP","C","Low",2,0,0,0,0,NA,0,0,0
"1743","trapnest_7",2023-05-21,141,"BP","C","Low",1,0,0,0,0,NA,0,0,0
"1744","trapnest_7",2023-05-22,142,"BP","C","Low",1,0,1,0,0,NA,0,0,0
"1745","trapnest_7",2023-05-23,143,"BP","C","Low",1,0,0,0,0,NA,0,0,0
"1746","trapnest_7",2023-05-26,146,"BP","C","Low",2,0,0,0,0,NA,0,0,0
"1747","trapnest_7",2023-05-28,148,"BP","C","Low",2,0,0,0,0,NA,0,0,0
"1748","trapnest_7",2023-05-29,149,"BP","C","Low",1,1,6,0,0,1,0,0,0
"1749","trapnest_7",2023-05-31,151,"BP","C","Low",2,0,1,1,1,1,0,0,0
"1750","trapnest_7",2023-06-02,153,"BP","C","Low",2,1,1,1,1,1,0,1,1
"1751","trapnest_7",2023-06-05,156,"BP","C","Low",1,2,2,1.5,1.5,3,0,1,1
"1752","trapnest_7",2023-06-08,159,"BP","C","Low",2,0,1,3,3,3,0,2,2
"1753","trapnest_7",2023-06-10,161,"BP","C","Low",0,0,0,3,3,3,0,2,2
"1754","trapnest_7",2023-06-12,163,"BP","C","Low",1,0,0,3,3,3,0,2,2
"1755","trapnest_7",2023-06-14,165,"BP","C","Low",0,1,2,3,3,4,0,2,2
"1756","trapnest_7",2023-06-16,167,"BP","C","Low",1,0,0,3,3,2,0,3,3
"1757","trapnest_7",2023-06-20,171,"BP","C","Low",3,0,0,2,2,2,0,2,2
"1758","trapnest_7",2023-06-23,174,"BP","C","Low",3,1,2,2,2,2,0,2,2
"1759","trapnest_7",2023-06-29,180,"BP","C","Low",1,5,5,4,4,6,0,4.5,4.5
"1760","trapnest_80",2024-06-05,157,"BP","AC","Mid",2,0,0,6,0,NA,0,0,6
"1761","trapnest_80",2024-06-11,163,"BP","AC","Mid",1,0,0,6,0,NA,0,0,6
"1762","trapnest_80",2024-06-14,166,"BP","AC","Mid",1,0,0,6,0,NA,0,0,6
"1763","trapnest_80",2024-06-17,169,"BP","AC","Mid",3,0,0,6,0,NA,0,0,6
"1764","trapnest_80",2024-06-21,173,"BP","AC","Mid",4,0,0,6,0,NA,0,0,6
"1765","trapnest_80",2024-06-25,177,"BP","AC","Mid",1,0,0,6,0,NA,0,0,6
"1766","trapnest_80",2024-06-28,180,"BP","AC","Mid",3,0,0,6,0,NA,0,0,6
"1767","trapnest_80",2024-07-02,184,"BP","AC","Mid",3,0,0,6,0,NA,0,0,6
"1768","trapnest_80",2024-07-05,187,"BP","AC","Mid",3,0,0,6,0,NA,0,0,6
"1769","trapnest_80",2024-07-08,190,"BP","AC","Mid",2,0,0,6,0,NA,0,0,6
"1770","trapnest_80",2024-07-13,195,"BP","AC","Mid",2,0,0,6,0,NA,0,0,6
"1771","trapnest_80",2024-07-16,198,"BP","AC","Mid",3,1,1,6,0,0,0,0,6
"1772","trapnest_80",2024-07-19,201,"BP","AC","Mid",2,1,1,6,1,1,0,1,6
"1773","trapnest_80",2024-07-22,204,"BP","AC","Mid",3,0,0,6,2,0,0,2,6
"1774","trapnest_80",2024-07-26,208,"BP","AC","Mid",2,1,1,6,2,1,0,2,6
"1775","trapnest_80",2024-07-29,211,"BP","AC","Mid",3,0,0,6,3,1,0,3,6
"1776","trapnest_80",2024-08-02,215,"BP","AC","Mid",3,0,0,6,3,1,0,3,6
"1777","trapnest_80",2024-08-06,219,"BP","AC","Mid",3,0,0,6,3,1,0,3,6
"1778","trapnest_80",2024-08-08,221,"BP","AC","Mid",0,0,0,6,3,1,0,3,6
"1779","trapnest_80",2024-08-12,225,"BP","AC","Mid",3,0,0,6,3,1,0,3,6
"1780","trapnest_81",2024-06-05,157,"BP","AC","High",2,0,0,11,0,NA,0,0,11
"1781","trapnest_81",2024-06-11,163,"BP","AC","High",1,0,0,11,0,NA,0,0,11
"1782","trapnest_81",2024-06-14,166,"BP","AC","High",1,0,0,11,0,NA,0,0,11
"1783","trapnest_81",2024-06-17,169,"BP","AC","High",3,0,0,11,0,NA,0,0,11
"1784","trapnest_81",2024-06-21,173,"BP","AC","High",4,2,2,11.5,0.5,2,0,1,12
"1785","trapnest_81",2024-06-25,177,"BP","AC","High",1,3,3,12,3,2,0,2,11
"1786","trapnest_81",2024-06-28,180,"BP","AC","High",3,0,0,11,5,2,0,3,9
"1787","trapnest_81",2024-07-02,184,"BP","AC","High",3,1,1,11,5,3,0,3,9
"1788","trapnest_81",2024-07-05,187,"BP","AC","High",3,0,0,10,5,2,0,3,8
"1789","trapnest_81",2024-07-08,190,"BP","AC","High",2,0,0,11,5,2,0,3,9
"1790","trapnest_81",2024-07-13,195,"BP","AC","High",2,0,0,9,3,0,0,3,9
"1791","trapnest_81",2024-07-16,198,"BP","AC","High",3,0,0,11,3,0,0,3,11
"1792","trapnest_81",2024-07-19,201,"BP","AC","High",2,0,0,11,3,0,0,3,11
"1793","trapnest_81",2024-07-22,204,"BP","AC","High",3,0,0,11,3,0,0,3,11
"1794","trapnest_81",2024-07-26,208,"BP","AC","High",2,0,0,11,3,0,0,3,11
"1795","trapnest_81",2024-07-29,211,"BP","AC","High",3,0,0,11,0,NA,0,0,11
"1796","trapnest_81",2024-08-02,215,"BP","AC","High",3,0,0,11,0,NA,0,0,11
"1797","trapnest_81",2024-08-06,219,"BP","AC","High",3,0,0,11,0,NA,0,0,11
"1798","trapnest_81",2024-08-08,221,"BP","AC","High",0,0,0,11,0,NA,0,0,11
"1799","trapnest_81",2024-08-12,225,"BP","AC","High",3,0,0,11,0,NA,0,0,11
"1800","trapnest_82",2024-06-05,157,"BP","AD","Low",2,0,0,0,0,NA,0,0,0
"1801","trapnest_82",2024-06-11,163,"BP","AD","Low",1,0,0,0,0,NA,0,0,0
"1802","trapnest_82",2024-06-14,166,"BP","AD","Low",1,0,0,0,0,NA,0,0,0
"1803","trapnest_82",2024-06-17,169,"BP","AD","Low",3,0,0,0,0,NA,0,0,0
"1804","trapnest_82",2024-06-21,173,"BP","AD","Low",4,0,0,0,0,NA,0,0,0
"1805","trapnest_82",2024-06-25,177,"BP","AD","Low",1,0,0,0,0,NA,0,0,0
"1806","trapnest_82",2024-06-28,180,"BP","AD","Low",3,0,0,0,0,NA,0,0,0
"1807","trapnest_82",2024-07-02,184,"BP","AD","Low",3,0,0,0,0,NA,0,0,0
"1808","trapnest_82",2024-07-05,187,"BP","AD","Low",3,0,0,0,0,NA,0,0,0
"1809","trapnest_82",2024-07-08,190,"BP","AD","Low",2,0,0,0,0,NA,0,0,0
"1810","trapnest_82",2024-07-13,195,"BP","AD","Low",2,0,0,0,0,NA,0,0,0
"1811","trapnest_82",2024-07-16,198,"BP","AD","Low",3,0,0,0,0,NA,0,0,0
"1812","trapnest_82",2024-07-19,201,"BP","AD","Low",2,0,0,0,0,NA,0,0,0
"1813","trapnest_82",2024-07-22,204,"BP","AD","Low",3,0,0,0,0,NA,0,0,0
"1814","trapnest_82",2024-07-26,208,"BP","AD","Low",2,0,0,0,0,NA,0,0,0
"1815","trapnest_82",2024-07-29,211,"BP","AD","Low",3,0,0,0,0,NA,0,0,0
"1816","trapnest_82",2024-08-02,215,"BP","AD","Low",3,0,0,0,0,NA,0,0,0
"1817","trapnest_82",2024-08-06,219,"BP","AD","Low",3,0,0,0,0,NA,0,0,0
"1818","trapnest_82",2024-08-08,221,"BP","AD","Low",0,0,0,0,0,NA,0,0,0
"1819","trapnest_82",2024-08-12,225,"BP","AD","Low",3,0,0,0,0,NA,0,0,0
"1820","trapnest_83",2024-06-05,157,"BP","AD","Mid",2,0,0,6,0,NA,0,0,6
"1821","trapnest_83",2024-06-11,163,"BP","AD","Mid",1,0,0,6,0,NA,0,0,6
"1822","trapnest_83",2024-06-14,166,"BP","AD","Mid",1,0,0,6,0,NA,0,0,6
"1823","trapnest_83",2024-06-17,169,"BP","AD","Mid",3,1,1,6,0,1,0,0,6
"1824","trapnest_83",2024-06-21,173,"BP","AD","Mid",4,0,0,6,1,1,0,1,6
"1825","trapnest_83",2024-06-25,177,"BP","AD","Mid",1,0,0,6,1,1,0,1,6
"1826","trapnest_83",2024-06-28,180,"BP","AD","Mid",3,0,0,6,1,0,0,1,6
"1827","trapnest_83",2024-07-02,184,"BP","AD","Mid",3,1,1,6,1,1,0,1,6
"1828","trapnest_83",2024-07-05,187,"BP","AD","Mid",3,0,0,7,2,1,0,1,6
"1829","trapnest_83",2024-07-08,190,"BP","AD","Mid",2,0,0,7,2,1,0,1,6
"1830","trapnest_83",2024-07-13,195,"BP","AD","Mid",2,0,0,7,2,1,0,1,6
"1831","trapnest_83",2024-07-16,198,"BP","AD","Mid",3,0,0,7,2,1,0,1,6
"1832","trapnest_83",2024-07-19,201,"BP","AD","Mid",2,0,0,7,2,1,0,1,6
"1833","trapnest_83",2024-07-22,204,"BP","AD","Mid",3,0,0,6,1,0,0,1,6
"1834","trapnest_83",2024-07-26,208,"BP","AD","Mid",2,0,0,6,1,0,0,1,6
"1835","trapnest_83",2024-07-29,211,"BP","AD","Mid",3,0,0,6,0,NA,0,0,6
"1836","trapnest_83",2024-08-02,215,"BP","AD","Mid",3,0,0,6,0,NA,0,0,6
"1837","trapnest_83",2024-08-06,219,"BP","AD","Mid",3,0,0,6,0,NA,0,0,6
"1838","trapnest_83",2024-08-08,221,"BP","AD","Mid",0,0,0,6,0,NA,0,0,6
"1839","trapnest_83",2024-08-12,225,"BP","AD","Mid",3,0,0,6,0,NA,0,0,6
"1840","trapnest_84",2024-06-05,157,"BP","AD","High",2,0,0,11,0,NA,0,0,11
"1841","trapnest_84",2024-06-11,163,"BP","AD","High",1,0,0,11,0,NA,0,0,11
"1842","trapnest_84",2024-06-14,166,"BP","AD","High",1,0,0,11,0,NA,0,0,11
"1843","trapnest_84",2024-06-17,169,"BP","AD","High",3,0,0,11,0,NA,0,0,11
"1844","trapnest_84",2024-06-21,173,"BP","AD","High",4,3,3,12,1,2,0,1,12
"1845","trapnest_84",2024-06-25,177,"BP","AD","High",1,2,2,12.5,3.5,4,1,3,12
"1846","trapnest_84",2024-06-28,180,"BP","AD","High",3,1,1,11,5,5,1,4,10
"1847","trapnest_84",2024-07-02,184,"BP","AD","High",3,0,0,11,6,5,1,4,9
"1848","trapnest_84",2024-07-05,187,"BP","AD","High",3,0,0,11,6,5,1,4,9
"1849","trapnest_84",2024-07-08,190,"BP","AD","High",2,0,0,11,6,5,1,4,9
"1850","trapnest_84",2024-07-13,195,"BP","AD","High",2,0,0,11,6,5,1,4,9
"1851","trapnest_84",2024-07-16,198,"BP","AD","High",3,0,0,11,6,5,1,4,9
"1852","trapnest_84",2024-07-19,201,"BP","AD","High",2,0,0,10,5,4,1,3,8
"1853","trapnest_84",2024-07-22,204,"BP","AD","High",3,0,0,10,5,4,1,3,8
"1854","trapnest_84",2024-07-26,208,"BP","AD","High",2,0,0,10,5,4,1,3,8
"1855","trapnest_84",2024-07-29,211,"BP","AD","High",3,0,0,10,1,1,0,1,10
"1856","trapnest_84",2024-08-02,215,"BP","AD","High",3,0,0,10,1,1,0,1,10
"1857","trapnest_84",2024-08-06,219,"BP","AD","High",3,0,0,10,0,NA,0,0,10
"1858","trapnest_84",2024-08-08,221,"BP","AD","High",0,0,0,10,0,NA,0,0,10
"1859","trapnest_84",2024-08-12,225,"BP","AD","High",3,0,0,10,0,NA,0,0,10
"1860","trapnest_85",2024-06-05,157,"BP","AE","Low",2,0,0,0,0,NA,0,0,0
"1861","trapnest_85",2024-06-11,163,"BP","AE","Low",1,0,0,0,0,NA,0,0,0
"1862","trapnest_85",2024-06-14,166,"BP","AE","Low",1,0,0,0,0,NA,0,0,0
"1863","trapnest_85",2024-06-17,169,"BP","AE","Low",3,0,0,0,0,NA,0,0,0
"1864","trapnest_85",2024-06-21,173,"BP","AE","Low",4,0,0,0,0,NA,0,0,0
"1865","trapnest_85",2024-06-25,177,"BP","AE","Low",1,0,0,0,0,NA,0,0,0
"1866","trapnest_85",2024-06-28,180,"BP","AE","Low",3,0,0,0,0,NA,0,0,0
"1867","trapnest_85",2024-07-02,184,"BP","AE","Low",3,0,0,0,0,NA,0,0,0
"1868","trapnest_85",2024-07-05,187,"BP","AE","Low",3,0,0,0,0,NA,0,0,0
"1869","trapnest_85",2024-07-08,190,"BP","AE","Low",2,0,0,0,0,NA,0,0,0
"1870","trapnest_85",2024-07-13,195,"BP","AE","Low",2,2,2,0.5,0.5,2,0,1,1
"1871","trapnest_85",2024-07-16,198,"BP","AE","Low",3,0,0,2,2,1,0,2,2
"1872","trapnest_85",2024-07-19,201,"BP","AE","Low",2,1,1,2,2,1,0,2,2
"1873","trapnest_85",2024-07-22,204,"BP","AE","Low",3,0,0,1,1,0,0,1,1
"1874","trapnest_85",2024-07-26,208,"BP","AE","Low",2,0,0,1,1,0,0,1,1
"1875","trapnest_85",2024-07-29,211,"BP","AE","Low",3,1,1,1,1,0,0,1,1
"1876","trapnest_85",2024-08-02,215,"BP","AE","Low",3,0,0,0,0,NA,0,0,0
"1877","trapnest_85",2024-08-06,219,"BP","AE","Low",3,0,0,0,0,NA,0,0,0
"1878","trapnest_85",2024-08-08,221,"BP","AE","Low",0,0,0,0,0,NA,0,0,0
"1879","trapnest_85",2024-08-12,225,"BP","AE","Low",3,0,0,0,0,NA,0,0,0
"1880","trapnest_86",2024-06-05,157,"BP","AE","Mid",2,0,0,6,0,NA,0,0,6
"1881","trapnest_86",2024-06-11,163,"BP","AE","Mid",1,0,0,6,0,NA,0,0,6
"1882","trapnest_86",2024-06-14,166,"BP","AE","Mid",1,0,0,6,0,NA,0,0,6
"1883","trapnest_86",2024-06-17,169,"BP","AE","Mid",3,0,0,6,0,NA,0,0,6
"1884","trapnest_86",2024-06-21,173,"BP","AE","Mid",4,0,0,6,0,NA,0,0,6
"1885","trapnest_86",2024-06-25,177,"BP","AE","Mid",1,0,0,6,0,NA,0,0,6
"1886","trapnest_86",2024-06-28,180,"BP","AE","Mid",3,0,0,6,0,NA,0,0,6
"1887","trapnest_86",2024-07-02,184,"BP","AE","Mid",3,0,0,6,0,NA,0,0,6
"1888","trapnest_86",2024-07-05,187,"BP","AE","Mid",3,0,0,6,0,NA,0,0,6
"1889","trapnest_86",2024-07-08,190,"BP","AE","Mid",2,0,0,6,0,NA,0,0,6
"1890","trapnest_86",2024-07-13,195,"BP","AE","Mid",2,0,0,6,0,NA,0,0,6
"1891","trapnest_86",2024-07-16,198,"BP","AE","Mid",3,0,0,6,0,NA,0,0,6
"1892","trapnest_86",2024-07-19,201,"BP","AE","Mid",2,0,0,6,0,NA,0,0,6
"1893","trapnest_86",2024-07-22,204,"BP","AE","Mid",3,0,0,6,0,NA,0,0,6
"1894","trapnest_86",2024-07-26,208,"BP","AE","Mid",2,0,0,6,0,NA,0,0,6
"1895","trapnest_86",2024-07-29,211,"BP","AE","Mid",3,0,0,6,0,NA,0,0,6
"1896","trapnest_86",2024-08-02,215,"BP","AE","Mid",3,0,0,6,0,NA,0,0,6
"1897","trapnest_86",2024-08-06,219,"BP","AE","Mid",3,0,0,6,0,NA,0,0,6
"1898","trapnest_86",2024-08-08,221,"BP","AE","Mid",0,0,0,6,0,NA,0,0,6
"1899","trapnest_86",2024-08-12,225,"BP","AE","Mid",3,0,0,6,0,NA,0,0,6
"1900","trapnest_87",2024-06-05,157,"BP","AE","High",2,0,0,11,0,NA,0,0,11
"1901","trapnest_87",2024-06-11,163,"BP","AE","High",1,0,0,11,0,NA,0,0,11
"1902","trapnest_87",2024-06-14,166,"BP","AE","High",1,0,0,11,0,NA,0,0,11
"1903","trapnest_87",2024-06-17,169,"BP","AE","High",3,0,0,11,0,NA,0,0,11
"1904","trapnest_87",2024-06-21,173,"BP","AE","High",4,2,2,11.5,0.5,2,0,0,11
"1905","trapnest_87",2024-06-25,177,"BP","AE","High",1,1,1,12,3,2,1,1,10
"1906","trapnest_87",2024-06-28,180,"BP","AE","High",3,0,0,12,4,2,1,2,10
"1907","trapnest_87",2024-07-02,184,"BP","AE","High",3,1,1,11,3,2,1,2,10
"1908","trapnest_87",2024-07-05,187,"BP","AE","High",3,0,0,11,4,2,1,3,10
"1909","trapnest_87",2024-07-08,190,"BP","AE","High",2,0,0,11,4,2,1,3,10
"1910","trapnest_87",2024-07-13,195,"BP","AE","High",2,0,0,11,4,2,1,3,10
"1911","trapnest_87",2024-07-16,198,"BP","AE","High",3,0,0,11,4,2,1,3,10
"1912","trapnest_87",2024-07-19,201,"BP","AE","High",2,0,0,11,4,2,1,3,10
"1913","trapnest_87",2024-07-22,204,"BP","AE","High",3,1,1,11,4,3,1,3,10
"1914","trapnest_87",2024-07-26,208,"BP","AE","High",2,1,1,11,5,3,1,4,10
"1915","trapnest_87",2024-07-29,211,"BP","AE","High",3,0,0,11,5,3,1,4,10
"1916","trapnest_87",2024-08-02,215,"BP","AE","High",3,0,0,11,5,3,1,4,10
"1917","trapnest_87",2024-08-06,219,"BP","AE","High",3,0,0,11,2,0,0,2,11
"1918","trapnest_87",2024-08-08,221,"BP","AE","High",0,1,1,10,2,1,0,2,10
"1919","trapnest_87",2024-08-12,225,"BP","AE","High",3,0,0,11,3,1,0,3,11
"1920","trapnest_88",2024-06-05,157,"BP","AF","Low",2,0,0,0,0,NA,0,0,0
"1921","trapnest_88",2024-06-11,163,"BP","AF","Low",1,0,0,0,0,NA,0,0,0
"1922","trapnest_88",2024-06-14,166,"BP","AF","Low",1,0,0,0,0,NA,0,0,0
"1923","trapnest_88",2024-06-17,169,"BP","AF","Low",3,0,0,0,0,NA,0,0,0
"1924","trapnest_88",2024-06-21,173,"BP","AF","Low",4,0,0,0,0,NA,0,0,0
"1925","trapnest_88",2024-06-25,177,"BP","AF","Low",1,0,0,0,0,NA,0,0,0
"1926","trapnest_88",2024-06-28,180,"BP","AF","Low",3,0,0,0,0,NA,0,0,0
"1927","trapnest_88",2024-07-02,184,"BP","AF","Low",3,0,0,0,0,NA,0,0,0
"1928","trapnest_88",2024-07-05,187,"BP","AF","Low",3,0,1,0,0,NA,0,0,0
"1929","trapnest_88",2024-07-08,190,"BP","AF","Low",2,0,0,0,0,NA,0,0,0
"1930","trapnest_88",2024-07-13,195,"BP","AF","Low",2,0,0,0,0,NA,0,0,0
"1931","trapnest_88",2024-07-16,198,"BP","AF","Low",3,0,0,0,0,NA,0,0,0
"1932","trapnest_88",2024-07-19,201,"BP","AF","Low",2,0,0,0,0,NA,0,0,0
"1933","trapnest_88",2024-07-22,204,"BP","AF","Low",3,0,0,0,0,NA,0,0,0
"1934","trapnest_88",2024-07-26,208,"BP","AF","Low",2,0,0,0,0,NA,0,0,0
"1935","trapnest_88",2024-07-29,211,"BP","AF","Low",3,0,0,0,0,NA,0,0,0
"1936","trapnest_88",2024-08-02,215,"BP","AF","Low",3,0,0,0,0,NA,0,0,0
"1937","trapnest_88",2024-08-06,219,"BP","AF","Low",3,0,0,0,0,NA,0,0,0
"1938","trapnest_88",2024-08-08,221,"BP","AF","Low",0,0,0,0,0,NA,0,0,0
"1939","trapnest_88",2024-08-12,225,"BP","AF","Low",3,0,0,0,0,NA,0,0,0
"1940","trapnest_89",2024-06-05,157,"BP","AF","Mid",2,0,0,6,0,NA,0,0,6
"1941","trapnest_89",2024-06-11,163,"BP","AF","Mid",1,0,0,6,0,NA,0,0,6
"1942","trapnest_89",2024-06-14,166,"BP","AF","Mid",1,0,0,6,0,NA,0,0,6
"1943","trapnest_89",2024-06-17,169,"BP","AF","Mid",3,0,0,6,0,NA,0,0,6
"1944","trapnest_89",2024-06-21,173,"BP","AF","Mid",4,0,0,6,0,NA,0,0,6
"1945","trapnest_89",2024-06-25,177,"BP","AF","Mid",1,0,0,6,0,NA,0,0,6
"1946","trapnest_89",2024-06-28,180,"BP","AF","Mid",3,0,0,6,0,NA,0,0,6
"1947","trapnest_89",2024-07-02,184,"BP","AF","Mid",3,0,0,6,0,NA,0,0,6
"1948","trapnest_89",2024-07-05,187,"BP","AF","Mid",3,0,0,6,0,NA,0,0,6
"1949","trapnest_89",2024-07-08,190,"BP","AF","Mid",2,0,0,6,0,NA,0,0,6
"1950","trapnest_89",2024-07-13,195,"BP","AF","Mid",2,0,0,6,0,NA,0,0,6
"1951","trapnest_89",2024-07-16,198,"BP","AF","Mid",3,0,0,6,0,NA,0,0,6
"1952","trapnest_89",2024-07-19,201,"BP","AF","Mid",2,0,0,6,0,NA,0,0,6
"1953","trapnest_89",2024-07-22,204,"BP","AF","Mid",3,0,0,6,0,NA,0,0,6
"1954","trapnest_89",2024-07-26,208,"BP","AF","Mid",2,0,0,6,0,NA,0,0,6
"1955","trapnest_89",2024-07-29,211,"BP","AF","Mid",3,0,0,6,0,NA,0,0,6
"1956","trapnest_89",2024-08-02,215,"BP","AF","Mid",3,0,0,6,0,NA,0,0,6
"1957","trapnest_89",2024-08-06,219,"BP","AF","Mid",3,0,0,6,0,NA,0,0,6
"1958","trapnest_89",2024-08-08,221,"BP","AF","Mid",0,0,0,6,0,NA,0,0,6
"1959","trapnest_89",2024-08-12,225,"BP","AF","Mid",3,0,0,6,0,NA,0,0,6
"1960","trapnest_8",2023-05-11,131,"BP","C","Mid",3,0,0,0,0,NA,0,0,0
"1961","trapnest_8",2023-05-12,132,"BP","C","Mid",1,0,0,0,0,NA,0,0,0
"1962","trapnest_8",2023-05-15,135,"BP","C","Mid",3,0,0,0,0,NA,0,0,0
"1963","trapnest_8",2023-05-16,136,"BP","C","Mid",1,0,0,0,0,NA,0,0,0
"1964","trapnest_8",2023-05-17,137,"BP","C","Mid",1,0,0,0,0,NA,0,0,0
"1965","trapnest_8",2023-05-19,139,"BP","C","Mid",2,0,0,0,0,NA,0,0,0
"1966","trapnest_8",2023-05-21,141,"BP","C","Mid",1,0,0,0,0,NA,0,0,0
"1967","trapnest_8",2023-05-22,142,"BP","C","Mid",1,0,1,0,0,NA,0,0,0
"1968","trapnest_8",2023-05-23,143,"BP","C","Mid",1,0,1,0,0,NA,0,0,0
"1969","trapnest_8",2023-05-26,146,"BP","C","Mid",2,0,1,0,0,NA,0,0,0
"1970","trapnest_8",2023-05-28,148,"BP","C","Mid",2,0,0,0,0,NA,0,0,0
"1971","trapnest_8",2023-05-29,149,"BP","C","Mid",1,0,1,0,0,NA,0,0,0
"1972","trapnest_8",2023-05-31,151,"BP","C","Mid",2,0,0,0,0,NA,0,0,0
"1973","trapnest_8",2023-06-02,153,"BP","C","Mid",2,0,0,0,0,NA,0,0,0
"1974","trapnest_8",2023-06-05,156,"BP","C","Mid",1,0,0,0,0,NA,0,0,0
"1975","trapnest_8",2023-06-08,159,"BP","C","Mid",2,0,0,0,0,NA,0,0,0
"1976","trapnest_8",2023-06-10,161,"BP","C","Mid",0,0,0,0,0,NA,0,0,0
"1977","trapnest_8",2023-06-12,163,"BP","C","Mid",1,0,0,0,0,NA,0,0,0
"1978","trapnest_8",2023-06-14,165,"BP","C","Mid",0,0,0,0,0,NA,0,0,0
"1979","trapnest_8",2023-06-16,167,"BP","C","Mid",1,0,0,0,0,NA,0,0,0
"1980","trapnest_8",2023-06-20,171,"BP","C","Mid",3,0,0,0,0,NA,0,0,0
"1981","trapnest_8",2023-06-23,174,"BP","C","Mid",3,0,0,0,0,NA,0,0,0
"1982","trapnest_8",2023-06-29,180,"BP","C","Mid",1,2,2,0.5,0.5,2,0,1,1
"1983","trapnest_90",2024-06-05,157,"BP","AF","High",2,0,0,11,0,NA,0,0,11
"1984","trapnest_90",2024-06-11,163,"BP","AF","High",1,0,0,11,0,NA,0,0,11
"1985","trapnest_90",2024-06-14,166,"BP","AF","High",1,0,0,11,0,NA,0,0,11
"1986","trapnest_90",2024-06-17,169,"BP","AF","High",3,0,0,11,0,NA,0,0,11
"1987","trapnest_90",2024-06-21,173,"BP","AF","High",4,0,0,11,0,NA,0,0,11
"1988","trapnest_90",2024-07-02,184,"BP","AF","High",3,0,0,11,0,NA,0,0,11
"1989","trapnest_90",2024-07-05,187,"BP","AF","High",3,0,0,11,0,NA,0,0,11
"1990","trapnest_90",2024-07-08,190,"BP","AF","High",2,0,0,11,0,NA,0,0,11
"1991","trapnest_90",2024-07-13,195,"BP","AF","High",2,0,0,11,0,NA,0,0,11
"1992","trapnest_90",2024-07-16,198,"BP","AF","High",3,2,2,11.5,0.5,2,0,1,12
"1993","trapnest_90",2024-07-19,201,"BP","AF","High",2,0,0,11,2,2,0,2,11
"1994","trapnest_90",2024-07-22,204,"BP","AF","High",3,0,0,11,2,1,0,2,11
"1995","trapnest_90",2024-07-26,208,"BP","AF","High",2,1,1,11,2,2,0,2,11
"1996","trapnest_90",2024-07-29,211,"BP","AF","High",3,0,0,11,3,0,0,3,11
"1997","trapnest_90",2024-08-02,215,"BP","AF","High",3,4,4,12.5,4.5,3,0,5,13
"1998","trapnest_90",2024-08-06,219,"BP","AF","High",3,0,0,12,7,1,0,7,12
"1999","trapnest_90",2024-08-08,221,"BP","AF","High",0,0,0,12,7,1,0,7,12
"2000","trapnest_90",2024-08-12,225,"BP","AF","High",3,0,0,12,7,1,0,7,12
"2001","trapnest_90",2024-06-25,177,"BP","AF","High",1,0,0,11,0,NA,0,0,11
"2002","trapnest_90",2024-06-28,180,"BP","AF","High",3,0,0,11,0,NA,0,0,11
"2003","trapnest_91",2024-06-05,157,"CP","AG","Low",2,0,0,0,0,NA,0,0,0
"2004","trapnest_91",2024-06-11,163,"CP","AG","Low",1,0,0,0,0,NA,0,0,0
"2005","trapnest_91",2024-06-14,166,"CP","AG","Low",1,0,0,0,0,NA,0,0,0
"2006","trapnest_91",2024-06-17,169,"CP","AG","Low",3,0,0,0,0,NA,0,0,0
"2007","trapnest_91",2024-06-21,173,"CP","AG","Low",4,1,2,0,0,1,0,0,0
"2008","trapnest_91",2024-06-25,177,"CP","AG","Low",1,0,0,2,2,1,0,1,1
"2009","trapnest_91",2024-06-28,180,"CP","AG","Low",3,0,0,2,2,1,0,1,1
"2010","trapnest_91",2024-07-02,184,"CP","AG","Low",3,0,0,2,2,1,0,1,1
"2011","trapnest_91",2024-07-05,187,"CP","AG","Low",3,0,0,0,0,NA,0,0,0
"2012","trapnest_91",2024-07-08,190,"CP","AG","Low",2,0,0,0,0,NA,0,0,0
"2013","trapnest_91",2024-07-13,195,"CP","AG","Low",2,0,0,0,0,NA,0,0,0
"2014","trapnest_91",2024-07-16,198,"CP","AG","Low",3,0,0,0,0,NA,0,0,0
"2015","trapnest_91",2024-07-19,201,"CP","AG","Low",2,0,0,0,0,NA,0,0,0
"2016","trapnest_91",2024-07-22,204,"CP","AG","Low",3,0,0,0,0,NA,0,0,0
"2017","trapnest_91",2024-07-24,206,"CP","AG","Low",2,0,0,0,0,NA,0,0,0
"2018","trapnest_91",2024-07-26,208,"CP","AG","Low",0,0,0,0,0,NA,0,0,0
"2019","trapnest_91",2024-07-29,211,"CP","AG","Low",3,0,0,0,0,NA,0,0,0
"2020","trapnest_91",2024-08-02,215,"CP","AG","Low",3,0,0,0,0,NA,0,0,0
"2021","trapnest_91",2024-08-06,219,"CP","AG","Low",3,0,0,0,0,NA,0,0,0
"2022","trapnest_91",2024-08-08,221,"CP","AG","Low",0,0,0,0,0,NA,0,0,0
"2023","trapnest_91",2024-08-12,225,"CP","AG","Low",3,0,0,0,0,NA,0,0,0
"2024","trapnest_92",2024-06-05,157,"CP","AG","Mid",2,0,0,6,0,NA,0,0,6
"2025","trapnest_92",2024-06-11,163,"CP","AG","Mid",1,0,0,6,0,NA,0,0,6
"2026","trapnest_92",2024-06-14,166,"CP","AG","Mid",1,0,0,6,0,NA,0,0,6
"2027","trapnest_92",2024-06-17,169,"CP","AG","Mid",3,0,0,6,0,NA,0,0,6
"2028","trapnest_92",2024-06-21,173,"CP","AG","Mid",4,0,0,6,0,NA,0,0,6
"2029","trapnest_92",2024-06-25,177,"CP","AG","Mid",1,0,0,6,0,NA,0,0,6
"2030","trapnest_92",2024-06-28,180,"CP","AG","Mid",3,0,0,6,0,NA,0,0,6
"2031","trapnest_92",2024-07-02,184,"CP","AG","Mid",3,0,0,6,0,NA,0,0,6
"2032","trapnest_92",2024-07-05,187,"CP","AG","Mid",3,0,0,6,0,NA,0,0,6
"2033","trapnest_92",2024-07-08,190,"CP","AG","Mid",2,0,0,6,0,NA,0,0,6
"2034","trapnest_92",2024-07-13,195,"CP","AG","Mid",2,0,0,6,0,NA,0,0,6
"2035","trapnest_92",2024-07-16,198,"CP","AG","Mid",3,0,0,6,0,NA,0,0,6
"2036","trapnest_92",2024-07-19,201,"CP","AG","Mid",2,0,0,6,0,NA,0,0,6
"2037","trapnest_92",2024-07-22,204,"CP","AG","Mid",3,0,0,6,0,NA,0,0,6
"2038","trapnest_92",2024-07-24,206,"CP","AG","Mid",2,0,0,6,0,NA,0,0,6
"2039","trapnest_92",2024-07-26,208,"CP","AG","Mid",0,0,0,6,0,NA,0,0,6
"2040","trapnest_92",2024-07-29,211,"CP","AG","Mid",3,0,0,6,0,NA,0,0,6
"2041","trapnest_92",2024-08-02,215,"CP","AG","Mid",3,0,0,6,0,NA,0,0,6
"2042","trapnest_92",2024-08-06,219,"CP","AG","Mid",3,0,0,6,0,NA,0,0,6
"2043","trapnest_92",2024-08-08,221,"CP","AG","Mid",0,0,0,6,0,NA,0,0,6
"2044","trapnest_92",2024-08-12,225,"CP","AG","Mid",3,0,0,6,0,NA,0,0,6
"2045","trapnest_93",2024-06-05,157,"CP","AG","High",2,0,0,11,0,NA,0,0,11
"2046","trapnest_93",2024-06-11,163,"CP","AG","High",1,0,0,11,0,NA,0,0,11
"2047","trapnest_93",2024-06-14,166,"CP","AG","High",1,0,0,11,0,NA,0,0,11
"2048","trapnest_93",2024-06-17,169,"CP","AG","High",3,1,1,11,0,1,0,0,11
"2049","trapnest_93",2024-06-21,173,"CP","AG","High",4,2,2,11.5,1.5,2,0,1,11
"2050","trapnest_93",2024-06-25,177,"CP","AG","High",1,0,0,12,3,2,0,1,10
"2051","trapnest_93",2024-06-28,180,"CP","AG","High",3,0,0,12,3,2,0,1,10
"2052","trapnest_93",2024-07-02,184,"CP","AG","High",3,0,0,12,3,2,0,1,10
"2053","trapnest_93",2024-07-05,187,"CP","AG","High",3,0,0,12,1,0,0,1,12
"2054","trapnest_93",2024-07-08,190,"CP","AG","High",2,0,0,11,1,0,0,1,11
"2055","trapnest_93",2024-07-13,195,"CP","AG","High",2,0,0,11,1,0,0,1,11
"2056","trapnest_93",2024-07-16,198,"CP","AG","High",3,0,0,11,1,0,0,1,11
"2057","trapnest_93",2024-07-19,201,"CP","AG","High",2,0,0,11,1,0,0,1,11
"2058","trapnest_93",2024-07-22,204,"CP","AG","High",3,0,0,11,1,0,0,1,11
"2059","trapnest_93",2024-07-24,206,"CP","AG","High",2,0,0,11,1,0,0,1,11
"2060","trapnest_93",2024-07-26,208,"CP","AG","High",0,0,0,11,0,NA,0,0,11
"2061","trapnest_93",2024-07-29,211,"CP","AG","High",3,0,0,11,0,NA,0,0,11
"2062","trapnest_93",2024-08-02,215,"CP","AG","High",3,0,0,11,0,NA,0,0,11
"2063","trapnest_93",2024-08-06,219,"CP","AG","High",3,0,0,11,0,NA,0,0,11
"2064","trapnest_93",2024-08-08,221,"CP","AG","High",0,0,0,11,0,NA,0,0,11
"2065","trapnest_93",2024-08-12,225,"CP","AG","High",3,0,0,11,0,NA,0,0,11
"2066","trapnest_94",2024-06-05,157,"CP","AH","Low",2,0,0,0,0,NA,0,0,0
"2067","trapnest_94",2024-06-11,163,"CP","AH","Low",1,0,0,0,0,NA,0,0,0
"2068","trapnest_94",2024-06-14,166,"CP","AH","Low",1,1,1,0,0,1,0,0,0
"2069","trapnest_94",2024-06-17,169,"CP","AH","Low",3,1,1,2,2,2,0,1,1
"2070","trapnest_94",2024-06-21,173,"CP","AH","Low",4,0,0,3,3,2,0,2,2
"2071","trapnest_94",2024-06-25,177,"CP","AH","Low",1,0,0,1,1,1,0,1,1
"2072","trapnest_94",2024-06-28,180,"CP","AH","Low",3,0,0,1,1,1,0,1,1
"2073","trapnest_94",2024-07-02,184,"CP","AH","Low",3,0,0,1,1,1,0,1,1
"2074","trapnest_94",2024-07-05,187,"CP","AH","Low",3,0,0,0,0,NA,0,0,0
"2075","trapnest_94",2024-07-08,190,"CP","AH","Low",2,0,0,0,0,NA,0,0,0
"2076","trapnest_94",2024-07-13,195,"CP","AH","Low",2,0,0,0,0,NA,0,0,0
"2077","trapnest_94",2024-07-16,198,"CP","AH","Low",3,0,0,0,0,NA,0,0,0
"2078","trapnest_94",2024-07-19,201,"CP","AH","Low",2,0,0,0,0,NA,0,0,0
"2079","trapnest_94",2024-07-22,204,"CP","AH","Low",3,0,0,0,0,NA,0,0,0
"2080","trapnest_94",2024-07-24,206,"CP","AH","Low",2,0,0,0,0,NA,0,0,0
"2081","trapnest_94",2024-07-26,208,"CP","AH","Low",0,0,0,0,0,NA,0,0,0
"2082","trapnest_94",2024-07-29,211,"CP","AH","Low",3,0,0,0,0,NA,0,0,0
"2083","trapnest_94",2024-08-02,215,"CP","AH","Low",3,0,0,0,0,NA,0,0,0
"2084","trapnest_94",2024-08-06,219,"CP","AH","Low",3,0,0,0,0,NA,0,0,0
"2085","trapnest_94",2024-08-08,221,"CP","AH","Low",0,0,0,0,0,NA,0,0,0
"2086","trapnest_94",2024-08-12,225,"CP","AH","Low",3,0,0,0,0,NA,0,0,0
"2087","trapnest_95",2024-06-05,157,"CP","AH","Mid",2,0,0,6,0,NA,0,0,6
"2088","trapnest_95",2024-06-11,163,"CP","AH","Mid",1,0,0,6,0,NA,0,0,6
"2089","trapnest_95",2024-06-14,166,"CP","AH","Mid",1,0,0,6,0,NA,0,0,6
"2090","trapnest_95",2024-06-17,169,"CP","AH","Mid",3,0,0,6,0,NA,0,0,6
"2091","trapnest_95",2024-06-21,173,"CP","AH","Mid",4,0,0,6,0,NA,0,0,6
"2092","trapnest_95",2024-06-25,177,"CP","AH","Mid",1,0,0,6,0,NA,0,0,6
"2093","trapnest_95",2024-06-28,180,"CP","AH","Mid",3,0,0,6,0,NA,0,0,6
"2094","trapnest_95",2024-07-02,184,"CP","AH","Mid",3,0,0,6,0,NA,0,0,6
"2095","trapnest_95",2024-07-05,187,"CP","AH","Mid",3,0,0,6,0,NA,0,0,6
"2096","trapnest_95",2024-07-08,190,"CP","AH","Mid",2,0,0,6,0,NA,0,0,6
"2097","trapnest_95",2024-07-13,195,"CP","AH","Mid",2,0,0,6,0,NA,0,0,6
"2098","trapnest_95",2024-07-16,198,"CP","AH","Mid",3,0,0,5,0,NA,0,0,5
"2099","trapnest_95",2024-07-19,201,"CP","AH","Mid",2,0,0,5,0,NA,0,0,5
"2100","trapnest_95",2024-07-22,204,"CP","AH","Mid",3,0,0,5,0,NA,0,0,5
"2101","trapnest_95",2024-07-24,206,"CP","AH","Mid",2,0,0,6,0,NA,0,0,6
"2102","trapnest_95",2024-07-26,208,"CP","AH","Mid",0,0,0,6,0,NA,0,0,6
"2103","trapnest_95",2024-07-29,211,"CP","AH","Mid",3,0,0,6,0,NA,0,0,6
"2104","trapnest_95",2024-08-02,215,"CP","AH","Mid",3,0,0,6,0,NA,0,0,6
"2105","trapnest_95",2024-08-06,219,"CP","AH","Mid",3,0,0,6,0,NA,0,0,6
"2106","trapnest_95",2024-08-08,221,"CP","AH","Mid",0,0,0,6,0,NA,0,0,6
"2107","trapnest_95",2024-08-12,225,"CP","AH","Mid",3,0,0,6,0,NA,0,0,6
"2108","trapnest_96",2024-06-05,157,"CP","AH","High",2,0,0,11,0,NA,0,0,11
"2109","trapnest_96",2024-06-11,163,"CP","AH","High",1,0,0,11,0,NA,0,0,11
"2110","trapnest_96",2024-06-14,166,"CP","AH","High",1,0,0,11,0,NA,0,0,11
"2111","trapnest_96",2024-06-17,169,"CP","AH","High",3,0,0,11,0,NA,0,0,11
"2112","trapnest_96",2024-06-21,173,"CP","AH","High",4,0,0,11,0,NA,0,0,11
"2113","trapnest_96",2024-06-25,177,"CP","AH","High",1,0,0,11,0,NA,0,0,11
"2114","trapnest_96",2024-06-28,180,"CP","AH","High",3,0,0,11,0,NA,0,0,11
"2115","trapnest_96",2024-07-02,184,"CP","AH","High",3,0,0,11,0,NA,0,0,11
"2116","trapnest_96",2024-07-05,187,"CP","AH","High",3,0,0,11,0,NA,0,0,11
"2117","trapnest_96",2024-07-08,190,"CP","AH","High",2,0,0,11,0,NA,0,0,11
"2118","trapnest_96",2024-07-13,195,"CP","AH","High",2,0,0,11,0,NA,0,0,11
"2119","trapnest_96",2024-07-16,198,"CP","AH","High",3,0,0,11,0,NA,0,0,11
"2120","trapnest_96",2024-07-19,201,"CP","AH","High",2,0,0,11,0,NA,0,0,11
"2121","trapnest_96",2024-07-22,204,"CP","AH","High",3,0,0,11,0,NA,0,0,11
"2122","trapnest_96",2024-07-24,206,"CP","AH","High",2,0,0,11,0,NA,0,0,11
"2123","trapnest_96",2024-07-26,208,"CP","AH","High",0,0,0,11,0,NA,0,0,11
"2124","trapnest_96",2024-07-29,211,"CP","AH","High",3,0,0,11,0,NA,0,0,11
"2125","trapnest_96",2024-08-02,215,"CP","AH","High",3,0,0,11,0,NA,0,0,11
"2126","trapnest_96",2024-08-06,219,"CP","AH","High",3,0,0,11,0,NA,0,0,11
"2127","trapnest_96",2024-08-08,221,"CP","AH","High",0,0,0,11,0,NA,0,0,11
"2128","trapnest_96",2024-08-12,225,"CP","AH","High",3,0,0,11,0,NA,0,0,11
"2129","trapnest_97",2024-06-05,157,"CP","AI","Low",2,0,0,0,0,NA,0,0,0
"2130","trapnest_97",2024-06-11,163,"CP","AI","Low",1,0,0,0,0,NA,0,0,0
"2131","trapnest_97",2024-06-14,166,"CP","AI","Low",1,0,0,0,0,NA,0,0,0
"2132","trapnest_97",2024-06-17,169,"CP","AI","Low",3,3,3,1,1,3,0,1.5,1.5
"2133","trapnest_97",2024-06-21,173,"CP","AI","Low",4,2,2,3.5,3.5,3,0,4,4
"2134","trapnest_97",2024-06-25,177,"CP","AI","Low",1,1,1,5,5,3,0,5,5
"2135","trapnest_97",2024-06-28,180,"CP","AI","Low",3,0,0,3,3,2,0,2,2
"2136","trapnest_97",2024-07-02,184,"CP","AI","Low",3,0,0,1,1,1,0,0,0
"2137","trapnest_97",2024-07-05,187,"CP","AI","Low",3,0,0,1,1,1,0,0,0
"2138","trapnest_97",2024-07-08,190,"CP","AI","Low",2,0,0,1,1,1,0,0,0
"2139","trapnest_97",2024-07-13,195,"CP","AI","Low",2,0,0,0,0,NA,0,0,0
"2140","trapnest_97",2024-07-16,198,"CP","AI","Low",3,0,0,0,0,NA,0,0,0
"2141","trapnest_97",2024-07-19,201,"CP","AI","Low",2,0,0,0,0,NA,0,0,0
"2142","trapnest_97",2024-07-22,204,"CP","AI","Low",3,0,0,0,0,NA,0,0,0
"2143","trapnest_97",2024-07-24,206,"CP","AI","Low",2,0,0,0,0,NA,0,0,0
"2144","trapnest_97",2024-07-26,208,"CP","AI","Low",0,0,0,0,0,NA,0,0,0
"2145","trapnest_97",2024-07-29,211,"CP","AI","Low",3,0,0,0,0,NA,0,0,0
"2146","trapnest_97",2024-08-02,215,"CP","AI","Low",3,0,0,0,0,NA,0,0,0
"2147","trapnest_97",2024-08-06,219,"CP","AI","Low",3,0,0,0,0,NA,0,0,0
"2148","trapnest_97",2024-08-08,221,"CP","AI","Low",0,0,0,0,0,NA,0,0,0
"2149","trapnest_97",2024-08-12,225,"CP","AI","Low",3,0,0,0,0,NA,0,0,0
"2150","trapnest_98",2024-06-05,157,"CP","AI","Mid",2,0,0,6,0,NA,0,0,6
"2151","trapnest_98",2024-06-11,163,"CP","AI","Mid",1,0,0,6,0,NA,0,0,6
"2152","trapnest_98",2024-06-14,166,"CP","AI","Mid",1,0,0,6,0,NA,0,0,6
"2153","trapnest_98",2024-06-17,169,"CP","AI","Mid",3,0,0,6,0,NA,0,0,6
"2154","trapnest_98",2024-06-21,173,"CP","AI","Mid",4,0,0,6,0,NA,0,0,6
"2155","trapnest_98",2024-06-25,177,"CP","AI","Mid",1,0,0,6,0,NA,0,0,6
"2156","trapnest_98",2024-06-28,180,"CP","AI","Mid",3,1,1,6,0,1,0,0,6
"2157","trapnest_98",2024-07-02,184,"CP","AI","Mid",3,0,0,6,1,1,1,0,5
"2158","trapnest_98",2024-07-05,187,"CP","AI","Mid",3,1,1,6,1,2,1,0,5
"2159","trapnest_98",2024-07-08,190,"CP","AI","Mid",2,0,0,6,2,2,2,0,4
"2160","trapnest_98",2024-07-13,195,"CP","AI","Mid",2,0,0,6,2,1,1,1,5
"2161","trapnest_98",2024-07-16,198,"CP","AI","Mid",3,0,0,6,2,1,1,1,5
"2162","trapnest_98",2024-07-19,201,"CP","AI","Mid",2,0,0,6,2,1,1,1,5
"2163","trapnest_98",2024-07-22,204,"CP","AI","Mid",3,0,0,6,2,1,1,1,5
"2164","trapnest_98",2024-07-24,206,"CP","AI","Mid",2,0,0,6,2,1,1,1,5
"2165","trapnest_98",2024-07-26,208,"CP","AI","Mid",0,0,0,6,2,1,1,1,5
"2166","trapnest_98",2024-07-29,211,"CP","AI","Mid",3,0,0,6,2,1,1,1,5
"2167","trapnest_98",2024-08-02,215,"CP","AI","Mid",3,0,0,6,2,1,1,1,5
"2168","trapnest_98",2024-08-06,219,"CP","AI","Mid",3,0,0,6,0,NA,0,0,6
"2169","trapnest_98",2024-08-08,221,"CP","AI","Mid",0,0,0,6,0,NA,0,0,6
"2170","trapnest_98",2024-08-12,225,"CP","AI","Mid",3,0,0,6,0,NA,0,0,6
"2171","trapnest_99",2024-06-05,157,"CP","AI","High",2,0,0,11,0,NA,0,0,11
"2172","trapnest_99",2024-06-11,163,"CP","AI","High",1,0,0,11,0,NA,0,0,11
"2173","trapnest_99",2024-06-14,166,"CP","AI","High",1,0,0,11,0,NA,0,0,11
"2174","trapnest_99",2024-06-17,169,"CP","AI","High",3,0,0,11,0,NA,0,0,11
"2175","trapnest_99",2024-06-21,173,"CP","AI","High",4,0,2,11,0,NA,0,0,11
"2176","trapnest_99",2024-06-25,177,"CP","AI","High",1,0,0,11,0,NA,0,0,11
"2177","trapnest_99",2024-06-28,180,"CP","AI","High",3,0,0,11,0,NA,0,0,11
"2178","trapnest_99",2024-07-02,184,"CP","AI","High",3,0,0,11,0,NA,0,0,11
"2179","trapnest_99",2024-07-05,187,"CP","AI","High",3,0,0,11,0,NA,0,0,11
"2180","trapnest_99",2024-07-08,190,"CP","AI","High",2,0,0,11,0,NA,0,0,11
"2181","trapnest_99",2024-07-13,195,"CP","AI","High",2,0,0,11,0,NA,0,0,11
"2182","trapnest_99",2024-07-16,198,"CP","AI","High",3,0,0,11,0,NA,0,0,11
"2183","trapnest_99",2024-07-19,201,"CP","AI","High",2,0,0,11,0,NA,0,0,11
"2184","trapnest_99",2024-07-22,204,"CP","AI","High",3,0,0,11,0,NA,0,0,11
"2185","trapnest_99",2024-07-24,206,"CP","AI","High",2,0,0,11,0,NA,0,0,11
"2186","trapnest_99",2024-07-26,208,"CP","AI","High",0,0,0,11,0,NA,0,0,11
"2187","trapnest_99",2024-07-29,211,"CP","AI","High",3,0,0,11,0,NA,0,0,11
"2188","trapnest_99",2024-08-02,215,"CP","AI","High",3,0,0,11,0,NA,0,0,11
"2189","trapnest_99",2024-08-06,219,"CP","AI","High",3,0,0,11,0,NA,0,0,11
"2190","trapnest_99",2024-08-08,221,"CP","AI","High",0,0,0,11,0,NA,0,0,11
"2191","trapnest_99",2024-08-12,225,"CP","AI","High",3,0,0,11,0,NA,0,0,11
"2192","trapnest_9",2023-05-11,131,"BP","C","High",3,0,0,0,0,NA,0,0,0
"2193","trapnest_9",2023-05-12,132,"BP","C","High",1,0,0,0,0,NA,0,0,0
"2194","trapnest_9",2023-05-15,135,"BP","C","High",3,0,0,0,0,NA,0,0,0
"2195","trapnest_9",2023-05-16,136,"BP","C","High",1,0,0,0,0,NA,0,0,0
"2196","trapnest_9",2023-05-17,137,"BP","C","High",1,0,0,0,0,NA,0,0,0
"2197","trapnest_9",2023-05-19,139,"BP","C","High",2,0,0,0,0,NA,0,0,0
"2198","trapnest_9",2023-05-21,141,"BP","C","High",1,0,0,0,0,NA,0,0,0
"2199","trapnest_9",2023-05-22,142,"BP","C","High",1,0,1,0,0,NA,0,0,0
"2200","trapnest_9",2023-05-23,143,"BP","C","High",1,0,0,0,0,NA,0,0,0
"2201","trapnest_9",2023-05-26,146,"BP","C","High",2,0,0,0,0,NA,0,0,0
"2202","trapnest_9",2023-05-28,148,"BP","C","High",2,0,0,0,0,NA,0,0,0
"2203","trapnest_9",2023-05-29,149,"BP","C","High",1,0,1,0,0,NA,0,0,0
"2204","trapnest_9",2023-05-31,151,"BP","C","High",2,0,0,0,0,NA,0,0,0
"2205","trapnest_9",2023-06-02,153,"BP","C","High",2,0,0,0,0,NA,0,0,0
"2206","trapnest_9",2023-06-05,156,"BP","C","High",1,1,2,0,0,0,0,0,0
"2207","trapnest_9",2023-06-08,159,"BP","C","High",2,2,2,1.5,1.5,2,0,2,2
"2208","trapnest_9",2023-06-10,161,"BP","C","High",0,0,0,3,3,2,0,3,3
"2209","trapnest_9",2023-06-12,163,"BP","C","High",1,0,0,3,3,2,0,3,3
"2210","trapnest_9",2023-06-29,180,"BP","C","High",1,0,0,1,1,1,0,1,1
"2211","trapnest_9",2023-06-14,165,"BP","C","High",0,0,0,3,3,1,0,3,3
"2212","trapnest_9",2023-06-16,167,"BP","C","High",1,0,0,1,1,1,0,1,1
"2213","trapnest_9",2023-06-20,171,"BP","C","High",3,1,1,1,1,2,0,1,1
"2214","trapnest_9",2023-06-23,174,"BP","C","High",3,0,0,1,1,1,0,1,1
