"","...1","Trapnest","Date","Day_of_year","Year","Site","Subsite","Treatment","Good_days","New_nests_meg","New_nests_sum","Available_cavities_prior","Meg_ps_prior","Meg_no_ps_prior","Sum_unsealed_meg","DP_meg_prior","NDP_meg_prior","NDP_ps_meg_prior"
"1",1,"trapnest_100",2024-06-05,157,"year_2024","CP","AJ","Low",2,0,0,18,0,0,NA,0,0,0
"2",2,"trapnest_100",2024-06-11,163,"year_2024","CP","AJ","Low",1,0,0,18,0,0,NA,0,0,0
"3",3,"trapnest_100",2024-06-14,166,"year_2024","CP","AJ","Low",1,0,0,18,0,0,NA,0,0,0
"4",4,"trapnest_100",2024-06-17,169,"year_2024","CP","AJ","Low",3,0,0,18,0,0,NA,0,0,0
"5",5,"trapnest_100",2024-06-21,173,"year_2024","CP","AJ","Low",4,1,1,18,0,0,1,0,0,0
"6",6,"trapnest_100",2024-06-25,177,"year_2024","CP","AJ","Low",1,0,0,17,1,1,1,0,0,0
"7",7,"trapnest_100",2024-06-28,180,"year_2024","CP","AJ","Low",3,0,0,17,1,1,1,0,0,0
"8",8,"trapnest_100",2024-07-02,184,"year_2024","CP","AJ","Low",3,0,0,17,1,1,1,0,0,0
"9",9,"trapnest_100",2024-07-05,187,"year_2024","CP","AJ","Low",3,0,0,18,0,0,NA,0,0,0
"10",10,"trapnest_100",2024-07-08,190,"year_2024","CP","AJ","Low",2,0,0,18,0,0,NA,0,0,0
"11",11,"trapnest_100",2024-07-13,195,"year_2024","CP","AJ","Low",2,0,0,18,0,0,NA,0,0,0
"12",12,"trapnest_100",2024-07-16,198,"year_2024","CP","AJ","Low",3,0,0,18,0,0,NA,0,0,0
"13",13,"trapnest_100",2024-07-19,201,"year_2024","CP","AJ","Low",2,0,0,18,0,0,NA,0,0,0
"14",14,"trapnest_100",2024-07-22,204,"year_2024","CP","AJ","Low",3,0,0,18,0,0,NA,0,0,0
"15",15,"trapnest_100",2024-07-24,206,"year_2024","CP","AJ","Low",2,0,0,18,0,0,NA,0,0,0
"16",16,"trapnest_100",2024-07-26,208,"year_2024","CP","AJ","Low",0,0,0,18,0,0,NA,0,0,0
"17",17,"trapnest_100",2024-07-29,211,"year_2024","CP","AJ","Low",3,0,0,18,0,0,NA,0,0,0
"18",18,"trapnest_100",2024-08-02,215,"year_2024","CP","AJ","Low",3,0,0,18,0,0,NA,0,0,0
"19",19,"trapnest_100",2024-08-06,219,"year_2024","CP","AJ","Low",3,0,0,18,0,0,NA,0,0,0
"20",20,"trapnest_100",2024-08-08,221,"year_2024","CP","AJ","Low",0,0,0,18,0,0,NA,0,0,0
"21",21,"trapnest_100",2024-08-12,225,"year_2024","CP","AJ","Low",3,0,0,18,0,0,NA,0,0,0
"22",22,"trapnest_101",2024-06-05,157,"year_2024","CP","AJ","Mid",2,0,0,12,6,0,NA,0,0,6
"23",23,"trapnest_101",2024-06-11,163,"year_2024","CP","AJ","Mid",1,0,0,12,6,0,NA,0,0,6
"24",24,"trapnest_101",2024-06-14,166,"year_2024","CP","AJ","Mid",1,0,0,11,6,0,NA,0,0,6
"25",25,"trapnest_101",2024-06-17,169,"year_2024","CP","AJ","Mid",3,0,0,11,6,0,NA,0,0,6
"26",26,"trapnest_101",2024-06-21,173,"year_2024","CP","AJ","Mid",4,0,0,12,6,0,NA,0,0,6
"27",27,"trapnest_101",2024-06-25,177,"year_2024","CP","AJ","Mid",1,0,0,12,6,0,NA,0,0,6
"28",28,"trapnest_101",2024-06-28,180,"year_2024","CP","AJ","Mid",3,0,0,12,6,0,NA,0,0,6
"29",29,"trapnest_101",2024-07-02,184,"year_2024","CP","AJ","Mid",3,0,0,12,6,0,NA,0,0,6
"30",30,"trapnest_101",2024-07-05,187,"year_2024","CP","AJ","Mid",3,0,0,12,6,0,NA,0,0,6
"31",31,"trapnest_101",2024-07-08,190,"year_2024","CP","AJ","Mid",2,0,0,12,6,0,NA,0,0,6
"32",32,"trapnest_101",2024-07-13,195,"year_2024","CP","AJ","Mid",2,0,0,12,6,0,NA,0,0,6
"33",33,"trapnest_101",2024-07-16,198,"year_2024","CP","AJ","Mid",3,0,0,12,6,0,NA,0,0,6
"34",34,"trapnest_101",2024-07-19,201,"year_2024","CP","AJ","Mid",2,0,0,12,6,0,NA,0,0,6
"35",35,"trapnest_101",2024-07-22,204,"year_2024","CP","AJ","Mid",3,0,0,12,6,0,NA,0,0,6
"36",36,"trapnest_101",2024-07-24,206,"year_2024","CP","AJ","Mid",2,0,0,12,6,0,NA,0,0,6
"37",37,"trapnest_101",2024-07-26,208,"year_2024","CP","AJ","Mid",0,0,0,12,6,0,NA,0,0,6
"38",38,"trapnest_101",2024-07-29,211,"year_2024","CP","AJ","Mid",3,0,0,12,6,0,NA,0,0,6
"39",39,"trapnest_101",2024-08-02,215,"year_2024","CP","AJ","Mid",3,0,0,12,6,0,NA,0,0,6
"40",40,"trapnest_101",2024-08-06,219,"year_2024","CP","AJ","Mid",3,0,0,12,6,0,NA,0,0,6
"41",41,"trapnest_101",2024-08-08,221,"year_2024","CP","AJ","Mid",0,0,0,12,6,0,NA,0,0,6
"42",42,"trapnest_101",2024-08-12,225,"year_2024","CP","AJ","Mid",3,0,0,12,6,0,NA,0,0,6
"43",43,"trapnest_102",2024-06-05,157,"year_2024","CP","AJ","High",2,0,0,8,10,0,NA,0,0,10
"44",44,"trapnest_102",2024-06-11,163,"year_2024","CP","AJ","High",1,0,0,8,10,0,NA,0,0,10
"45",45,"trapnest_102",2024-06-14,166,"year_2024","CP","AJ","High",1,0,0,8,10,0,NA,0,0,10
"46",46,"trapnest_102",2024-06-17,169,"year_2024","CP","AJ","High",3,0,0,8,10,0,NA,0,0,10
"47",47,"trapnest_102",2024-06-21,173,"year_2024","CP","AJ","High",4,1,1,8,10,0,1,0,0,10
"48",48,"trapnest_102",2024-06-25,177,"year_2024","CP","AJ","High",1,1,1,8,10,1,2,0,1,10
"49",49,"trapnest_102",2024-06-28,180,"year_2024","CP","AJ","High",3,0,0,8,10,2,2,0,2,10
"50",50,"trapnest_102",2024-07-02,184,"year_2024","CP","AJ","High",3,0,0,8,10,2,2,0,2,10
"51",51,"trapnest_102",2024-07-05,187,"year_2024","CP","AJ","High",3,0,0,8,10,2,0,0,2,10
"52",52,"trapnest_102",2024-07-08,190,"year_2024","CP","AJ","High",2,0,0,8,10,2,0,0,2,10
"53",53,"trapnest_102",2024-07-13,195,"year_2024","CP","AJ","High",2,0,0,8,10,2,0,0,2,10
"54",54,"trapnest_102",2024-07-16,198,"year_2024","CP","AJ","High",3,0,0,8,10,2,0,0,2,10
"55",55,"trapnest_102",2024-07-19,201,"year_2024","CP","AJ","High",2,0,0,8,10,2,0,0,2,10
"56",56,"trapnest_102",2024-07-22,204,"year_2024","CP","AJ","High",3,0,0,8,10,2,0,0,2,10
"57",57,"trapnest_102",2024-07-24,206,"year_2024","CP","AJ","High",2,0,0,8,10,2,0,0,2,10
"58",58,"trapnest_102",2024-07-26,208,"year_2024","CP","AJ","High",0,0,0,8,10,0,NA,0,0,10
"59",59,"trapnest_102",2024-07-29,211,"year_2024","CP","AJ","High",3,0,0,8,10,0,NA,0,0,10
"60",60,"trapnest_102",2024-08-02,215,"year_2024","CP","AJ","High",3,0,0,8,10,0,NA,0,0,10
"61",61,"trapnest_102",2024-08-06,219,"year_2024","CP","AJ","High",3,0,0,8,10,0,NA,0,0,10
"62",62,"trapnest_102",2024-08-08,221,"year_2024","CP","AJ","High",0,0,0,8,10,0,NA,0,0,10
"63",63,"trapnest_102",2024-08-12,225,"year_2024","CP","AJ","High",3,0,0,8,10,0,NA,0,0,10
"64",64,"trapnest_103",2024-06-05,157,"year_2024","CP","AK","Low",2,0,0,18,0,0,NA,0,0,0
"65",65,"trapnest_103",2024-06-11,163,"year_2024","CP","AK","Low",1,0,0,18,0,0,NA,0,0,0
"66",66,"trapnest_103",2024-06-14,166,"year_2024","CP","AK","Low",1,0,0,18,0,0,NA,0,0,0
"67",67,"trapnest_103",2024-06-17,169,"year_2024","CP","AK","Low",3,0,0,18,0,0,NA,0,0,0
"68",68,"trapnest_103",2024-06-21,173,"year_2024","CP","AK","Low",4,0,0,18,0,0,NA,0,0,0
"69",69,"trapnest_103",2024-06-25,177,"year_2024","CP","AK","Low",1,0,0,18,0,0,NA,0,0,0
"70",70,"trapnest_103",2024-06-28,180,"year_2024","CP","AK","Low",3,0,0,18,0,0,NA,0,0,0
"71",71,"trapnest_103",2024-07-02,184,"year_2024","CP","AK","Low",3,0,0,18,0,0,NA,0,0,0
"72",72,"trapnest_103",2024-07-05,187,"year_2024","CP","AK","Low",3,0,0,18,0,0,NA,0,0,0
"73",73,"trapnest_103",2024-07-08,190,"year_2024","CP","AK","Low",2,0,0,18,0,0,NA,0,0,0
"74",74,"trapnest_103",2024-07-13,195,"year_2024","CP","AK","Low",2,0,0,18,0,0,NA,0,0,0
"75",75,"trapnest_103",2024-07-16,198,"year_2024","CP","AK","Low",3,0,0,18,0,0,NA,0,0,0
"76",76,"trapnest_103",2024-07-19,201,"year_2024","CP","AK","Low",2,0,0,18,0,0,NA,0,0,0
"77",77,"trapnest_103",2024-07-22,204,"year_2024","CP","AK","Low",3,0,0,18,0,0,NA,0,0,0
"78",78,"trapnest_103",2024-07-24,206,"year_2024","CP","AK","Low",2,0,0,18,0,0,NA,0,0,0
"79",79,"trapnest_103",2024-07-26,208,"year_2024","CP","AK","Low",0,0,0,18,0,0,NA,0,0,0
"80",80,"trapnest_103",2024-07-29,211,"year_2024","CP","AK","Low",3,0,0,18,0,0,NA,0,0,0
"81",81,"trapnest_103",2024-08-02,215,"year_2024","CP","AK","Low",3,0,0,18,0,0,NA,0,0,0
"82",82,"trapnest_103",2024-08-06,219,"year_2024","CP","AK","Low",3,0,0,18,0,0,NA,0,0,0
"83",83,"trapnest_103",2024-08-08,221,"year_2024","CP","AK","Low",0,0,0,18,0,0,NA,0,0,0
"84",84,"trapnest_103",2024-08-12,225,"year_2024","CP","AK","Low",3,0,0,18,0,0,NA,0,0,0
"85",85,"trapnest_104",2024-06-05,157,"year_2024","CP","AK","Mid",2,0,0,12,6,0,NA,0,0,6
"86",86,"trapnest_104",2024-06-11,163,"year_2024","CP","AK","Mid",1,0,0,12,6,0,NA,0,0,6
"87",87,"trapnest_104",2024-06-14,166,"year_2024","CP","AK","Mid",1,0,0,12,6,0,NA,0,0,6
"88",88,"trapnest_104",2024-06-17,169,"year_2024","CP","AK","Mid",3,0,0,12,6,0,NA,0,0,6
"89",89,"trapnest_104",2024-06-21,173,"year_2024","CP","AK","Mid",4,1,1,12,6,0,1,0,0,6
"90",90,"trapnest_104",2024-06-25,177,"year_2024","CP","AK","Mid",1,0,0,12,6,1,1,0,1,6
"91",91,"trapnest_104",2024-06-28,180,"year_2024","CP","AK","Mid",3,0,0,12,6,1,1,0,1,6
"92",92,"trapnest_104",2024-07-02,184,"year_2024","CP","AK","Mid",3,1,1,12,6,1,2,0,1,6
"93",93,"trapnest_104",2024-07-05,187,"year_2024","CP","AK","Mid",3,0,0,11,7,1,1,0,1,7
"94",94,"trapnest_104",2024-07-08,190,"year_2024","CP","AK","Mid",2,0,0,12,6,1,1,0,1,6
"95",95,"trapnest_104",2024-07-13,195,"year_2024","CP","AK","Mid",2,1,1,12,6,1,2,0,1,6
"96",96,"trapnest_104",2024-07-16,198,"year_2024","CP","AK","Mid",3,0,0,12,6,2,1,0,1,5
"97",97,"trapnest_104",2024-07-19,201,"year_2024","CP","AK","Mid",2,0,0,12,6,2,1,0,1,5
"98",98,"trapnest_104",2024-07-22,204,"year_2024","CP","AK","Mid",3,1,1,12,6,2,1,0,2,6
"99",99,"trapnest_104",2024-07-24,206,"year_2024","CP","AK","Mid",2,0,0,11,7,3,1,0,3,7
"100",100,"trapnest_104",2024-07-26,208,"year_2024","CP","AK","Mid",0,0,0,11,7,3,1,0,3,7
"101",101,"trapnest_104",2024-07-29,211,"year_2024","CP","AK","Mid",3,1,1,11,7,3,1,0,3,7
"102",102,"trapnest_104",2024-08-02,215,"year_2024","CP","AK","Mid",3,0,0,11,7,3,1,0,2,6
"103",103,"trapnest_104",2024-08-06,219,"year_2024","CP","AK","Mid",3,0,0,11,7,2,1,0,1,6
"104",104,"trapnest_104",2024-08-08,221,"year_2024","CP","AK","Mid",0,0,0,11,7,2,1,0,1,6
"105",105,"trapnest_104",2024-08-12,225,"year_2024","CP","AK","Mid",3,0,0,11,7,2,1,0,1,6
"106",106,"trapnest_105",2024-06-05,157,"year_2024","CP","AK","High",2,0,0,7,11,0,NA,0,0,11
"107",107,"trapnest_105",2024-06-11,163,"year_2024","CP","AK","High",1,0,0,7,11,0,NA,0,0,11
"108",108,"trapnest_105",2024-06-14,166,"year_2024","CP","AK","High",1,0,0,7,11,0,NA,0,0,11
"109",109,"trapnest_105",2024-06-17,169,"year_2024","CP","AK","High",3,0,0,7,11,0,NA,0,0,11
"110",110,"trapnest_105",2024-06-21,173,"year_2024","CP","AK","High",4,0,0,7,11,0,NA,0,0,11
"111",111,"trapnest_105",2024-06-25,177,"year_2024","CP","AK","High",1,0,0,7,11,0,NA,0,0,11
"112",112,"trapnest_105",2024-06-28,180,"year_2024","CP","AK","High",3,0,0,7,11,0,NA,0,0,11
"113",113,"trapnest_105",2024-07-02,184,"year_2024","CP","AK","High",3,0,0,7,11,0,NA,0,0,11
"114",114,"trapnest_105",2024-07-05,187,"year_2024","CP","AK","High",3,0,0,7,11,0,NA,0,0,11
"115",115,"trapnest_105",2024-07-08,190,"year_2024","CP","AK","High",2,0,0,7,11,0,NA,0,0,11
"116",116,"trapnest_105",2024-07-13,195,"year_2024","CP","AK","High",2,0,0,7,11,0,NA,0,0,11
"117",117,"trapnest_105",2024-07-16,198,"year_2024","CP","AK","High",3,0,0,7,11,0,NA,0,0,11
"118",118,"trapnest_105",2024-07-19,201,"year_2024","CP","AK","High",2,0,0,7,11,0,NA,0,0,11
"119",119,"trapnest_105",2024-07-22,204,"year_2024","CP","AK","High",3,0,0,7,11,0,NA,0,0,11
"120",120,"trapnest_105",2024-07-24,206,"year_2024","CP","AK","High",2,0,0,7,11,0,NA,0,0,11
"121",121,"trapnest_105",2024-07-26,208,"year_2024","CP","AK","High",0,0,0,7,11,0,NA,0,0,11
"122",122,"trapnest_105",2024-07-29,211,"year_2024","CP","AK","High",3,0,0,7,11,0,NA,0,0,11
"123",123,"trapnest_105",2024-08-02,215,"year_2024","CP","AK","High",3,0,0,7,11,0,NA,0,0,11
"124",124,"trapnest_105",2024-08-06,219,"year_2024","CP","AK","High",3,0,0,7,11,0,NA,0,0,11
"125",125,"trapnest_105",2024-08-08,221,"year_2024","CP","AK","High",0,0,0,7,11,0,NA,0,0,11
"126",126,"trapnest_105",2024-08-12,225,"year_2024","CP","AK","High",3,0,0,7,11,0,NA,0,0,11
"127",127,"trapnest_106",2024-06-05,157,"year_2024","CP","AL","Low",2,0,0,18,0,0,NA,0,0,0
"128",128,"trapnest_106",2024-06-11,163,"year_2024","CP","AL","Low",1,0,0,18,0,0,NA,0,0,0
"129",129,"trapnest_106",2024-06-14,166,"year_2024","CP","AL","Low",1,0,0,18,0,0,NA,0,0,0
"130",130,"trapnest_106",2024-06-17,169,"year_2024","CP","AL","Low",3,0,0,18,0,0,NA,0,0,0
"131",131,"trapnest_106",2024-06-21,173,"year_2024","CP","AL","Low",4,1,1,18,0,0,1,0,0,0
"132",132,"trapnest_106",2024-06-25,177,"year_2024","CP","AL","Low",1,0,0,17,1,1,0,0,1,1
"133",133,"trapnest_106",2024-06-28,180,"year_2024","CP","AL","Low",3,0,0,17,1,1,0,0,1,1
"134",134,"trapnest_106",2024-07-02,184,"year_2024","CP","AL","Low",3,0,0,17,1,1,0,0,1,1
"135",135,"trapnest_106",2024-07-05,187,"year_2024","CP","AL","Low",3,0,0,18,0,0,NA,0,0,0
"136",136,"trapnest_106",2024-07-08,190,"year_2024","CP","AL","Low",2,0,0,18,0,0,NA,0,0,0
"137",137,"trapnest_106",2024-07-13,195,"year_2024","CP","AL","Low",2,0,0,18,0,0,NA,0,0,0
"138",138,"trapnest_106",2024-07-16,198,"year_2024","CP","AL","Low",3,0,0,17,0,0,NA,0,0,0
"139",139,"trapnest_106",2024-07-19,201,"year_2024","CP","AL","Low",2,0,0,17,0,0,NA,0,0,0
"140",140,"trapnest_106",2024-07-22,204,"year_2024","CP","AL","Low",3,0,0,17,0,0,NA,0,0,0
"141",141,"trapnest_106",2024-07-24,206,"year_2024","CP","AL","Low",2,0,0,17,0,0,NA,0,0,0
"142",142,"trapnest_106",2024-07-26,208,"year_2024","CP","AL","Low",0,0,0,17,0,0,NA,0,0,0
"143",143,"trapnest_106",2024-07-29,211,"year_2024","CP","AL","Low",3,0,0,16,0,0,NA,0,0,0
"144",144,"trapnest_106",2024-08-02,215,"year_2024","CP","AL","Low",3,0,0,17,0,0,NA,0,0,0
"145",145,"trapnest_106",2024-08-06,219,"year_2024","CP","AL","Low",3,0,0,16,0,0,NA,0,0,0
"146",146,"trapnest_106",2024-08-08,221,"year_2024","CP","AL","Low",0,0,0,17,0,0,NA,0,0,0
"147",147,"trapnest_106",2024-08-12,225,"year_2024","CP","AL","Low",3,0,0,17,0,0,NA,0,0,0
"148",148,"trapnest_107",2024-06-05,157,"year_2024","CP","AL","Mid",2,1,1,12,6,0,1,0,0,6
"149",149,"trapnest_107",2024-06-11,163,"year_2024","CP","AL","Mid",1,0,0,12,6,1,1,1,0,5
"150",150,"trapnest_107",2024-06-14,166,"year_2024","CP","AL","Mid",1,0,0,12,6,1,1,1,0,5
"151",151,"trapnest_107",2024-06-17,169,"year_2024","CP","AL","Mid",3,1,1,12,6,1,2,1,0,5
"152",152,"trapnest_107",2024-06-21,173,"year_2024","CP","AL","Mid",4,0,0,11,7,2,0,0,2,7
"153",153,"trapnest_107",2024-06-25,177,"year_2024","CP","AL","Mid",1,0,0,12,6,2,0,0,2,6
"154",154,"trapnest_107",2024-06-28,180,"year_2024","CP","AL","Mid",3,0,0,12,6,2,0,0,2,6
"155",155,"trapnest_107",2024-07-02,184,"year_2024","CP","AL","Mid",3,0,0,12,6,2,0,0,2,6
"156",156,"trapnest_107",2024-07-05,187,"year_2024","CP","AL","Mid",3,0,0,12,6,2,0,0,2,6
"157",157,"trapnest_107",2024-07-08,190,"year_2024","CP","AL","Mid",2,0,0,12,6,2,0,0,2,6
"158",158,"trapnest_107",2024-07-13,195,"year_2024","CP","AL","Mid",2,0,0,12,6,2,0,0,2,6
"159",159,"trapnest_107",2024-07-16,198,"year_2024","CP","AL","Mid",3,0,0,12,6,2,0,0,2,6
"160",160,"trapnest_107",2024-07-19,201,"year_2024","CP","AL","Mid",2,0,0,12,6,2,0,0,2,6
"161",161,"trapnest_107",2024-07-22,204,"year_2024","CP","AL","Mid",3,0,0,12,6,2,0,0,2,6
"162",162,"trapnest_107",2024-07-24,206,"year_2024","CP","AL","Mid",2,0,0,12,6,2,0,0,2,6
"163",163,"trapnest_107",2024-07-26,208,"year_2024","CP","AL","Mid",0,0,0,12,6,0,NA,0,0,6
"164",164,"trapnest_107",2024-07-29,211,"year_2024","CP","AL","Mid",3,0,0,12,6,0,NA,0,0,6
"165",165,"trapnest_107",2024-08-02,215,"year_2024","CP","AL","Mid",3,0,0,12,6,0,NA,0,0,6
"166",166,"trapnest_107",2024-08-06,219,"year_2024","CP","AL","Mid",3,0,0,12,6,0,NA,0,0,6
"167",167,"trapnest_107",2024-08-08,221,"year_2024","CP","AL","Mid",0,0,0,12,6,0,NA,0,0,6
"168",168,"trapnest_107",2024-08-12,225,"year_2024","CP","AL","Mid",3,0,0,12,6,0,NA,0,0,6
"169",169,"trapnest_108",2024-06-05,157,"year_2024","CP","AL","High",2,0,0,7,11,0,NA,0,0,11
"170",170,"trapnest_108",2024-06-11,163,"year_2024","CP","AL","High",1,0,0,7,11,0,NA,0,0,11
"171",171,"trapnest_108",2024-06-14,166,"year_2024","CP","AL","High",1,0,0,6,11,0,NA,0,0,11
"172",172,"trapnest_108",2024-06-17,169,"year_2024","CP","AL","High",3,0,0,6,11,0,NA,0,0,11
"173",173,"trapnest_108",2024-06-21,173,"year_2024","CP","AL","High",4,0,0,4,11,0,NA,0,0,11
"174",174,"trapnest_108",2024-06-25,177,"year_2024","CP","AL","High",1,0,0,5,11,0,NA,0,0,11
"175",175,"trapnest_108",2024-06-28,180,"year_2024","CP","AL","High",3,0,0,6,11,0,NA,0,0,11
"176",176,"trapnest_108",2024-07-02,184,"year_2024","CP","AL","High",3,0,0,6,11,0,NA,0,0,11
"177",177,"trapnest_108",2024-07-05,187,"year_2024","CP","AL","High",3,0,0,6,11,0,NA,0,0,11
"178",178,"trapnest_108",2024-07-08,190,"year_2024","CP","AL","High",2,0,0,6,11,0,NA,0,0,11
"179",179,"trapnest_108",2024-07-13,195,"year_2024","CP","AL","High",2,0,0,7,10,0,NA,0,0,10
"180",180,"trapnest_108",2024-07-16,198,"year_2024","CP","AL","High",3,0,0,6,10,0,NA,0,0,10
"181",181,"trapnest_108",2024-07-19,201,"year_2024","CP","AL","High",2,0,0,7,10,0,NA,0,0,10
"182",182,"trapnest_108",2024-07-22,204,"year_2024","CP","AL","High",3,0,0,6,10,0,NA,0,0,10
"183",183,"trapnest_108",2024-07-24,206,"year_2024","CP","AL","High",2,0,0,7,10,0,NA,0,0,10
"184",184,"trapnest_108",2024-07-26,208,"year_2024","CP","AL","High",0,0,0,7,10,0,NA,0,0,10
"185",185,"trapnest_108",2024-07-29,211,"year_2024","CP","AL","High",3,0,0,6,10,0,NA,0,0,10
"186",186,"trapnest_108",2024-08-02,215,"year_2024","CP","AL","High",3,0,0,7,10,0,NA,0,0,10
"187",187,"trapnest_108",2024-08-06,219,"year_2024","CP","AL","High",3,0,0,7,10,0,NA,0,0,10
"188",188,"trapnest_108",2024-08-08,221,"year_2024","CP","AL","High",0,0,0,7,10,0,NA,0,0,10
"189",189,"trapnest_108",2024-08-12,225,"year_2024","CP","AL","High",3,0,0,7,10,0,NA,0,0,10
"190",190,"trapnest_10",2023-05-11,131,"year_2023","BP","D","Low",3,0,0,18,0,0,NA,0,0,0
"191",191,"trapnest_10",2023-05-12,132,"year_2023","BP","D","Low",1,0,0,18,0,0,NA,0,0,0
"192",192,"trapnest_10",2023-05-15,135,"year_2023","BP","D","Low",3,0,0,18,0,0,NA,0,0,0
"193",193,"trapnest_10",2023-05-16,136,"year_2023","BP","D","Low",1,0,0,18,0,0,NA,0,0,0
"194",194,"trapnest_10",2023-05-17,137,"year_2023","BP","D","Low",1,0,0,18,0,0,NA,0,0,0
"195",195,"trapnest_10",2023-05-19,139,"year_2023","BP","D","Low",2,0,0,18,0,0,NA,0,0,0
"196",196,"trapnest_10",2023-05-21,141,"year_2023","BP","D","Low",1,0,0,18,0,0,NA,0,0,0
"197",197,"trapnest_10",2023-05-22,142,"year_2023","BP","D","Low",1,0,0,18,0,0,NA,0,0,0
"198",198,"trapnest_10",2023-05-23,143,"year_2023","BP","D","Low",1,0,0,18,0,0,NA,0,0,0
"199",199,"trapnest_10",2023-05-26,146,"year_2023","BP","D","Low",2,0,0,18,0,0,NA,0,0,0
"200",200,"trapnest_10",2023-05-28,148,"year_2023","BP","D","Low",2,0,0,18,0,0,NA,0,0,0
"201",201,"trapnest_10",2023-05-29,149,"year_2023","BP","D","Low",1,0,0,18,0,0,NA,0,0,0
"202",202,"trapnest_10",2023-05-31,151,"year_2023","BP","D","Low",2,0,0,18,0,0,NA,0,0,0
"203",203,"trapnest_10",2023-06-02,153,"year_2023","BP","D","Low",2,0,0,18,0,0,NA,0,0,0
"204",204,"trapnest_10",2023-06-05,156,"year_2023","BP","D","Low",1,0,0,18,0,0,NA,0,0,0
"205",205,"trapnest_10",2023-06-08,159,"year_2023","BP","D","Low",2,0,0,18,0,0,NA,0,0,0
"206",206,"trapnest_10",2023-06-10,161,"year_2023","BP","D","Low",0,0,0,18,0,0,NA,0,0,0
"207",207,"trapnest_10",2023-06-12,163,"year_2023","BP","D","Low",1,0,0,18,0,0,NA,0,0,0
"208",208,"trapnest_10",2023-06-14,165,"year_2023","BP","D","Low",0,0,0,18,0,0,NA,0,0,0
"209",209,"trapnest_10",2023-06-16,167,"year_2023","BP","D","Low",1,0,0,18,0,0,NA,0,0,0
"210",210,"trapnest_10",2023-06-20,171,"year_2023","BP","D","Low",3,0,0,18,0,0,NA,0,0,0
"211",211,"trapnest_10",2023-06-23,174,"year_2023","BP","D","Low",3,0,0,18,0,0,NA,0,0,0
"212",212,"trapnest_10",2023-06-29,180,"year_2023","BP","D","Low",1,0,0,18,0,0,NA,0,0,0
"213",213,"trapnest_11",2023-05-11,131,"year_2023","BP","D","Mid",3,0,0,12,0,0,NA,0,0,0
"214",214,"trapnest_11",2023-05-12,132,"year_2023","BP","D","Mid",1,0,0,12,0,0,NA,0,0,0
"215",215,"trapnest_11",2023-05-15,135,"year_2023","BP","D","Mid",3,0,0,12,0,0,NA,0,0,0
"216",216,"trapnest_11",2023-05-16,136,"year_2023","BP","D","Mid",1,0,0,12,0,0,NA,0,0,0
"217",217,"trapnest_11",2023-05-17,137,"year_2023","BP","D","Mid",1,0,0,12,0,0,NA,0,0,0
"218",218,"trapnest_11",2023-05-19,139,"year_2023","BP","D","Mid",2,0,0,12,0,0,NA,0,0,0
"219",219,"trapnest_11",2023-05-21,141,"year_2023","BP","D","Mid",1,0,0,12,0,0,NA,0,0,0
"220",220,"trapnest_11",2023-05-22,142,"year_2023","BP","D","Mid",1,0,0,12,0,0,NA,0,0,0
"221",221,"trapnest_11",2023-05-23,143,"year_2023","BP","D","Mid",1,0,0,12,0,0,NA,0,0,0
"222",222,"trapnest_11",2023-05-26,146,"year_2023","BP","D","Mid",2,0,0,12,0,0,NA,0,0,0
"223",223,"trapnest_11",2023-05-28,148,"year_2023","BP","D","Mid",2,0,0,12,0,0,NA,0,0,0
"224",224,"trapnest_11",2023-05-29,149,"year_2023","BP","D","Mid",1,0,0,12,0,0,NA,0,0,0
"225",225,"trapnest_11",2023-05-31,151,"year_2023","BP","D","Mid",2,0,0,12,0,0,NA,0,0,0
"226",226,"trapnest_11",2023-06-02,153,"year_2023","BP","D","Mid",2,0,0,12,0,0,NA,0,0,0
"227",227,"trapnest_11",2023-06-05,156,"year_2023","BP","D","Mid",1,0,0,12,0,0,NA,0,0,0
"228",228,"trapnest_11",2023-06-08,159,"year_2023","BP","D","Mid",2,0,0,12,0,0,NA,0,0,0
"229",229,"trapnest_11",2023-06-10,161,"year_2023","BP","D","Mid",0,0,0,12,0,0,NA,0,0,0
"230",230,"trapnest_11",2023-06-12,163,"year_2023","BP","D","Mid",1,0,0,12,0,0,NA,0,0,0
"231",231,"trapnest_11",2023-06-14,165,"year_2023","BP","D","Mid",0,0,0,12,0,0,NA,0,0,0
"232",232,"trapnest_11",2023-06-16,167,"year_2023","BP","D","Mid",1,0,0,12,0,0,NA,0,0,0
"233",233,"trapnest_11",2023-06-20,171,"year_2023","BP","D","Mid",3,0,0,12,0,0,NA,0,0,0
"234",234,"trapnest_11",2023-06-23,174,"year_2023","BP","D","Mid",3,0,0,12,0,0,NA,0,0,0
"235",235,"trapnest_11",2023-06-29,180,"year_2023","BP","D","Mid",1,0,1,10,0,0,NA,0,0,0
"236",236,"trapnest_12",2023-06-02,153,"year_2023","BP","D","High",2,0,2,8,0,0,NA,0,0,0
"237",237,"trapnest_12",2023-06-05,156,"year_2023","BP","D","High",1,0,0,7,0,0,NA,0,0,0
"238",238,"trapnest_12",2023-05-31,151,"year_2023","BP","D","High",2,0,0,7,0,0,NA,0,0,0
"239",239,"trapnest_12",2023-05-11,131,"year_2023","BP","D","High",3,0,0,7,0,0,NA,0,0,0
"240",240,"trapnest_12",2023-05-12,132,"year_2023","BP","D","High",1,0,0,7,0,0,NA,0,0,0
"241",241,"trapnest_12",2023-05-15,135,"year_2023","BP","D","High",3,0,1,7,0,0,NA,0,0,0
"242",242,"trapnest_12",2023-05-16,136,"year_2023","BP","D","High",1,0,0,6,0,0,NA,0,0,0
"243",243,"trapnest_12",2023-05-17,137,"year_2023","BP","D","High",1,0,0,6,0,0,NA,0,0,0
"244",244,"trapnest_12",2023-05-19,139,"year_2023","BP","D","High",2,0,0,6,0,0,NA,0,0,0
"245",245,"trapnest_12",2023-05-21,141,"year_2023","BP","D","High",1,0,0,7,0,0,NA,0,0,0
"246",246,"trapnest_12",2023-05-22,142,"year_2023","BP","D","High",1,0,0,7,0,0,NA,0,0,0
"247",247,"trapnest_12",2023-05-23,143,"year_2023","BP","D","High",1,0,0,7,0,0,NA,0,0,0
"248",248,"trapnest_12",2023-05-26,146,"year_2023","BP","D","High",2,0,0,7,0,0,NA,0,0,0
"249",249,"trapnest_12",2023-05-28,148,"year_2023","BP","D","High",2,0,0,7,0,0,NA,0,0,0
"250",250,"trapnest_12",2023-05-29,149,"year_2023","BP","D","High",1,0,2,7,0,0,NA,0,0,0
"251",251,"trapnest_12",2023-06-08,159,"year_2023","BP","D","High",2,0,1,7,0,0,NA,0,0,0
"252",252,"trapnest_12",2023-06-10,161,"year_2023","BP","D","High",0,0,0,7,0,0,NA,0,0,0
"253",253,"trapnest_12",2023-06-12,163,"year_2023","BP","D","High",1,0,0,7,0,0,NA,0,0,0
"254",254,"trapnest_12",2023-06-14,165,"year_2023","BP","D","High",0,0,1,7,0,0,NA,0,0,0
"255",255,"trapnest_12",2023-06-16,167,"year_2023","BP","D","High",1,0,0,6,0,0,NA,0,0,0
"256",256,"trapnest_12",2023-06-20,171,"year_2023","BP","D","High",3,0,2,7,0,0,NA,0,0,0
"257",257,"trapnest_12",2023-06-23,174,"year_2023","BP","D","High",3,0,0,6,0,0,NA,0,0,0
"258",258,"trapnest_12",2023-06-29,180,"year_2023","BP","D","High",1,0,1,6,0,0,NA,0,0,0
"259",259,"trapnest_13",2023-05-11,131,"year_2023","BP","E","Low",3,0,0,18,0,0,NA,0,0,0
"260",260,"trapnest_13",2023-05-12,132,"year_2023","BP","E","Low",1,0,0,18,0,0,NA,0,0,0
"261",261,"trapnest_13",2023-05-15,135,"year_2023","BP","E","Low",3,0,0,18,0,0,NA,0,0,0
"262",262,"trapnest_13",2023-05-16,136,"year_2023","BP","E","Low",1,0,0,18,0,0,NA,0,0,0
"263",263,"trapnest_13",2023-05-17,137,"year_2023","BP","E","Low",1,0,0,18,0,0,NA,0,0,0
"264",264,"trapnest_13",2023-05-19,139,"year_2023","BP","E","Low",2,0,0,18,0,0,NA,0,0,0
"265",265,"trapnest_13",2023-05-21,141,"year_2023","BP","E","Low",1,0,0,18,0,0,NA,0,0,0
"266",266,"trapnest_13",2023-05-22,142,"year_2023","BP","E","Low",1,0,0,18,0,0,NA,0,0,0
"267",267,"trapnest_13",2023-05-23,143,"year_2023","BP","E","Low",1,0,1,18,0,0,NA,0,0,0
"268",268,"trapnest_13",2023-05-26,146,"year_2023","BP","E","Low",2,0,0,17,0,0,NA,0,0,0
"269",269,"trapnest_13",2023-05-28,148,"year_2023","BP","E","Low",2,0,0,17,0,0,NA,0,0,0
"270",270,"trapnest_13",2023-05-29,149,"year_2023","BP","E","Low",1,0,3,17,0,0,NA,0,0,0
"271",271,"trapnest_13",2023-05-31,151,"year_2023","BP","E","Low",2,0,1,15,0,0,NA,0,0,0
"272",272,"trapnest_13",2023-06-02,153,"year_2023","BP","E","Low",2,0,2,15,0,0,NA,0,0,0
"273",273,"trapnest_13",2023-06-05,156,"year_2023","BP","E","Low",1,0,2,14,0,0,NA,0,0,0
"274",274,"trapnest_13",2023-06-09,160,"year_2023","BP","E","Low",0,0,0,17,0,0,NA,0,0,0
"275",275,"trapnest_13",2023-06-10,161,"year_2023","BP","E","Low",0,0,0,17,0,0,NA,0,0,0
"276",276,"trapnest_13",2023-06-12,163,"year_2023","BP","E","Low",1,0,0,17,0,0,NA,0,0,0
"277",277,"trapnest_13",2023-06-14,165,"year_2023","BP","E","Low",0,0,3,17,0,0,NA,0,0,0
"278",278,"trapnest_13",2023-06-16,167,"year_2023","BP","E","Low",1,0,1,17,0,0,NA,0,0,0
"279",279,"trapnest_13",2023-06-20,171,"year_2023","BP","E","Low",3,0,0,16,0,0,NA,0,0,0
"280",280,"trapnest_13",2023-06-23,174,"year_2023","BP","E","Low",3,2,2,17,0.5,0.5,2,0,0,0
"281",281,"trapnest_13",2023-06-29,180,"year_2023","BP","E","Low",1,1,1,14,2,2,3,0,0,0
"282",282,"trapnest_14",2023-05-11,131,"year_2023","BP","E","Mid",3,0,0,12,0,0,NA,0,0,0
"283",283,"trapnest_14",2023-05-12,132,"year_2023","BP","E","Mid",1,0,0,12,0,0,NA,0,0,0
"284",284,"trapnest_14",2023-05-15,135,"year_2023","BP","E","Mid",3,0,0,12,0,0,NA,0,0,0
"285",285,"trapnest_14",2023-05-16,136,"year_2023","BP","E","Mid",1,0,0,12,0,0,NA,0,0,0
"286",286,"trapnest_14",2023-05-17,137,"year_2023","BP","E","Mid",1,0,0,12,0,0,NA,0,0,0
"287",287,"trapnest_14",2023-05-19,139,"year_2023","BP","E","Mid",2,0,0,12,0,0,NA,0,0,0
"288",288,"trapnest_14",2023-05-21,141,"year_2023","BP","E","Mid",1,0,0,12,0,0,NA,0,0,0
"289",289,"trapnest_14",2023-05-22,142,"year_2023","BP","E","Mid",1,0,0,12,0,0,NA,0,0,0
"290",290,"trapnest_14",2023-05-23,143,"year_2023","BP","E","Mid",1,0,0,12,0,0,NA,0,0,0
"291",291,"trapnest_14",2023-05-26,146,"year_2023","BP","E","Mid",2,0,0,12,0,0,NA,0,0,0
"292",292,"trapnest_14",2023-05-28,148,"year_2023","BP","E","Mid",2,0,0,12,0,0,NA,0,0,0
"293",293,"trapnest_14",2023-05-29,149,"year_2023","BP","E","Mid",1,0,1,13,0,0,NA,0,0,0
"294",294,"trapnest_14",2023-05-31,151,"year_2023","BP","E","Mid",2,0,3,12,0,0,NA,0,0,0
"295",295,"trapnest_14",2023-06-02,153,"year_2023","BP","E","Mid",2,0,1,12,0,0,NA,0,0,0
"296",296,"trapnest_14",2023-06-05,156,"year_2023","BP","E","Mid",1,0,1,12,0,0,NA,0,0,0
"297",297,"trapnest_14",2023-06-09,160,"year_2023","BP","E","Mid",0,0,0,12,0,0,NA,0,0,0
"298",298,"trapnest_14",2023-06-10,161,"year_2023","BP","E","Mid",0,0,0,12,0,0,NA,0,0,0
"299",299,"trapnest_14",2023-06-12,163,"year_2023","BP","E","Mid",1,0,0,12,0,0,NA,0,0,0
"300",300,"trapnest_14",2023-06-14,165,"year_2023","BP","E","Mid",0,0,0,12,0,0,NA,0,0,0
"301",301,"trapnest_14",2023-06-16,167,"year_2023","BP","E","Mid",1,0,0,12,0,0,NA,0,0,0
"302",302,"trapnest_14",2023-06-20,171,"year_2023","BP","E","Mid",3,0,0,12,0,0,NA,0,0,0
"303",303,"trapnest_14",2023-06-23,174,"year_2023","BP","E","Mid",3,0,0,12,0,0,NA,0,0,0
"304",304,"trapnest_14",2023-06-29,180,"year_2023","BP","E","Mid",1,0,0,12,0,0,NA,0,0,0
"305",305,"trapnest_15",2023-05-23,143,"year_2023","BP","E","High",1,0,0,7,0,0,NA,0,0,0
"306",306,"trapnest_15",2023-05-26,146,"year_2023","BP","E","High",2,0,0,7,0,0,NA,0,0,0
"307",307,"trapnest_15",2023-05-28,148,"year_2023","BP","E","High",2,0,0,7,0,0,NA,0,0,0
"308",308,"trapnest_15",2023-05-29,149,"year_2023","BP","E","High",1,0,0,7,0,0,NA,0,0,0
"309",309,"trapnest_15",2023-05-31,151,"year_2023","BP","E","High",2,0,0,7,0,0,NA,0,0,0
"310",310,"trapnest_15",2023-06-02,153,"year_2023","BP","E","High",2,0,0,7,0,0,NA,0,0,0
"311",311,"trapnest_15",2023-06-05,156,"year_2023","BP","E","High",1,0,0,7,0,0,NA,0,0,0
"312",312,"trapnest_15",2023-06-09,160,"year_2023","BP","E","High",0,0,0,7,0,0,NA,0,0,0
"313",313,"trapnest_15",2023-06-10,161,"year_2023","BP","E","High",0,0,0,7,0,0,NA,0,0,0
"314",314,"trapnest_15",2023-06-12,163,"year_2023","BP","E","High",1,0,0,7,0,0,NA,0,0,0
"315",315,"trapnest_15",2023-06-14,165,"year_2023","BP","E","High",0,0,0,7,0,0,NA,0,0,0
"316",316,"trapnest_15",2023-06-16,167,"year_2023","BP","E","High",1,0,0,7,0,0,NA,0,0,0
"317",317,"trapnest_15",2023-06-20,171,"year_2023","BP","E","High",3,0,0,7,0,0,NA,0,0,0
"318",318,"trapnest_15",2023-06-23,174,"year_2023","BP","E","High",3,1,1,8,0,0,1,0,0,0
"319",319,"trapnest_15",2023-06-29,180,"year_2023","BP","E","High",1,0,0,6,1,1,1,0,0,0
"320",320,"trapnest_15",2023-05-11,131,"year_2023","BP","E","High",3,0,0,7,0,0,NA,0,0,0
"321",321,"trapnest_15",2023-05-12,132,"year_2023","BP","E","High",1,0,0,7,0,0,NA,0,0,0
"322",322,"trapnest_15",2023-05-15,135,"year_2023","BP","E","High",3,0,1,7,0,0,NA,0,0,0
"323",323,"trapnest_15",2023-05-16,136,"year_2023","BP","E","High",1,0,0,6,0,0,NA,0,0,0
"324",324,"trapnest_15",2023-05-17,137,"year_2023","BP","E","High",1,0,1,6,0,0,NA,0,0,0
"325",325,"trapnest_15",2023-05-19,139,"year_2023","BP","E","High",2,0,0,6,0,0,NA,0,0,0
"326",326,"trapnest_15",2023-05-21,141,"year_2023","BP","E","High",1,0,0,7,0,0,NA,0,0,0
"327",327,"trapnest_15",2023-05-22,142,"year_2023","BP","E","High",1,0,2,7,0,0,NA,0,0,0
"328",328,"trapnest_16",2023-05-11,131,"year_2023","BP","F","Low",3,0,1,18,0,0,NA,0,0,0
"329",329,"trapnest_16",2023-05-12,132,"year_2023","BP","F","Low",1,0,1,17,0,0,NA,0,0,0
"330",330,"trapnest_16",2023-05-15,135,"year_2023","BP","F","Low",3,0,1,17,0,0,NA,0,0,0
"331",331,"trapnest_16",2023-05-16,136,"year_2023","BP","F","Low",1,0,0,16,0,0,NA,0,0,0
"332",332,"trapnest_16",2023-05-17,137,"year_2023","BP","F","Low",1,0,0,16,0,0,NA,0,0,0
"333",333,"trapnest_16",2023-05-19,139,"year_2023","BP","F","Low",2,0,0,16,0,0,NA,0,0,0
"334",334,"trapnest_16",2023-05-21,141,"year_2023","BP","F","Low",1,0,0,16,0,0,NA,0,0,0
"335",335,"trapnest_16",2023-05-22,142,"year_2023","BP","F","Low",1,0,0,16,0,0,NA,0,0,0
"336",336,"trapnest_16",2023-05-23,143,"year_2023","BP","F","Low",1,0,1,17,0,0,NA,0,0,0
"337",337,"trapnest_16",2023-05-26,146,"year_2023","BP","F","Low",2,0,1,16,0,0,NA,0,0,0
"338",338,"trapnest_16",2023-05-28,148,"year_2023","BP","F","Low",2,0,0,16,0,0,NA,0,0,0
"339",339,"trapnest_16",2023-05-29,149,"year_2023","BP","F","Low",1,0,4,16,0,0,NA,0,0,0
"340",340,"trapnest_16",2023-05-31,151,"year_2023","BP","F","Low",2,0,2,14,0,0,NA,0,0,0
"341",341,"trapnest_16",2023-06-02,153,"year_2023","BP","F","Low",2,0,1,15,0,0,NA,0,0,0
"342",342,"trapnest_16",2023-06-05,156,"year_2023","BP","F","Low",1,0,0,16,0,0,NA,0,0,0
"343",343,"trapnest_16",2023-06-09,160,"year_2023","BP","F","Low",0,0,0,18,0,0,NA,0,0,0
"344",344,"trapnest_16",2023-06-10,161,"year_2023","BP","F","Low",0,0,0,18,0,0,NA,0,0,0
"345",345,"trapnest_16",2023-06-12,163,"year_2023","BP","F","Low",1,0,0,18,0,0,NA,0,0,0
"346",346,"trapnest_16",2023-06-14,165,"year_2023","BP","F","Low",0,0,0,18,0,0,NA,0,0,0
"347",347,"trapnest_16",2023-06-16,167,"year_2023","BP","F","Low",1,0,0,18,0,0,NA,0,0,0
"348",348,"trapnest_16",2023-06-20,171,"year_2023","BP","F","Low",3,0,0,18,0,0,NA,0,0,0
"349",349,"trapnest_16",2023-06-23,174,"year_2023","BP","F","Low",3,0,0,18,0,0,NA,0,0,0
"350",350,"trapnest_16",2023-06-29,180,"year_2023","BP","F","Low",1,0,0,17,0,0,NA,0,0,0
"351",351,"trapnest_17",2023-06-05,156,"year_2023","BP","F","Mid",1,0,2,12,0,0,NA,0,0,0
"352",352,"trapnest_17",2023-06-09,160,"year_2023","BP","F","Mid",0,0,0,11,0,0,NA,0,0,0
"353",353,"trapnest_17",2023-06-10,161,"year_2023","BP","F","Mid",0,0,0,11,0,0,NA,0,0,0
"354",354,"trapnest_17",2023-06-12,163,"year_2023","BP","F","Mid",1,0,0,11,0,0,NA,0,0,0
"355",355,"trapnest_17",2023-06-14,165,"year_2023","BP","F","Mid",0,1,1,11,0,0,1,0,0,0
"356",356,"trapnest_17",2023-06-16,167,"year_2023","BP","F","Mid",1,0,0,10,1,1,1,0,0,0
"357",357,"trapnest_17",2023-06-20,171,"year_2023","BP","F","Mid",3,1,1,11,1,1,2,0,0,0
"358",358,"trapnest_17",2023-06-23,174,"year_2023","BP","F","Mid",3,2,3,10,2.5,2.5,4,0,0,0
"359",359,"trapnest_17",2023-06-29,180,"year_2023","BP","F","Mid",1,0,0,9,4,4,4,0,0,0
"360",360,"trapnest_17",2023-05-31,151,"year_2023","BP","F","Mid",2,0,0,12,0,0,NA,0,0,0
"361",361,"trapnest_17",2023-06-02,153,"year_2023","BP","F","Mid",2,0,3,12,0,0,NA,0,0,0
"362",362,"trapnest_17",2023-05-11,131,"year_2023","BP","F","Mid",3,0,0,12,0,0,NA,0,0,0
"363",363,"trapnest_17",2023-05-12,132,"year_2023","BP","F","Mid",1,0,0,12,0,0,NA,0,0,0
"364",364,"trapnest_17",2023-05-15,135,"year_2023","BP","F","Mid",3,0,0,12,0,0,NA,0,0,0
"365",365,"trapnest_17",2023-05-16,136,"year_2023","BP","F","Mid",1,0,0,12,0,0,NA,0,0,0
"366",366,"trapnest_17",2023-05-17,137,"year_2023","BP","F","Mid",1,0,0,12,0,0,NA,0,0,0
"367",367,"trapnest_17",2023-05-19,139,"year_2023","BP","F","Mid",2,0,0,12,0,0,NA,0,0,0
"368",368,"trapnest_17",2023-05-21,141,"year_2023","BP","F","Mid",1,0,0,12,0,0,NA,0,0,0
"369",369,"trapnest_17",2023-05-22,142,"year_2023","BP","F","Mid",1,0,0,12,0,0,NA,0,0,0
"370",370,"trapnest_17",2023-05-23,143,"year_2023","BP","F","Mid",1,0,0,12,0,0,NA,0,0,0
"371",371,"trapnest_17",2023-05-26,146,"year_2023","BP","F","Mid",2,0,1,12,0,0,NA,0,0,0
"372",372,"trapnest_17",2023-05-28,148,"year_2023","BP","F","Mid",2,0,0,11,0,0,NA,0,0,0
"373",373,"trapnest_17",2023-05-29,149,"year_2023","BP","F","Mid",1,0,2,11,0,0,NA,0,0,0
"374",374,"trapnest_18",2023-05-11,131,"year_2023","BP","F","High",3,0,0,7,0,0,NA,0,0,0
"375",375,"trapnest_18",2023-05-12,132,"year_2023","BP","F","High",1,0,0,7,0,0,NA,0,0,0
"376",376,"trapnest_18",2023-05-15,135,"year_2023","BP","F","High",3,0,0,7,0,0,NA,0,0,0
"377",377,"trapnest_18",2023-05-16,136,"year_2023","BP","F","High",1,0,0,7,0,0,NA,0,0,0
"378",378,"trapnest_18",2023-05-17,137,"year_2023","BP","F","High",1,0,0,7,0,0,NA,0,0,0
"379",379,"trapnest_18",2023-05-19,139,"year_2023","BP","F","High",2,0,0,7,0,0,NA,0,0,0
"380",380,"trapnest_18",2023-05-21,141,"year_2023","BP","F","High",1,0,0,7,0,0,NA,0,0,0
"381",381,"trapnest_18",2023-05-22,142,"year_2023","BP","F","High",1,0,0,7,0,0,NA,0,0,0
"382",382,"trapnest_18",2023-05-23,143,"year_2023","BP","F","High",1,0,0,7,0,0,NA,0,0,0
"383",383,"trapnest_18",2023-05-26,146,"year_2023","BP","F","High",2,0,0,7,0,0,NA,0,0,0
"384",384,"trapnest_18",2023-05-28,148,"year_2023","BP","F","High",2,0,0,7,0,0,NA,0,0,0
"385",385,"trapnest_18",2023-05-29,149,"year_2023","BP","F","High",1,0,4,7,0,0,NA,0,0,0
"386",386,"trapnest_18",2023-05-31,151,"year_2023","BP","F","High",2,0,1,4,0,0,NA,0,0,0
"387",387,"trapnest_18",2023-06-02,153,"year_2023","BP","F","High",2,0,0,3,0,0,NA,0,0,0
"388",388,"trapnest_18",2023-06-05,156,"year_2023","BP","F","High",1,0,1,5,0,0,NA,0,0,0
"389",389,"trapnest_18",2023-06-09,160,"year_2023","BP","F","High",0,0,0,5,0,0,NA,0,0,0
"390",390,"trapnest_18",2023-06-10,161,"year_2023","BP","F","High",0,0,0,5,0,0,NA,0,0,0
"391",391,"trapnest_18",2023-06-12,163,"year_2023","BP","F","High",1,0,0,5,0,0,NA,0,0,0
"392",392,"trapnest_18",2023-06-14,165,"year_2023","BP","F","High",0,0,0,5,0,0,NA,0,0,0
"393",393,"trapnest_18",2023-06-16,167,"year_2023","BP","F","High",1,0,0,5,0,0,NA,0,0,0
"394",394,"trapnest_18",2023-06-20,171,"year_2023","BP","F","High",3,0,0,5,0,0,NA,0,0,0
"395",395,"trapnest_18",2023-06-23,174,"year_2023","BP","F","High",3,0,0,4,0,0,NA,0,0,0
"396",396,"trapnest_18",2023-06-29,180,"year_2023","BP","F","High",1,0,0,2,0,0,NA,0,0,0
"397",426,"trapnest_1",2023-05-11,131,"year_2023","BP","A","Low",3,0,0,18,0,0,NA,0,0,0
"398",427,"trapnest_1",2023-05-12,132,"year_2023","BP","A","Low",1,0,0,18,0,0,NA,0,0,0
"399",428,"trapnest_1",2023-05-15,135,"year_2023","BP","A","Low",3,0,0,18,0,0,NA,0,0,0
"400",429,"trapnest_1",2023-05-16,136,"year_2023","BP","A","Low",1,0,0,18,0,0,NA,0,0,0
"401",430,"trapnest_1",2023-05-17,137,"year_2023","BP","A","Low",1,0,0,18,0,0,NA,0,0,0
"402",431,"trapnest_1",2023-05-19,139,"year_2023","BP","A","Low",2,0,0,18,0,0,NA,0,0,0
"403",432,"trapnest_1",2023-05-21,141,"year_2023","BP","A","Low",1,0,0,18,0,0,NA,0,0,0
"404",433,"trapnest_1",2023-05-22,142,"year_2023","BP","A","Low",1,0,0,18,0,0,NA,0,0,0
"405",434,"trapnest_1",2023-05-23,143,"year_2023","BP","A","Low",1,0,0,18,0,0,NA,0,0,0
"406",435,"trapnest_1",2023-05-26,146,"year_2023","BP","A","Low",2,0,0,18,0,0,NA,0,0,0
"407",436,"trapnest_1",2023-05-28,148,"year_2023","BP","A","Low",2,0,0,18,0,0,NA,0,0,0
"408",437,"trapnest_1",2023-05-29,149,"year_2023","BP","A","Low",1,0,1,18,0,0,NA,0,0,0
"409",438,"trapnest_1",2023-05-31,151,"year_2023","BP","A","Low",2,0,0,17,0,0,NA,0,0,0
"410",439,"trapnest_1",2023-06-02,153,"year_2023","BP","A","Low",2,0,0,17,0,0,NA,0,0,0
"411",440,"trapnest_1",2023-06-05,156,"year_2023","BP","A","Low",1,0,1,18,0,0,NA,0,0,0
"412",441,"trapnest_1",2023-06-08,159,"year_2023","BP","A","Low",2,0,0,17,0,0,NA,0,0,0
"413",442,"trapnest_1",2023-06-10,161,"year_2023","BP","A","Low",0,0,0,17,0,0,NA,0,0,0
"414",443,"trapnest_1",2023-06-12,163,"year_2023","BP","A","Low",1,0,0,17,0,0,NA,0,0,0
"415",444,"trapnest_1",2023-06-14,165,"year_2023","BP","A","Low",0,0,0,17,0,0,NA,0,0,0
"416",445,"trapnest_1",2023-06-16,167,"year_2023","BP","A","Low",1,0,0,18,0,0,NA,0,0,0
"417",446,"trapnest_1",2023-06-20,171,"year_2023","BP","A","Low",3,0,0,18,0,0,NA,0,0,0
"418",447,"trapnest_1",2023-06-23,174,"year_2023","BP","A","Low",3,0,0,18,0,0,NA,0,0,0
"419",448,"trapnest_1",2023-06-29,180,"year_2023","BP","A","Low",1,0,0,18,0,0,NA,0,0,0
"420",739,"trapnest_2",2023-05-11,131,"year_2023","BP","A","Mid",3,0,2,12,0,0,NA,0,0,0
"421",740,"trapnest_2",2023-05-12,132,"year_2023","BP","A","Mid",1,0,0,10,0,0,NA,0,0,0
"422",741,"trapnest_2",2023-05-15,135,"year_2023","BP","A","Mid",3,0,0,11,0,0,NA,0,0,0
"423",742,"trapnest_2",2023-05-16,136,"year_2023","BP","A","Mid",1,0,0,12,0,0,NA,0,0,0
"424",743,"trapnest_2",2023-05-17,137,"year_2023","BP","A","Mid",1,0,0,12,0,0,NA,0,0,0
"425",744,"trapnest_2",2023-05-19,139,"year_2023","BP","A","Mid",2,0,0,12,0,0,NA,0,0,0
"426",745,"trapnest_2",2023-05-21,141,"year_2023","BP","A","Mid",1,0,0,12,0,0,NA,0,0,0
"427",746,"trapnest_2",2023-05-22,142,"year_2023","BP","A","Mid",1,0,0,12,0,0,NA,0,0,0
"428",747,"trapnest_2",2023-05-23,143,"year_2023","BP","A","Mid",1,0,0,12,0,0,NA,0,0,0
"429",748,"trapnest_2",2023-05-26,146,"year_2023","BP","A","Mid",2,0,0,12,0,0,NA,0,0,0
"430",749,"trapnest_2",2023-05-28,148,"year_2023","BP","A","Mid",2,0,0,12,0,0,NA,0,0,0
"431",750,"trapnest_2",2023-05-29,149,"year_2023","BP","A","Mid",1,0,2,12,0,0,NA,0,0,0
"432",751,"trapnest_2",2023-05-31,151,"year_2023","BP","A","Mid",2,0,3,12,0,0,NA,0,0,0
"433",752,"trapnest_2",2023-06-02,153,"year_2023","BP","A","Mid",2,0,2,11,0,0,NA,0,0,0
"434",753,"trapnest_2",2023-06-05,156,"year_2023","BP","A","Mid",1,0,0,12,0,0,NA,0,0,0
"435",754,"trapnest_2",2023-06-08,159,"year_2023","BP","A","Mid",2,0,0,10,0,0,NA,0,0,0
"436",755,"trapnest_2",2023-06-10,161,"year_2023","BP","A","Mid",0,0,0,10,0,0,NA,0,0,0
"437",756,"trapnest_2",2023-06-12,163,"year_2023","BP","A","Mid",1,0,0,10,0,0,NA,0,0,0
"438",757,"trapnest_2",2023-06-14,165,"year_2023","BP","A","Mid",0,0,1,10,0,0,NA,0,0,0
"439",758,"trapnest_2",2023-06-16,167,"year_2023","BP","A","Mid",1,0,0,9,0,0,NA,0,0,0
"440",759,"trapnest_2",2023-06-20,171,"year_2023","BP","A","Mid",3,0,0,12,0,0,NA,0,0,0
"441",760,"trapnest_2",2023-06-23,174,"year_2023","BP","A","Mid",3,0,0,12,0,0,NA,0,0,0
"442",761,"trapnest_2",2023-06-29,180,"year_2023","BP","A","Mid",1,0,0,7,0,0,NA,0,0,0
"443",965,"trapnest_37",2023-07-03,184,"year_2023","BP","M","Low",1,0,0,18,0,0,NA,0,0,0
"444",966,"trapnest_37",2023-07-04,185,"year_2023","BP","M","Low",1,0,0,18,0,0,NA,0,0,0
"445",967,"trapnest_37",2023-07-07,188,"year_2023","BP","M","Low",3,0,0,18,0,0,NA,0,0,0
"446",968,"trapnest_37",2023-07-10,191,"year_2023","BP","M","Low",1,0,0,17,0,0,NA,0,0,0
"447",969,"trapnest_37",2023-07-12,193,"year_2023","BP","M","Low",1,0,0,18,0,0,NA,0,0,0
"448",970,"trapnest_37",2023-07-14,195,"year_2023","BP","M","Low",1,0,0,18,0,0,NA,0,0,0
"449",971,"trapnest_37",2023-07-17,198,"year_2023","BP","M","Low",2,0,0,18,0,0,NA,0,0,0
"450",972,"trapnest_37",2023-07-20,201,"year_2023","BP","M","Low",2,0,0,18,0,0,NA,0,0,0
"451",973,"trapnest_37",2023-07-24,205,"year_2023","BP","M","Low",2,0,0,18,0,0,NA,0,0,0
"452",974,"trapnest_37",2023-07-26,207,"year_2023","BP","M","Low",1,0,0,17,0,0,NA,0,0,0
"453",975,"trapnest_37",2023-07-28,209,"year_2023","BP","M","Low",0,0,0,17,0,0,NA,0,0,0
"454",976,"trapnest_37",2023-07-29,210,"year_2023","BP","M","Low",0,0,0,17,0,0,NA,0,0,0
"455",977,"trapnest_37",2023-08-01,213,"year_2023","BP","M","Low",2,0,0,15,0,0,NA,0,0,0
"456",978,"trapnest_37",2023-08-04,216,"year_2023","BP","M","Low",2,0,0,17,0,0,NA,0,0,0
"457",979,"trapnest_37",2023-08-09,221,"year_2023","BP","M","Low",4,0,0,17,0,0,NA,0,0,0
"458",980,"trapnest_38",2023-07-03,184,"year_2023","BP","M","Mid",1,0,0,12,6,0,NA,0,0,6
"459",981,"trapnest_38",2023-07-04,185,"year_2023","BP","M","Mid",1,0,0,11,6,0,NA,0,0,6
"460",982,"trapnest_38",2023-07-07,188,"year_2023","BP","M","Mid",3,0,0,11,6,0,NA,0,0,6
"461",983,"trapnest_38",2023-07-10,191,"year_2023","BP","M","Mid",1,0,0,12,6,0,NA,0,0,6
"462",984,"trapnest_38",2023-07-12,193,"year_2023","BP","M","Mid",1,0,0,12,6,0,NA,0,0,6
"463",985,"trapnest_38",2023-07-14,195,"year_2023","BP","M","Mid",1,0,0,12,6,0,NA,0,0,6
"464",986,"trapnest_38",2023-07-17,198,"year_2023","BP","M","Mid",2,0,0,12,6,0,NA,0,0,6
"465",987,"trapnest_38",2023-07-20,201,"year_2023","BP","M","Mid",2,0,0,12,6,0,NA,0,0,6
"466",988,"trapnest_38",2023-07-24,205,"year_2023","BP","M","Mid",2,0,0,12,6,0,NA,0,0,6
"467",989,"trapnest_38",2023-07-26,207,"year_2023","BP","M","Mid",1,0,0,12,6,0,NA,0,0,6
"468",990,"trapnest_38",2023-07-28,209,"year_2023","BP","M","Mid",0,0,0,12,6,0,NA,0,0,6
"469",991,"trapnest_38",2023-07-29,210,"year_2023","BP","M","Mid",0,0,0,12,6,0,NA,0,0,6
"470",992,"trapnest_38",2023-08-01,213,"year_2023","BP","M","Mid",2,0,0,12,6,0,NA,0,0,6
"471",993,"trapnest_38",2023-08-04,216,"year_2023","BP","M","Mid",2,0,0,12,6,0,NA,0,0,6
"472",994,"trapnest_38",2023-08-09,221,"year_2023","BP","M","Mid",4,0,0,12,6,0,NA,0,0,6
"473",995,"trapnest_39",2023-07-03,184,"year_2023","BP","M","High",1,0,0,7,11,0,NA,0,0,11
"474",996,"trapnest_39",2023-07-04,185,"year_2023","BP","M","High",1,0,0,6,11,0,NA,0,0,11
"475",997,"trapnest_39",2023-07-07,188,"year_2023","BP","M","High",3,0,0,6,11,0,NA,0,0,11
"476",998,"trapnest_39",2023-07-10,191,"year_2023","BP","M","High",1,0,0,6,11,0,NA,0,0,11
"477",999,"trapnest_39",2023-07-12,193,"year_2023","BP","M","High",1,0,0,6,11,0,NA,0,0,11
"478",1000,"trapnest_39",2023-07-14,195,"year_2023","BP","M","High",1,0,0,6,11,0,NA,0,0,11
"479",1001,"trapnest_39",2023-07-17,198,"year_2023","BP","M","High",2,0,0,6,11,0,NA,0,0,11
"480",1002,"trapnest_39",2023-07-20,201,"year_2023","BP","M","High",2,0,0,7,11,0,NA,0,0,11
"481",1003,"trapnest_39",2023-07-24,205,"year_2023","BP","M","High",2,0,0,7,11,0,NA,0,0,11
"482",1004,"trapnest_39",2023-07-26,207,"year_2023","BP","M","High",1,0,0,7,11,0,NA,0,0,11
"483",1005,"trapnest_39",2023-07-28,209,"year_2023","BP","M","High",0,0,0,7,11,0,NA,0,0,11
"484",1006,"trapnest_39",2023-07-29,210,"year_2023","BP","M","High",0,0,0,7,11,0,NA,0,0,11
"485",1007,"trapnest_39",2023-08-01,213,"year_2023","BP","M","High",2,0,0,7,11,0,NA,0,0,11
"486",1008,"trapnest_39",2023-08-04,216,"year_2023","BP","M","High",2,0,0,7,11,0,NA,0,0,11
"487",1009,"trapnest_39",2023-08-09,221,"year_2023","BP","M","High",4,0,0,7,11,0,NA,0,0,11
"488",1010,"trapnest_3",2023-05-28,148,"year_2023","BP","A","High",2,0,0,7,0,0,NA,0,0,0
"489",1011,"trapnest_3",2023-05-11,131,"year_2023","BP","A","High",3,0,0,7,0,0,NA,0,0,0
"490",1012,"trapnest_3",2023-05-12,132,"year_2023","BP","A","High",1,0,0,7,0,0,NA,0,0,0
"491",1013,"trapnest_3",2023-05-15,135,"year_2023","BP","A","High",3,0,0,7,0,0,NA,0,0,0
"492",1014,"trapnest_3",2023-05-16,136,"year_2023","BP","A","High",1,0,0,7,0,0,NA,0,0,0
"493",1015,"trapnest_3",2023-05-17,137,"year_2023","BP","A","High",1,0,0,7,0,0,NA,0,0,0
"494",1016,"trapnest_3",2023-05-19,139,"year_2023","BP","A","High",2,0,0,7,0,0,NA,0,0,0
"495",1017,"trapnest_3",2023-05-21,141,"year_2023","BP","A","High",1,0,0,7,0,0,NA,0,0,0
"496",1018,"trapnest_3",2023-05-22,142,"year_2023","BP","A","High",1,0,0,7,0,0,NA,0,0,0
"497",1019,"trapnest_3",2023-05-23,143,"year_2023","BP","A","High",1,0,1,7,0,0,NA,0,0,0
"498",1020,"trapnest_3",2023-06-08,159,"year_2023","BP","A","High",2,0,0,7,0,0,NA,0,0,0
"499",1021,"trapnest_3",2023-06-10,161,"year_2023","BP","A","High",0,0,0,7,0,0,NA,0,0,0
"500",1022,"trapnest_3",2023-06-12,163,"year_2023","BP","A","High",1,0,0,7,0,0,NA,0,0,0
"501",1023,"trapnest_3",2023-06-14,165,"year_2023","BP","A","High",0,0,0,7,0,0,NA,0,0,0
"502",1024,"trapnest_3",2023-06-16,167,"year_2023","BP","A","High",1,0,1,7,0,0,NA,0,0,0
"503",1025,"trapnest_3",2023-06-20,171,"year_2023","BP","A","High",3,0,0,7,0,0,NA,0,0,0
"504",1026,"trapnest_3",2023-05-26,146,"year_2023","BP","A","High",2,0,1,7,0,0,NA,0,0,0
"505",1027,"trapnest_3",2023-05-29,149,"year_2023","BP","A","High",1,0,1,7,0,0,NA,0,0,0
"506",1028,"trapnest_3",2023-05-31,151,"year_2023","BP","A","High",2,0,1,6,0,0,NA,0,0,0
"507",1029,"trapnest_3",2023-06-02,153,"year_2023","BP","A","High",2,0,3,8,0,0,NA,0,0,0
"508",1030,"trapnest_3",2023-06-05,156,"year_2023","BP","A","High",1,0,0,5,0,0,NA,0,0,0
"509",1031,"trapnest_3",2023-06-23,174,"year_2023","BP","A","High",3,0,0,6,0,0,NA,0,0,0
"510",1032,"trapnest_3",2023-06-29,180,"year_2023","BP","A","High",1,0,0,5,0,0,NA,0,0,0
"511",1033,"trapnest_40",2023-07-03,184,"year_2023","BP","N","Low",1,0,0,18,0,0,NA,0,0,0
"512",1034,"trapnest_40",2023-07-04,185,"year_2023","BP","N","Low",1,0,0,18,0,0,NA,0,0,0
"513",1035,"trapnest_40",2023-07-07,188,"year_2023","BP","N","Low",3,0,0,18,0,0,NA,0,0,0
"514",1036,"trapnest_40",2023-07-10,191,"year_2023","BP","N","Low",1,0,0,18,0,0,NA,0,0,0
"515",1037,"trapnest_40",2023-07-12,193,"year_2023","BP","N","Low",1,0,0,18,0,0,NA,0,0,0
"516",1038,"trapnest_40",2023-07-14,195,"year_2023","BP","N","Low",1,0,0,18,0,0,NA,0,0,0
"517",1039,"trapnest_40",2023-07-17,198,"year_2023","BP","N","Low",2,0,0,18,0,0,NA,0,0,0
"518",1040,"trapnest_40",2023-07-20,201,"year_2023","BP","N","Low",2,0,0,18,0,0,NA,0,0,0
"519",1041,"trapnest_40",2023-07-24,205,"year_2023","BP","N","Low",2,0,0,18,0,0,NA,0,0,0
"520",1042,"trapnest_40",2023-07-26,207,"year_2023","BP","N","Low",1,0,0,18,0,0,NA,0,0,0
"521",1043,"trapnest_40",2023-07-28,209,"year_2023","BP","N","Low",0,0,0,18,0,0,NA,0,0,0
"522",1044,"trapnest_40",2023-07-29,210,"year_2023","BP","N","Low",0,0,0,18,0,0,NA,0,0,0
"523",1045,"trapnest_40",2023-08-01,213,"year_2023","BP","N","Low",2,0,0,18,0,0,NA,0,0,0
"524",1046,"trapnest_40",2023-08-04,216,"year_2023","BP","N","Low",2,0,0,18,0,0,NA,0,0,0
"525",1047,"trapnest_40",2023-08-09,221,"year_2023","BP","N","Low",4,0,0,18,0,0,NA,0,0,0
"526",1048,"trapnest_41",2023-07-03,184,"year_2023","BP","N","Mid",1,0,0,12,6,0,NA,0,0,6
"527",1049,"trapnest_41",2023-07-04,185,"year_2023","BP","N","Mid",1,0,0,10,6,0,NA,0,0,6
"528",1050,"trapnest_41",2023-07-07,188,"year_2023","BP","N","Mid",3,0,0,11,6,0,NA,0,0,6
"529",1051,"trapnest_41",2023-07-10,191,"year_2023","BP","N","Mid",1,0,0,11,6,0,NA,0,0,6
"530",1052,"trapnest_41",2023-07-12,193,"year_2023","BP","N","Mid",1,0,0,12,6,0,NA,0,0,6
"531",1053,"trapnest_41",2023-07-14,195,"year_2023","BP","N","Mid",1,0,0,12,6,0,NA,0,0,6
"532",1054,"trapnest_41",2023-07-17,198,"year_2023","BP","N","Mid",2,0,0,12,6,0,NA,0,0,6
"533",1055,"trapnest_41",2023-07-20,201,"year_2023","BP","N","Mid",2,0,0,12,6,0,NA,0,0,6
"534",1056,"trapnest_41",2023-07-24,205,"year_2023","BP","N","Mid",2,0,0,12,6,0,NA,0,0,6
"535",1057,"trapnest_41",2023-07-26,207,"year_2023","BP","N","Mid",1,0,0,12,6,0,NA,0,0,6
"536",1058,"trapnest_41",2023-07-28,209,"year_2023","BP","N","Mid",0,0,0,12,6,0,NA,0,0,6
"537",1059,"trapnest_41",2023-07-29,210,"year_2023","BP","N","Mid",0,0,0,12,6,0,NA,0,0,6
"538",1060,"trapnest_41",2023-08-01,213,"year_2023","BP","N","Mid",2,0,0,12,6,0,NA,0,0,6
"539",1061,"trapnest_41",2023-08-04,216,"year_2023","BP","N","Mid",2,0,0,12,6,0,NA,0,0,6
"540",1062,"trapnest_41",2023-08-09,221,"year_2023","BP","N","Mid",4,0,0,12,6,0,NA,0,0,6
"541",1063,"trapnest_42",2023-07-03,184,"year_2023","BP","N","High",1,0,0,7,11,0,NA,0,0,11
"542",1064,"trapnest_42",2023-07-04,185,"year_2023","BP","N","High",1,0,0,5,11,0,NA,0,0,11
"543",1065,"trapnest_42",2023-07-07,188,"year_2023","BP","N","High",3,0,0,7,11,0,NA,0,0,11
"544",1066,"trapnest_42",2023-07-10,191,"year_2023","BP","N","High",1,0,0,7,11,0,NA,0,0,11
"545",1067,"trapnest_42",2023-07-12,193,"year_2023","BP","N","High",1,0,0,7,11,0,NA,0,0,11
"546",1068,"trapnest_42",2023-07-14,195,"year_2023","BP","N","High",1,0,0,7,11,0,NA,0,0,11
"547",1069,"trapnest_42",2023-07-17,198,"year_2023","BP","N","High",2,0,0,7,11,0,NA,0,0,11
"548",1070,"trapnest_42",2023-07-20,201,"year_2023","BP","N","High",2,1,1,7,11,0,1,0,0,11
"549",1071,"trapnest_42",2023-07-24,205,"year_2023","BP","N","High",2,2,2,7,11.5,1.5,3,0,0,10
"550",1072,"trapnest_42",2023-07-26,207,"year_2023","BP","N","High",1,0,0,7,11,3,3,0,1,9
"551",1073,"trapnest_42",2023-07-28,209,"year_2023","BP","N","High",0,0,0,7,11,3,3,0,1,9
"552",1074,"trapnest_42",2023-07-29,210,"year_2023","BP","N","High",0,0,0,7,11,3,3,0,1,9
"553",1075,"trapnest_42",2023-08-01,213,"year_2023","BP","N","High",2,0,0,7,11,3,3,0,1,9
"554",1076,"trapnest_42",2023-08-04,216,"year_2023","BP","N","High",2,0,0,7,11,3,3,0,1,9
"555",1077,"trapnest_42",2023-08-09,221,"year_2023","BP","N","High",4,0,0,7,11,3,3,0,1,9
"556",1078,"trapnest_43",2023-07-03,184,"year_2023","BP","O","Low",1,0,0,18,0,0,NA,0,0,0
"557",1079,"trapnest_43",2023-07-04,185,"year_2023","BP","O","Low",1,2,2,18,0.5,0.5,2,0,0,0
"558",1080,"trapnest_43",2023-07-07,188,"year_2023","BP","O","Low",3,0,0,15,2,2,2,0,0,0
"559",1081,"trapnest_43",2023-07-10,191,"year_2023","BP","O","Low",1,0,0,15,2,2,2,0,0,0
"560",1082,"trapnest_43",2023-07-12,193,"year_2023","BP","O","Low",1,1,1,18,0,0,1,0,0,0
"561",1083,"trapnest_43",2023-07-14,195,"year_2023","BP","O","Low",1,0,0,17,1,1,1,0,0,0
"562",1084,"trapnest_43",2023-07-17,198,"year_2023","BP","O","Low",2,0,0,17,1,1,1,0,0,0
"563",1085,"trapnest_43",2023-07-20,201,"year_2023","BP","O","Low",2,0,0,17,1,1,1,0,0,0
"564",1086,"trapnest_43",2023-07-24,205,"year_2023","BP","O","Low",2,0,0,17,1,1,1,0,0,0
"565",1087,"trapnest_43",2023-07-26,207,"year_2023","BP","O","Low",1,0,0,17,1,1,1,0,0,0
"566",1088,"trapnest_43",2023-07-28,209,"year_2023","BP","O","Low",0,0,0,17,1,1,1,0,0,0
"567",1089,"trapnest_43",2023-07-29,210,"year_2023","BP","O","Low",0,0,0,17,1,1,1,0,0,0
"568",1090,"trapnest_43",2023-08-01,213,"year_2023","BP","O","Low",2,0,0,17,1,1,1,0,0,0
"569",1091,"trapnest_43",2023-08-04,216,"year_2023","BP","O","Low",2,1,1,18,0,0,1,0,0,0
"570",1092,"trapnest_43",2023-08-09,221,"year_2023","BP","O","Low",4,1,1,17,1,1,1,0,1,1
"571",1093,"trapnest_44",2023-07-03,184,"year_2023","BP","O","Mid",1,0,0,12,6,0,NA,0,0,6
"572",1094,"trapnest_44",2023-07-04,185,"year_2023","BP","O","Mid",1,0,0,12,6,0,NA,0,0,6
"573",1095,"trapnest_44",2023-07-07,188,"year_2023","BP","O","Mid",3,0,0,12,6,0,NA,0,0,6
"574",1096,"trapnest_44",2023-07-10,191,"year_2023","BP","O","Mid",1,0,0,12,6,0,NA,0,0,6
"575",1097,"trapnest_44",2023-07-12,193,"year_2023","BP","O","Mid",1,0,0,12,6,0,NA,0,0,6
"576",1098,"trapnest_44",2023-07-14,195,"year_2023","BP","O","Mid",1,0,0,12,6,0,NA,0,0,6
"577",1099,"trapnest_44",2023-07-17,198,"year_2023","BP","O","Mid",2,0,0,12,6,0,NA,0,0,6
"578",1100,"trapnest_44",2023-07-20,201,"year_2023","BP","O","Mid",2,1,1,12,6,0,1,0,0,6
"579",1101,"trapnest_44",2023-07-24,205,"year_2023","BP","O","Mid",2,4,4,12,7.5,2.5,4,0,1,6
"580",1102,"trapnest_44",2023-07-26,207,"year_2023","BP","O","Mid",1,0,0,12,6,4,3,0,1,3
"581",1103,"trapnest_44",2023-07-28,209,"year_2023","BP","O","Mid",0,0,0,12,6,4,3,0,1,3
"582",1104,"trapnest_44",2023-07-29,210,"year_2023","BP","O","Mid",0,0,0,12,5,3,3,0,0,2
"583",1105,"trapnest_44",2023-08-01,213,"year_2023","BP","O","Mid",2,1,1,12,5,3,4,0,0,2
"584",1106,"trapnest_44",2023-08-04,216,"year_2023","BP","O","Mid",2,1,1,12,6,3,3,0,1,4
"585",1107,"trapnest_44",2023-08-09,221,"year_2023","BP","O","Mid",4,1,1,12,6,3,2,0,2,5
"586",1108,"trapnest_45",2023-07-03,184,"year_2023","BP","O","High",1,0,0,7,11,0,NA,0,0,11
"587",1109,"trapnest_45",2023-07-04,185,"year_2023","BP","O","High",1,0,0,3,11,0,NA,0,0,11
"588",1110,"trapnest_45",2023-07-07,188,"year_2023","BP","O","High",3,0,0,4,11,0,NA,0,0,11
"589",1111,"trapnest_45",2023-07-10,191,"year_2023","BP","O","High",1,0,0,4,11,0,NA,0,0,11
"590",1112,"trapnest_45",2023-07-12,193,"year_2023","BP","O","High",1,0,0,7,11,0,NA,0,0,11
"591",1113,"trapnest_45",2023-07-14,195,"year_2023","BP","O","High",1,0,0,7,11,0,NA,0,0,11
"592",1114,"trapnest_45",2023-07-17,198,"year_2023","BP","O","High",2,0,0,7,11,0,NA,0,0,11
"593",1115,"trapnest_45",2023-07-20,201,"year_2023","BP","O","High",2,0,0,7,11,0,NA,0,0,11
"594",1116,"trapnest_45",2023-07-24,205,"year_2023","BP","O","High",2,0,0,7,11,0,NA,0,0,11
"595",1117,"trapnest_45",2023-07-26,207,"year_2023","BP","O","High",1,0,0,7,11,0,NA,0,0,11
"596",1118,"trapnest_45",2023-07-28,209,"year_2023","BP","O","High",0,0,0,7,11,0,NA,0,0,11
"597",1119,"trapnest_45",2023-07-29,210,"year_2023","BP","O","High",0,0,0,7,11,0,NA,0,0,11
"598",1120,"trapnest_45",2023-08-01,213,"year_2023","BP","O","High",2,0,0,7,11,0,NA,0,0,11
"599",1121,"trapnest_45",2023-08-04,216,"year_2023","BP","O","High",2,1,1,7,11,0,1,0,0,11
"600",1122,"trapnest_45",2023-08-09,221,"year_2023","BP","O","High",4,0,0,7,11,1,1,0,1,11
"601",1123,"trapnest_46",2023-07-03,184,"year_2023","BP","P","Low",1,0,0,18,0,0,NA,0,0,0
"602",1124,"trapnest_46",2023-07-04,185,"year_2023","BP","P","Low",1,0,0,18,0,0,NA,0,0,0
"603",1125,"trapnest_46",2023-07-07,188,"year_2023","BP","P","Low",3,0,0,17,0,0,NA,0,0,0
"604",1126,"trapnest_46",2023-07-10,191,"year_2023","BP","P","Low",1,0,0,16,0,0,NA,0,0,0
"605",1127,"trapnest_46",2023-07-12,193,"year_2023","BP","P","Low",1,0,0,17,0,0,NA,0,0,0
"606",1128,"trapnest_46",2023-07-14,195,"year_2023","BP","P","Low",1,0,0,18,0,0,NA,0,0,0
"607",1129,"trapnest_46",2023-07-17,198,"year_2023","BP","P","Low",2,0,0,18,0,0,NA,0,0,0
"608",1130,"trapnest_46",2023-07-20,201,"year_2023","BP","P","Low",2,0,0,18,0,0,NA,0,0,0
"609",1131,"trapnest_46",2023-07-24,205,"year_2023","BP","P","Low",2,0,0,18,0,0,NA,0,0,0
"610",1132,"trapnest_46",2023-07-26,207,"year_2023","BP","P","Low",1,0,0,18,0,0,NA,0,0,0
"611",1133,"trapnest_46",2023-07-28,209,"year_2023","BP","P","Low",0,0,0,18,0,0,NA,0,0,0
"612",1134,"trapnest_46",2023-07-29,210,"year_2023","BP","P","Low",0,0,0,18,0,0,NA,0,0,0
"613",1135,"trapnest_46",2023-08-01,213,"year_2023","BP","P","Low",2,0,0,18,0,0,NA,0,0,0
"614",1136,"trapnest_46",2023-08-04,216,"year_2023","BP","P","Low",2,0,0,18,0,0,NA,0,0,0
"615",1137,"trapnest_46",2023-08-09,221,"year_2023","BP","P","Low",4,0,0,18,0,0,NA,0,0,0
"616",1138,"trapnest_47",2023-07-03,184,"year_2023","BP","P","Mid",1,0,0,12,6,0,NA,0,0,6
"617",1139,"trapnest_47",2023-07-04,185,"year_2023","BP","P","Mid",1,0,0,12,6,0,NA,0,0,6
"618",1140,"trapnest_47",2023-07-07,188,"year_2023","BP","P","Mid",3,0,0,12,6,0,NA,0,0,6
"619",1141,"trapnest_47",2023-07-10,191,"year_2023","BP","P","Mid",1,0,0,12,6,0,NA,0,0,6
"620",1142,"trapnest_47",2023-07-12,193,"year_2023","BP","P","Mid",1,0,0,12,6,0,NA,0,0,6
"621",1143,"trapnest_47",2023-07-14,195,"year_2023","BP","P","Mid",1,0,0,12,6,0,NA,0,0,6
"622",1144,"trapnest_47",2023-07-17,198,"year_2023","BP","P","Mid",2,0,0,12,6,0,NA,0,0,6
"623",1145,"trapnest_47",2023-07-20,201,"year_2023","BP","P","Mid",2,0,0,12,6,0,NA,0,0,6
"624",1146,"trapnest_47",2023-07-24,205,"year_2023","BP","P","Mid",2,0,0,12,6,0,NA,0,0,6
"625",1147,"trapnest_47",2023-07-26,207,"year_2023","BP","P","Mid",1,0,0,12,6,0,NA,0,0,6
"626",1148,"trapnest_47",2023-07-28,209,"year_2023","BP","P","Mid",0,0,0,12,6,0,NA,0,0,6
"627",1149,"trapnest_47",2023-07-29,210,"year_2023","BP","P","Mid",0,0,0,12,6,0,NA,0,0,6
"628",1150,"trapnest_47",2023-08-01,213,"year_2023","BP","P","Mid",2,0,0,12,6,0,NA,0,0,6
"629",1151,"trapnest_47",2023-08-04,216,"year_2023","BP","P","Mid",2,0,0,12,6,0,NA,0,0,6
"630",1152,"trapnest_47",2023-08-09,221,"year_2023","BP","P","Mid",4,0,0,12,6,0,NA,0,0,6
"631",1153,"trapnest_48",2023-07-03,184,"year_2023","BP","P","High",1,0,0,7,11,0,NA,0,0,11
"632",1154,"trapnest_48",2023-07-04,185,"year_2023","BP","P","High",1,0,0,6,11,0,NA,0,0,11
"633",1155,"trapnest_48",2023-07-07,188,"year_2023","BP","P","High",3,0,0,6,10,0,NA,0,0,10
"634",1156,"trapnest_48",2023-07-10,191,"year_2023","BP","P","High",1,0,0,6,11,0,NA,0,0,11
"635",1157,"trapnest_48",2023-07-12,193,"year_2023","BP","P","High",1,0,0,7,11,0,NA,0,0,11
"636",1158,"trapnest_48",2023-07-14,195,"year_2023","BP","P","High",1,0,0,7,11,0,NA,0,0,11
"637",1159,"trapnest_48",2023-07-17,198,"year_2023","BP","P","High",2,0,0,7,11,0,NA,0,0,11
"638",1160,"trapnest_48",2023-07-20,201,"year_2023","BP","P","High",2,0,0,7,11,0,NA,0,0,11
"639",1161,"trapnest_48",2023-07-24,205,"year_2023","BP","P","High",2,0,0,7,11,0,NA,0,0,11
"640",1162,"trapnest_48",2023-07-26,207,"year_2023","BP","P","High",1,0,0,7,11,0,NA,0,0,11
"641",1163,"trapnest_48",2023-07-28,209,"year_2023","BP","P","High",0,0,0,7,11,0,NA,0,0,11
"642",1164,"trapnest_48",2023-07-29,210,"year_2023","BP","P","High",0,0,0,7,11,0,NA,0,0,11
"643",1165,"trapnest_48",2023-08-01,213,"year_2023","BP","P","High",2,0,0,7,11,0,NA,0,0,11
"644",1166,"trapnest_48",2023-08-04,216,"year_2023","BP","P","High",2,0,0,7,11,0,NA,0,0,11
"645",1167,"trapnest_48",2023-08-09,221,"year_2023","BP","P","High",4,0,0,7,11,0,NA,0,0,11
"646",1168,"trapnest_49",2023-07-03,184,"year_2023","BP","Q","Low",1,0,0,17,0,0,NA,0,0,0
"647",1169,"trapnest_49",2023-07-04,185,"year_2023","BP","Q","Low",1,0,0,17,0,0,NA,0,0,0
"648",1170,"trapnest_49",2023-07-07,188,"year_2023","BP","Q","Low",3,0,0,16,0,0,NA,0,0,0
"649",1171,"trapnest_49",2023-07-10,191,"year_2023","BP","Q","Low",1,0,0,17,0,0,NA,0,0,0
"650",1172,"trapnest_49",2023-07-12,193,"year_2023","BP","Q","Low",1,0,0,17,0,0,NA,0,0,0
"651",1173,"trapnest_49",2023-07-14,195,"year_2023","BP","Q","Low",1,0,0,17,0,0,NA,0,0,0
"652",1174,"trapnest_49",2023-07-17,198,"year_2023","BP","Q","Low",2,0,0,17,0,0,NA,0,0,0
"653",1175,"trapnest_49",2023-07-20,201,"year_2023","BP","Q","Low",2,0,0,16,0,0,NA,0,0,0
"654",1176,"trapnest_49",2023-07-24,205,"year_2023","BP","Q","Low",2,0,0,17,0,0,NA,0,0,0
"655",1177,"trapnest_49",2023-07-26,207,"year_2023","BP","Q","Low",1,1,1,17,0,0,1,0,0,0
"656",1178,"trapnest_49",2023-07-28,209,"year_2023","BP","Q","Low",0,0,0,16,1,1,1,0,0,0
"657",1179,"trapnest_49",2023-07-29,210,"year_2023","BP","Q","Low",0,0,0,16,1,1,1,0,0,0
"658",1180,"trapnest_49",2023-08-01,213,"year_2023","BP","Q","Low",2,0,0,16,1,1,1,0,0,0
"659",1181,"trapnest_49",2023-08-04,216,"year_2023","BP","Q","Low",2,0,0,15,1,1,1,0,0,0
"660",1182,"trapnest_49",2023-08-09,221,"year_2023","BP","Q","Low",4,0,0,16,0,0,NA,0,0,0
"661",1183,"trapnest_4",2023-05-11,131,"year_2023","BP","B","Low",3,0,0,18,0,0,NA,0,0,0
"662",1184,"trapnest_4",2023-05-12,132,"year_2023","BP","B","Low",1,0,0,18,0,0,NA,0,0,0
"663",1185,"trapnest_4",2023-05-15,135,"year_2023","BP","B","Low",3,0,0,18,0,0,NA,0,0,0
"664",1186,"trapnest_4",2023-05-16,136,"year_2023","BP","B","Low",1,0,0,18,0,0,NA,0,0,0
"665",1187,"trapnest_4",2023-05-17,137,"year_2023","BP","B","Low",1,0,0,18,0,0,NA,0,0,0
"666",1188,"trapnest_4",2023-05-19,139,"year_2023","BP","B","Low",2,0,0,18,0,0,NA,0,0,0
"667",1189,"trapnest_4",2023-05-21,141,"year_2023","BP","B","Low",1,0,0,18,0,0,NA,0,0,0
"668",1190,"trapnest_4",2023-05-22,142,"year_2023","BP","B","Low",1,0,0,18,0,0,NA,0,0,0
"669",1191,"trapnest_4",2023-05-23,143,"year_2023","BP","B","Low",1,0,0,18,0,0,NA,0,0,0
"670",1192,"trapnest_4",2023-05-26,146,"year_2023","BP","B","Low",2,0,0,18,0,0,NA,0,0,0
"671",1193,"trapnest_4",2023-05-28,148,"year_2023","BP","B","Low",2,0,0,18,0,0,NA,0,0,0
"672",1194,"trapnest_4",2023-05-29,149,"year_2023","BP","B","Low",1,0,0,18,0,0,NA,0,0,0
"673",1195,"trapnest_4",2023-05-31,151,"year_2023","BP","B","Low",2,0,0,18,0,0,NA,0,0,0
"674",1196,"trapnest_4",2023-06-02,153,"year_2023","BP","B","Low",2,0,0,18,0,0,NA,0,0,0
"675",1197,"trapnest_4",2023-06-05,156,"year_2023","BP","B","Low",1,0,0,18,0,0,NA,0,0,0
"676",1198,"trapnest_4",2023-06-08,159,"year_2023","BP","B","Low",2,0,0,18,0,0,NA,0,0,0
"677",1199,"trapnest_4",2023-06-10,161,"year_2023","BP","B","Low",0,0,0,18,0,0,NA,0,0,0
"678",1200,"trapnest_4",2023-06-12,163,"year_2023","BP","B","Low",1,0,0,18,0,0,NA,0,0,0
"679",1201,"trapnest_4",2023-06-14,165,"year_2023","BP","B","Low",0,0,0,17,0,0,NA,0,0,0
"680",1202,"trapnest_4",2023-06-16,167,"year_2023","BP","B","Low",1,0,0,17,0,0,NA,0,0,0
"681",1203,"trapnest_4",2023-06-20,171,"year_2023","BP","B","Low",3,0,0,16,0,0,NA,0,0,0
"682",1204,"trapnest_4",2023-06-23,174,"year_2023","BP","B","Low",3,0,0,14,0,0,NA,0,0,0
"683",1205,"trapnest_4",2023-06-29,180,"year_2023","BP","B","Low",1,0,0,15,0,0,NA,0,0,0
"684",1206,"trapnest_50",2023-07-03,184,"year_2023","BP","Q","Mid",1,0,0,12,6,0,NA,0,0,6
"685",1207,"trapnest_50",2023-07-04,185,"year_2023","BP","Q","Mid",1,1,2,10,6,0,1,0,0,6
"686",1208,"trapnest_50",2023-07-07,188,"year_2023","BP","Q","Mid",3,0,0,7,6,1,1,0,0,5
"687",1209,"trapnest_50",2023-07-10,191,"year_2023","BP","Q","Mid",1,0,0,5,6,1,1,0,0,5
"688",1210,"trapnest_50",2023-07-12,193,"year_2023","BP","Q","Mid",1,0,0,9,6,1,1,0,0,5
"689",1211,"trapnest_50",2023-07-14,195,"year_2023","BP","Q","Mid",1,0,0,8,7,1,1,0,0,6
"690",1212,"trapnest_50",2023-07-17,198,"year_2023","BP","Q","Mid",2,0,0,8,7,1,1,0,0,6
"691",1213,"trapnest_50",2023-07-20,201,"year_2023","BP","Q","Mid",2,0,0,7,7,1,1,0,0,6
"692",1214,"trapnest_50",2023-07-24,205,"year_2023","BP","Q","Mid",2,0,0,8,7,1,1,0,0,6
"693",1215,"trapnest_50",2023-07-26,207,"year_2023","BP","Q","Mid",1,0,0,8,7,1,1,0,0,6
"694",1216,"trapnest_50",2023-07-28,209,"year_2023","BP","Q","Mid",0,0,0,8,7,1,1,0,0,6
"695",1217,"trapnest_50",2023-07-29,210,"year_2023","BP","Q","Mid",0,0,0,8,7,1,1,0,0,6
"696",1218,"trapnest_50",2023-08-01,213,"year_2023","BP","Q","Mid",2,0,0,8,7,1,1,0,0,6
"697",1219,"trapnest_50",2023-08-04,216,"year_2023","BP","Q","Mid",2,0,0,10,7,1,1,0,0,6
"698",1220,"trapnest_50",2023-08-09,221,"year_2023","BP","Q","Mid",4,0,0,10,7,1,1,0,0,6
"699",1221,"trapnest_51",2023-07-03,184,"year_2023","BP","Q","High",1,0,0,7,11,0,NA,0,0,11
"700",1222,"trapnest_51",2023-07-04,185,"year_2023","BP","Q","High",1,0,1,7,11,0,NA,0,0,11
"701",1223,"trapnest_51",2023-07-07,188,"year_2023","BP","Q","High",3,0,0,6,11,0,NA,0,0,11
"702",1224,"trapnest_51",2023-07-10,191,"year_2023","BP","Q","High",1,0,0,6,11,0,NA,0,0,11
"703",1225,"trapnest_51",2023-07-12,193,"year_2023","BP","Q","High",1,0,0,6,11,0,NA,0,0,11
"704",1226,"trapnest_51",2023-07-14,195,"year_2023","BP","Q","High",1,0,0,6,11,0,NA,0,0,11
"705",1227,"trapnest_51",2023-07-17,198,"year_2023","BP","Q","High",2,0,0,5,11,0,NA,0,0,11
"706",1228,"trapnest_51",2023-07-20,201,"year_2023","BP","Q","High",2,0,0,5,11,0,NA,0,0,11
"707",1229,"trapnest_51",2023-07-24,205,"year_2023","BP","Q","High",2,0,0,5,11,0,NA,0,0,11
"708",1230,"trapnest_51",2023-07-26,207,"year_2023","BP","Q","High",1,0,0,6,11,0,NA,0,0,11
"709",1231,"trapnest_51",2023-07-28,209,"year_2023","BP","Q","High",0,0,0,6,11,0,NA,0,0,11
"710",1232,"trapnest_51",2023-07-29,210,"year_2023","BP","Q","High",0,0,0,6,11,0,NA,0,0,11
"711",1233,"trapnest_51",2023-08-01,213,"year_2023","BP","Q","High",2,0,0,6,11,0,NA,0,0,11
"712",1234,"trapnest_51",2023-08-04,216,"year_2023","BP","Q","High",2,0,0,6,11,0,NA,0,0,11
"713",1235,"trapnest_51",2023-08-09,221,"year_2023","BP","Q","High",4,0,0,6,11,0,NA,0,0,11
"714",1236,"trapnest_52",2023-07-03,184,"year_2023","BP","R","Low",1,0,0,18,0,0,NA,0,0,0
"715",1237,"trapnest_52",2023-07-14,195,"year_2023","BP","R","Low",1,0,0,17,0,0,NA,0,0,0
"716",1238,"trapnest_52",2023-07-24,205,"year_2023","BP","R","Low",2,0,0,17,0,0,NA,0,0,0
"717",1239,"trapnest_52",2023-07-26,207,"year_2023","BP","R","Low",1,0,0,17,0,0,NA,0,0,0
"718",1240,"trapnest_52",2023-07-28,209,"year_2023","BP","R","Low",0,0,0,17,0,0,NA,0,0,0
"719",1241,"trapnest_52",2023-07-29,210,"year_2023","BP","R","Low",0,0,0,17,0,0,NA,0,0,0
"720",1242,"trapnest_52",2023-08-01,213,"year_2023","BP","R","Low",2,0,0,17,0,0,NA,0,0,0
"721",1243,"trapnest_52",2023-08-04,216,"year_2023","BP","R","Low",2,0,0,17,0,0,NA,0,0,0
"722",1244,"trapnest_52",2023-08-09,221,"year_2023","BP","R","Low",4,0,0,17,0,0,NA,0,0,0
"723",1245,"trapnest_52",2023-07-04,185,"year_2023","BP","R","Low",1,0,0,17,0,0,NA,0,0,0
"724",1246,"trapnest_52",2023-07-20,201,"year_2023","BP","R","Low",2,0,0,16,0,0,NA,0,0,0
"725",1247,"trapnest_52",2023-07-07,188,"year_2023","BP","R","Low",3,0,0,16,0,0,NA,0,0,0
"726",1248,"trapnest_52",2023-07-10,191,"year_2023","BP","R","Low",1,0,0,16,0,0,NA,0,0,0
"727",1249,"trapnest_52",2023-07-12,193,"year_2023","BP","R","Low",1,0,0,16,0,0,NA,0,0,0
"728",1250,"trapnest_52",2023-07-17,198,"year_2023","BP","R","Low",2,0,0,16,0,0,NA,0,0,0
"729",1251,"trapnest_53",2023-07-03,184,"year_2023","BP","R","Mid",1,0,0,12,6,0,NA,0,0,6
"730",1252,"trapnest_53",2023-07-04,185,"year_2023","BP","R","Mid",1,0,0,10,6,0,NA,0,0,6
"731",1253,"trapnest_53",2023-07-07,188,"year_2023","BP","R","Mid",3,0,0,9,6,0,NA,0,0,6
"732",1254,"trapnest_53",2023-07-10,191,"year_2023","BP","R","Mid",1,0,0,11,6,0,NA,0,0,6
"733",1255,"trapnest_53",2023-07-12,193,"year_2023","BP","R","Mid",1,0,0,11,6,0,NA,0,0,6
"734",1256,"trapnest_53",2023-07-14,195,"year_2023","BP","R","Mid",1,0,0,10,6,0,NA,0,0,6
"735",1257,"trapnest_53",2023-07-17,198,"year_2023","BP","R","Mid",2,0,0,9,5,0,NA,0,0,5
"736",1258,"trapnest_53",2023-07-20,201,"year_2023","BP","R","Mid",2,0,0,11,5,0,NA,0,0,5
"737",1259,"trapnest_53",2023-07-24,205,"year_2023","BP","R","Mid",2,0,0,11,5,0,NA,0,0,5
"738",1260,"trapnest_53",2023-07-26,207,"year_2023","BP","R","Mid",1,0,0,12,5,0,NA,0,0,5
"739",1261,"trapnest_53",2023-07-28,209,"year_2023","BP","R","Mid",0,0,0,12,5,0,NA,0,0,5
"740",1262,"trapnest_53",2023-07-29,210,"year_2023","BP","R","Mid",0,0,0,12,5,0,NA,0,0,5
"741",1263,"trapnest_53",2023-08-01,213,"year_2023","BP","R","Mid",2,0,0,12,5,0,NA,0,0,5
"742",1264,"trapnest_53",2023-08-04,216,"year_2023","BP","R","Mid",2,0,0,12,5,0,NA,0,0,5
"743",1265,"trapnest_53",2023-08-09,221,"year_2023","BP","R","Mid",4,0,0,11,5,0,NA,0,0,5
"744",1266,"trapnest_54",2023-07-03,184,"year_2023","BP","R","High",1,0,0,7,11,0,NA,0,0,11
"745",1267,"trapnest_54",2023-07-04,185,"year_2023","BP","R","High",1,0,0,7,11,0,NA,0,0,11
"746",1268,"trapnest_54",2023-07-07,188,"year_2023","BP","R","High",3,0,0,7,11,0,NA,0,0,11
"747",1269,"trapnest_54",2023-07-10,191,"year_2023","BP","R","High",1,0,0,7,11,0,NA,0,0,11
"748",1270,"trapnest_54",2023-07-12,193,"year_2023","BP","R","High",1,0,0,7,11,0,NA,0,0,11
"749",1271,"trapnest_54",2023-07-14,195,"year_2023","BP","R","High",1,0,0,7,11,0,NA,0,0,11
"750",1272,"trapnest_54",2023-07-17,198,"year_2023","BP","R","High",2,0,0,7,11,0,NA,0,0,11
"751",1273,"trapnest_54",2023-07-20,201,"year_2023","BP","R","High",2,0,0,7,11,0,NA,0,0,11
"752",1274,"trapnest_54",2023-07-24,205,"year_2023","BP","R","High",2,0,0,7,11,0,NA,0,0,11
"753",1275,"trapnest_54",2023-07-26,207,"year_2023","BP","R","High",1,0,0,7,11,0,NA,0,0,11
"754",1276,"trapnest_54",2023-07-28,209,"year_2023","BP","R","High",0,0,0,7,11,0,NA,0,0,11
"755",1277,"trapnest_54",2023-07-29,210,"year_2023","BP","R","High",0,0,0,7,11,0,NA,0,0,11
"756",1278,"trapnest_54",2023-08-01,213,"year_2023","BP","R","High",2,0,0,7,11,0,NA,0,0,11
"757",1279,"trapnest_54",2023-08-04,216,"year_2023","BP","R","High",2,0,0,7,11,0,NA,0,0,11
"758",1280,"trapnest_54",2023-08-09,221,"year_2023","BP","R","High",4,0,0,7,11,0,NA,0,0,11
"759",1281,"trapnest_55",2023-07-04,185,"year_2023","CP","S","Low",1,0,0,18,0,0,NA,0,0,0
"760",1282,"trapnest_55",2023-07-05,186,"year_2023","CP","S","Low",1,0,0,18,0,0,NA,0,0,0
"761",1283,"trapnest_55",2023-07-07,188,"year_2023","CP","S","Low",2,0,0,18,0,0,NA,0,0,0
"762",1284,"trapnest_55",2023-07-10,191,"year_2023","CP","S","Low",1,0,0,18,0,0,NA,0,0,0
"763",1285,"trapnest_55",2023-07-12,193,"year_2023","CP","S","Low",1,0,0,18,0,0,NA,0,0,0
"764",1286,"trapnest_55",2023-07-14,195,"year_2023","CP","S","Low",1,0,0,18,0,0,NA,0,0,0
"765",1287,"trapnest_55",2023-07-17,198,"year_2023","CP","S","Low",2,0,0,18,0,0,NA,0,0,0
"766",1288,"trapnest_55",2023-07-20,201,"year_2023","CP","S","Low",2,0,0,18,0,0,NA,0,0,0
"767",1289,"trapnest_55",2023-07-24,205,"year_2023","CP","S","Low",2,0,0,18,0,0,NA,0,0,0
"768",1290,"trapnest_55",2023-07-26,207,"year_2023","CP","S","Low",1,0,0,18,0,0,NA,0,0,0
"769",1291,"trapnest_55",2023-07-28,209,"year_2023","CP","S","Low",0,0,0,18,0,0,NA,0,0,0
"770",1292,"trapnest_55",2023-07-29,210,"year_2023","CP","S","Low",0,0,0,18,0,0,NA,0,0,0
"771",1293,"trapnest_55",2023-08-01,213,"year_2023","CP","S","Low",2,0,0,18,0,0,NA,0,0,0
"772",1294,"trapnest_55",2023-08-04,216,"year_2023","CP","S","Low",2,0,0,18,0,0,NA,0,0,0
"773",1295,"trapnest_55",2023-08-09,221,"year_2023","CP","S","Low",4,0,0,18,0,0,NA,0,0,0
"774",1296,"trapnest_56",2023-07-04,185,"year_2023","CP","S","Mid",1,0,0,12,6,0,NA,0,0,6
"775",1297,"trapnest_56",2023-07-05,186,"year_2023","CP","S","Mid",1,0,0,12,6,0,NA,0,0,6
"776",1298,"trapnest_56",2023-07-07,188,"year_2023","CP","S","Mid",2,0,0,12,6,0,NA,0,0,6
"777",1299,"trapnest_56",2023-07-10,191,"year_2023","CP","S","Mid",1,0,0,12,6,0,NA,0,0,6
"778",1300,"trapnest_56",2023-07-12,193,"year_2023","CP","S","Mid",1,0,0,12,6,0,NA,0,0,6
"779",1301,"trapnest_56",2023-07-14,195,"year_2023","CP","S","Mid",1,0,0,12,6,0,NA,0,0,6
"780",1302,"trapnest_56",2023-07-17,198,"year_2023","CP","S","Mid",2,0,0,12,6,0,NA,0,0,6
"781",1303,"trapnest_56",2023-07-20,201,"year_2023","CP","S","Mid",2,0,0,12,6,0,NA,0,0,6
"782",1304,"trapnest_56",2023-07-24,205,"year_2023","CP","S","Mid",2,0,0,12,6,0,NA,0,0,6
"783",1305,"trapnest_56",2023-07-26,207,"year_2023","CP","S","Mid",1,0,0,12,6,0,NA,0,0,6
"784",1306,"trapnest_56",2023-07-28,209,"year_2023","CP","S","Mid",0,0,0,12,6,0,NA,0,0,6
"785",1307,"trapnest_56",2023-07-29,210,"year_2023","CP","S","Mid",0,0,0,12,6,0,NA,0,0,6
"786",1308,"trapnest_56",2023-08-01,213,"year_2023","CP","S","Mid",2,0,0,12,6,0,NA,0,0,6
"787",1309,"trapnest_56",2023-08-04,216,"year_2023","CP","S","Mid",2,0,0,12,6,0,NA,0,0,6
"788",1310,"trapnest_56",2023-08-09,221,"year_2023","CP","S","Mid",4,0,0,12,6,0,NA,0,0,6
"789",1311,"trapnest_57",2023-07-04,185,"year_2023","CP","S","High",1,0,0,7,11,0,NA,0,0,11
"790",1312,"trapnest_57",2023-07-05,186,"year_2023","CP","S","High",1,0,0,7,11,0,NA,0,0,11
"791",1313,"trapnest_57",2023-07-07,188,"year_2023","CP","S","High",2,0,0,7,11,0,NA,0,0,11
"792",1314,"trapnest_57",2023-07-10,191,"year_2023","CP","S","High",1,0,0,7,11,0,NA,0,0,11
"793",1315,"trapnest_57",2023-07-12,193,"year_2023","CP","S","High",1,0,0,7,11,0,NA,0,0,11
"794",1316,"trapnest_57",2023-07-14,195,"year_2023","CP","S","High",1,0,0,7,11,0,NA,0,0,11
"795",1317,"trapnest_57",2023-07-17,198,"year_2023","CP","S","High",2,0,0,7,11,0,NA,0,0,11
"796",1318,"trapnest_57",2023-07-20,201,"year_2023","CP","S","High",2,0,0,7,11,0,NA,0,0,11
"797",1319,"trapnest_57",2023-07-24,205,"year_2023","CP","S","High",2,0,0,7,11,0,NA,0,0,11
"798",1320,"trapnest_57",2023-07-26,207,"year_2023","CP","S","High",1,0,0,7,11,0,NA,0,0,11
"799",1321,"trapnest_57",2023-07-28,209,"year_2023","CP","S","High",0,0,0,7,11,0,NA,0,0,11
"800",1322,"trapnest_57",2023-07-29,210,"year_2023","CP","S","High",0,0,0,7,11,0,NA,0,0,11
"801",1323,"trapnest_57",2023-08-01,213,"year_2023","CP","S","High",2,0,0,7,11,0,NA,0,0,11
"802",1324,"trapnest_57",2023-08-04,216,"year_2023","CP","S","High",2,0,0,7,11,0,NA,0,0,11
"803",1325,"trapnest_57",2023-08-09,221,"year_2023","CP","S","High",4,0,0,6,11,0,NA,0,0,11
"804",1326,"trapnest_58",2023-07-04,185,"year_2023","CP","T","Low",1,0,0,18,0,0,NA,0,0,0
"805",1327,"trapnest_58",2023-07-05,186,"year_2023","CP","T","Low",1,0,0,17,0,0,NA,0,0,0
"806",1328,"trapnest_58",2023-07-07,188,"year_2023","CP","T","Low",2,0,0,17,0,0,NA,0,0,0
"807",1329,"trapnest_58",2023-07-10,191,"year_2023","CP","T","Low",1,0,0,18,0,0,NA,0,0,0
"808",1330,"trapnest_58",2023-07-12,193,"year_2023","CP","T","Low",1,0,0,18,0,0,NA,0,0,0
"809",1331,"trapnest_58",2023-07-14,195,"year_2023","CP","T","Low",1,0,0,18,0,0,NA,0,0,0
"810",1332,"trapnest_58",2023-07-17,198,"year_2023","CP","T","Low",2,0,0,18,0,0,NA,0,0,0
"811",1333,"trapnest_58",2023-07-20,201,"year_2023","CP","T","Low",2,0,0,18,0,0,NA,0,0,0
"812",1334,"trapnest_58",2023-07-24,205,"year_2023","CP","T","Low",2,0,0,18,0,0,NA,0,0,0
"813",1335,"trapnest_58",2023-07-26,207,"year_2023","CP","T","Low",1,0,0,18,0,0,NA,0,0,0
"814",1336,"trapnest_58",2023-07-28,209,"year_2023","CP","T","Low",0,0,0,18,0,0,NA,0,0,0
"815",1337,"trapnest_58",2023-07-29,210,"year_2023","CP","T","Low",0,0,0,18,0,0,NA,0,0,0
"816",1338,"trapnest_58",2023-08-01,213,"year_2023","CP","T","Low",2,0,0,18,0,0,NA,0,0,0
"817",1339,"trapnest_58",2023-08-04,216,"year_2023","CP","T","Low",2,0,0,18,0,0,NA,0,0,0
"818",1340,"trapnest_58",2023-08-09,221,"year_2023","CP","T","Low",4,0,0,18,0,0,NA,0,0,0
"819",1341,"trapnest_59",2023-07-04,185,"year_2023","CP","T","Mid",1,0,0,13,5,0,NA,0,0,5
"820",1342,"trapnest_59",2023-07-05,186,"year_2023","CP","T","Mid",1,2,2,13,5.5,0.5,2,0,0,5
"821",1343,"trapnest_59",2023-07-07,188,"year_2023","CP","T","Mid",2,0,0,12,6,2,2,0,1,5
"822",1344,"trapnest_59",2023-07-10,191,"year_2023","CP","T","Mid",1,0,0,12,6,2,2,0,0,4
"823",1345,"trapnest_59",2023-07-12,193,"year_2023","CP","T","Mid",1,0,0,13,5,1,0,0,1,5
"824",1346,"trapnest_59",2023-07-14,195,"year_2023","CP","T","Mid",1,1,1,13,5,0,1,0,0,5
"825",1347,"trapnest_59",2023-07-17,198,"year_2023","CP","T","Mid",2,0,0,13,5,1,1,0,0,4
"826",1348,"trapnest_59",2023-07-20,201,"year_2023","CP","T","Mid",2,0,0,13,5,1,1,0,0,4
"827",1349,"trapnest_59",2023-07-24,205,"year_2023","CP","T","Mid",2,0,0,13,5,1,0,0,1,5
"828",1350,"trapnest_59",2023-07-26,207,"year_2023","CP","T","Mid",1,0,0,13,5,1,0,0,1,5
"829",1351,"trapnest_59",2023-07-28,209,"year_2023","CP","T","Mid",0,1,1,13,5,1,1,0,1,5
"830",1352,"trapnest_59",2023-07-29,210,"year_2023","CP","T","Mid",0,0,0,13,5,1,1,0,1,5
"831",1353,"trapnest_59",2023-08-01,213,"year_2023","CP","T","Mid",2,0,0,13,5,1,1,0,1,5
"832",1354,"trapnest_59",2023-08-04,216,"year_2023","CP","T","Mid",2,0,0,13,5,1,1,0,1,5
"833",1355,"trapnest_59",2023-08-09,221,"year_2023","CP","T","Mid",4,0,0,13,5,1,1,0,1,5
"834",1356,"trapnest_5",2023-05-11,131,"year_2023","BP","B","Mid",3,0,0,12,0,0,NA,0,0,0
"835",1357,"trapnest_5",2023-05-12,132,"year_2023","BP","B","Mid",1,0,0,12,0,0,NA,0,0,0
"836",1358,"trapnest_5",2023-05-15,135,"year_2023","BP","B","Mid",3,0,0,12,0,0,NA,0,0,0
"837",1359,"trapnest_5",2023-05-16,136,"year_2023","BP","B","Mid",1,0,0,12,0,0,NA,0,0,0
"838",1360,"trapnest_5",2023-05-17,137,"year_2023","BP","B","Mid",1,0,0,12,0,0,NA,0,0,0
"839",1361,"trapnest_5",2023-05-19,139,"year_2023","BP","B","Mid",2,0,0,12,0,0,NA,0,0,0
"840",1362,"trapnest_5",2023-05-21,141,"year_2023","BP","B","Mid",1,0,0,12,0,0,NA,0,0,0
"841",1363,"trapnest_5",2023-05-22,142,"year_2023","BP","B","Mid",1,0,0,12,0,0,NA,0,0,0
"842",1364,"trapnest_5",2023-05-23,143,"year_2023","BP","B","Mid",1,0,0,12,0,0,NA,0,0,0
"843",1365,"trapnest_5",2023-05-26,146,"year_2023","BP","B","Mid",2,0,0,12,0,0,NA,0,0,0
"844",1366,"trapnest_5",2023-05-28,148,"year_2023","BP","B","Mid",2,0,0,12,0,0,NA,0,0,0
"845",1367,"trapnest_5",2023-05-29,149,"year_2023","BP","B","Mid",1,0,1,12,0,0,NA,0,0,0
"846",1368,"trapnest_5",2023-05-31,151,"year_2023","BP","B","Mid",2,0,0,12,0,0,NA,0,0,0
"847",1369,"trapnest_5",2023-06-02,153,"year_2023","BP","B","Mid",2,0,1,12,0,0,NA,0,0,0
"848",1370,"trapnest_5",2023-06-05,156,"year_2023","BP","B","Mid",1,0,0,12,0,0,NA,0,0,0
"849",1371,"trapnest_5",2023-06-08,159,"year_2023","BP","B","Mid",2,0,0,12,0,0,NA,0,0,0
"850",1372,"trapnest_5",2023-06-10,161,"year_2023","BP","B","Mid",0,0,0,12,0,0,NA,0,0,0
"851",1373,"trapnest_5",2023-06-12,163,"year_2023","BP","B","Mid",1,0,0,12,0,0,NA,0,0,0
"852",1374,"trapnest_5",2023-06-14,165,"year_2023","BP","B","Mid",0,0,0,12,0,0,NA,0,0,0
"853",1375,"trapnest_5",2023-06-16,167,"year_2023","BP","B","Mid",1,0,0,12,0,0,NA,0,0,0
"854",1376,"trapnest_5",2023-06-20,171,"year_2023","BP","B","Mid",3,1,1,12,0,0,1,0,0,0
"855",1377,"trapnest_5",2023-06-23,174,"year_2023","BP","B","Mid",3,1,1,13,1,1,2,0,0,0
"856",1378,"trapnest_5",2023-06-29,180,"year_2023","BP","B","Mid",1,1,1,10,2,2,3,0,0,0
"857",1379,"trapnest_60",2023-07-04,185,"year_2023","CP","T","High",1,0,0,7,11,0,NA,0,0,11
"858",1380,"trapnest_60",2023-07-05,186,"year_2023","CP","T","High",1,0,0,7,11,0,NA,0,0,11
"859",1381,"trapnest_60",2023-07-07,188,"year_2023","CP","T","High",2,0,0,7,11,0,NA,0,0,11
"860",1382,"trapnest_60",2023-07-10,191,"year_2023","CP","T","High",1,0,0,7,11,0,NA,0,0,11
"861",1383,"trapnest_60",2023-07-12,193,"year_2023","CP","T","High",1,0,0,7,11,0,NA,0,0,11
"862",1384,"trapnest_60",2023-07-14,195,"year_2023","CP","T","High",1,0,0,7,11,0,NA,0,0,11
"863",1385,"trapnest_60",2023-07-17,198,"year_2023","CP","T","High",2,0,0,7,11,0,NA,0,0,11
"864",1386,"trapnest_60",2023-07-20,201,"year_2023","CP","T","High",2,0,0,7,11,0,NA,0,0,11
"865",1387,"trapnest_60",2023-07-24,205,"year_2023","CP","T","High",2,0,0,7,11,0,NA,0,0,11
"866",1388,"trapnest_60",2023-07-26,207,"year_2023","CP","T","High",1,0,0,7,11,0,NA,0,0,11
"867",1389,"trapnest_60",2023-07-28,209,"year_2023","CP","T","High",0,0,0,7,11,0,NA,0,0,11
"868",1390,"trapnest_60",2023-07-29,210,"year_2023","CP","T","High",0,0,0,7,11,0,NA,0,0,11
"869",1391,"trapnest_60",2023-08-01,213,"year_2023","CP","T","High",2,0,0,7,11,0,NA,0,0,11
"870",1392,"trapnest_60",2023-08-04,216,"year_2023","CP","T","High",2,0,0,7,11,0,NA,0,0,11
"871",1393,"trapnest_60",2023-08-09,221,"year_2023","CP","T","High",4,0,0,7,11,0,NA,0,0,11
"872",1394,"trapnest_61",2023-07-04,185,"year_2023","CP","U","Low",1,0,0,18,0,0,NA,0,0,0
"873",1395,"trapnest_61",2023-07-05,186,"year_2023","CP","U","Low",1,0,0,18,0,0,NA,0,0,0
"874",1396,"trapnest_61",2023-07-07,188,"year_2023","CP","U","Low",2,0,0,18,0,0,NA,0,0,0
"875",1397,"trapnest_61",2023-07-10,191,"year_2023","CP","U","Low",1,0,0,18,0,0,NA,0,0,0
"876",1398,"trapnest_61",2023-07-12,193,"year_2023","CP","U","Low",1,0,0,18,0,0,NA,0,0,0
"877",1399,"trapnest_61",2023-07-14,195,"year_2023","CP","U","Low",1,0,0,18,0,0,NA,0,0,0
"878",1400,"trapnest_61",2023-07-17,198,"year_2023","CP","U","Low",2,0,0,18,0,0,NA,0,0,0
"879",1401,"trapnest_61",2023-07-20,201,"year_2023","CP","U","Low",2,0,0,18,0,0,NA,0,0,0
"880",1402,"trapnest_61",2023-07-24,205,"year_2023","CP","U","Low",2,0,0,18,0,0,NA,0,0,0
"881",1403,"trapnest_61",2023-07-26,207,"year_2023","CP","U","Low",1,0,0,18,0,0,NA,0,0,0
"882",1404,"trapnest_61",2023-07-28,209,"year_2023","CP","U","Low",0,0,0,18,0,0,NA,0,0,0
"883",1405,"trapnest_61",2023-07-29,210,"year_2023","CP","U","Low",0,0,0,18,0,0,NA,0,0,0
"884",1406,"trapnest_61",2023-08-01,213,"year_2023","CP","U","Low",2,0,0,18,0,0,NA,0,0,0
"885",1407,"trapnest_61",2023-08-04,216,"year_2023","CP","U","Low",2,0,0,18,0,0,NA,0,0,0
"886",1408,"trapnest_61",2023-08-09,221,"year_2023","CP","U","Low",4,0,0,18,0,0,NA,0,0,0
"887",1409,"trapnest_62",2023-07-04,185,"year_2023","CP","U","Mid",1,0,0,12,6,0,NA,0,0,6
"888",1410,"trapnest_62",2023-07-05,186,"year_2023","CP","U","Mid",1,0,1,12,6,0,NA,0,0,6
"889",1411,"trapnest_62",2023-07-07,188,"year_2023","CP","U","Mid",2,0,0,11,6,0,NA,0,0,6
"890",1412,"trapnest_62",2023-07-10,191,"year_2023","CP","U","Mid",1,0,0,11,6,0,NA,0,0,6
"891",1413,"trapnest_62",2023-07-12,193,"year_2023","CP","U","Mid",1,0,0,10,6,0,NA,0,0,6
"892",1414,"trapnest_62",2023-07-14,195,"year_2023","CP","U","Mid",1,0,0,10,6,0,NA,0,0,6
"893",1415,"trapnest_62",2023-07-17,198,"year_2023","CP","U","Mid",2,0,0,11,6,0,NA,0,0,6
"894",1416,"trapnest_62",2023-07-20,201,"year_2023","CP","U","Mid",2,0,0,10,6,0,NA,0,0,6
"895",1417,"trapnest_62",2023-07-24,205,"year_2023","CP","U","Mid",2,0,0,8,6,0,NA,0,0,6
"896",1418,"trapnest_62",2023-07-26,207,"year_2023","CP","U","Mid",1,0,0,10,6,0,NA,0,0,6
"897",1419,"trapnest_62",2023-07-28,209,"year_2023","CP","U","Mid",0,0,0,11,6,0,NA,0,0,6
"898",1420,"trapnest_62",2023-07-29,210,"year_2023","CP","U","Mid",0,0,0,11,6,0,NA,0,0,6
"899",1421,"trapnest_62",2023-08-01,213,"year_2023","CP","U","Mid",2,0,0,10,6,0,NA,0,0,6
"900",1422,"trapnest_62",2023-08-04,216,"year_2023","CP","U","Mid",2,0,0,10,6,0,NA,0,0,6
"901",1423,"trapnest_62",2023-08-09,221,"year_2023","CP","U","Mid",4,0,0,8,6,0,NA,0,0,6
"902",1424,"trapnest_63",2023-07-04,185,"year_2023","CP","U","High",1,0,0,7,11,0,NA,0,0,11
"903",1425,"trapnest_63",2023-07-05,186,"year_2023","CP","U","High",1,0,0,7,11,0,NA,0,0,11
"904",1426,"trapnest_63",2023-07-07,188,"year_2023","CP","U","High",2,0,0,7,11,0,NA,0,0,11
"905",1427,"trapnest_63",2023-07-10,191,"year_2023","CP","U","High",1,0,0,7,11,0,NA,0,0,11
"906",1428,"trapnest_63",2023-07-12,193,"year_2023","CP","U","High",1,0,0,7,11,0,NA,0,0,11
"907",1429,"trapnest_63",2023-07-14,195,"year_2023","CP","U","High",1,0,0,7,11,0,NA,0,0,11
"908",1430,"trapnest_63",2023-07-17,198,"year_2023","CP","U","High",2,0,0,6,11,0,NA,0,0,11
"909",1431,"trapnest_63",2023-07-20,201,"year_2023","CP","U","High",2,0,0,6,11,0,NA,0,0,11
"910",1432,"trapnest_63",2023-07-24,205,"year_2023","CP","U","High",2,0,0,5,11,0,NA,0,0,11
"911",1433,"trapnest_63",2023-07-26,207,"year_2023","CP","U","High",1,0,0,6,11,0,NA,0,0,11
"912",1434,"trapnest_63",2023-07-28,209,"year_2023","CP","U","High",0,0,0,6,11,0,NA,0,0,11
"913",1435,"trapnest_63",2023-07-29,210,"year_2023","CP","U","High",0,0,0,6,11,0,NA,0,0,11
"914",1436,"trapnest_63",2023-08-01,213,"year_2023","CP","U","High",2,0,0,6,11,0,NA,0,0,11
"915",1437,"trapnest_63",2023-08-04,216,"year_2023","CP","U","High",2,0,0,6,11,0,NA,0,0,11
"916",1438,"trapnest_63",2023-08-09,221,"year_2023","CP","U","High",4,0,0,7,11,0,NA,0,0,11
"917",1439,"trapnest_64",2023-07-04,185,"year_2023","CP","V","Low",1,0,0,18,0,0,NA,0,0,0
"918",1440,"trapnest_64",2023-07-05,186,"year_2023","CP","V","Low",1,0,0,17,0,0,NA,0,0,0
"919",1441,"trapnest_64",2023-07-07,188,"year_2023","CP","V","Low",2,0,0,16,0,0,NA,0,0,0
"920",1442,"trapnest_64",2023-07-10,191,"year_2023","CP","V","Low",1,0,0,16,0,0,NA,0,0,0
"921",1443,"trapnest_64",2023-07-12,193,"year_2023","CP","V","Low",1,0,0,15,0,0,NA,0,0,0
"922",1444,"trapnest_64",2023-07-14,195,"year_2023","CP","V","Low",1,0,0,16,0,0,NA,0,0,0
"923",1445,"trapnest_64",2023-07-17,198,"year_2023","CP","V","Low",2,0,0,16,0,0,NA,0,0,0
"924",1446,"trapnest_64",2023-07-20,201,"year_2023","CP","V","Low",2,0,0,16,0,0,NA,0,0,0
"925",1447,"trapnest_64",2023-07-24,205,"year_2023","CP","V","Low",2,0,0,16,0,0,NA,0,0,0
"926",1448,"trapnest_64",2023-07-26,207,"year_2023","CP","V","Low",1,0,0,16,0,0,NA,0,0,0
"927",1449,"trapnest_64",2023-07-28,209,"year_2023","CP","V","Low",0,0,0,18,0,0,NA,0,0,0
"928",1450,"trapnest_64",2023-07-29,210,"year_2023","CP","V","Low",0,0,0,18,0,0,NA,0,0,0
"929",1451,"trapnest_64",2023-08-01,213,"year_2023","CP","V","Low",2,0,0,18,0,0,NA,0,0,0
"930",1452,"trapnest_64",2023-08-04,216,"year_2023","CP","V","Low",2,0,0,18,0,0,NA,0,0,0
"931",1453,"trapnest_64",2023-08-09,221,"year_2023","CP","V","Low",4,0,0,18,0,0,NA,0,0,0
"932",1454,"trapnest_65",2023-07-04,185,"year_2023","CP","V","Mid",1,0,0,12,6,0,NA,0,0,6
"933",1455,"trapnest_65",2023-07-05,186,"year_2023","CP","V","Mid",1,0,0,12,6,0,NA,0,0,6
"934",1456,"trapnest_65",2023-07-07,188,"year_2023","CP","V","Mid",2,0,0,12,6,0,NA,0,0,6
"935",1457,"trapnest_65",2023-07-10,191,"year_2023","CP","V","Mid",1,0,0,12,6,0,NA,0,0,6
"936",1458,"trapnest_65",2023-07-12,193,"year_2023","CP","V","Mid",1,0,0,12,6,0,NA,0,0,6
"937",1459,"trapnest_65",2023-07-14,195,"year_2023","CP","V","Mid",1,0,0,12,6,0,NA,0,0,6
"938",1460,"trapnest_65",2023-07-17,198,"year_2023","CP","V","Mid",2,0,0,12,6,0,NA,0,0,6
"939",1461,"trapnest_65",2023-07-20,201,"year_2023","CP","V","Mid",2,0,0,12,6,0,NA,0,0,6
"940",1462,"trapnest_65",2023-07-24,205,"year_2023","CP","V","Mid",2,0,0,12,6,0,NA,0,0,6
"941",1463,"trapnest_65",2023-07-26,207,"year_2023","CP","V","Mid",1,0,0,12,6,0,NA,0,0,6
"942",1464,"trapnest_65",2023-07-28,209,"year_2023","CP","V","Mid",0,0,0,12,6,0,NA,0,0,6
"943",1465,"trapnest_65",2023-07-29,210,"year_2023","CP","V","Mid",0,0,0,12,6,0,NA,0,0,6
"944",1466,"trapnest_65",2023-08-01,213,"year_2023","CP","V","Mid",2,0,0,12,6,0,NA,0,0,6
"945",1467,"trapnest_65",2023-08-04,216,"year_2023","CP","V","Mid",2,0,0,12,6,0,NA,0,0,6
"946",1468,"trapnest_65",2023-08-09,221,"year_2023","CP","V","Mid",4,0,0,12,6,0,NA,0,0,6
"947",1469,"trapnest_66",2023-07-04,185,"year_2023","CP","V","High",1,0,0,7,11,0,NA,0,0,11
"948",1470,"trapnest_66",2023-07-05,186,"year_2023","CP","V","High",1,0,0,6,10,0,NA,0,0,10
"949",1471,"trapnest_66",2023-07-07,188,"year_2023","CP","V","High",2,0,0,6,11,0,NA,0,0,11
"950",1472,"trapnest_66",2023-07-10,191,"year_2023","CP","V","High",1,0,0,5,11,0,NA,0,0,11
"951",1473,"trapnest_66",2023-07-12,193,"year_2023","CP","V","High",1,0,0,6,11,0,NA,0,0,11
"952",1474,"trapnest_66",2023-07-14,195,"year_2023","CP","V","High",1,0,0,6,11,0,NA,0,0,11
"953",1475,"trapnest_66",2023-07-17,198,"year_2023","CP","V","High",2,0,0,6,10,0,NA,0,0,10
"954",1476,"trapnest_66",2023-07-20,201,"year_2023","CP","V","High",2,0,0,6,11,0,NA,0,0,11
"955",1477,"trapnest_66",2023-07-24,205,"year_2023","CP","V","High",2,0,0,6,11,0,NA,0,0,11
"956",1478,"trapnest_66",2023-07-26,207,"year_2023","CP","V","High",1,0,0,6,11,0,NA,0,0,11
"957",1479,"trapnest_66",2023-07-28,209,"year_2023","CP","V","High",0,0,0,5,11,0,NA,0,0,11
"958",1480,"trapnest_66",2023-07-29,210,"year_2023","CP","V","High",0,0,0,6,11,0,NA,0,0,11
"959",1481,"trapnest_66",2023-08-01,213,"year_2023","CP","V","High",2,0,0,6,11,0,NA,0,0,11
"960",1482,"trapnest_66",2023-08-04,216,"year_2023","CP","V","High",2,0,0,5,11,0,NA,0,0,11
"961",1483,"trapnest_66",2023-08-09,221,"year_2023","CP","V","High",4,0,0,6,11,0,NA,0,0,11
"962",1484,"trapnest_67",2023-07-04,185,"year_2023","CP","W","Low",1,0,0,18,0,0,NA,0,0,0
"963",1485,"trapnest_67",2023-07-05,186,"year_2023","CP","W","Low",1,1,1,18,0,0,1,0,0,0
"964",1486,"trapnest_67",2023-07-07,188,"year_2023","CP","W","Low",2,1,1,17,1,1,1,0,1,1
"965",1487,"trapnest_67",2023-07-10,191,"year_2023","CP","W","Low",1,0,0,17,1,1,1,0,0,0
"966",1488,"trapnest_67",2023-07-12,193,"year_2023","CP","W","Low",1,1,1,17,1,1,1,0,1,1
"967",1489,"trapnest_67",2023-07-14,195,"year_2023","CP","W","Low",1,0,0,17,1,1,1,1,0,0
"968",1490,"trapnest_67",2023-07-17,198,"year_2023","CP","W","Low",2,0,0,17,1,1,0,0,1,1
"969",1491,"trapnest_67",2023-07-20,201,"year_2023","CP","W","Low",2,0,0,17,1,1,0,0,1,1
"970",1492,"trapnest_67",2023-07-24,205,"year_2023","CP","W","Low",2,0,0,18,0,0,NA,0,0,0
"971",1493,"trapnest_67",2023-07-26,207,"year_2023","CP","W","Low",1,0,0,18,0,0,NA,0,0,0
"972",1494,"trapnest_67",2023-07-28,209,"year_2023","CP","W","Low",0,0,0,18,0,0,NA,0,0,0
"973",1495,"trapnest_67",2023-07-29,210,"year_2023","CP","W","Low",0,0,0,18,0,0,NA,0,0,0
"974",1496,"trapnest_67",2023-08-01,213,"year_2023","CP","W","Low",2,0,0,18,0,0,NA,0,0,0
"975",1497,"trapnest_67",2023-08-04,216,"year_2023","CP","W","Low",2,0,0,18,0,0,NA,0,0,0
"976",1498,"trapnest_67",2023-08-09,221,"year_2023","CP","W","Low",4,0,0,18,0,0,NA,0,0,0
"977",1499,"trapnest_68",2023-07-04,185,"year_2023","CP","W","Mid",1,0,0,12,6,0,NA,0,0,6
"978",1500,"trapnest_68",2023-07-05,186,"year_2023","CP","W","Mid",1,0,0,12,6,0,NA,0,0,6
"979",1501,"trapnest_68",2023-07-07,188,"year_2023","CP","W","Mid",2,0,0,12,6,0,NA,0,0,6
"980",1502,"trapnest_68",2023-07-10,191,"year_2023","CP","W","Mid",1,0,0,12,6,0,NA,0,0,6
"981",1503,"trapnest_68",2023-07-12,193,"year_2023","CP","W","Mid",1,0,0,12,6,0,NA,0,0,6
"982",1504,"trapnest_68",2023-07-14,195,"year_2023","CP","W","Mid",1,0,0,12,6,0,NA,0,0,6
"983",1505,"trapnest_68",2023-07-17,198,"year_2023","CP","W","Mid",2,0,0,12,6,0,NA,0,0,6
"984",1506,"trapnest_68",2023-07-20,201,"year_2023","CP","W","Mid",2,0,0,12,6,0,NA,0,0,6
"985",1507,"trapnest_68",2023-07-24,205,"year_2023","CP","W","Mid",2,0,0,12,6,0,NA,0,0,6
"986",1508,"trapnest_68",2023-07-26,207,"year_2023","CP","W","Mid",1,0,0,12,6,0,NA,0,0,6
"987",1509,"trapnest_68",2023-07-28,209,"year_2023","CP","W","Mid",0,0,0,12,6,0,NA,0,0,6
"988",1510,"trapnest_68",2023-07-29,210,"year_2023","CP","W","Mid",0,0,0,12,6,0,NA,0,0,6
"989",1511,"trapnest_68",2023-08-01,213,"year_2023","CP","W","Mid",2,0,0,12,6,0,NA,0,0,6
"990",1512,"trapnest_68",2023-08-04,216,"year_2023","CP","W","Mid",2,0,0,12,6,0,NA,0,0,6
"991",1513,"trapnest_68",2023-08-09,221,"year_2023","CP","W","Mid",4,0,0,12,6,0,NA,0,0,6
"992",1514,"trapnest_69",2023-07-04,185,"year_2023","CP","W","High",1,0,0,7,11,0,NA,0,0,11
"993",1515,"trapnest_69",2023-07-05,186,"year_2023","CP","W","High",1,0,0,7,11,0,NA,0,0,11
"994",1516,"trapnest_69",2023-07-07,188,"year_2023","CP","W","High",2,0,0,7,11,0,NA,0,0,11
"995",1517,"trapnest_69",2023-07-10,191,"year_2023","CP","W","High",1,0,0,7,11,0,NA,0,0,11
"996",1518,"trapnest_69",2023-07-12,193,"year_2023","CP","W","High",1,0,0,7,11,0,NA,0,0,11
"997",1519,"trapnest_69",2023-07-14,195,"year_2023","CP","W","High",1,0,0,7,11,0,NA,0,0,11
"998",1520,"trapnest_69",2023-07-17,198,"year_2023","CP","W","High",2,0,0,7,11,0,NA,0,0,11
"999",1521,"trapnest_69",2023-07-20,201,"year_2023","CP","W","High",2,0,0,7,11,0,NA,0,0,11
"1000",1522,"trapnest_69",2023-07-24,205,"year_2023","CP","W","High",2,0,0,7,11,0,NA,0,0,11
"1001",1523,"trapnest_69",2023-07-26,207,"year_2023","CP","W","High",1,0,0,7,11,0,NA,0,0,11
"1002",1524,"trapnest_69",2023-07-28,209,"year_2023","CP","W","High",0,0,0,7,11,0,NA,0,0,11
"1003",1525,"trapnest_69",2023-07-29,210,"year_2023","CP","W","High",0,0,0,7,11,0,NA,0,0,11
"1004",1526,"trapnest_69",2023-08-01,213,"year_2023","CP","W","High",2,0,0,7,11,0,NA,0,0,11
"1005",1527,"trapnest_69",2023-08-04,216,"year_2023","CP","W","High",2,0,0,7,11,0,NA,0,0,11
"1006",1528,"trapnest_69",2023-08-09,221,"year_2023","CP","W","High",4,0,0,7,11,0,NA,0,0,11
"1007",1529,"trapnest_6",2023-06-02,153,"year_2023","BP","B","High",2,0,0,8,0,0,NA,0,0,0
"1008",1530,"trapnest_6",2023-06-05,156,"year_2023","BP","B","High",1,0,1,7,0,0,NA,0,0,0
"1009",1531,"trapnest_6",2023-06-08,159,"year_2023","BP","B","High",2,0,0,7,0,0,NA,0,0,0
"1010",1532,"trapnest_6",2023-06-10,161,"year_2023","BP","B","High",0,0,0,7,0,0,NA,0,0,0
"1011",1533,"trapnest_6",2023-06-12,163,"year_2023","BP","B","High",1,0,0,7,0,0,NA,0,0,0
"1012",1534,"trapnest_6",2023-06-14,165,"year_2023","BP","B","High",0,0,0,7,0,0,NA,0,0,0
"1013",1535,"trapnest_6",2023-06-16,167,"year_2023","BP","B","High",1,0,0,7,0,0,NA,0,0,0
"1014",1536,"trapnest_6",2023-06-20,171,"year_2023","BP","B","High",3,0,0,6,0,0,NA,0,0,0
"1015",1537,"trapnest_6",2023-06-23,174,"year_2023","BP","B","High",3,0,0,6,0,0,NA,0,0,0
"1016",1538,"trapnest_6",2023-06-29,180,"year_2023","BP","B","High",1,0,0,6,0,0,NA,0,0,0
"1017",1539,"trapnest_6",2023-05-11,131,"year_2023","BP","B","High",3,0,0,7,0,0,NA,0,0,0
"1018",1540,"trapnest_6",2023-05-12,132,"year_2023","BP","B","High",1,0,0,7,0,0,NA,0,0,0
"1019",1541,"trapnest_6",2023-05-15,135,"year_2023","BP","B","High",3,0,0,7,0,0,NA,0,0,0
"1020",1542,"trapnest_6",2023-05-16,136,"year_2023","BP","B","High",1,0,0,7,0,0,NA,0,0,0
"1021",1543,"trapnest_6",2023-05-17,137,"year_2023","BP","B","High",1,0,0,7,0,0,NA,0,0,0
"1022",1544,"trapnest_6",2023-05-19,139,"year_2023","BP","B","High",2,0,0,7,0,0,NA,0,0,0
"1023",1545,"trapnest_6",2023-05-21,141,"year_2023","BP","B","High",1,0,0,7,0,0,NA,0,0,0
"1024",1546,"trapnest_6",2023-05-22,142,"year_2023","BP","B","High",1,0,0,7,0,0,NA,0,0,0
"1025",1547,"trapnest_6",2023-05-23,143,"year_2023","BP","B","High",1,0,0,7,0,0,NA,0,0,0
"1026",1548,"trapnest_6",2023-05-26,146,"year_2023","BP","B","High",2,0,0,7,0,0,NA,0,0,0
"1027",1549,"trapnest_6",2023-05-28,148,"year_2023","BP","B","High",2,0,0,7,0,0,NA,0,0,0
"1028",1550,"trapnest_6",2023-05-29,149,"year_2023","BP","B","High",1,0,1,7,0,0,NA,0,0,0
"1029",1551,"trapnest_6",2023-05-31,151,"year_2023","BP","B","High",2,0,3,7,0,0,NA,0,0,0
"1030",1552,"trapnest_70",2023-07-04,185,"year_2023","CP","X","Low",1,0,0,18,0,0,NA,0,0,0
"1031",1553,"trapnest_70",2023-07-05,186,"year_2023","CP","X","Low",1,0,0,17,0,0,NA,0,0,0
"1032",1554,"trapnest_70",2023-07-07,188,"year_2023","CP","X","Low",2,0,0,17,0,0,NA,0,0,0
"1033",1555,"trapnest_70",2023-07-10,191,"year_2023","CP","X","Low",1,0,0,17,0,0,NA,0,0,0
"1034",1556,"trapnest_70",2023-07-12,193,"year_2023","CP","X","Low",1,0,0,17,0,0,NA,0,0,0
"1035",1557,"trapnest_70",2023-07-14,195,"year_2023","CP","X","Low",1,0,0,18,0,0,NA,0,0,0
"1036",1558,"trapnest_70",2023-07-17,198,"year_2023","CP","X","Low",2,0,0,18,0,0,NA,0,0,0
"1037",1559,"trapnest_70",2023-07-20,201,"year_2023","CP","X","Low",2,0,0,18,0,0,NA,0,0,0
"1038",1560,"trapnest_70",2023-07-24,205,"year_2023","CP","X","Low",2,0,0,18,0,0,NA,0,0,0
"1039",1561,"trapnest_70",2023-07-26,207,"year_2023","CP","X","Low",1,0,0,18,0,0,NA,0,0,0
"1040",1562,"trapnest_70",2023-07-28,209,"year_2023","CP","X","Low",0,0,0,18,0,0,NA,0,0,0
"1041",1563,"trapnest_70",2023-07-29,210,"year_2023","CP","X","Low",0,0,0,18,0,0,NA,0,0,0
"1042",1564,"trapnest_70",2023-08-01,213,"year_2023","CP","X","Low",2,0,0,18,0,0,NA,0,0,0
"1043",1565,"trapnest_70",2023-08-04,216,"year_2023","CP","X","Low",2,0,0,18,0,0,NA,0,0,0
"1044",1566,"trapnest_70",2023-08-09,221,"year_2023","CP","X","Low",4,1,1,18,0,0,1,0,0,0
"1045",1567,"trapnest_71",2023-07-04,185,"year_2023","CP","X","Mid",1,0,0,12,6,0,NA,0,0,6
"1046",1568,"trapnest_71",2023-07-05,186,"year_2023","CP","X","Mid",1,0,0,12,6,0,NA,0,0,6
"1047",1569,"trapnest_71",2023-07-07,188,"year_2023","CP","X","Mid",2,1,1,12,6,0,1,0,0,6
"1048",1570,"trapnest_71",2023-07-10,191,"year_2023","CP","X","Mid",1,0,0,12,6,1,0,0,1,6
"1049",1571,"trapnest_71",2023-07-12,193,"year_2023","CP","X","Mid",1,0,0,12,6,1,0,0,1,6
"1050",1572,"trapnest_71",2023-07-14,195,"year_2023","CP","X","Mid",1,0,0,12,6,0,NA,0,0,6
"1051",1573,"trapnest_71",2023-07-17,198,"year_2023","CP","X","Mid",2,1,1,12,6,0,1,0,0,6
"1052",1574,"trapnest_71",2023-07-20,201,"year_2023","CP","X","Mid",2,1,1,12,6,0,1,0,0,6
"1053",1575,"trapnest_71",2023-07-24,205,"year_2023","CP","X","Mid",2,1,1,12,6,1,1,0,1,6
"1054",1576,"trapnest_71",2023-07-26,207,"year_2023","CP","X","Mid",1,0,0,12,6,2,1,0,1,5
"1055",1577,"trapnest_71",2023-07-28,209,"year_2023","CP","X","Mid",0,1,1,12,6,2,2,0,1,5
"1056",1578,"trapnest_71",2023-07-29,210,"year_2023","CP","X","Mid",0,0,0,12,6,3,2,0,2,5
"1057",1579,"trapnest_71",2023-08-01,213,"year_2023","CP","X","Mid",2,0,0,12,6,3,2,0,2,5
"1058",1580,"trapnest_71",2023-08-04,216,"year_2023","CP","X","Mid",2,0,0,12,6,3,0,0,3,6
"1059",1581,"trapnest_71",2023-08-09,221,"year_2023","CP","X","Mid",4,1,1,12,6,3,1,0,3,6
"1060",1582,"trapnest_72",2023-07-04,185,"year_2023","CP","X","High",1,0,0,7,11,0,NA,0,0,11
"1061",1583,"trapnest_72",2023-07-05,186,"year_2023","CP","X","High",1,0,0,7,11,0,NA,0,0,11
"1062",1584,"trapnest_72",2023-07-07,188,"year_2023","CP","X","High",2,0,0,7,11,0,NA,0,0,11
"1063",1585,"trapnest_72",2023-07-10,191,"year_2023","CP","X","High",1,0,0,7,11,0,NA,0,0,11
"1064",1586,"trapnest_72",2023-07-12,193,"year_2023","CP","X","High",1,0,0,7,11,0,NA,0,0,11
"1065",1587,"trapnest_72",2023-07-14,195,"year_2023","CP","X","High",1,0,0,7,11,0,NA,0,0,11
"1066",1588,"trapnest_72",2023-07-17,198,"year_2023","CP","X","High",2,0,0,7,11,0,NA,0,0,11
"1067",1589,"trapnest_72",2023-07-20,201,"year_2023","CP","X","High",2,0,0,7,11,0,NA,0,0,11
"1068",1590,"trapnest_72",2023-07-24,205,"year_2023","CP","X","High",2,0,0,7,11,0,NA,0,0,11
"1069",1591,"trapnest_72",2023-07-26,207,"year_2023","CP","X","High",1,0,0,7,11,0,NA,0,0,11
"1070",1592,"trapnest_72",2023-07-28,209,"year_2023","CP","X","High",0,0,0,7,11,0,NA,0,0,11
"1071",1593,"trapnest_72",2023-07-29,210,"year_2023","CP","X","High",0,0,0,7,11,0,NA,0,0,11
"1072",1594,"trapnest_72",2023-08-01,213,"year_2023","CP","X","High",2,0,0,7,11,0,NA,0,0,11
"1073",1595,"trapnest_72",2023-08-04,216,"year_2023","CP","X","High",2,0,0,7,11,0,NA,0,0,11
"1074",1596,"trapnest_72",2023-08-09,221,"year_2023","CP","X","High",4,0,0,7,11,0,NA,0,0,11
"1075",1597,"trapnest_73",2024-06-05,157,"year_2024","BP","AA","Low",2,0,0,18,0,0,NA,0,0,0
"1076",1598,"trapnest_73",2024-06-11,163,"year_2024","BP","AA","Low",1,0,0,18,0,0,NA,0,0,0
"1077",1599,"trapnest_73",2024-06-14,166,"year_2024","BP","AA","Low",1,0,0,18,0,0,NA,0,0,0
"1078",1600,"trapnest_73",2024-06-17,169,"year_2024","BP","AA","Low",3,0,0,18,0,0,NA,0,0,0
"1079",1601,"trapnest_73",2024-06-21,173,"year_2024","BP","AA","Low",4,1,1,18,0,0,1,0,0,0
"1080",1602,"trapnest_73",2024-06-25,177,"year_2024","BP","AA","Low",1,0,0,17,1,1,1,1,0,0
"1081",1603,"trapnest_73",2024-06-28,180,"year_2024","BP","AA","Low",3,0,0,17,1,1,1,1,0,0
"1082",1604,"trapnest_73",2024-07-02,184,"year_2024","BP","AA","Low",3,0,0,16,1,1,0,0,1,1
"1083",1605,"trapnest_73",2024-07-05,187,"year_2024","BP","AA","Low",3,0,0,16,0,0,NA,0,0,0
"1084",1606,"trapnest_73",2024-07-08,190,"year_2024","BP","AA","Low",2,0,0,16,0,0,NA,0,0,0
"1085",1607,"trapnest_73",2024-07-13,195,"year_2024","BP","AA","Low",2,0,0,16,0,0,NA,0,0,0
"1086",1608,"trapnest_73",2024-07-16,198,"year_2024","BP","AA","Low",3,0,0,16,0,0,NA,0,0,0
"1087",1609,"trapnest_73",2024-07-19,201,"year_2024","BP","AA","Low",2,0,0,17,0,0,NA,0,0,0
"1088",1610,"trapnest_73",2024-07-22,204,"year_2024","BP","AA","Low",3,0,0,16,0,0,NA,0,0,0
"1089",1611,"trapnest_73",2024-07-26,208,"year_2024","BP","AA","Low",2,0,0,17,0,0,NA,0,0,0
"1090",1612,"trapnest_73",2024-07-29,211,"year_2024","BP","AA","Low",3,0,0,16,0,0,NA,0,0,0
"1091",1613,"trapnest_73",2024-08-02,215,"year_2024","BP","AA","Low",3,0,0,16,0,0,NA,0,0,0
"1092",1614,"trapnest_73",2024-08-06,219,"year_2024","BP","AA","Low",3,0,0,17,0,0,NA,0,0,0
"1093",1615,"trapnest_73",2024-08-08,221,"year_2024","BP","AA","Low",0,0,0,17,0,0,NA,0,0,0
"1094",1616,"trapnest_73",2024-08-12,225,"year_2024","BP","AA","Low",3,0,0,17,0,0,NA,0,0,0
"1095",1617,"trapnest_74",2024-06-05,157,"year_2024","BP","AA","Mid",2,0,0,12,6,0,NA,0,0,6
"1096",1618,"trapnest_74",2024-06-11,163,"year_2024","BP","AA","Mid",1,0,0,12,6,0,NA,0,0,6
"1097",1619,"trapnest_74",2024-06-14,166,"year_2024","BP","AA","Mid",1,0,0,12,6,0,NA,0,0,6
"1098",1620,"trapnest_74",2024-06-17,169,"year_2024","BP","AA","Mid",3,0,0,12,6,0,NA,0,0,6
"1099",1621,"trapnest_74",2024-06-21,173,"year_2024","BP","AA","Mid",4,0,0,12,6,0,NA,0,0,6
"1100",1622,"trapnest_74",2024-06-25,177,"year_2024","BP","AA","Mid",1,0,0,12,6,0,NA,0,0,6
"1101",1623,"trapnest_74",2024-06-28,180,"year_2024","BP","AA","Mid",3,0,0,12,6,0,NA,0,0,6
"1102",1624,"trapnest_74",2024-07-02,184,"year_2024","BP","AA","Mid",3,0,0,12,6,0,NA,0,0,6
"1103",1625,"trapnest_74",2024-07-05,187,"year_2024","BP","AA","Mid",3,0,0,12,6,0,NA,0,0,6
"1104",1626,"trapnest_74",2024-07-08,190,"year_2024","BP","AA","Mid",2,0,0,12,6,0,NA,0,0,6
"1105",1627,"trapnest_74",2024-07-13,195,"year_2024","BP","AA","Mid",2,0,0,12,6,0,NA,0,0,6
"1106",1628,"trapnest_74",2024-07-16,198,"year_2024","BP","AA","Mid",3,0,0,12,6,0,NA,0,0,6
"1107",1629,"trapnest_74",2024-07-19,201,"year_2024","BP","AA","Mid",2,0,0,12,6,0,NA,0,0,6
"1108",1630,"trapnest_74",2024-07-22,204,"year_2024","BP","AA","Mid",3,0,0,12,6,0,NA,0,0,6
"1109",1631,"trapnest_74",2024-07-26,208,"year_2024","BP","AA","Mid",2,0,0,12,6,0,NA,0,0,6
"1110",1632,"trapnest_74",2024-07-29,211,"year_2024","BP","AA","Mid",3,0,0,12,6,0,NA,0,0,6
"1111",1633,"trapnest_74",2024-08-02,215,"year_2024","BP","AA","Mid",3,0,0,12,6,0,NA,0,0,6
"1112",1634,"trapnest_74",2024-08-06,219,"year_2024","BP","AA","Mid",3,0,0,12,6,0,NA,0,0,6
"1113",1635,"trapnest_74",2024-08-08,221,"year_2024","BP","AA","Mid",0,0,0,12,6,0,NA,0,0,6
"1114",1636,"trapnest_74",2024-08-12,225,"year_2024","BP","AA","Mid",3,0,0,12,6,0,NA,0,0,6
"1115",1637,"trapnest_75",2024-06-05,157,"year_2024","BP","AA","High",2,0,0,7,11,0,NA,0,0,11
"1116",1638,"trapnest_75",2024-06-11,163,"year_2024","BP","AA","High",1,0,0,7,11,0,NA,0,0,11
"1117",1639,"trapnest_75",2024-06-14,166,"year_2024","BP","AA","High",1,0,0,6,11,0,NA,0,0,11
"1118",1640,"trapnest_75",2024-06-17,169,"year_2024","BP","AA","High",3,0,0,6,11,0,NA,0,0,11
"1119",1641,"trapnest_75",2024-06-21,173,"year_2024","BP","AA","High",4,1,1,6,11,0,1,0,0,11
"1120",1642,"trapnest_75",2024-06-25,177,"year_2024","BP","AA","High",1,1,1,7,11,1,1,0,1,11
"1121",1643,"trapnest_75",2024-06-28,180,"year_2024","BP","AA","High",3,0,0,7,11,2,1,0,1,10
"1122",1644,"trapnest_75",2024-07-02,184,"year_2024","BP","AA","High",3,0,0,7,11,2,1,0,1,10
"1123",1645,"trapnest_75",2024-07-05,187,"year_2024","BP","AA","High",3,0,0,7,11,2,1,0,1,10
"1124",1646,"trapnest_75",2024-07-08,190,"year_2024","BP","AA","High",2,0,0,7,11,2,1,0,1,10
"1125",1647,"trapnest_75",2024-07-13,195,"year_2024","BP","AA","High",2,0,0,7,11,2,1,0,1,10
"1126",1648,"trapnest_75",2024-07-16,198,"year_2024","BP","AA","High",3,0,0,7,11,2,1,0,1,10
"1127",1649,"trapnest_75",2024-07-19,201,"year_2024","BP","AA","High",2,0,0,7,11,2,1,0,1,10
"1128",1650,"trapnest_75",2024-07-22,204,"year_2024","BP","AA","High",3,0,0,7,11,2,1,0,1,10
"1129",1651,"trapnest_75",2024-07-26,208,"year_2024","BP","AA","High",2,0,0,7,11,2,1,0,1,10
"1130",1652,"trapnest_75",2024-07-29,211,"year_2024","BP","AA","High",3,0,0,6,11,1,1,0,0,10
"1131",1653,"trapnest_75",2024-08-02,215,"year_2024","BP","AA","High",3,0,0,6,10,1,1,0,0,9
"1132",1654,"trapnest_75",2024-08-06,219,"year_2024","BP","AA","High",3,0,0,6,10,0,NA,0,0,10
"1133",1655,"trapnest_75",2024-08-08,221,"year_2024","BP","AA","High",0,0,0,6,10,0,NA,0,0,10
"1134",1656,"trapnest_75",2024-08-12,225,"year_2024","BP","AA","High",3,0,0,6,10,0,NA,0,0,10
"1135",1657,"trapnest_76",2024-06-05,157,"year_2024","BP","AB","Low",2,0,0,18,0,0,NA,0,0,0
"1136",1658,"trapnest_76",2024-06-11,163,"year_2024","BP","AB","Low",1,0,0,18,0,0,NA,0,0,0
"1137",1659,"trapnest_76",2024-06-14,166,"year_2024","BP","AB","Low",1,0,0,18,0,0,NA,0,0,0
"1138",1660,"trapnest_76",2024-06-17,169,"year_2024","BP","AB","Low",3,0,0,18,0,0,NA,0,0,0
"1139",1661,"trapnest_76",2024-06-21,173,"year_2024","BP","AB","Low",4,0,0,18,0,0,NA,0,0,0
"1140",1662,"trapnest_76",2024-06-25,177,"year_2024","BP","AB","Low",1,0,0,18,0,0,NA,0,0,0
"1141",1663,"trapnest_76",2024-06-28,180,"year_2024","BP","AB","Low",3,0,0,18,0,0,NA,0,0,0
"1142",1664,"trapnest_76",2024-07-02,184,"year_2024","BP","AB","Low",3,1,1,18,0,0,1,0,0,0
"1143",1665,"trapnest_76",2024-07-05,187,"year_2024","BP","AB","Low",3,0,0,17,1,1,1,0,0,0
"1144",1666,"trapnest_76",2024-07-08,190,"year_2024","BP","AB","Low",2,0,0,17,1,1,1,0,0,0
"1145",1667,"trapnest_76",2024-07-13,195,"year_2024","BP","AB","Low",2,0,0,17,1,1,1,0,0,0
"1146",1668,"trapnest_76",2024-07-16,198,"year_2024","BP","AB","Low",3,0,0,17,0,0,NA,0,0,0
"1147",1669,"trapnest_76",2024-07-19,201,"year_2024","BP","AB","Low",2,0,0,17,0,0,NA,0,0,0
"1148",1670,"trapnest_76",2024-07-22,204,"year_2024","BP","AB","Low",3,0,0,17,0,0,NA,0,0,0
"1149",1671,"trapnest_76",2024-07-26,208,"year_2024","BP","AB","Low",2,0,0,17,0,0,NA,0,0,0
"1150",1672,"trapnest_76",2024-07-29,211,"year_2024","BP","AB","Low",3,0,0,17,0,0,NA,0,0,0
"1151",1673,"trapnest_76",2024-08-02,215,"year_2024","BP","AB","Low",3,0,0,18,0,0,NA,0,0,0
"1152",1674,"trapnest_76",2024-08-06,219,"year_2024","BP","AB","Low",3,0,0,18,0,0,NA,0,0,0
"1153",1675,"trapnest_76",2024-08-08,221,"year_2024","BP","AB","Low",0,0,0,18,0,0,NA,0,0,0
"1154",1676,"trapnest_76",2024-08-12,225,"year_2024","BP","AB","Low",3,0,0,18,0,0,NA,0,0,0
"1155",1677,"trapnest_77",2024-06-05,157,"year_2024","BP","AB","Mid",2,0,1,12,6,0,NA,0,0,6
"1156",1678,"trapnest_77",2024-06-11,163,"year_2024","BP","AB","Mid",1,0,0,11,6,0,NA,0,0,6
"1157",1679,"trapnest_77",2024-06-14,166,"year_2024","BP","AB","Mid",1,0,0,11,6,0,NA,0,0,6
"1158",1680,"trapnest_77",2024-06-17,169,"year_2024","BP","AB","Mid",3,0,0,11,6,0,NA,0,0,6
"1159",1681,"trapnest_77",2024-06-21,173,"year_2024","BP","AB","Mid",4,1,1,11,6,0,1,0,0,6
"1160",1682,"trapnest_77",2024-06-25,177,"year_2024","BP","AB","Mid",1,0,0,12,6,1,1,0,0,5
"1161",1683,"trapnest_77",2024-06-28,180,"year_2024","BP","AB","Mid",3,0,0,12,6,1,1,0,0,5
"1162",1684,"trapnest_77",2024-07-02,184,"year_2024","BP","AB","Mid",3,0,0,12,6,1,0,0,1,6
"1163",1685,"trapnest_77",2024-07-05,187,"year_2024","BP","AB","Mid",3,1,1,12,6,1,1,0,1,6
"1164",1686,"trapnest_77",2024-07-08,190,"year_2024","BP","AB","Mid",2,0,0,12,6,2,1,0,1,5
"1165",1687,"trapnest_77",2024-07-13,195,"year_2024","BP","AB","Mid",2,0,0,12,6,2,1,0,1,5
"1166",1688,"trapnest_77",2024-07-16,198,"year_2024","BP","AB","Mid",3,1,1,12,6,2,2,0,1,5
"1167",1689,"trapnest_77",2024-07-19,201,"year_2024","BP","AB","Mid",2,0,0,12,6,3,2,0,2,5
"1168",1690,"trapnest_77",2024-07-22,204,"year_2024","BP","AB","Mid",3,1,1,12,6,3,2,0,2,5
"1169",1691,"trapnest_77",2024-07-26,208,"year_2024","BP","AB","Mid",2,0,0,12,6,3,0,0,3,6
"1170",1692,"trapnest_77",2024-07-29,211,"year_2024","BP","AB","Mid",3,1,1,12,6,3,1,0,3,6
"1171",1693,"trapnest_77",2024-08-02,215,"year_2024","BP","AB","Mid",3,1,1,12,6,3,0,0,3,6
"1172",1694,"trapnest_77",2024-08-06,219,"year_2024","BP","AB","Mid",3,2,2,12,6.5,3.5,2,0,4,7
"1173",1695,"trapnest_77",2024-08-08,221,"year_2024","BP","AB","Mid",0,0,0,12,6,3,2,0,3,6
"1174",1696,"trapnest_77",2024-08-12,225,"year_2024","BP","AB","Mid",3,0,0,12,6,3,1,0,3,6
"1175",1697,"trapnest_78",2024-06-05,157,"year_2024","BP","AB","High",2,0,0,7,11,0,NA,0,0,11
"1176",1698,"trapnest_78",2024-06-11,163,"year_2024","BP","AB","High",1,0,0,7,11,0,NA,0,0,11
"1177",1699,"trapnest_78",2024-06-14,166,"year_2024","BP","AB","High",1,0,0,7,11,0,NA,0,0,11
"1178",1700,"trapnest_78",2024-06-17,169,"year_2024","BP","AB","High",3,0,0,7,11,0,NA,0,0,11
"1179",1701,"trapnest_78",2024-06-21,173,"year_2024","BP","AB","High",4,0,0,7,11,0,NA,0,0,11
"1180",1702,"trapnest_78",2024-06-25,177,"year_2024","BP","AB","High",1,1,1,7,11,0,1,0,0,11
"1181",1703,"trapnest_78",2024-06-28,180,"year_2024","BP","AB","High",3,0,0,7,11,1,1,0,0,10
"1182",1704,"trapnest_78",2024-07-02,184,"year_2024","BP","AB","High",3,0,0,7,11,1,1,0,0,10
"1183",1705,"trapnest_78",2024-07-05,187,"year_2024","BP","AB","High",3,1,1,6,11,1,2,0,0,10
"1184",1706,"trapnest_78",2024-07-08,190,"year_2024","BP","AB","High",2,0,0,6,11,2,2,0,0,9
"1185",1707,"trapnest_78",2024-07-13,195,"year_2024","BP","AB","High",2,0,0,6,11,2,2,0,0,9
"1186",1708,"trapnest_78",2024-07-16,198,"year_2024","BP","AB","High",3,1,1,6,11,2,3,0,0,9
"1187",1709,"trapnest_78",2024-07-19,201,"year_2024","BP","AB","High",2,0,0,6,11,3,3,0,1,9
"1188",1710,"trapnest_78",2024-07-22,204,"year_2024","BP","AB","High",3,0,0,6,11,3,3,0,1,9
"1189",1711,"trapnest_78",2024-07-26,208,"year_2024","BP","AB","High",2,0,0,6,11,3,3,0,1,9
"1190",1712,"trapnest_78",2024-07-29,211,"year_2024","BP","AB","High",3,0,0,6,11,2,2,0,1,10
"1191",1713,"trapnest_78",2024-08-02,215,"year_2024","BP","AB","High",3,1,1,6,11,2,3,0,1,10
"1192",1714,"trapnest_78",2024-08-06,219,"year_2024","BP","AB","High",3,0,0,5,13,2,1,0,2,13
"1193",1715,"trapnest_78",2024-08-08,221,"year_2024","BP","AB","High",0,0,0,6,12,2,1,0,2,12
"1194",1716,"trapnest_78",2024-08-12,225,"year_2024","BP","AB","High",3,0,0,6,12,2,1,0,2,12
"1195",1717,"trapnest_79",2024-06-05,157,"year_2024","BP","AC","Low",2,0,0,18,0,0,NA,0,0,0
"1196",1718,"trapnest_79",2024-06-11,163,"year_2024","BP","AC","Low",1,0,0,18,0,0,NA,0,0,0
"1197",1719,"trapnest_79",2024-06-14,166,"year_2024","BP","AC","Low",1,0,0,18,0,0,NA,0,0,0
"1198",1720,"trapnest_79",2024-06-17,169,"year_2024","BP","AC","Low",3,0,0,18,0,0,NA,0,0,0
"1199",1721,"trapnest_79",2024-06-21,173,"year_2024","BP","AC","Low",4,0,0,18,0,0,NA,0,0,0
"1200",1722,"trapnest_79",2024-06-25,177,"year_2024","BP","AC","Low",1,0,0,18,0,0,NA,0,0,0
"1201",1723,"trapnest_79",2024-06-28,180,"year_2024","BP","AC","Low",3,0,0,18,0,0,NA,0,0,0
"1202",1724,"trapnest_79",2024-07-02,184,"year_2024","BP","AC","Low",3,0,0,18,0,0,NA,0,0,0
"1203",1725,"trapnest_79",2024-07-05,187,"year_2024","BP","AC","Low",3,0,0,18,0,0,NA,0,0,0
"1204",1726,"trapnest_79",2024-07-08,190,"year_2024","BP","AC","Low",2,0,0,18,0,0,NA,0,0,0
"1205",1727,"trapnest_79",2024-07-13,195,"year_2024","BP","AC","Low",2,0,0,18,0,0,NA,0,0,0
"1206",1728,"trapnest_79",2024-07-16,198,"year_2024","BP","AC","Low",3,0,0,18,0,0,NA,0,0,0
"1207",1729,"trapnest_79",2024-07-19,201,"year_2024","BP","AC","Low",2,0,0,18,0,0,NA,0,0,0
"1208",1730,"trapnest_79",2024-07-22,204,"year_2024","BP","AC","Low",3,0,0,18,0,0,NA,0,0,0
"1209",1731,"trapnest_79",2024-07-26,208,"year_2024","BP","AC","Low",2,0,0,18,0,0,NA,0,0,0
"1210",1732,"trapnest_79",2024-07-29,211,"year_2024","BP","AC","Low",3,0,0,18,0,0,NA,0,0,0
"1211",1733,"trapnest_79",2024-08-02,215,"year_2024","BP","AC","Low",3,0,0,18,0,0,NA,0,0,0
"1212",1734,"trapnest_79",2024-08-06,219,"year_2024","BP","AC","Low",3,0,0,18,0,0,NA,0,0,0
"1213",1735,"trapnest_79",2024-08-08,221,"year_2024","BP","AC","Low",0,0,0,18,0,0,NA,0,0,0
"1214",1736,"trapnest_79",2024-08-12,225,"year_2024","BP","AC","Low",3,0,0,18,0,0,NA,0,0,0
"1215",1737,"trapnest_7",2023-05-11,131,"year_2023","BP","C","Low",3,0,0,18,0,0,NA,0,0,0
"1216",1738,"trapnest_7",2023-05-12,132,"year_2023","BP","C","Low",1,0,0,18,0,0,NA,0,0,0
"1217",1739,"trapnest_7",2023-05-15,135,"year_2023","BP","C","Low",3,0,0,18,0,0,NA,0,0,0
"1218",1740,"trapnest_7",2023-05-16,136,"year_2023","BP","C","Low",1,0,0,18,0,0,NA,0,0,0
"1219",1741,"trapnest_7",2023-05-17,137,"year_2023","BP","C","Low",1,0,0,18,0,0,NA,0,0,0
"1220",1742,"trapnest_7",2023-05-19,139,"year_2023","BP","C","Low",2,0,0,18,0,0,NA,0,0,0
"1221",1743,"trapnest_7",2023-05-21,141,"year_2023","BP","C","Low",1,0,0,18,0,0,NA,0,0,0
"1222",1744,"trapnest_7",2023-05-22,142,"year_2023","BP","C","Low",1,0,1,18,0,0,NA,0,0,0
"1223",1745,"trapnest_7",2023-05-23,143,"year_2023","BP","C","Low",1,0,0,17,0,0,NA,0,0,0
"1224",1746,"trapnest_7",2023-05-26,146,"year_2023","BP","C","Low",2,0,0,18,0,0,NA,0,0,0
"1225",1747,"trapnest_7",2023-05-28,148,"year_2023","BP","C","Low",2,0,0,18,0,0,NA,0,0,0
"1226",1748,"trapnest_7",2023-05-29,149,"year_2023","BP","C","Low",1,1,6,18,0,0,1,0,0,0
"1227",1749,"trapnest_7",2023-05-31,151,"year_2023","BP","C","Low",2,0,1,14,1,1,1,0,0,0
"1228",1750,"trapnest_7",2023-06-02,153,"year_2023","BP","C","Low",2,1,1,13,1,1,1,0,1,1
"1229",1751,"trapnest_7",2023-06-05,156,"year_2023","BP","C","Low",1,2,2,14,1.5,1.5,3,0,1,1
"1230",1752,"trapnest_7",2023-06-08,159,"year_2023","BP","C","Low",2,0,1,13,3,3,3,0,2,2
"1231",1753,"trapnest_7",2023-06-10,161,"year_2023","BP","C","Low",0,0,0,14,3,3,3,0,2,2
"1232",1754,"trapnest_7",2023-06-12,163,"year_2023","BP","C","Low",1,0,0,14,3,3,3,0,2,2
"1233",1755,"trapnest_7",2023-06-14,165,"year_2023","BP","C","Low",0,1,2,14,3,3,4,0,1,1
"1234",1756,"trapnest_7",2023-06-16,167,"year_2023","BP","C","Low",1,0,0,13,3,3,2,0,1,1
"1235",1757,"trapnest_7",2023-06-20,171,"year_2023","BP","C","Low",3,0,0,15,2,2,2,0,0,0
"1236",1758,"trapnest_7",2023-06-23,174,"year_2023","BP","C","Low",3,1,2,15,2,2,2,0,1,1
"1237",1759,"trapnest_7",2023-06-29,180,"year_2023","BP","C","Low",1,5,5,15,4,4,6,0,1,1
"1238",1760,"trapnest_80",2024-06-05,157,"year_2024","BP","AC","Mid",2,0,0,10,6,0,NA,0,0,6
"1239",1761,"trapnest_80",2024-06-11,163,"year_2024","BP","AC","Mid",1,0,0,10,6,0,NA,0,0,6
"1240",1762,"trapnest_80",2024-06-14,166,"year_2024","BP","AC","Mid",1,0,0,10,6,0,NA,0,0,6
"1241",1763,"trapnest_80",2024-06-17,169,"year_2024","BP","AC","Mid",3,0,0,10,6,0,NA,0,0,6
"1242",1764,"trapnest_80",2024-06-21,173,"year_2024","BP","AC","Mid",4,0,0,12,6,0,NA,0,0,6
"1243",1765,"trapnest_80",2024-06-25,177,"year_2024","BP","AC","Mid",1,0,0,12,6,0,NA,0,0,6
"1244",1766,"trapnest_80",2024-06-28,180,"year_2024","BP","AC","Mid",3,0,0,12,6,0,NA,0,0,6
"1245",1767,"trapnest_80",2024-07-02,184,"year_2024","BP","AC","Mid",3,0,0,12,6,0,NA,0,0,6
"1246",1768,"trapnest_80",2024-07-05,187,"year_2024","BP","AC","Mid",3,0,0,12,6,0,NA,0,0,6
"1247",1769,"trapnest_80",2024-07-08,190,"year_2024","BP","AC","Mid",2,0,0,12,6,0,NA,0,0,6
"1248",1770,"trapnest_80",2024-07-13,195,"year_2024","BP","AC","Mid",2,0,0,12,6,0,NA,0,0,6
"1249",1771,"trapnest_80",2024-07-16,198,"year_2024","BP","AC","Mid",3,1,1,12,6,0,0,0,0,6
"1250",1772,"trapnest_80",2024-07-19,201,"year_2024","BP","AC","Mid",2,1,1,12,6,1,1,0,1,6
"1251",1773,"trapnest_80",2024-07-22,204,"year_2024","BP","AC","Mid",3,0,0,12,6,2,0,0,2,6
"1252",1774,"trapnest_80",2024-07-26,208,"year_2024","BP","AC","Mid",2,1,1,12,6,2,1,0,2,6
"1253",1775,"trapnest_80",2024-07-29,211,"year_2024","BP","AC","Mid",3,0,0,12,6,3,1,0,2,5
"1254",1776,"trapnest_80",2024-08-02,215,"year_2024","BP","AC","Mid",3,0,0,12,6,3,1,0,2,5
"1255",1777,"trapnest_80",2024-08-06,219,"year_2024","BP","AC","Mid",3,0,0,12,6,3,1,0,2,5
"1256",1778,"trapnest_80",2024-08-08,221,"year_2024","BP","AC","Mid",0,0,0,12,6,3,1,0,2,5
"1257",1779,"trapnest_80",2024-08-12,225,"year_2024","BP","AC","Mid",3,0,0,12,6,3,1,0,2,5
"1258",1780,"trapnest_81",2024-06-05,157,"year_2024","BP","AC","High",2,0,0,7,11,0,NA,0,0,11
"1259",1781,"trapnest_81",2024-06-11,163,"year_2024","BP","AC","High",1,0,0,7,11,0,NA,0,0,11
"1260",1782,"trapnest_81",2024-06-14,166,"year_2024","BP","AC","High",1,0,0,7,11,0,NA,0,0,11
"1261",1783,"trapnest_81",2024-06-17,169,"year_2024","BP","AC","High",3,0,0,7,11,0,NA,0,0,11
"1262",1784,"trapnest_81",2024-06-21,173,"year_2024","BP","AC","High",4,2,2,7,11.5,0.5,2,0,0,11
"1263",1785,"trapnest_81",2024-06-25,177,"year_2024","BP","AC","High",1,3,3,7,12,3,2,0,2,11
"1264",1786,"trapnest_81",2024-06-28,180,"year_2024","BP","AC","High",3,0,0,7,11,5,2,0,3,9
"1265",1787,"trapnest_81",2024-07-02,184,"year_2024","BP","AC","High",3,1,1,7,11,5,3,0,3,9
"1266",1788,"trapnest_81",2024-07-05,187,"year_2024","BP","AC","High",3,0,0,8,10,5,2,0,3,8
"1267",1789,"trapnest_81",2024-07-08,190,"year_2024","BP","AC","High",2,0,0,7,11,5,2,0,3,9
"1268",1790,"trapnest_81",2024-07-13,195,"year_2024","BP","AC","High",2,0,0,9,9,3,0,0,3,9
"1269",1791,"trapnest_81",2024-07-16,198,"year_2024","BP","AC","High",3,0,0,7,11,3,0,0,3,11
"1270",1792,"trapnest_81",2024-07-19,201,"year_2024","BP","AC","High",2,0,0,7,11,3,0,0,3,11
"1271",1793,"trapnest_81",2024-07-22,204,"year_2024","BP","AC","High",3,0,0,7,11,3,0,0,3,11
"1272",1794,"trapnest_81",2024-07-26,208,"year_2024","BP","AC","High",2,0,0,7,11,3,0,0,3,11
"1273",1795,"trapnest_81",2024-07-29,211,"year_2024","BP","AC","High",3,0,0,7,11,0,NA,0,0,11
"1274",1796,"trapnest_81",2024-08-02,215,"year_2024","BP","AC","High",3,0,0,6,11,0,NA,0,0,11
"1275",1797,"trapnest_81",2024-08-06,219,"year_2024","BP","AC","High",3,0,0,6,11,0,NA,0,0,11
"1276",1798,"trapnest_81",2024-08-08,221,"year_2024","BP","AC","High",0,0,0,6,11,0,NA,0,0,11
"1277",1799,"trapnest_81",2024-08-12,225,"year_2024","BP","AC","High",3,0,0,6,11,0,NA,0,0,11
"1278",1800,"trapnest_82",2024-06-05,157,"year_2024","BP","AD","Low",2,0,0,18,0,0,NA,0,0,0
"1279",1801,"trapnest_82",2024-06-11,163,"year_2024","BP","AD","Low",1,0,0,18,0,0,NA,0,0,0
"1280",1802,"trapnest_82",2024-06-14,166,"year_2024","BP","AD","Low",1,0,0,17,0,0,NA,0,0,0
"1281",1803,"trapnest_82",2024-06-17,169,"year_2024","BP","AD","Low",3,0,0,17,0,0,NA,0,0,0
"1282",1804,"trapnest_82",2024-06-21,173,"year_2024","BP","AD","Low",4,0,0,17,0,0,NA,0,0,0
"1283",1805,"trapnest_82",2024-06-25,177,"year_2024","BP","AD","Low",1,0,0,18,0,0,NA,0,0,0
"1284",1806,"trapnest_82",2024-06-28,180,"year_2024","BP","AD","Low",3,0,0,18,0,0,NA,0,0,0
"1285",1807,"trapnest_82",2024-07-02,184,"year_2024","BP","AD","Low",3,0,0,18,0,0,NA,0,0,0
"1286",1808,"trapnest_82",2024-07-05,187,"year_2024","BP","AD","Low",3,0,0,18,0,0,NA,0,0,0
"1287",1809,"trapnest_82",2024-07-08,190,"year_2024","BP","AD","Low",2,0,0,18,0,0,NA,0,0,0
"1288",1810,"trapnest_82",2024-07-13,195,"year_2024","BP","AD","Low",2,0,0,18,0,0,NA,0,0,0
"1289",1811,"trapnest_82",2024-07-16,198,"year_2024","BP","AD","Low",3,0,0,18,0,0,NA,0,0,0
"1290",1812,"trapnest_82",2024-07-19,201,"year_2024","BP","AD","Low",2,0,0,18,0,0,NA,0,0,0
"1291",1813,"trapnest_82",2024-07-22,204,"year_2024","BP","AD","Low",3,0,0,18,0,0,NA,0,0,0
"1292",1814,"trapnest_82",2024-07-26,208,"year_2024","BP","AD","Low",2,0,0,18,0,0,NA,0,0,0
"1293",1815,"trapnest_82",2024-07-29,211,"year_2024","BP","AD","Low",3,0,0,18,0,0,NA,0,0,0
"1294",1816,"trapnest_82",2024-08-02,215,"year_2024","BP","AD","Low",3,0,0,18,0,0,NA,0,0,0
"1295",1817,"trapnest_82",2024-08-06,219,"year_2024","BP","AD","Low",3,0,0,18,0,0,NA,0,0,0
"1296",1818,"trapnest_82",2024-08-08,221,"year_2024","BP","AD","Low",0,0,0,18,0,0,NA,0,0,0
"1297",1819,"trapnest_82",2024-08-12,225,"year_2024","BP","AD","Low",3,0,0,18,0,0,NA,0,0,0
"1298",1820,"trapnest_83",2024-06-05,157,"year_2024","BP","AD","Mid",2,0,0,12,6,0,NA,0,0,6
"1299",1821,"trapnest_83",2024-06-11,163,"year_2024","BP","AD","Mid",1,0,0,12,6,0,NA,0,0,6
"1300",1822,"trapnest_83",2024-06-14,166,"year_2024","BP","AD","Mid",1,0,0,11,6,0,NA,0,0,6
"1301",1823,"trapnest_83",2024-06-17,169,"year_2024","BP","AD","Mid",3,1,1,10,6,0,1,0,0,6
"1302",1824,"trapnest_83",2024-06-21,173,"year_2024","BP","AD","Mid",4,0,0,10,6,1,1,0,1,6
"1303",1825,"trapnest_83",2024-06-25,177,"year_2024","BP","AD","Mid",1,0,0,11,6,1,1,0,1,6
"1304",1826,"trapnest_83",2024-06-28,180,"year_2024","BP","AD","Mid",3,0,0,11,6,1,0,0,1,6
"1305",1827,"trapnest_83",2024-07-02,184,"year_2024","BP","AD","Mid",3,1,1,12,6,1,1,0,1,6
"1306",1828,"trapnest_83",2024-07-05,187,"year_2024","BP","AD","Mid",3,0,0,11,7,2,1,0,1,6
"1307",1829,"trapnest_83",2024-07-08,190,"year_2024","BP","AD","Mid",2,0,0,11,7,2,1,0,1,6
"1308",1830,"trapnest_83",2024-07-13,195,"year_2024","BP","AD","Mid",2,0,0,11,7,2,1,0,1,6
"1309",1831,"trapnest_83",2024-07-16,198,"year_2024","BP","AD","Mid",3,0,0,11,7,2,1,0,1,6
"1310",1832,"trapnest_83",2024-07-19,201,"year_2024","BP","AD","Mid",2,0,0,11,7,2,1,0,1,6
"1311",1833,"trapnest_83",2024-07-22,204,"year_2024","BP","AD","Mid",3,0,0,12,6,1,0,0,1,6
"1312",1834,"trapnest_83",2024-07-26,208,"year_2024","BP","AD","Mid",2,0,0,12,6,1,0,0,1,6
"1313",1835,"trapnest_83",2024-07-29,211,"year_2024","BP","AD","Mid",3,0,0,12,6,0,NA,0,0,6
"1314",1836,"trapnest_83",2024-08-02,215,"year_2024","BP","AD","Mid",3,0,0,12,6,0,NA,0,0,6
"1315",1837,"trapnest_83",2024-08-06,219,"year_2024","BP","AD","Mid",3,0,0,12,6,0,NA,0,0,6
"1316",1838,"trapnest_83",2024-08-08,221,"year_2024","BP","AD","Mid",0,0,0,12,6,0,NA,0,0,6
"1317",1839,"trapnest_83",2024-08-12,225,"year_2024","BP","AD","Mid",3,0,0,12,6,0,NA,0,0,6
"1318",1840,"trapnest_84",2024-06-05,157,"year_2024","BP","AD","High",2,0,0,7,11,0,NA,0,0,11
"1319",1841,"trapnest_84",2024-06-11,163,"year_2024","BP","AD","High",1,0,0,7,11,0,NA,0,0,11
"1320",1842,"trapnest_84",2024-06-14,166,"year_2024","BP","AD","High",1,0,0,7,11,0,NA,0,0,11
"1321",1843,"trapnest_84",2024-06-17,169,"year_2024","BP","AD","High",3,0,0,7,11,0,NA,0,0,11
"1322",1844,"trapnest_84",2024-06-21,173,"year_2024","BP","AD","High",4,3,3,7,12,1,2,0,1,12
"1323",1845,"trapnest_84",2024-06-25,177,"year_2024","BP","AD","High",1,2,2,6,12.5,3.5,4,0,3,12
"1324",1846,"trapnest_84",2024-06-28,180,"year_2024","BP","AD","High",3,1,1,7,11,5,5,0,3,9
"1325",1847,"trapnest_84",2024-07-02,184,"year_2024","BP","AD","High",3,0,0,7,11,6,5,0,3,8
"1326",1848,"trapnest_84",2024-07-05,187,"year_2024","BP","AD","High",3,0,0,7,11,6,5,0,3,8
"1327",1849,"trapnest_84",2024-07-08,190,"year_2024","BP","AD","High",2,0,0,7,11,6,5,0,3,8
"1328",1850,"trapnest_84",2024-07-13,195,"year_2024","BP","AD","High",2,0,0,7,11,6,5,0,3,8
"1329",1851,"trapnest_84",2024-07-16,198,"year_2024","BP","AD","High",3,0,0,6,11,6,5,0,3,8
"1330",1852,"trapnest_84",2024-07-19,201,"year_2024","BP","AD","High",2,0,0,7,10,5,4,0,2,7
"1331",1853,"trapnest_84",2024-07-22,204,"year_2024","BP","AD","High",3,0,0,7,10,5,4,0,2,7
"1332",1854,"trapnest_84",2024-07-26,208,"year_2024","BP","AD","High",2,0,0,7,10,5,4,0,2,7
"1333",1855,"trapnest_84",2024-07-29,211,"year_2024","BP","AD","High",3,0,0,6,10,1,1,0,1,10
"1334",1856,"trapnest_84",2024-08-02,215,"year_2024","BP","AD","High",3,0,0,7,10,1,1,0,1,10
"1335",1857,"trapnest_84",2024-08-06,219,"year_2024","BP","AD","High",3,0,0,7,10,0,NA,0,0,10
"1336",1858,"trapnest_84",2024-08-08,221,"year_2024","BP","AD","High",0,0,0,7,10,0,NA,0,0,10
"1337",1859,"trapnest_84",2024-08-12,225,"year_2024","BP","AD","High",3,0,0,7,10,0,NA,0,0,10
"1338",1860,"trapnest_85",2024-06-05,157,"year_2024","BP","AE","Low",2,0,0,18,0,0,NA,0,0,0
"1339",1861,"trapnest_85",2024-06-11,163,"year_2024","BP","AE","Low",1,0,0,18,0,0,NA,0,0,0
"1340",1862,"trapnest_85",2024-06-14,166,"year_2024","BP","AE","Low",1,0,0,18,0,0,NA,0,0,0
"1341",1863,"trapnest_85",2024-06-17,169,"year_2024","BP","AE","Low",3,0,0,18,0,0,NA,0,0,0
"1342",1864,"trapnest_85",2024-06-21,173,"year_2024","BP","AE","Low",4,0,0,18,0,0,NA,0,0,0
"1343",1865,"trapnest_85",2024-06-25,177,"year_2024","BP","AE","Low",1,0,0,18,0,0,NA,0,0,0
"1344",1866,"trapnest_85",2024-06-28,180,"year_2024","BP","AE","Low",3,0,0,18,0,0,NA,0,0,0
"1345",1867,"trapnest_85",2024-07-02,184,"year_2024","BP","AE","Low",3,0,0,18,0,0,NA,0,0,0
"1346",1868,"trapnest_85",2024-07-05,187,"year_2024","BP","AE","Low",3,0,0,18,0,0,NA,0,0,0
"1347",1869,"trapnest_85",2024-07-08,190,"year_2024","BP","AE","Low",2,0,0,18,0,0,NA,0,0,0
"1348",1870,"trapnest_85",2024-07-13,195,"year_2024","BP","AE","Low",2,2,2,18,0.5,0.5,2,0,0,0
"1349",1871,"trapnest_85",2024-07-16,198,"year_2024","BP","AE","Low",3,0,0,16,2,2,1,0,1,1
"1350",1872,"trapnest_85",2024-07-19,201,"year_2024","BP","AE","Low",2,1,1,16,2,2,1,0,2,2
"1351",1873,"trapnest_85",2024-07-22,204,"year_2024","BP","AE","Low",3,0,0,17,1,1,0,0,1,1
"1352",1874,"trapnest_85",2024-07-26,208,"year_2024","BP","AE","Low",2,0,0,16,1,1,0,0,1,1
"1353",1875,"trapnest_85",2024-07-29,211,"year_2024","BP","AE","Low",3,1,1,15,1,1,0,0,1,1
"1354",1876,"trapnest_85",2024-08-02,215,"year_2024","BP","AE","Low",3,0,0,16,0,0,NA,0,0,0
"1355",1877,"trapnest_85",2024-08-06,219,"year_2024","BP","AE","Low",3,0,0,16,0,0,NA,0,0,0
"1356",1878,"trapnest_85",2024-08-08,221,"year_2024","BP","AE","Low",0,0,0,16,0,0,NA,0,0,0
"1357",1879,"trapnest_85",2024-08-12,225,"year_2024","BP","AE","Low",3,0,0,16,0,0,NA,0,0,0
"1358",1880,"trapnest_86",2024-06-05,157,"year_2024","BP","AE","Mid",2,0,0,12,6,0,NA,0,0,6
"1359",1881,"trapnest_86",2024-06-11,163,"year_2024","BP","AE","Mid",1,0,0,12,6,0,NA,0,0,6
"1360",1882,"trapnest_86",2024-06-14,166,"year_2024","BP","AE","Mid",1,0,0,12,6,0,NA,0,0,6
"1361",1883,"trapnest_86",2024-06-17,169,"year_2024","BP","AE","Mid",3,0,0,12,6,0,NA,0,0,6
"1362",1884,"trapnest_86",2024-06-21,173,"year_2024","BP","AE","Mid",4,0,0,12,6,0,NA,0,0,6
"1363",1885,"trapnest_86",2024-06-25,177,"year_2024","BP","AE","Mid",1,0,0,12,6,0,NA,0,0,6
"1364",1886,"trapnest_86",2024-06-28,180,"year_2024","BP","AE","Mid",3,0,0,11,6,0,NA,0,0,6
"1365",1887,"trapnest_86",2024-07-02,184,"year_2024","BP","AE","Mid",3,0,0,11,6,0,NA,0,0,6
"1366",1888,"trapnest_86",2024-07-05,187,"year_2024","BP","AE","Mid",3,0,0,10,6,0,NA,0,0,6
"1367",1889,"trapnest_86",2024-07-08,190,"year_2024","BP","AE","Mid",2,0,0,10,6,0,NA,0,0,6
"1368",1890,"trapnest_86",2024-07-13,195,"year_2024","BP","AE","Mid",2,0,0,11,6,0,NA,0,0,6
"1369",1891,"trapnest_86",2024-07-16,198,"year_2024","BP","AE","Mid",3,0,0,12,6,0,NA,0,0,6
"1370",1892,"trapnest_86",2024-07-19,201,"year_2024","BP","AE","Mid",2,0,0,12,6,0,NA,0,0,6
"1371",1893,"trapnest_86",2024-07-22,204,"year_2024","BP","AE","Mid",3,0,0,11,6,0,NA,0,0,6
"1372",1894,"trapnest_86",2024-07-26,208,"year_2024","BP","AE","Mid",2,0,0,11,6,0,NA,0,0,6
"1373",1895,"trapnest_86",2024-07-29,211,"year_2024","BP","AE","Mid",3,0,0,10,6,0,NA,0,0,6
"1374",1896,"trapnest_86",2024-08-02,215,"year_2024","BP","AE","Mid",3,0,0,11,6,0,NA,0,0,6
"1375",1897,"trapnest_86",2024-08-06,219,"year_2024","BP","AE","Mid",3,0,0,11,6,0,NA,0,0,6
"1376",1898,"trapnest_86",2024-08-08,221,"year_2024","BP","AE","Mid",0,0,0,11,6,0,NA,0,0,6
"1377",1899,"trapnest_86",2024-08-12,225,"year_2024","BP","AE","Mid",3,0,0,11,6,0,NA,0,0,6
"1378",1900,"trapnest_87",2024-06-05,157,"year_2024","BP","AE","High",2,0,0,7,11,0,NA,0,0,11
"1379",1901,"trapnest_87",2024-06-11,163,"year_2024","BP","AE","High",1,0,0,7,11,0,NA,0,0,11
"1380",1902,"trapnest_87",2024-06-14,166,"year_2024","BP","AE","High",1,0,0,7,11,0,NA,0,0,11
"1381",1903,"trapnest_87",2024-06-17,169,"year_2024","BP","AE","High",3,0,0,7,11,0,NA,0,0,11
"1382",1904,"trapnest_87",2024-06-21,173,"year_2024","BP","AE","High",4,2,2,7,11.5,0.5,2,0,0,11
"1383",1905,"trapnest_87",2024-06-25,177,"year_2024","BP","AE","High",1,1,1,7,11,2,2,0,1,10
"1384",1906,"trapnest_87",2024-06-28,180,"year_2024","BP","AE","High",3,0,0,7,11,3,2,0,1,9
"1385",1907,"trapnest_87",2024-07-02,184,"year_2024","BP","AE","High",3,1,1,7,11,3,2,0,2,10
"1386",1908,"trapnest_87",2024-07-05,187,"year_2024","BP","AE","High",3,0,0,6,11,4,2,0,2,9
"1387",1909,"trapnest_87",2024-07-08,190,"year_2024","BP","AE","High",2,0,0,6,11,4,2,0,2,9
"1388",1910,"trapnest_87",2024-07-13,195,"year_2024","BP","AE","High",2,0,0,6,11,4,2,0,2,9
"1389",1911,"trapnest_87",2024-07-16,198,"year_2024","BP","AE","High",3,0,0,5,11,4,2,0,2,9
"1390",1912,"trapnest_87",2024-07-19,201,"year_2024","BP","AE","High",2,0,0,6,11,4,2,0,2,9
"1391",1913,"trapnest_87",2024-07-22,204,"year_2024","BP","AE","High",3,1,1,7,11,4,3,0,2,9
"1392",1914,"trapnest_87",2024-07-26,208,"year_2024","BP","AE","High",2,1,1,7,11,5,3,0,3,9
"1393",1915,"trapnest_87",2024-07-29,211,"year_2024","BP","AE","High",3,0,0,7,11,5,3,0,2,8
"1394",1916,"trapnest_87",2024-08-02,215,"year_2024","BP","AE","High",3,0,0,7,11,5,3,0,2,8
"1395",1917,"trapnest_87",2024-08-06,219,"year_2024","BP","AE","High",3,0,0,7,11,2,0,0,2,11
"1396",1918,"trapnest_87",2024-08-08,221,"year_2024","BP","AE","High",0,1,1,8,10,2,1,0,2,10
"1397",1919,"trapnest_87",2024-08-12,225,"year_2024","BP","AE","High",3,0,0,7,11,3,1,0,2,10
"1398",1920,"trapnest_88",2024-06-05,157,"year_2024","BP","AF","Low",2,0,0,18,0,0,NA,0,0,0
"1399",1921,"trapnest_88",2024-06-11,163,"year_2024","BP","AF","Low",1,0,0,18,0,0,NA,0,0,0
"1400",1922,"trapnest_88",2024-06-14,166,"year_2024","BP","AF","Low",1,0,0,18,0,0,NA,0,0,0
"1401",1923,"trapnest_88",2024-06-17,169,"year_2024","BP","AF","Low",3,0,0,18,0,0,NA,0,0,0
"1402",1924,"trapnest_88",2024-06-21,173,"year_2024","BP","AF","Low",4,0,0,17,0,0,NA,0,0,0
"1403",1925,"trapnest_88",2024-06-25,177,"year_2024","BP","AF","Low",1,0,0,17,0,0,NA,0,0,0
"1404",1926,"trapnest_88",2024-06-28,180,"year_2024","BP","AF","Low",3,0,0,17,0,0,NA,0,0,0
"1405",1927,"trapnest_88",2024-07-02,184,"year_2024","BP","AF","Low",3,0,0,17,0,0,NA,0,0,0
"1406",1928,"trapnest_88",2024-07-05,187,"year_2024","BP","AF","Low",3,0,1,18,0,0,NA,0,0,0
"1407",1929,"trapnest_88",2024-07-08,190,"year_2024","BP","AF","Low",2,0,0,17,0,0,NA,0,0,0
"1408",1930,"trapnest_88",2024-07-13,195,"year_2024","BP","AF","Low",2,0,0,17,0,0,NA,0,0,0
"1409",1931,"trapnest_88",2024-07-16,198,"year_2024","BP","AF","Low",3,0,0,17,0,0,NA,0,0,0
"1410",1932,"trapnest_88",2024-07-19,201,"year_2024","BP","AF","Low",2,0,0,18,0,0,NA,0,0,0
"1411",1933,"trapnest_88",2024-07-22,204,"year_2024","BP","AF","Low",3,0,0,18,0,0,NA,0,0,0
"1412",1934,"trapnest_88",2024-07-26,208,"year_2024","BP","AF","Low",2,0,0,18,0,0,NA,0,0,0
"1413",1935,"trapnest_88",2024-07-29,211,"year_2024","BP","AF","Low",3,0,0,18,0,0,NA,0,0,0
"1414",1936,"trapnest_88",2024-08-02,215,"year_2024","BP","AF","Low",3,0,0,18,0,0,NA,0,0,0
"1415",1937,"trapnest_88",2024-08-06,219,"year_2024","BP","AF","Low",3,0,0,18,0,0,NA,0,0,0
"1416",1938,"trapnest_88",2024-08-08,221,"year_2024","BP","AF","Low",0,0,0,18,0,0,NA,0,0,0
"1417",1939,"trapnest_88",2024-08-12,225,"year_2024","BP","AF","Low",3,0,0,18,0,0,NA,0,0,0
"1418",1940,"trapnest_89",2024-06-05,157,"year_2024","BP","AF","Mid",2,0,0,12,6,0,NA,0,0,6
"1419",1941,"trapnest_89",2024-06-11,163,"year_2024","BP","AF","Mid",1,0,0,12,6,0,NA,0,0,6
"1420",1942,"trapnest_89",2024-06-14,166,"year_2024","BP","AF","Mid",1,0,0,12,6,0,NA,0,0,6
"1421",1943,"trapnest_89",2024-06-17,169,"year_2024","BP","AF","Mid",3,0,0,12,6,0,NA,0,0,6
"1422",1944,"trapnest_89",2024-06-21,173,"year_2024","BP","AF","Mid",4,0,0,12,6,0,NA,0,0,6
"1423",1945,"trapnest_89",2024-06-25,177,"year_2024","BP","AF","Mid",1,0,0,12,6,0,NA,0,0,6
"1424",1946,"trapnest_89",2024-06-28,180,"year_2024","BP","AF","Mid",3,0,0,12,6,0,NA,0,0,6
"1425",1947,"trapnest_89",2024-07-02,184,"year_2024","BP","AF","Mid",3,0,0,12,6,0,NA,0,0,6
"1426",1948,"trapnest_89",2024-07-05,187,"year_2024","BP","AF","Mid",3,0,0,12,6,0,NA,0,0,6
"1427",1949,"trapnest_89",2024-07-08,190,"year_2024","BP","AF","Mid",2,0,0,12,6,0,NA,0,0,6
"1428",1950,"trapnest_89",2024-07-13,195,"year_2024","BP","AF","Mid",2,0,0,12,6,0,NA,0,0,6
"1429",1951,"trapnest_89",2024-07-16,198,"year_2024","BP","AF","Mid",3,0,0,12,6,0,NA,0,0,6
"1430",1952,"trapnest_89",2024-07-19,201,"year_2024","BP","AF","Mid",2,0,0,12,6,0,NA,0,0,6
"1431",1953,"trapnest_89",2024-07-22,204,"year_2024","BP","AF","Mid",3,0,0,12,6,0,NA,0,0,6
"1432",1954,"trapnest_89",2024-07-26,208,"year_2024","BP","AF","Mid",2,0,0,12,6,0,NA,0,0,6
"1433",1955,"trapnest_89",2024-07-29,211,"year_2024","BP","AF","Mid",3,0,0,12,6,0,NA,0,0,6
"1434",1956,"trapnest_89",2024-08-02,215,"year_2024","BP","AF","Mid",3,0,0,12,6,0,NA,0,0,6
"1435",1957,"trapnest_89",2024-08-06,219,"year_2024","BP","AF","Mid",3,0,0,12,6,0,NA,0,0,6
"1436",1958,"trapnest_89",2024-08-08,221,"year_2024","BP","AF","Mid",0,0,0,12,6,0,NA,0,0,6
"1437",1959,"trapnest_89",2024-08-12,225,"year_2024","BP","AF","Mid",3,0,0,12,6,0,NA,0,0,6
"1438",1960,"trapnest_8",2023-05-11,131,"year_2023","BP","C","Mid",3,0,0,12,0,0,NA,0,0,0
"1439",1961,"trapnest_8",2023-05-12,132,"year_2023","BP","C","Mid",1,0,0,12,0,0,NA,0,0,0
"1440",1962,"trapnest_8",2023-05-15,135,"year_2023","BP","C","Mid",3,0,0,12,0,0,NA,0,0,0
"1441",1963,"trapnest_8",2023-05-16,136,"year_2023","BP","C","Mid",1,0,0,12,0,0,NA,0,0,0
"1442",1964,"trapnest_8",2023-05-17,137,"year_2023","BP","C","Mid",1,0,0,12,0,0,NA,0,0,0
"1443",1965,"trapnest_8",2023-05-19,139,"year_2023","BP","C","Mid",2,0,0,12,0,0,NA,0,0,0
"1444",1966,"trapnest_8",2023-05-21,141,"year_2023","BP","C","Mid",1,0,0,12,0,0,NA,0,0,0
"1445",1967,"trapnest_8",2023-05-22,142,"year_2023","BP","C","Mid",1,0,1,12,0,0,NA,0,0,0
"1446",1968,"trapnest_8",2023-05-23,143,"year_2023","BP","C","Mid",1,0,1,12,0,0,NA,0,0,0
"1447",1969,"trapnest_8",2023-05-26,146,"year_2023","BP","C","Mid",2,0,1,11,0,0,NA,0,0,0
"1448",1970,"trapnest_8",2023-05-28,148,"year_2023","BP","C","Mid",2,0,0,10,0,0,NA,0,0,0
"1449",1971,"trapnest_8",2023-05-29,149,"year_2023","BP","C","Mid",1,0,1,10,0,0,NA,0,0,0
"1450",1972,"trapnest_8",2023-05-31,151,"year_2023","BP","C","Mid",2,0,0,11,0,0,NA,0,0,0
"1451",1973,"trapnest_8",2023-06-02,153,"year_2023","BP","C","Mid",2,0,0,12,0,0,NA,0,0,0
"1452",1974,"trapnest_8",2023-06-05,156,"year_2023","BP","C","Mid",1,0,0,11,0,0,NA,0,0,0
"1453",1975,"trapnest_8",2023-06-08,159,"year_2023","BP","C","Mid",2,0,0,11,0,0,NA,0,0,0
"1454",1976,"trapnest_8",2023-06-10,161,"year_2023","BP","C","Mid",0,0,0,11,0,0,NA,0,0,0
"1455",1977,"trapnest_8",2023-06-12,163,"year_2023","BP","C","Mid",1,0,0,11,0,0,NA,0,0,0
"1456",1978,"trapnest_8",2023-06-14,165,"year_2023","BP","C","Mid",0,0,0,11,0,0,NA,0,0,0
"1457",1979,"trapnest_8",2023-06-16,167,"year_2023","BP","C","Mid",1,0,0,11,0,0,NA,0,0,0
"1458",1980,"trapnest_8",2023-06-20,171,"year_2023","BP","C","Mid",3,0,0,11,0,0,NA,0,0,0
"1459",1981,"trapnest_8",2023-06-23,174,"year_2023","BP","C","Mid",3,0,0,10,0,0,NA,0,0,0
"1460",1982,"trapnest_8",2023-06-29,180,"year_2023","BP","C","Mid",1,2,2,11,0.5,0.5,2,0,0,0
"1461",1983,"trapnest_90",2024-06-05,157,"year_2024","BP","AF","High",2,0,0,7,11,0,NA,0,0,11
"1462",1984,"trapnest_90",2024-06-11,163,"year_2024","BP","AF","High",1,0,0,7,11,0,NA,0,0,11
"1463",1985,"trapnest_90",2024-06-14,166,"year_2024","BP","AF","High",1,0,0,7,11,0,NA,0,0,11
"1464",1986,"trapnest_90",2024-06-17,169,"year_2024","BP","AF","High",3,0,0,7,11,0,NA,0,0,11
"1465",1987,"trapnest_90",2024-06-21,173,"year_2024","BP","AF","High",4,0,0,7,11,0,NA,0,0,11
"1466",1988,"trapnest_90",2024-07-02,184,"year_2024","BP","AF","High",3,0,0,7,11,0,NA,0,0,11
"1467",1989,"trapnest_90",2024-07-05,187,"year_2024","BP","AF","High",3,0,0,7,11,0,NA,0,0,11
"1468",1990,"trapnest_90",2024-07-08,190,"year_2024","BP","AF","High",2,0,0,7,11,0,NA,0,0,11
"1469",1991,"trapnest_90",2024-07-13,195,"year_2024","BP","AF","High",2,0,0,7,11,0,NA,0,0,11
"1470",1992,"trapnest_90",2024-07-16,198,"year_2024","BP","AF","High",3,2,2,7,11.5,0.5,2,0,0,11
"1471",1993,"trapnest_90",2024-07-19,201,"year_2024","BP","AF","High",2,0,0,7,11,2,2,0,1,10
"1472",1994,"trapnest_90",2024-07-22,204,"year_2024","BP","AF","High",3,0,0,7,11,2,1,0,1,10
"1473",1995,"trapnest_90",2024-07-26,208,"year_2024","BP","AF","High",2,1,1,7,11,2,2,0,1,10
"1474",1996,"trapnest_90",2024-07-29,211,"year_2024","BP","AF","High",3,0,0,7,11,3,0,0,3,11
"1475",1997,"trapnest_90",2024-08-02,215,"year_2024","BP","AF","High",3,4,4,7,12.5,4.5,3,0,3,11
"1476",1998,"trapnest_90",2024-08-06,219,"year_2024","BP","AF","High",3,0,0,6,12,7,1,0,6,11
"1477",1999,"trapnest_90",2024-08-08,221,"year_2024","BP","AF","High",0,0,0,6,12,7,1,0,6,11
"1478",2000,"trapnest_90",2024-08-12,225,"year_2024","BP","AF","High",3,0,0,6,12,7,1,0,6,11
"1479",2001,"trapnest_90",2024-06-25,177,"year_2024","BP","AF","High",1,0,0,6,11,0,NA,0,0,11
"1480",2002,"trapnest_90",2024-06-28,180,"year_2024","BP","AF","High",3,0,0,6,11,0,NA,0,0,11
"1481",2003,"trapnest_91",2024-06-05,157,"year_2024","CP","AG","Low",2,0,0,18,0,0,NA,0,0,0
"1482",2004,"trapnest_91",2024-06-11,163,"year_2024","CP","AG","Low",1,0,0,18,0,0,NA,0,0,0
"1483",2005,"trapnest_91",2024-06-14,166,"year_2024","CP","AG","Low",1,0,0,18,0,0,NA,0,0,0
"1484",2006,"trapnest_91",2024-06-17,169,"year_2024","CP","AG","Low",3,0,0,18,0,0,NA,0,0,0
"1485",2007,"trapnest_91",2024-06-21,173,"year_2024","CP","AG","Low",4,1,2,18,0,0,1,0,0,0
"1486",2008,"trapnest_91",2024-06-25,177,"year_2024","CP","AG","Low",1,0,0,16,1,1,1,0,1,1
"1487",2009,"trapnest_91",2024-06-28,180,"year_2024","CP","AG","Low",3,0,0,16,1,1,1,0,1,1
"1488",2010,"trapnest_91",2024-07-02,184,"year_2024","CP","AG","Low",3,0,0,16,1,1,1,0,1,1
"1489",2011,"trapnest_91",2024-07-05,187,"year_2024","CP","AG","Low",3,0,0,17,0,0,NA,0,0,0
"1490",2012,"trapnest_91",2024-07-08,190,"year_2024","CP","AG","Low",2,0,0,17,0,0,NA,0,0,0
"1491",2013,"trapnest_91",2024-07-13,195,"year_2024","CP","AG","Low",2,0,0,17,0,0,NA,0,0,0
"1492",2014,"trapnest_91",2024-07-16,198,"year_2024","CP","AG","Low",3,0,0,16,0,0,NA,0,0,0
"1493",2015,"trapnest_91",2024-07-19,201,"year_2024","CP","AG","Low",2,0,0,16,0,0,NA,0,0,0
"1494",2016,"trapnest_91",2024-07-22,204,"year_2024","CP","AG","Low",3,0,0,17,0,0,NA,0,0,0
"1495",2017,"trapnest_91",2024-07-24,206,"year_2024","CP","AG","Low",2,0,0,16,0,0,NA,0,0,0
"1496",2018,"trapnest_91",2024-07-26,208,"year_2024","CP","AG","Low",0,0,0,17,0,0,NA,0,0,0
"1497",2019,"trapnest_91",2024-07-29,211,"year_2024","CP","AG","Low",3,0,0,17,0,0,NA,0,0,0
"1498",2020,"trapnest_91",2024-08-02,215,"year_2024","CP","AG","Low",3,0,0,17,0,0,NA,0,0,0
"1499",2021,"trapnest_91",2024-08-06,219,"year_2024","CP","AG","Low",3,0,0,18,0,0,NA,0,0,0
"1500",2022,"trapnest_91",2024-08-08,221,"year_2024","CP","AG","Low",0,0,0,18,0,0,NA,0,0,0
"1501",2023,"trapnest_91",2024-08-12,225,"year_2024","CP","AG","Low",3,0,0,18,0,0,NA,0,0,0
"1502",2024,"trapnest_92",2024-06-05,157,"year_2024","CP","AG","Mid",2,0,0,12,6,0,NA,0,0,6
"1503",2025,"trapnest_92",2024-06-11,163,"year_2024","CP","AG","Mid",1,0,0,12,6,0,NA,0,0,6
"1504",2026,"trapnest_92",2024-06-14,166,"year_2024","CP","AG","Mid",1,0,0,12,6,0,NA,0,0,6
"1505",2027,"trapnest_92",2024-06-17,169,"year_2024","CP","AG","Mid",3,0,0,12,6,0,NA,0,0,6
"1506",2028,"trapnest_92",2024-06-21,173,"year_2024","CP","AG","Mid",4,0,0,12,6,0,NA,0,0,6
"1507",2029,"trapnest_92",2024-06-25,177,"year_2024","CP","AG","Mid",1,0,0,12,6,0,NA,0,0,6
"1508",2030,"trapnest_92",2024-06-28,180,"year_2024","CP","AG","Mid",3,0,0,12,6,0,NA,0,0,6
"1509",2031,"trapnest_92",2024-07-02,184,"year_2024","CP","AG","Mid",3,0,0,12,6,0,NA,0,0,6
"1510",2032,"trapnest_92",2024-07-05,187,"year_2024","CP","AG","Mid",3,0,0,12,6,0,NA,0,0,6
"1511",2033,"trapnest_92",2024-07-08,190,"year_2024","CP","AG","Mid",2,0,0,12,6,0,NA,0,0,6
"1512",2034,"trapnest_92",2024-07-13,195,"year_2024","CP","AG","Mid",2,0,0,12,6,0,NA,0,0,6
"1513",2035,"trapnest_92",2024-07-16,198,"year_2024","CP","AG","Mid",3,0,0,12,6,0,NA,0,0,6
"1514",2036,"trapnest_92",2024-07-19,201,"year_2024","CP","AG","Mid",2,0,0,12,6,0,NA,0,0,6
"1515",2037,"trapnest_92",2024-07-22,204,"year_2024","CP","AG","Mid",3,0,0,12,6,0,NA,0,0,6
"1516",2038,"trapnest_92",2024-07-24,206,"year_2024","CP","AG","Mid",2,0,0,12,6,0,NA,0,0,6
"1517",2039,"trapnest_92",2024-07-26,208,"year_2024","CP","AG","Mid",0,0,0,12,6,0,NA,0,0,6
"1518",2040,"trapnest_92",2024-07-29,211,"year_2024","CP","AG","Mid",3,0,0,12,6,0,NA,0,0,6
"1519",2041,"trapnest_92",2024-08-02,215,"year_2024","CP","AG","Mid",3,0,0,12,6,0,NA,0,0,6
"1520",2042,"trapnest_92",2024-08-06,219,"year_2024","CP","AG","Mid",3,0,0,12,6,0,NA,0,0,6
"1521",2043,"trapnest_92",2024-08-08,221,"year_2024","CP","AG","Mid",0,0,0,12,6,0,NA,0,0,6
"1522",2044,"trapnest_92",2024-08-12,225,"year_2024","CP","AG","Mid",3,0,0,12,6,0,NA,0,0,6
"1523",2045,"trapnest_93",2024-06-05,157,"year_2024","CP","AG","High",2,0,0,7,11,0,NA,0,0,11
"1524",2046,"trapnest_93",2024-06-11,163,"year_2024","CP","AG","High",1,0,0,7,11,0,NA,0,0,11
"1525",2047,"trapnest_93",2024-06-14,166,"year_2024","CP","AG","High",1,0,0,7,11,0,NA,0,0,11
"1526",2048,"trapnest_93",2024-06-17,169,"year_2024","CP","AG","High",3,1,1,7,11,0,1,0,0,11
"1527",2049,"trapnest_93",2024-06-21,173,"year_2024","CP","AG","High",4,2,2,6,11.5,1.5,2,0,1,11
"1528",2050,"trapnest_93",2024-06-25,177,"year_2024","CP","AG","High",1,0,0,5,12,3,2,0,1,10
"1529",2051,"trapnest_93",2024-06-28,180,"year_2024","CP","AG","High",3,0,0,5,12,3,2,0,1,10
"1530",2052,"trapnest_93",2024-07-02,184,"year_2024","CP","AG","High",3,0,0,5,12,3,2,0,1,10
"1531",2053,"trapnest_93",2024-07-05,187,"year_2024","CP","AG","High",3,0,0,6,12,1,0,0,1,12
"1532",2054,"trapnest_93",2024-07-08,190,"year_2024","CP","AG","High",2,0,0,7,11,1,0,0,1,11
"1533",2055,"trapnest_93",2024-07-13,195,"year_2024","CP","AG","High",2,0,0,7,11,1,0,0,1,11
"1534",2056,"trapnest_93",2024-07-16,198,"year_2024","CP","AG","High",3,0,0,7,11,1,0,0,1,11
"1535",2057,"trapnest_93",2024-07-19,201,"year_2024","CP","AG","High",2,0,0,7,11,1,0,0,1,11
"1536",2058,"trapnest_93",2024-07-22,204,"year_2024","CP","AG","High",3,0,0,7,11,1,0,0,1,11
"1537",2059,"trapnest_93",2024-07-24,206,"year_2024","CP","AG","High",2,0,0,7,11,1,0,0,1,11
"1538",2060,"trapnest_93",2024-07-26,208,"year_2024","CP","AG","High",0,0,0,7,11,0,NA,0,0,11
"1539",2061,"trapnest_93",2024-07-29,211,"year_2024","CP","AG","High",3,0,0,7,11,0,NA,0,0,11
"1540",2062,"trapnest_93",2024-08-02,215,"year_2024","CP","AG","High",3,0,0,7,11,0,NA,0,0,11
"1541",2063,"trapnest_93",2024-08-06,219,"year_2024","CP","AG","High",3,0,0,7,11,0,NA,0,0,11
"1542",2064,"trapnest_93",2024-08-08,221,"year_2024","CP","AG","High",0,0,0,7,11,0,NA,0,0,11
"1543",2065,"trapnest_93",2024-08-12,225,"year_2024","CP","AG","High",3,0,0,7,11,0,NA,0,0,11
"1544",2066,"trapnest_94",2024-06-05,157,"year_2024","CP","AH","Low",2,0,0,18,0,0,NA,0,0,0
"1545",2067,"trapnest_94",2024-06-11,163,"year_2024","CP","AH","Low",1,0,0,18,0,0,NA,0,0,0
"1546",2068,"trapnest_94",2024-06-14,166,"year_2024","CP","AH","Low",1,1,1,18,0,0,1,0,0,0
"1547",2069,"trapnest_94",2024-06-17,169,"year_2024","CP","AH","Low",3,1,1,17,1,1,2,0,1,1
"1548",2070,"trapnest_94",2024-06-21,173,"year_2024","CP","AH","Low",4,0,0,16,2,2,2,0,1,1
"1549",2071,"trapnest_94",2024-06-25,177,"year_2024","CP","AH","Low",1,0,0,17,1,1,1,0,0,0
"1550",2072,"trapnest_94",2024-06-28,180,"year_2024","CP","AH","Low",3,0,0,17,1,1,1,0,0,0
"1551",2073,"trapnest_94",2024-07-02,184,"year_2024","CP","AH","Low",3,0,0,17,1,1,1,0,0,0
"1552",2074,"trapnest_94",2024-07-05,187,"year_2024","CP","AH","Low",3,0,0,17,0,0,NA,0,0,0
"1553",2075,"trapnest_94",2024-07-08,190,"year_2024","CP","AH","Low",2,0,0,16,0,0,NA,0,0,0
"1554",2076,"trapnest_94",2024-07-13,195,"year_2024","CP","AH","Low",2,0,0,16,0,0,NA,0,0,0
"1555",2077,"trapnest_94",2024-07-16,198,"year_2024","CP","AH","Low",3,0,0,15,0,0,NA,0,0,0
"1556",2078,"trapnest_94",2024-07-19,201,"year_2024","CP","AH","Low",2,0,0,17,0,0,NA,0,0,0
"1557",2079,"trapnest_94",2024-07-22,204,"year_2024","CP","AH","Low",3,0,0,16,0,0,NA,0,0,0
"1558",2080,"trapnest_94",2024-07-24,206,"year_2024","CP","AH","Low",2,0,0,17,0,0,NA,0,0,0
"1559",2081,"trapnest_94",2024-07-26,208,"year_2024","CP","AH","Low",0,0,0,17,0,0,NA,0,0,0
"1560",2082,"trapnest_94",2024-07-29,211,"year_2024","CP","AH","Low",3,0,0,16,0,0,NA,0,0,0
"1561",2083,"trapnest_94",2024-08-02,215,"year_2024","CP","AH","Low",3,0,0,17,0,0,NA,0,0,0
"1562",2084,"trapnest_94",2024-08-06,219,"year_2024","CP","AH","Low",3,0,0,16,0,0,NA,0,0,0
"1563",2085,"trapnest_94",2024-08-08,221,"year_2024","CP","AH","Low",0,0,0,17,0,0,NA,0,0,0
"1564",2086,"trapnest_94",2024-08-12,225,"year_2024","CP","AH","Low",3,0,0,17,0,0,NA,0,0,0
"1565",2087,"trapnest_95",2024-06-05,157,"year_2024","CP","AH","Mid",2,0,0,12,6,0,NA,0,0,6
"1566",2088,"trapnest_95",2024-06-11,163,"year_2024","CP","AH","Mid",1,0,0,12,6,0,NA,0,0,6
"1567",2089,"trapnest_95",2024-06-14,166,"year_2024","CP","AH","Mid",1,0,0,12,6,0,NA,0,0,6
"1568",2090,"trapnest_95",2024-06-17,169,"year_2024","CP","AH","Mid",3,0,0,12,6,0,NA,0,0,6
"1569",2091,"trapnest_95",2024-06-21,173,"year_2024","CP","AH","Mid",4,0,0,12,6,0,NA,0,0,6
"1570",2092,"trapnest_95",2024-06-25,177,"year_2024","CP","AH","Mid",1,0,0,12,6,0,NA,0,0,6
"1571",2093,"trapnest_95",2024-06-28,180,"year_2024","CP","AH","Mid",3,0,0,12,6,0,NA,0,0,6
"1572",2094,"trapnest_95",2024-07-02,184,"year_2024","CP","AH","Mid",3,0,0,12,6,0,NA,0,0,6
"1573",2095,"trapnest_95",2024-07-05,187,"year_2024","CP","AH","Mid",3,0,0,12,6,0,NA,0,0,6
"1574",2096,"trapnest_95",2024-07-08,190,"year_2024","CP","AH","Mid",2,0,0,12,6,0,NA,0,0,6
"1575",2097,"trapnest_95",2024-07-13,195,"year_2024","CP","AH","Mid",2,0,0,11,6,0,NA,0,0,6
"1576",2098,"trapnest_95",2024-07-16,198,"year_2024","CP","AH","Mid",3,0,0,12,5,0,NA,0,0,5
"1577",2099,"trapnest_95",2024-07-19,201,"year_2024","CP","AH","Mid",2,0,0,12,5,0,NA,0,0,5
"1578",2100,"trapnest_95",2024-07-22,204,"year_2024","CP","AH","Mid",3,0,0,13,5,0,NA,0,0,5
"1579",2101,"trapnest_95",2024-07-24,206,"year_2024","CP","AH","Mid",2,0,0,12,6,0,NA,0,0,6
"1580",2102,"trapnest_95",2024-07-26,208,"year_2024","CP","AH","Mid",0,0,0,12,6,0,NA,0,0,6
"1581",2103,"trapnest_95",2024-07-29,211,"year_2024","CP","AH","Mid",3,0,0,12,6,0,NA,0,0,6
"1582",2104,"trapnest_95",2024-08-02,215,"year_2024","CP","AH","Mid",3,0,0,12,6,0,NA,0,0,6
"1583",2105,"trapnest_95",2024-08-06,219,"year_2024","CP","AH","Mid",3,0,0,12,6,0,NA,0,0,6
"1584",2106,"trapnest_95",2024-08-08,221,"year_2024","CP","AH","Mid",0,0,0,12,6,0,NA,0,0,6
"1585",2107,"trapnest_95",2024-08-12,225,"year_2024","CP","AH","Mid",3,0,0,12,6,0,NA,0,0,6
"1586",2108,"trapnest_96",2024-06-05,157,"year_2024","CP","AH","High",2,0,0,7,11,0,NA,0,0,11
"1587",2109,"trapnest_96",2024-06-11,163,"year_2024","CP","AH","High",1,0,0,7,11,0,NA,0,0,11
"1588",2110,"trapnest_96",2024-06-14,166,"year_2024","CP","AH","High",1,0,0,7,11,0,NA,0,0,11
"1589",2111,"trapnest_96",2024-06-17,169,"year_2024","CP","AH","High",3,0,0,7,11,0,NA,0,0,11
"1590",2112,"trapnest_96",2024-06-21,173,"year_2024","CP","AH","High",4,0,0,7,11,0,NA,0,0,11
"1591",2113,"trapnest_96",2024-06-25,177,"year_2024","CP","AH","High",1,0,0,7,11,0,NA,0,0,11
"1592",2114,"trapnest_96",2024-06-28,180,"year_2024","CP","AH","High",3,0,0,7,11,0,NA,0,0,11
"1593",2115,"trapnest_96",2024-07-02,184,"year_2024","CP","AH","High",3,0,0,7,11,0,NA,0,0,11
"1594",2116,"trapnest_96",2024-07-05,187,"year_2024","CP","AH","High",3,0,0,7,11,0,NA,0,0,11
"1595",2117,"trapnest_96",2024-07-08,190,"year_2024","CP","AH","High",2,0,0,7,11,0,NA,0,0,11
"1596",2118,"trapnest_96",2024-07-13,195,"year_2024","CP","AH","High",2,0,0,7,11,0,NA,0,0,11
"1597",2119,"trapnest_96",2024-07-16,198,"year_2024","CP","AH","High",3,0,0,7,11,0,NA,0,0,11
"1598",2120,"trapnest_96",2024-07-19,201,"year_2024","CP","AH","High",2,0,0,7,11,0,NA,0,0,11
"1599",2121,"trapnest_96",2024-07-22,204,"year_2024","CP","AH","High",3,0,0,7,11,0,NA,0,0,11
"1600",2122,"trapnest_96",2024-07-24,206,"year_2024","CP","AH","High",2,0,0,7,11,0,NA,0,0,11
"1601",2123,"trapnest_96",2024-07-26,208,"year_2024","CP","AH","High",0,0,0,7,11,0,NA,0,0,11
"1602",2124,"trapnest_96",2024-07-29,211,"year_2024","CP","AH","High",3,0,0,7,11,0,NA,0,0,11
"1603",2125,"trapnest_96",2024-08-02,215,"year_2024","CP","AH","High",3,0,0,7,11,0,NA,0,0,11
"1604",2126,"trapnest_96",2024-08-06,219,"year_2024","CP","AH","High",3,0,0,7,11,0,NA,0,0,11
"1605",2127,"trapnest_96",2024-08-08,221,"year_2024","CP","AH","High",0,0,0,7,11,0,NA,0,0,11
"1606",2128,"trapnest_96",2024-08-12,225,"year_2024","CP","AH","High",3,0,0,7,11,0,NA,0,0,11
"1607",2129,"trapnest_97",2024-06-05,157,"year_2024","CP","AI","Low",2,0,0,18,0,0,NA,0,0,0
"1608",2130,"trapnest_97",2024-06-11,163,"year_2024","CP","AI","Low",1,0,0,18,0,0,NA,0,0,0
"1609",2131,"trapnest_97",2024-06-14,166,"year_2024","CP","AI","Low",1,0,0,18,0,0,NA,0,0,0
"1610",2132,"trapnest_97",2024-06-17,169,"year_2024","CP","AI","Low",3,3,3,18,1,1,3,0,0,0
"1611",2133,"trapnest_97",2024-06-21,173,"year_2024","CP","AI","Low",4,2,2,15,3.5,3.5,3,0,2,2
"1612",2134,"trapnest_97",2024-06-25,177,"year_2024","CP","AI","Low",1,1,1,12,5,5,3,0,4,4
"1613",2135,"trapnest_97",2024-06-28,180,"year_2024","CP","AI","Low",3,0,0,14,3,3,2,0,2,2
"1614",2136,"trapnest_97",2024-07-02,184,"year_2024","CP","AI","Low",3,0,0,16,1,1,1,0,0,0
"1615",2137,"trapnest_97",2024-07-05,187,"year_2024","CP","AI","Low",3,0,0,16,1,1,1,0,0,0
"1616",2138,"trapnest_97",2024-07-08,190,"year_2024","CP","AI","Low",2,0,0,16,1,1,1,0,0,0
"1617",2139,"trapnest_97",2024-07-13,195,"year_2024","CP","AI","Low",2,0,0,18,0,0,NA,0,0,0
"1618",2140,"trapnest_97",2024-07-16,198,"year_2024","CP","AI","Low",3,0,0,18,0,0,NA,0,0,0
"1619",2141,"trapnest_97",2024-07-19,201,"year_2024","CP","AI","Low",2,0,0,18,0,0,NA,0,0,0
"1620",2142,"trapnest_97",2024-07-22,204,"year_2024","CP","AI","Low",3,0,0,18,0,0,NA,0,0,0
"1621",2143,"trapnest_97",2024-07-24,206,"year_2024","CP","AI","Low",2,0,0,18,0,0,NA,0,0,0
"1622",2144,"trapnest_97",2024-07-26,208,"year_2024","CP","AI","Low",0,0,0,18,0,0,NA,0,0,0
"1623",2145,"trapnest_97",2024-07-29,211,"year_2024","CP","AI","Low",3,0,0,18,0,0,NA,0,0,0
"1624",2146,"trapnest_97",2024-08-02,215,"year_2024","CP","AI","Low",3,0,0,18,0,0,NA,0,0,0
"1625",2147,"trapnest_97",2024-08-06,219,"year_2024","CP","AI","Low",3,0,0,18,0,0,NA,0,0,0
"1626",2148,"trapnest_97",2024-08-08,221,"year_2024","CP","AI","Low",0,0,0,18,0,0,NA,0,0,0
"1627",2149,"trapnest_97",2024-08-12,225,"year_2024","CP","AI","Low",3,0,0,18,0,0,NA,0,0,0
"1628",2150,"trapnest_98",2024-06-05,157,"year_2024","CP","AI","Mid",2,0,0,12,6,0,NA,0,0,6
"1629",2151,"trapnest_98",2024-06-11,163,"year_2024","CP","AI","Mid",1,0,0,12,6,0,NA,0,0,6
"1630",2152,"trapnest_98",2024-06-14,166,"year_2024","CP","AI","Mid",1,0,0,12,6,0,NA,0,0,6
"1631",2153,"trapnest_98",2024-06-17,169,"year_2024","CP","AI","Mid",3,0,0,12,6,0,NA,0,0,6
"1632",2154,"trapnest_98",2024-06-21,173,"year_2024","CP","AI","Mid",4,0,0,12,6,0,NA,0,0,6
"1633",2155,"trapnest_98",2024-06-25,177,"year_2024","CP","AI","Mid",1,0,0,12,6,0,NA,0,0,6
"1634",2156,"trapnest_98",2024-06-28,180,"year_2024","CP","AI","Mid",3,1,1,12,6,0,1,0,0,6
"1635",2157,"trapnest_98",2024-07-02,184,"year_2024","CP","AI","Mid",3,0,0,12,6,1,1,1,0,5
"1636",2158,"trapnest_98",2024-07-05,187,"year_2024","CP","AI","Mid",3,1,1,12,6,1,2,1,0,5
"1637",2159,"trapnest_98",2024-07-08,190,"year_2024","CP","AI","Mid",2,0,0,12,6,2,2,2,0,4
"1638",2160,"trapnest_98",2024-07-13,195,"year_2024","CP","AI","Mid",2,0,0,12,6,2,1,1,1,5
"1639",2161,"trapnest_98",2024-07-16,198,"year_2024","CP","AI","Mid",3,0,0,12,6,2,1,1,1,5
"1640",2162,"trapnest_98",2024-07-19,201,"year_2024","CP","AI","Mid",2,0,0,12,6,2,1,1,1,5
"1641",2163,"trapnest_98",2024-07-22,204,"year_2024","CP","AI","Mid",3,0,0,12,6,2,1,1,1,5
"1642",2164,"trapnest_98",2024-07-24,206,"year_2024","CP","AI","Mid",2,0,0,12,6,2,1,1,1,5
"1643",2165,"trapnest_98",2024-07-26,208,"year_2024","CP","AI","Mid",0,0,0,12,6,2,1,1,1,5
"1644",2166,"trapnest_98",2024-07-29,211,"year_2024","CP","AI","Mid",3,0,0,12,6,2,1,1,1,5
"1645",2167,"trapnest_98",2024-08-02,215,"year_2024","CP","AI","Mid",3,0,0,12,6,2,1,1,1,5
"1646",2168,"trapnest_98",2024-08-06,219,"year_2024","CP","AI","Mid",3,0,0,12,6,0,NA,0,0,6
"1647",2169,"trapnest_98",2024-08-08,221,"year_2024","CP","AI","Mid",0,0,0,12,6,0,NA,0,0,6
"1648",2170,"trapnest_98",2024-08-12,225,"year_2024","CP","AI","Mid",3,0,0,12,6,0,NA,0,0,6
"1649",2171,"trapnest_99",2024-06-05,157,"year_2024","CP","AI","High",2,0,0,7,11,0,NA,0,0,11
"1650",2172,"trapnest_99",2024-06-11,163,"year_2024","CP","AI","High",1,0,0,7,11,0,NA,0,0,11
"1651",2173,"trapnest_99",2024-06-14,166,"year_2024","CP","AI","High",1,0,0,7,11,0,NA,0,0,11
"1652",2174,"trapnest_99",2024-06-17,169,"year_2024","CP","AI","High",3,0,0,7,11,0,NA,0,0,11
"1653",2175,"trapnest_99",2024-06-21,173,"year_2024","CP","AI","High",4,0,2,7,11,0,NA,0,0,11
"1654",2176,"trapnest_99",2024-06-25,177,"year_2024","CP","AI","High",1,0,0,5,11,0,NA,0,0,11
"1655",2177,"trapnest_99",2024-06-28,180,"year_2024","CP","AI","High",3,0,0,6,11,0,NA,0,0,11
"1656",2178,"trapnest_99",2024-07-02,184,"year_2024","CP","AI","High",3,0,0,6,11,0,NA,0,0,11
"1657",2179,"trapnest_99",2024-07-05,187,"year_2024","CP","AI","High",3,0,0,6,11,0,NA,0,0,11
"1658",2180,"trapnest_99",2024-07-08,190,"year_2024","CP","AI","High",2,0,0,6,11,0,NA,0,0,11
"1659",2181,"trapnest_99",2024-07-13,195,"year_2024","CP","AI","High",2,0,0,7,11,0,NA,0,0,11
"1660",2182,"trapnest_99",2024-07-16,198,"year_2024","CP","AI","High",3,0,0,7,11,0,NA,0,0,11
"1661",2183,"trapnest_99",2024-07-19,201,"year_2024","CP","AI","High",2,0,0,7,11,0,NA,0,0,11
"1662",2184,"trapnest_99",2024-07-22,204,"year_2024","CP","AI","High",3,0,0,7,11,0,NA,0,0,11
"1663",2185,"trapnest_99",2024-07-24,206,"year_2024","CP","AI","High",2,0,0,7,11,0,NA,0,0,11
"1664",2186,"trapnest_99",2024-07-26,208,"year_2024","CP","AI","High",0,0,0,7,11,0,NA,0,0,11
"1665",2187,"trapnest_99",2024-07-29,211,"year_2024","CP","AI","High",3,0,0,7,11,0,NA,0,0,11
"1666",2188,"trapnest_99",2024-08-02,215,"year_2024","CP","AI","High",3,0,0,7,11,0,NA,0,0,11
"1667",2189,"trapnest_99",2024-08-06,219,"year_2024","CP","AI","High",3,0,0,7,11,0,NA,0,0,11
"1668",2190,"trapnest_99",2024-08-08,221,"year_2024","CP","AI","High",0,0,0,7,11,0,NA,0,0,11
"1669",2191,"trapnest_99",2024-08-12,225,"year_2024","CP","AI","High",3,0,0,7,11,0,NA,0,0,11
"1670",2192,"trapnest_9",2023-05-11,131,"year_2023","BP","C","High",3,0,0,7,0,0,NA,0,0,0
"1671",2193,"trapnest_9",2023-05-12,132,"year_2023","BP","C","High",1,0,0,7,0,0,NA,0,0,0
"1672",2194,"trapnest_9",2023-05-15,135,"year_2023","BP","C","High",3,0,0,7,0,0,NA,0,0,0
"1673",2195,"trapnest_9",2023-05-16,136,"year_2023","BP","C","High",1,0,0,7,0,0,NA,0,0,0
"1674",2196,"trapnest_9",2023-05-17,137,"year_2023","BP","C","High",1,0,0,7,0,0,NA,0,0,0
"1675",2197,"trapnest_9",2023-05-19,139,"year_2023","BP","C","High",2,0,0,7,0,0,NA,0,0,0
"1676",2198,"trapnest_9",2023-05-21,141,"year_2023","BP","C","High",1,0,0,7,0,0,NA,0,0,0
"1677",2199,"trapnest_9",2023-05-22,142,"year_2023","BP","C","High",1,0,1,7,0,0,NA,0,0,0
"1678",2200,"trapnest_9",2023-05-23,143,"year_2023","BP","C","High",1,0,0,7,0,0,NA,0,0,0
"1679",2201,"trapnest_9",2023-05-26,146,"year_2023","BP","C","High",2,0,0,7,0,0,NA,0,0,0
"1680",2202,"trapnest_9",2023-05-28,148,"year_2023","BP","C","High",2,0,0,7,0,0,NA,0,0,0
"1681",2203,"trapnest_9",2023-05-29,149,"year_2023","BP","C","High",1,0,1,7,0,0,NA,0,0,0
"1682",2204,"trapnest_9",2023-05-31,151,"year_2023","BP","C","High",2,0,0,7,0,0,NA,0,0,0
"1683",2205,"trapnest_9",2023-06-02,153,"year_2023","BP","C","High",2,0,0,7,0,0,NA,0,0,0
"1684",2206,"trapnest_9",2023-06-05,156,"year_2023","BP","C","High",1,1,2,7,0,0,0,0,0,0
"1685",2207,"trapnest_9",2023-06-08,159,"year_2023","BP","C","High",2,2,2,7,1.5,1.5,2,0,1,1
"1686",2208,"trapnest_9",2023-06-10,161,"year_2023","BP","C","High",0,0,0,5,3,3,2,0,1,1
"1687",2209,"trapnest_9",2023-06-12,163,"year_2023","BP","C","High",1,0,0,5,3,3,2,0,1,1
"1688",2210,"trapnest_9",2023-06-29,180,"year_2023","BP","C","High",1,0,0,4,1,1,1,0,0,0
"1689",2211,"trapnest_9",2023-06-14,165,"year_2023","BP","C","High",0,0,0,3,3,3,1,0,2,2
"1690",2212,"trapnest_9",2023-06-16,167,"year_2023","BP","C","High",1,0,0,4,1,1,1,0,0,0
"1691",2213,"trapnest_9",2023-06-20,171,"year_2023","BP","C","High",3,1,1,2,1,1,2,0,0,0
"1692",2214,"trapnest_9",2023-06-23,174,"year_2023","BP","C","High",3,0,0,1,1,1,1,0,0,0
