"Site","Subsite","Trapnest","Treatment","Date","Day_of_year","Year","Good_days","Available_cavities_prior","New_nests_os","Osmia_ps_prior","Osmia_no_ps_prior","Osmia_active_mothers_prior","DP_os_prior","NDP_os_prior","NDP_ps_os_prior"
"CP","AJ","trapnest_100","Low",2024-06-05,157,"year_2024",2,18,0,0,0,0,0,0,0
"CP","AJ","trapnest_100","Low",2024-06-11,163,"year_2024",1,18,0,0,0,0,0,0,0
"CP","AJ","trapnest_100","Low",2024-06-14,166,"year_2024",1,18,0,0,0,0,0,0,0
"CP","AJ","trapnest_100","Low",2024-06-17,169,"year_2024",3,18,0,0,0,0,0,0,0
"CP","AJ","trapnest_100","Low",2024-07-05,187,"year_2024",3,18,0,0,0,0,0,0,0
"CP","AJ","trapnest_100","Low",2024-07-08,190,"year_2024",2,18,0,0,0,0,0,0,0
"CP","AJ","trapnest_100","Low",2024-07-13,195,"year_2024",2,18,0,0,0,0,0,0,0
"CP","AJ","trapnest_100","Low",2024-07-16,198,"year_2024",3,18,0,0,0,0,0,0,0
"CP","AJ","trapnest_100","Low",2024-07-19,201,"year_2024",2,18,0,0,0,0,0,0,0
"CP","AJ","trapnest_100","Low",2024-07-22,204,"year_2024",3,18,0,0,0,0,0,0,0
"CP","AJ","trapnest_100","Low",2024-07-24,206,"year_2024",2,18,0,0,0,0,0,0,0
"CP","AJ","trapnest_100","Low",2024-07-26,208,"year_2024",0,18,0,0,0,0,0,0,0
"CP","AJ","trapnest_100","Low",2024-07-29,211,"year_2024",3,18,0,0,0,0,0,0,0
"CP","AJ","trapnest_100","Low",2024-08-02,215,"year_2024",3,18,0,0,0,0,0,0,0
"CP","AJ","trapnest_100","Low",2024-08-06,219,"year_2024",3,18,0,0,0,0,0,0,0
"CP","AJ","trapnest_100","Low",2024-08-08,221,"year_2024",0,18,0,0,0,0,0,0,0
"CP","AJ","trapnest_100","Low",2024-08-12,225,"year_2024",3,18,0,0,0,0,0,0,0
"CP","AJ","trapnest_100","Low",2024-06-21,173,"year_2024",4,18,0,0,0,0,0,0,0
"CP","AJ","trapnest_100","Low",2024-06-25,177,"year_2024",1,17,0,0,0,0,0,0,0
"CP","AJ","trapnest_100","Low",2024-06-28,180,"year_2024",3,17,0,0,0,0,0,0,0
"CP","AJ","trapnest_100","Low",2024-07-02,184,"year_2024",3,17,0,0,0,0,0,0,0
"CP","AJ","trapnest_101","Mid",2024-06-05,157,"year_2024",2,12,0,0,0,0,0,0,0
"CP","AJ","trapnest_101","Mid",2024-06-11,163,"year_2024",1,12,0,0,0,0,0,0,0
"CP","AJ","trapnest_101","Mid",2024-06-14,166,"year_2024",1,11,0,0,0,0,0,0,0
"CP","AJ","trapnest_101","Mid",2024-06-17,169,"year_2024",3,11,0,0,0,0,0,0,0
"CP","AJ","trapnest_101","Mid",2024-06-21,173,"year_2024",4,12,0,0,0,0,0,0,0
"CP","AJ","trapnest_101","Mid",2024-06-25,177,"year_2024",1,12,0,0,0,0,0,0,0
"CP","AJ","trapnest_101","Mid",2024-06-28,180,"year_2024",3,12,0,0,0,0,0,0,0
"CP","AJ","trapnest_101","Mid",2024-07-02,184,"year_2024",3,12,0,0,0,0,0,0,0
"CP","AJ","trapnest_101","Mid",2024-07-05,187,"year_2024",3,12,0,0,0,0,0,0,0
"CP","AJ","trapnest_101","Mid",2024-07-08,190,"year_2024",2,12,0,0,0,0,0,0,0
"CP","AJ","trapnest_101","Mid",2024-07-13,195,"year_2024",2,12,0,0,0,0,0,0,0
"CP","AJ","trapnest_101","Mid",2024-07-16,198,"year_2024",3,12,0,0,0,0,0,0,0
"CP","AJ","trapnest_101","Mid",2024-07-19,201,"year_2024",2,12,0,0,0,0,0,0,0
"CP","AJ","trapnest_101","Mid",2024-07-22,204,"year_2024",3,12,0,0,0,0,0,0,0
"CP","AJ","trapnest_101","Mid",2024-07-24,206,"year_2024",2,12,0,0,0,0,0,0,0
"CP","AJ","trapnest_101","Mid",2024-07-26,208,"year_2024",0,12,0,0,0,0,0,0,0
"CP","AJ","trapnest_101","Mid",2024-07-29,211,"year_2024",3,12,0,0,0,0,0,0,0
"CP","AJ","trapnest_101","Mid",2024-08-02,215,"year_2024",3,12,0,0,0,0,0,0,0
"CP","AJ","trapnest_101","Mid",2024-08-06,219,"year_2024",3,12,0,0,0,0,0,0,0
"CP","AJ","trapnest_101","Mid",2024-08-08,221,"year_2024",0,12,0,0,0,0,0,0,0
"CP","AJ","trapnest_101","Mid",2024-08-12,225,"year_2024",3,12,0,0,0,0,0,0,0
"CP","AJ","trapnest_102","High",2024-06-05,157,"year_2024",2,8,0,0,0,0,0,0,0
"CP","AJ","trapnest_102","High",2024-06-11,163,"year_2024",1,8,0,0,0,0,0,0,0
"CP","AJ","trapnest_102","High",2024-06-14,166,"year_2024",1,8,0,0,0,0,0,0,0
"CP","AJ","trapnest_102","High",2024-06-17,169,"year_2024",3,8,0,0,0,0,0,0,0
"CP","AJ","trapnest_102","High",2024-06-21,173,"year_2024",4,8,0,0,0,0,0,0,0
"CP","AJ","trapnest_102","High",2024-06-25,177,"year_2024",1,8,0,0,0,0,0,0,0
"CP","AJ","trapnest_102","High",2024-06-28,180,"year_2024",3,8,0,0,0,0,0,0,0
"CP","AJ","trapnest_102","High",2024-07-02,184,"year_2024",3,8,0,0,0,0,0,0,0
"CP","AJ","trapnest_102","High",2024-07-05,187,"year_2024",3,8,0,0,0,0,0,0,0
"CP","AJ","trapnest_102","High",2024-07-08,190,"year_2024",2,8,0,0,0,0,0,0,0
"CP","AJ","trapnest_102","High",2024-07-13,195,"year_2024",2,8,0,0,0,0,0,0,0
"CP","AJ","trapnest_102","High",2024-07-16,198,"year_2024",3,8,0,0,0,0,0,0,0
"CP","AJ","trapnest_102","High",2024-07-19,201,"year_2024",2,8,0,0,0,0,0,0,0
"CP","AJ","trapnest_102","High",2024-07-22,204,"year_2024",3,8,0,0,0,0,0,0,0
"CP","AJ","trapnest_102","High",2024-07-24,206,"year_2024",2,8,0,0,0,0,0,0,0
"CP","AJ","trapnest_102","High",2024-07-26,208,"year_2024",0,8,0,0,0,0,0,0,0
"CP","AJ","trapnest_102","High",2024-07-29,211,"year_2024",3,8,0,0,0,0,0,0,0
"CP","AJ","trapnest_102","High",2024-08-02,215,"year_2024",3,8,0,0,0,0,0,0,0
"CP","AJ","trapnest_102","High",2024-08-06,219,"year_2024",3,8,0,0,0,0,0,0,0
"CP","AJ","trapnest_102","High",2024-08-08,221,"year_2024",0,8,0,0,0,0,0,0,0
"CP","AJ","trapnest_102","High",2024-08-12,225,"year_2024",3,8,0,0,0,0,0,0,0
"CP","AK","trapnest_103","Low",2024-06-05,157,"year_2024",2,18,0,0,0,0,0,0,0
"CP","AK","trapnest_103","Low",2024-06-11,163,"year_2024",1,18,0,0,0,0,0,0,0
"CP","AK","trapnest_103","Low",2024-06-14,166,"year_2024",1,18,0,0,0,0,0,0,0
"CP","AK","trapnest_103","Low",2024-06-17,169,"year_2024",3,18,0,0,0,0,0,0,0
"CP","AK","trapnest_103","Low",2024-06-21,173,"year_2024",4,18,0,0,0,0,0,0,0
"CP","AK","trapnest_103","Low",2024-06-25,177,"year_2024",1,18,0,0,0,0,0,0,0
"CP","AK","trapnest_103","Low",2024-06-28,180,"year_2024",3,18,0,0,0,0,0,0,0
"CP","AK","trapnest_103","Low",2024-07-02,184,"year_2024",3,18,0,0,0,0,0,0,0
"CP","AK","trapnest_103","Low",2024-07-05,187,"year_2024",3,18,0,0,0,0,0,0,0
"CP","AK","trapnest_103","Low",2024-07-08,190,"year_2024",2,18,0,0,0,0,0,0,0
"CP","AK","trapnest_103","Low",2024-07-13,195,"year_2024",2,18,0,0,0,0,0,0,0
"CP","AK","trapnest_103","Low",2024-07-16,198,"year_2024",3,18,0,0,0,0,0,0,0
"CP","AK","trapnest_103","Low",2024-07-19,201,"year_2024",2,18,0,0,0,0,0,0,0
"CP","AK","trapnest_103","Low",2024-07-22,204,"year_2024",3,18,0,0,0,0,0,0,0
"CP","AK","trapnest_103","Low",2024-07-24,206,"year_2024",2,18,0,0,0,0,0,0,0
"CP","AK","trapnest_103","Low",2024-07-26,208,"year_2024",0,18,0,0,0,0,0,0,0
"CP","AK","trapnest_103","Low",2024-07-29,211,"year_2024",3,18,0,0,0,0,0,0,0
"CP","AK","trapnest_103","Low",2024-08-02,215,"year_2024",3,18,0,0,0,0,0,0,0
"CP","AK","trapnest_103","Low",2024-08-06,219,"year_2024",3,18,0,0,0,0,0,0,0
"CP","AK","trapnest_103","Low",2024-08-08,221,"year_2024",0,18,0,0,0,0,0,0,0
"CP","AK","trapnest_103","Low",2024-08-12,225,"year_2024",3,18,0,0,0,0,0,0,0
"CP","AK","trapnest_104","Mid",2024-06-05,157,"year_2024",2,12,0,0,0,0,0,0,0
"CP","AK","trapnest_104","Mid",2024-06-11,163,"year_2024",1,12,0,0,0,0,0,0,0
"CP","AK","trapnest_104","Mid",2024-06-14,166,"year_2024",1,12,0,0,0,0,0,0,0
"CP","AK","trapnest_104","Mid",2024-06-17,169,"year_2024",3,12,0,0,0,0,0,0,0
"CP","AK","trapnest_104","Mid",2024-06-21,173,"year_2024",4,12,0,0,0,0,0,0,0
"CP","AK","trapnest_104","Mid",2024-06-25,177,"year_2024",1,12,0,0,0,0,0,0,0
"CP","AK","trapnest_104","Mid",2024-06-28,180,"year_2024",3,12,0,0,0,0,0,0,0
"CP","AK","trapnest_104","Mid",2024-07-02,184,"year_2024",3,12,0,0,0,0,0,0,0
"CP","AK","trapnest_104","Mid",2024-07-05,187,"year_2024",3,11,0,0,0,0,0,0,0
"CP","AK","trapnest_104","Mid",2024-07-08,190,"year_2024",2,12,0,0,0,0,0,0,0
"CP","AK","trapnest_104","Mid",2024-07-13,195,"year_2024",2,12,0,0,0,0,0,0,0
"CP","AK","trapnest_104","Mid",2024-07-16,198,"year_2024",3,12,0,0,0,0,0,0,0
"CP","AK","trapnest_104","Mid",2024-07-19,201,"year_2024",2,12,0,0,0,0,0,0,0
"CP","AK","trapnest_104","Mid",2024-07-22,204,"year_2024",3,12,0,0,0,0,0,0,0
"CP","AK","trapnest_104","Mid",2024-07-24,206,"year_2024",2,11,0,0,0,0,0,0,0
"CP","AK","trapnest_104","Mid",2024-07-26,208,"year_2024",0,11,0,0,0,0,0,0,0
"CP","AK","trapnest_104","Mid",2024-07-29,211,"year_2024",3,11,0,0,0,0,0,0,0
"CP","AK","trapnest_104","Mid",2024-08-02,215,"year_2024",3,11,0,0,0,0,0,0,0
"CP","AK","trapnest_104","Mid",2024-08-06,219,"year_2024",3,11,0,0,0,0,0,0,0
"CP","AK","trapnest_104","Mid",2024-08-08,221,"year_2024",0,11,0,0,0,0,0,0,0
"CP","AK","trapnest_104","Mid",2024-08-12,225,"year_2024",3,11,0,0,0,0,0,0,0
"CP","AK","trapnest_105","High",2024-06-05,157,"year_2024",2,7,0,0,0,0,0,0,0
"CP","AK","trapnest_105","High",2024-06-11,163,"year_2024",1,7,0,0,0,0,0,0,0
"CP","AK","trapnest_105","High",2024-06-14,166,"year_2024",1,7,0,0,0,0,0,0,0
"CP","AK","trapnest_105","High",2024-06-17,169,"year_2024",3,7,0,0,0,0,0,0,0
"CP","AK","trapnest_105","High",2024-06-21,173,"year_2024",4,7,0,0,0,0,0,0,0
"CP","AK","trapnest_105","High",2024-06-25,177,"year_2024",1,7,0,0,0,0,0,0,0
"CP","AK","trapnest_105","High",2024-06-28,180,"year_2024",3,7,0,0,0,0,0,0,0
"CP","AK","trapnest_105","High",2024-07-02,184,"year_2024",3,7,0,0,0,0,0,0,0
"CP","AK","trapnest_105","High",2024-07-05,187,"year_2024",3,7,0,0,0,0,0,0,0
"CP","AK","trapnest_105","High",2024-07-08,190,"year_2024",2,7,0,0,0,0,0,0,0
"CP","AK","trapnest_105","High",2024-07-13,195,"year_2024",2,7,0,0,0,0,0,0,0
"CP","AK","trapnest_105","High",2024-07-16,198,"year_2024",3,7,0,0,0,0,0,0,0
"CP","AK","trapnest_105","High",2024-07-19,201,"year_2024",2,7,0,0,0,0,0,0,0
"CP","AK","trapnest_105","High",2024-07-22,204,"year_2024",3,7,0,0,0,0,0,0,0
"CP","AK","trapnest_105","High",2024-07-24,206,"year_2024",2,7,0,0,0,0,0,0,0
"CP","AK","trapnest_105","High",2024-07-26,208,"year_2024",0,7,0,0,0,0,0,0,0
"CP","AK","trapnest_105","High",2024-07-29,211,"year_2024",3,7,0,0,0,0,0,0,0
"CP","AK","trapnest_105","High",2024-08-02,215,"year_2024",3,7,0,0,0,0,0,0,0
"CP","AK","trapnest_105","High",2024-08-06,219,"year_2024",3,7,0,0,0,0,0,0,0
"CP","AK","trapnest_105","High",2024-08-08,221,"year_2024",0,7,0,0,0,0,0,0,0
"CP","AK","trapnest_105","High",2024-08-12,225,"year_2024",3,7,0,0,0,0,0,0,0
"CP","AL","trapnest_106","Low",2024-06-05,157,"year_2024",2,18,0,0,0,0,0,0,0
"CP","AL","trapnest_106","Low",2024-06-11,163,"year_2024",1,18,0,0,0,0,0,0,0
"CP","AL","trapnest_106","Low",2024-06-14,166,"year_2024",1,18,0,0,0,0,0,0,0
"CP","AL","trapnest_106","Low",2024-06-17,169,"year_2024",3,18,0,0,0,0,0,0,0
"CP","AL","trapnest_106","Low",2024-07-05,187,"year_2024",3,18,0,0,0,0,0,0,0
"CP","AL","trapnest_106","Low",2024-07-08,190,"year_2024",2,18,0,0,0,0,0,0,0
"CP","AL","trapnest_106","Low",2024-07-13,195,"year_2024",2,18,0,0,0,0,0,0,0
"CP","AL","trapnest_106","Low",2024-07-16,198,"year_2024",3,17,0,0,0,0,0,0,0
"CP","AL","trapnest_106","Low",2024-07-19,201,"year_2024",2,17,0,0,0,0,0,0,0
"CP","AL","trapnest_106","Low",2024-07-22,204,"year_2024",3,17,0,0,0,0,0,0,0
"CP","AL","trapnest_106","Low",2024-07-24,206,"year_2024",2,17,0,0,0,0,0,0,0
"CP","AL","trapnest_106","Low",2024-07-26,208,"year_2024",0,17,0,0,0,0,0,0,0
"CP","AL","trapnest_106","Low",2024-07-29,211,"year_2024",3,16,0,0,0,0,0,0,0
"CP","AL","trapnest_106","Low",2024-08-02,215,"year_2024",3,17,0,0,0,0,0,0,0
"CP","AL","trapnest_106","Low",2024-08-06,219,"year_2024",3,16,0,0,0,0,0,0,0
"CP","AL","trapnest_106","Low",2024-08-08,221,"year_2024",0,17,0,0,0,0,0,0,0
"CP","AL","trapnest_106","Low",2024-08-12,225,"year_2024",3,17,0,0,0,0,0,0,0
"CP","AL","trapnest_106","Low",2024-06-21,173,"year_2024",4,18,0,0,0,0,0,0,0
"CP","AL","trapnest_106","Low",2024-06-25,177,"year_2024",1,17,0,0,0,0,0,0,0
"CP","AL","trapnest_106","Low",2024-06-28,180,"year_2024",3,17,0,0,0,0,0,0,0
"CP","AL","trapnest_106","Low",2024-07-02,184,"year_2024",3,17,0,0,0,0,0,0,0
"CP","AL","trapnest_107","Mid",2024-06-05,157,"year_2024",2,12,0,0,0,0,0,0,0
"CP","AL","trapnest_107","Mid",2024-06-11,163,"year_2024",1,12,0,0,0,0,0,0,0
"CP","AL","trapnest_107","Mid",2024-06-14,166,"year_2024",1,12,0,0,0,0,0,0,0
"CP","AL","trapnest_107","Mid",2024-06-17,169,"year_2024",3,12,0,0,0,0,0,0,0
"CP","AL","trapnest_107","Mid",2024-06-21,173,"year_2024",4,11,0,0,0,0,0,0,0
"CP","AL","trapnest_107","Mid",2024-06-25,177,"year_2024",1,12,0,0,0,0,0,0,0
"CP","AL","trapnest_107","Mid",2024-06-28,180,"year_2024",3,12,0,0,0,0,0,0,0
"CP","AL","trapnest_107","Mid",2024-07-02,184,"year_2024",3,12,0,0,0,0,0,0,0
"CP","AL","trapnest_107","Mid",2024-07-05,187,"year_2024",3,12,0,0,0,0,0,0,0
"CP","AL","trapnest_107","Mid",2024-07-08,190,"year_2024",2,12,0,0,0,0,0,0,0
"CP","AL","trapnest_107","Mid",2024-07-13,195,"year_2024",2,12,0,0,0,0,0,0,0
"CP","AL","trapnest_107","Mid",2024-07-16,198,"year_2024",3,12,0,0,0,0,0,0,0
"CP","AL","trapnest_107","Mid",2024-07-19,201,"year_2024",2,12,0,0,0,0,0,0,0
"CP","AL","trapnest_107","Mid",2024-07-22,204,"year_2024",3,12,0,0,0,0,0,0,0
"CP","AL","trapnest_107","Mid",2024-07-24,206,"year_2024",2,12,0,0,0,0,0,0,0
"CP","AL","trapnest_107","Mid",2024-07-26,208,"year_2024",0,12,0,0,0,0,0,0,0
"CP","AL","trapnest_107","Mid",2024-07-29,211,"year_2024",3,12,0,0,0,0,0,0,0
"CP","AL","trapnest_107","Mid",2024-08-02,215,"year_2024",3,12,0,0,0,0,0,0,0
"CP","AL","trapnest_107","Mid",2024-08-06,219,"year_2024",3,12,0,0,0,0,0,0,0
"CP","AL","trapnest_107","Mid",2024-08-08,221,"year_2024",0,12,0,0,0,0,0,0,0
"CP","AL","trapnest_107","Mid",2024-08-12,225,"year_2024",3,12,0,0,0,0,0,0,0
"CP","AL","trapnest_108","High",2024-06-05,157,"year_2024",2,7,0,0,0,0,0,0,0
"CP","AL","trapnest_108","High",2024-06-11,163,"year_2024",1,7,0,0,0,0,0,0,0
"CP","AL","trapnest_108","High",2024-06-14,166,"year_2024",1,6,0,0,0,0,0,0,0
"CP","AL","trapnest_108","High",2024-06-17,169,"year_2024",3,6,0,0,0,0,0,0,0
"CP","AL","trapnest_108","High",2024-06-21,173,"year_2024",4,4,0,0,0,0,0,0,0
"CP","AL","trapnest_108","High",2024-06-25,177,"year_2024",1,5,0,0,0,0,0,0,0
"CP","AL","trapnest_108","High",2024-06-28,180,"year_2024",3,6,0,0,0,0,0,0,0
"CP","AL","trapnest_108","High",2024-07-02,184,"year_2024",3,6,0,0,0,0,0,0,0
"CP","AL","trapnest_108","High",2024-07-05,187,"year_2024",3,6,0,0,0,0,0,0,0
"CP","AL","trapnest_108","High",2024-07-08,190,"year_2024",2,6,0,0,0,0,0,0,0
"CP","AL","trapnest_108","High",2024-07-13,195,"year_2024",2,7,0,0,0,0,0,0,0
"CP","AL","trapnest_108","High",2024-07-16,198,"year_2024",3,6,0,0,0,0,0,0,0
"CP","AL","trapnest_108","High",2024-07-19,201,"year_2024",2,7,0,0,0,0,0,0,0
"CP","AL","trapnest_108","High",2024-07-22,204,"year_2024",3,6,0,0,0,0,0,0,0
"CP","AL","trapnest_108","High",2024-07-24,206,"year_2024",2,7,0,0,0,0,0,0,0
"CP","AL","trapnest_108","High",2024-07-26,208,"year_2024",0,7,0,0,0,0,0,0,0
"CP","AL","trapnest_108","High",2024-07-29,211,"year_2024",3,6,0,0,0,0,0,0,0
"CP","AL","trapnest_108","High",2024-08-02,215,"year_2024",3,7,0,0,0,0,0,0,0
"CP","AL","trapnest_108","High",2024-08-06,219,"year_2024",3,7,0,0,0,0,0,0,0
"CP","AL","trapnest_108","High",2024-08-08,221,"year_2024",0,7,0,0,0,0,0,0,0
"CP","AL","trapnest_108","High",2024-08-12,225,"year_2024",3,7,0,0,0,0,0,0,0
"BP","D","trapnest_10","Low",2023-05-11,131,"year_2023",3,18,0,0,0,0,0,0,0
"BP","D","trapnest_10","Low",2023-05-12,132,"year_2023",1,18,0,0,0,0,0,0,0
"BP","D","trapnest_10","Low",2023-05-15,135,"year_2023",3,18,0,0,0,0,0,0,0
"BP","D","trapnest_10","Low",2023-05-16,136,"year_2023",1,18,0,0,0,0,0,0,0
"BP","D","trapnest_10","Low",2023-05-17,137,"year_2023",1,18,0,0,0,0,0,0,0
"BP","D","trapnest_10","Low",2023-05-19,139,"year_2023",2,18,0,0,0,0,0,0,0
"BP","D","trapnest_10","Low",2023-05-21,141,"year_2023",1,18,0,0,0,0,0,0,0
"BP","D","trapnest_10","Low",2023-05-22,142,"year_2023",1,18,0,0,0,0,0,0,0
"BP","D","trapnest_10","Low",2023-05-23,143,"year_2023",1,18,0,0,0,0,0,0,0
"BP","D","trapnest_10","Low",2023-05-26,146,"year_2023",2,18,0,0,0,0,0,0,0
"BP","D","trapnest_10","Low",2023-05-28,148,"year_2023",2,18,0,0,0,0,0,0,0
"BP","D","trapnest_10","Low",2023-05-29,149,"year_2023",1,18,0,0,0,0,0,0,0
"BP","D","trapnest_10","Low",2023-05-31,151,"year_2023",2,18,0,0,0,0,0,0,0
"BP","D","trapnest_10","Low",2023-06-02,153,"year_2023",2,18,0,0,0,0,0,0,0
"BP","D","trapnest_10","Low",2023-06-05,156,"year_2023",1,18,0,0,0,0,0,0,0
"BP","D","trapnest_10","Low",2023-06-08,159,"year_2023",2,18,0,0,0,0,0,0,0
"BP","D","trapnest_10","Low",2023-06-10,161,"year_2023",0,18,0,0,0,0,0,0,0
"BP","D","trapnest_10","Low",2023-06-12,163,"year_2023",1,18,0,0,0,0,0,0,0
"BP","D","trapnest_10","Low",2023-06-14,165,"year_2023",0,18,0,0,0,0,0,0,0
"BP","D","trapnest_10","Low",2023-06-16,167,"year_2023",1,18,0,0,0,0,0,0,0
"BP","D","trapnest_10","Low",2023-06-20,171,"year_2023",3,18,0,0,0,0,0,0,0
"BP","D","trapnest_10","Low",2023-06-23,174,"year_2023",3,18,0,0,0,0,0,0,0
"BP","D","trapnest_10","Low",2023-06-29,180,"year_2023",1,18,0,0,0,0,0,0,0
"BP","D","trapnest_11","Mid",2023-05-11,131,"year_2023",3,12,0,6,0,0,0,0,6
"BP","D","trapnest_11","Mid",2023-05-12,132,"year_2023",1,12,0,6,0,0,0,0,6
"BP","D","trapnest_11","Mid",2023-05-15,135,"year_2023",3,12,0,6,0,0,0,0,6
"BP","D","trapnest_11","Mid",2023-05-16,136,"year_2023",1,12,0,6,0,0,0,0,6
"BP","D","trapnest_11","Mid",2023-05-17,137,"year_2023",1,12,0,6,0,0,0,0,6
"BP","D","trapnest_11","Mid",2023-05-19,139,"year_2023",2,12,0,6,0,0,0,0,6
"BP","D","trapnest_11","Mid",2023-05-21,141,"year_2023",1,12,0,6,0,0,0,0,6
"BP","D","trapnest_11","Mid",2023-05-22,142,"year_2023",1,12,0,6,0,0,0,0,6
"BP","D","trapnest_11","Mid",2023-05-23,143,"year_2023",1,12,0,6,0,0,0,0,6
"BP","D","trapnest_11","Mid",2023-05-26,146,"year_2023",2,12,0,6,0,0,0,0,6
"BP","D","trapnest_11","Mid",2023-05-28,148,"year_2023",2,12,0,6,0,0,0,0,6
"BP","D","trapnest_11","Mid",2023-05-29,149,"year_2023",1,12,0,6,0,0,0,0,6
"BP","D","trapnest_11","Mid",2023-05-31,151,"year_2023",2,12,0,6,0,0,0,0,6
"BP","D","trapnest_11","Mid",2023-06-02,153,"year_2023",2,12,0,6,0,0,0,0,6
"BP","D","trapnest_11","Mid",2023-06-05,156,"year_2023",1,12,0,6,0,0,0,0,6
"BP","D","trapnest_11","Mid",2023-06-08,159,"year_2023",2,12,0,6,0,0,0,0,6
"BP","D","trapnest_11","Mid",2023-06-10,161,"year_2023",0,12,0,6,0,0,0,0,6
"BP","D","trapnest_11","Mid",2023-06-12,163,"year_2023",1,12,0,6,0,0,0,0,6
"BP","D","trapnest_11","Mid",2023-06-14,165,"year_2023",0,12,0,6,0,0,0,0,6
"BP","D","trapnest_11","Mid",2023-06-16,167,"year_2023",1,12,0,6,0,0,0,0,6
"BP","D","trapnest_11","Mid",2023-06-20,171,"year_2023",3,12,0,6,0,0,0,0,6
"BP","D","trapnest_11","Mid",2023-06-23,174,"year_2023",3,12,0,6,0,0,0,0,6
"BP","D","trapnest_11","Mid",2023-06-29,180,"year_2023",1,10,1,6,0,0,0,0,6
"BP","D","trapnest_12","High",2023-05-11,131,"year_2023",3,7,0,11,0,0,0,0,11
"BP","D","trapnest_12","High",2023-05-12,132,"year_2023",1,7,0,11,0,0,0,0,11
"BP","D","trapnest_12","High",2023-05-15,135,"year_2023",3,7,1,11,0,0,0,0,11
"BP","D","trapnest_12","High",2023-05-16,136,"year_2023",1,6,0,12,1,1,0,1,12
"BP","D","trapnest_12","High",2023-05-17,137,"year_2023",1,6,0,12,1,1,0,1,12
"BP","D","trapnest_12","High",2023-05-19,139,"year_2023",2,6,0,12,1,1,0,1,12
"BP","D","trapnest_12","High",2023-05-21,141,"year_2023",1,7,0,11,1,1,0,1,11
"BP","D","trapnest_12","High",2023-05-22,142,"year_2023",1,7,0,11,1,1,0,1,11
"BP","D","trapnest_12","High",2023-05-23,143,"year_2023",1,7,0,11,1,1,0,1,11
"BP","D","trapnest_12","High",2023-05-26,146,"year_2023",2,7,0,11,1,1,0,1,11
"BP","D","trapnest_12","High",2023-05-28,148,"year_2023",2,7,0,11,1,1,0,1,11
"BP","D","trapnest_12","High",2023-05-29,149,"year_2023",1,7,2,11.5,1.5,1.5,0,1,11
"BP","D","trapnest_12","High",2023-05-31,151,"year_2023",2,7,0,11,3,2,1,2,10
"BP","D","trapnest_12","High",2023-06-02,153,"year_2023",2,8,2,10.5,3.5,2.5,1,2,9
"BP","D","trapnest_12","High",2023-06-05,156,"year_2023",1,7,0,11,5,3,0,5,11
"BP","D","trapnest_12","High",2023-06-08,159,"year_2023",2,7,1,11,5,1,0,5,11
"BP","D","trapnest_12","High",2023-06-10,161,"year_2023",0,7,0,11,6,2,0,6,11
"BP","D","trapnest_12","High",2023-06-12,163,"year_2023",1,7,0,11,6,2,0,6,11
"BP","D","trapnest_12","High",2023-06-14,165,"year_2023",0,7,1,11,6,2,0,6,11
"BP","D","trapnest_12","High",2023-06-16,167,"year_2023",1,6,0,12,7,2,0,7,12
"BP","D","trapnest_12","High",2023-06-20,171,"year_2023",3,7,2,11.5,6.5,1.5,0,6,11
"BP","D","trapnest_12","High",2023-06-23,174,"year_2023",3,6,0,12,7,3,1,6,11
"BP","D","trapnest_12","High",2023-06-29,180,"year_2023",1,6,1,12,7,2,0,7,12
"BP","E","trapnest_13","Low",2023-05-11,131,"year_2023",3,18,0,0,0,0,0,0,0
"BP","E","trapnest_13","Low",2023-05-12,132,"year_2023",1,18,0,0,0,0,0,0,0
"BP","E","trapnest_13","Low",2023-05-15,135,"year_2023",3,18,0,0,0,0,0,0,0
"BP","E","trapnest_13","Low",2023-05-16,136,"year_2023",1,18,0,0,0,0,0,0,0
"BP","E","trapnest_13","Low",2023-05-17,137,"year_2023",1,18,0,0,0,0,0,0,0
"BP","E","trapnest_13","Low",2023-05-19,139,"year_2023",2,18,0,0,0,0,0,0,0
"BP","E","trapnest_13","Low",2023-05-21,141,"year_2023",1,18,0,0,0,0,0,0,0
"BP","E","trapnest_13","Low",2023-05-22,142,"year_2023",1,18,0,0,0,0,0,0,0
"BP","E","trapnest_13","Low",2023-05-23,143,"year_2023",1,18,1,0,0,0,0,0,0
"BP","E","trapnest_13","Low",2023-05-26,146,"year_2023",2,17,0,1,1,1,0,1,1
"BP","E","trapnest_13","Low",2023-05-28,148,"year_2023",2,17,0,1,1,1,0,1,1
"BP","E","trapnest_13","Low",2023-05-29,149,"year_2023",1,17,3,2,2,2,0,2.5,2.5
"BP","E","trapnest_13","Low",2023-05-31,151,"year_2023",2,15,1,3,3,3,1,2,2
"BP","E","trapnest_13","Low",2023-06-02,153,"year_2023",2,15,2,3.5,3.5,3.5,1,2,2
"BP","E","trapnest_13","Low",2023-06-05,156,"year_2023",1,14,2,4.5,4.5,3.5,1,3,3
"BP","E","trapnest_13","Low",2023-06-09,160,"year_2023",0,17,0,1,1,1,1,0,0
"BP","E","trapnest_13","Low",2023-06-10,161,"year_2023",0,17,0,1,1,1,1,0,0
"BP","E","trapnest_13","Low",2023-06-12,163,"year_2023",1,17,0,1,1,1,1,0,0
"BP","E","trapnest_13","Low",2023-06-14,165,"year_2023",0,17,3,2,2,1,0,2,2
"BP","E","trapnest_13","Low",2023-06-16,167,"year_2023",1,17,1,1,1,1,1,0,0
"BP","E","trapnest_13","Low",2023-06-20,171,"year_2023",3,16,0,2,2,1,1,1,1
"BP","E","trapnest_13","Low",2023-06-29,180,"year_2023",1,14,0,1,1,1,1,0,0
"BP","E","trapnest_13","Low",2023-06-23,174,"year_2023",3,17,0,1,1,1,1,0,0
"BP","E","trapnest_14","Mid",2023-05-11,131,"year_2023",3,12,0,6,0,0,0,0,6
"BP","E","trapnest_14","Mid",2023-05-12,132,"year_2023",1,12,0,6,0,0,0,0,6
"BP","E","trapnest_14","Mid",2023-05-15,135,"year_2023",3,12,0,6,0,0,0,0,6
"BP","E","trapnest_14","Mid",2023-05-16,136,"year_2023",1,12,0,6,0,0,0,0,6
"BP","E","trapnest_14","Mid",2023-05-17,137,"year_2023",1,12,0,6,0,0,0,0,6
"BP","E","trapnest_14","Mid",2023-05-19,139,"year_2023",2,12,0,6,0,0,0,0,6
"BP","E","trapnest_14","Mid",2023-05-21,141,"year_2023",1,12,0,6,0,0,0,0,6
"BP","E","trapnest_14","Mid",2023-05-22,142,"year_2023",1,12,0,6,0,0,0,0,6
"BP","E","trapnest_14","Mid",2023-05-23,143,"year_2023",1,12,0,6,0,0,0,0,6
"BP","E","trapnest_14","Mid",2023-05-26,146,"year_2023",2,12,0,6,0,0,0,0,6
"BP","E","trapnest_14","Mid",2023-05-28,148,"year_2023",2,12,0,6,0,0,0,0,6
"BP","E","trapnest_14","Mid",2023-05-29,149,"year_2023",1,13,1,5,0,0,0,0,5
"BP","E","trapnest_14","Mid",2023-05-31,151,"year_2023",2,12,3,7,2,2,0,2.5,7.5
"BP","E","trapnest_14","Mid",2023-06-02,153,"year_2023",2,12,1,6,3,2,0,3,6
"BP","E","trapnest_14","Mid",2023-06-05,156,"year_2023",1,12,1,6,3,2,0,3,6
"BP","E","trapnest_14","Mid",2023-06-09,160,"year_2023",0,12,0,6,3,1,0,3,6
"BP","E","trapnest_14","Mid",2023-06-10,161,"year_2023",0,12,0,6,3,0,0,3,6
"BP","E","trapnest_14","Mid",2023-06-12,163,"year_2023",1,12,0,6,3,0,0,3,6
"BP","E","trapnest_14","Mid",2023-06-14,165,"year_2023",0,12,0,6,3,0,0,3,6
"BP","E","trapnest_14","Mid",2023-06-16,167,"year_2023",1,12,0,6,3,0,0,3,6
"BP","E","trapnest_14","Mid",2023-06-20,171,"year_2023",3,12,0,6,2,0,0,2,6
"BP","E","trapnest_14","Mid",2023-06-23,174,"year_2023",3,12,0,6,2,0,0,2,6
"BP","E","trapnest_14","Mid",2023-06-29,180,"year_2023",1,12,0,6,2,0,0,2,6
"BP","E","trapnest_15","High",2023-05-11,131,"year_2023",3,7,0,11,0,0,0,0,11
"BP","E","trapnest_15","High",2023-05-12,132,"year_2023",1,7,0,11,0,0,0,0,11
"BP","E","trapnest_15","High",2023-05-15,135,"year_2023",3,7,1,11,0,0,0,0,11
"BP","E","trapnest_15","High",2023-05-16,136,"year_2023",1,6,0,12,1,1,0,1,12
"BP","E","trapnest_15","High",2023-05-17,137,"year_2023",1,6,1,12,1,1,0,1,12
"BP","E","trapnest_15","High",2023-05-19,139,"year_2023",2,6,0,12,2,1,0,2,12
"BP","E","trapnest_15","High",2023-05-21,141,"year_2023",1,7,0,11,1,0,0,1,11
"BP","E","trapnest_15","High",2023-05-22,142,"year_2023",1,7,2,11.5,1.5,0.5,0,2,12
"BP","E","trapnest_15","High",2023-05-23,143,"year_2023",1,7,0,11,3,1,0,3,11
"BP","E","trapnest_15","High",2023-05-26,146,"year_2023",2,7,0,11,3,1,0,3,11
"BP","E","trapnest_15","High",2023-05-28,148,"year_2023",2,7,0,11,3,0,0,3,11
"BP","E","trapnest_15","High",2023-05-29,149,"year_2023",1,7,0,11,3,0,0,3,11
"BP","E","trapnest_15","High",2023-05-31,151,"year_2023",2,7,0,11,2,0,0,2,11
"BP","E","trapnest_15","High",2023-06-02,153,"year_2023",2,7,0,11,2,0,0,2,11
"BP","E","trapnest_15","High",2023-06-05,156,"year_2023",1,7,0,11,2,0,0,2,11
"BP","E","trapnest_15","High",2023-06-09,160,"year_2023",0,7,0,11,2,0,0,2,11
"BP","E","trapnest_15","High",2023-06-10,161,"year_2023",0,7,0,11,2,0,0,2,11
"BP","E","trapnest_15","High",2023-06-12,163,"year_2023",1,7,0,11,2,0,0,2,11
"BP","E","trapnest_15","High",2023-06-14,165,"year_2023",0,7,0,11,2,0,0,2,11
"BP","E","trapnest_15","High",2023-06-16,167,"year_2023",1,7,0,11,2,0,0,2,11
"BP","E","trapnest_15","High",2023-06-20,171,"year_2023",3,7,0,11,2,0,0,2,11
"BP","E","trapnest_15","High",2023-06-23,174,"year_2023",3,8,0,10,1,0,0,1,10
"BP","E","trapnest_15","High",2023-06-29,180,"year_2023",1,6,0,11,1,0,0,1,11
"BP","F","trapnest_16","Low",2023-05-11,131,"year_2023",3,18,1,0,0,0,0,0,0
"BP","F","trapnest_16","Low",2023-05-12,132,"year_2023",1,17,1,1,1,1,0,1,1
"BP","F","trapnest_16","Low",2023-05-15,135,"year_2023",3,17,1,1,1,1,0,1,1
"BP","F","trapnest_16","Low",2023-05-16,136,"year_2023",1,16,0,2,2,2,1,1,1
"BP","F","trapnest_16","Low",2023-05-17,137,"year_2023",1,16,0,2,2,2,1,1,1
"BP","F","trapnest_16","Low",2023-05-19,139,"year_2023",2,16,0,2,2,2,1,1,1
"BP","F","trapnest_16","Low",2023-05-21,141,"year_2023",1,16,0,2,2,2,1,1,1
"BP","F","trapnest_16","Low",2023-05-22,142,"year_2023",1,16,0,2,2,1,1,1,1
"BP","F","trapnest_16","Low",2023-05-23,143,"year_2023",1,17,1,1,1,0,1,0,0
"BP","F","trapnest_16","Low",2023-05-26,146,"year_2023",2,16,1,2,2,1,1,1,1
"BP","F","trapnest_16","Low",2023-05-28,148,"year_2023",2,16,0,2,2,2,0,2,2
"BP","F","trapnest_16","Low",2023-05-29,149,"year_2023",1,16,4,3.5,3.5,3.5,0,4,4
"BP","F","trapnest_16","Low",2023-05-31,151,"year_2023",2,14,2,4.5,4.5,3.5,0,5,5
"BP","F","trapnest_16","Low",2023-06-02,153,"year_2023",2,15,1,3,3,3,0,3,3
"BP","F","trapnest_16","Low",2023-06-05,156,"year_2023",1,16,0,2,2,1,0,2,2
"BP","F","trapnest_16","Low",2023-06-09,160,"year_2023",0,18,0,0,0,0,0,0,0
"BP","F","trapnest_16","Low",2023-06-10,161,"year_2023",0,18,0,0,0,0,0,0,0
"BP","F","trapnest_16","Low",2023-06-12,163,"year_2023",1,18,0,0,0,0,0,0,0
"BP","F","trapnest_16","Low",2023-06-14,165,"year_2023",0,18,0,0,0,0,0,0,0
"BP","F","trapnest_16","Low",2023-06-16,167,"year_2023",1,18,0,0,0,0,0,0,0
"BP","F","trapnest_16","Low",2023-06-20,171,"year_2023",3,18,0,0,0,0,0,0,0
"BP","F","trapnest_16","Low",2023-06-23,174,"year_2023",3,18,0,0,0,0,0,0,0
"BP","F","trapnest_16","Low",2023-06-29,180,"year_2023",1,17,0,0,0,0,0,0,0
"BP","F","trapnest_17","Mid",2023-05-11,131,"year_2023",3,12,0,6,0,0,0,0,6
"BP","F","trapnest_17","Mid",2023-05-12,132,"year_2023",1,12,0,6,0,0,0,0,6
"BP","F","trapnest_17","Mid",2023-05-15,135,"year_2023",3,12,0,6,0,0,0,0,6
"BP","F","trapnest_17","Mid",2023-05-16,136,"year_2023",1,12,0,6,0,0,0,0,6
"BP","F","trapnest_17","Mid",2023-05-17,137,"year_2023",1,12,0,6,0,0,0,0,6
"BP","F","trapnest_17","Mid",2023-05-19,139,"year_2023",2,12,0,6,0,0,0,0,6
"BP","F","trapnest_17","Mid",2023-05-21,141,"year_2023",1,12,0,6,0,0,0,0,6
"BP","F","trapnest_17","Mid",2023-05-22,142,"year_2023",1,12,0,6,0,0,0,0,6
"BP","F","trapnest_17","Mid",2023-05-23,143,"year_2023",1,12,0,6,0,0,0,0,6
"BP","F","trapnest_17","Mid",2023-05-26,146,"year_2023",2,12,1,6,0,0,0,0,6
"BP","F","trapnest_17","Mid",2023-05-28,148,"year_2023",2,11,0,7,1,1,0,1,7
"BP","F","trapnest_17","Mid",2023-05-29,149,"year_2023",1,11,2,7.5,1.5,1.5,0,1,7
"BP","F","trapnest_17","Mid",2023-05-31,151,"year_2023",2,12,0,6,3,3,1,2,5
"BP","F","trapnest_17","Mid",2023-06-02,153,"year_2023",2,12,3,7,4,3,0,4.5,7.5
"BP","F","trapnest_17","Mid",2023-06-05,156,"year_2023",1,12,2,6.5,5.5,3.5,1,5,6
"BP","F","trapnest_17","Mid",2023-06-09,160,"year_2023",0,11,0,7,6,4,1,5,6
"BP","F","trapnest_17","Mid",2023-06-10,161,"year_2023",0,11,0,7,6,2,1,5,6
"BP","F","trapnest_17","Mid",2023-06-12,163,"year_2023",1,11,0,7,6,1,1,5,6
"BP","F","trapnest_17","Mid",2023-06-14,165,"year_2023",0,11,0,7,6,1,0,6,7
"BP","F","trapnest_17","Mid",2023-06-16,167,"year_2023",1,10,0,7,6,0,0,6,7
"BP","F","trapnest_17","Mid",2023-06-20,171,"year_2023",3,11,0,6,5,0,0,5,6
"BP","F","trapnest_17","Mid",2023-06-23,174,"year_2023",3,10,1,6,5,0,0,5,6
"BP","F","trapnest_17","Mid",2023-06-29,180,"year_2023",1,9,0,5,4,0,0,4,5
"BP","F","trapnest_18","High",2023-05-11,131,"year_2023",3,7,0,11,0,0,0,0,11
"BP","F","trapnest_18","High",2023-05-12,132,"year_2023",1,7,0,11,0,0,0,0,11
"BP","F","trapnest_18","High",2023-05-15,135,"year_2023",3,7,0,11,0,0,0,0,11
"BP","F","trapnest_18","High",2023-05-16,136,"year_2023",1,7,0,11,0,0,0,0,11
"BP","F","trapnest_18","High",2023-05-17,137,"year_2023",1,7,0,11,0,0,0,0,11
"BP","F","trapnest_18","High",2023-05-19,139,"year_2023",2,7,0,11,0,0,0,0,11
"BP","F","trapnest_18","High",2023-05-21,141,"year_2023",1,7,0,11,0,0,0,0,11
"BP","F","trapnest_18","High",2023-05-22,142,"year_2023",1,7,0,11,0,0,0,0,11
"BP","F","trapnest_18","High",2023-05-23,143,"year_2023",1,7,0,11,0,0,0,0,11
"BP","F","trapnest_18","High",2023-05-26,146,"year_2023",2,7,0,11,0,0,0,0,11
"BP","F","trapnest_18","High",2023-05-28,148,"year_2023",2,7,0,11,0,0,0,0,11
"BP","F","trapnest_18","High",2023-05-29,149,"year_2023",1,7,4,12.5,1.5,1.5,0,2,13
"BP","F","trapnest_18","High",2023-05-31,151,"year_2023",2,4,1,14,4,2,0,4,14
"BP","F","trapnest_18","High",2023-06-02,153,"year_2023",2,3,0,15,5,3,0,5,15
"BP","F","trapnest_18","High",2023-06-05,156,"year_2023",1,5,1,13,5,0,0,5,13
"BP","F","trapnest_18","High",2023-06-09,160,"year_2023",0,5,0,13,6,0,0,6,13
"BP","F","trapnest_18","High",2023-06-10,161,"year_2023",0,5,0,13,6,0,0,6,13
"BP","F","trapnest_18","High",2023-06-12,163,"year_2023",1,5,0,13,6,0,0,6,13
"BP","F","trapnest_18","High",2023-06-14,165,"year_2023",0,5,0,13,6,0,0,6,13
"BP","F","trapnest_18","High",2023-06-16,167,"year_2023",1,5,0,13,6,0,0,6,13
"BP","F","trapnest_18","High",2023-06-20,171,"year_2023",3,5,0,13,6,0,0,6,13
"BP","F","trapnest_18","High",2023-06-23,174,"year_2023",3,4,0,13,6,0,0,6,13
"BP","F","trapnest_18","High",2023-06-29,180,"year_2023",1,2,0,11,6,0,0,6,11
"NN","G","trapnest_19","Low",2023-05-07,127,"year_2023",1,18,0,0,0,0,0,0,0
"NN","G","trapnest_19","Low",2023-05-11,131,"year_2023",4,18,0,0,0,0,0,0,0
"NN","G","trapnest_19","Low",2023-05-12,132,"year_2023",1,18,0,0,0,0,0,0,0
"NN","G","trapnest_19","Low",2023-05-15,135,"year_2023",3,18,1,0,0,0,0,0,0
"NN","G","trapnest_19","Low",2023-05-16,136,"year_2023",1,17,0,1,1,1,0,1,1
"NN","G","trapnest_19","Low",2023-05-18,138,"year_2023",2,17,0,1,1,1,0,1,1
"NN","G","trapnest_19","Low",2023-05-19,139,"year_2023",1,17,0,1,1,0,0,1,1
"NN","G","trapnest_19","Low",2023-05-21,141,"year_2023",1,17,0,1,1,1,0,1,1
"NN","G","trapnest_19","Low",2023-05-22,142,"year_2023",1,17,0,1,1,1,0,1,1
"NN","G","trapnest_19","Low",2023-05-25,145,"year_2023",3,17,0,1,1,1,0,1,1
"NN","G","trapnest_19","Low",2023-05-26,146,"year_2023",1,17,0,1,1,0,0,1,1
"NN","G","trapnest_19","Low",2023-05-28,148,"year_2023",2,17,0,1,1,0,0,1,1
"NN","G","trapnest_19","Low",2023-05-29,149,"year_2023",1,17,1,1,1,0,0,1,1
"NN","G","trapnest_19","Low",2023-05-31,151,"year_2023",2,18,0,0,0,0,0,0,0
"NN","G","trapnest_19","Low",2023-06-01,152,"year_2023",1,18,0,0,0,0,0,0,0
"NN","G","trapnest_19","Low",2023-06-04,155,"year_2023",3,18,1,0,0,0,0,0,0
"NN","G","trapnest_19","Low",2023-06-05,156,"year_2023",1,18,0,0,0,0,0,0,0
"NN","G","trapnest_19","Low",2023-06-08,159,"year_2023",2,18,0,0,0,0,0,0,0
"NN","G","trapnest_19","Low",2023-06-10,161,"year_2023",0,18,0,0,0,0,0,0,0
"NN","G","trapnest_19","Low",2023-06-11,162,"year_2023",1,18,0,0,0,0,0,0,0
"NN","G","trapnest_19","Low",2023-06-12,163,"year_2023",0,18,0,0,0,0,0,0,0
"NN","G","trapnest_19","Low",2023-06-15,166,"year_2023",0,17,0,0,0,0,0,0,0
"NN","G","trapnest_19","Low",2023-06-19,170,"year_2023",0,17,0,0,0,0,0,0,0
"NN","G","trapnest_19","Low",2023-06-22,173,"year_2023",3,18,0,0,0,0,0,0,0
"NN","G","trapnest_19","Low",2023-06-23,174,"year_2023",1,18,0,0,0,0,0,0,0
"NN","G","trapnest_19","Low",2023-06-30,181,"year_2023",1,17,0,0,0,0,0,0,0
"NN","G","trapnest_19","Low",2023-07-03,184,"year_2023",2,17,0,0,0,0,0,0,0
"NN","G","trapnest_19","Low",2023-07-04,185,"year_2023",1,14,0,0,0,0,0,0,0
"NN","G","trapnest_19","Low",2023-07-06,187,"year_2023",2,14,0,0,0,0,0,0,0
"BP","A","trapnest_1","Low",2023-05-11,131,"year_2023",3,18,0,0,0,0,0,0,0
"BP","A","trapnest_1","Low",2023-05-12,132,"year_2023",1,18,0,0,0,0,0,0,0
"BP","A","trapnest_1","Low",2023-05-15,135,"year_2023",3,18,0,0,0,0,0,0,0
"BP","A","trapnest_1","Low",2023-05-16,136,"year_2023",1,18,0,0,0,0,0,0,0
"BP","A","trapnest_1","Low",2023-05-17,137,"year_2023",1,18,0,0,0,0,0,0,0
"BP","A","trapnest_1","Low",2023-05-19,139,"year_2023",2,18,0,0,0,0,0,0,0
"BP","A","trapnest_1","Low",2023-05-21,141,"year_2023",1,18,0,0,0,0,0,0,0
"BP","A","trapnest_1","Low",2023-05-22,142,"year_2023",1,18,0,0,0,0,0,0,0
"BP","A","trapnest_1","Low",2023-05-23,143,"year_2023",1,18,0,0,0,0,0,0,0
"BP","A","trapnest_1","Low",2023-05-26,146,"year_2023",2,18,0,0,0,0,0,0,0
"BP","A","trapnest_1","Low",2023-05-28,148,"year_2023",2,18,0,0,0,0,0,0,0
"BP","A","trapnest_1","Low",2023-05-29,149,"year_2023",1,18,1,0,0,0,0,0,0
"BP","A","trapnest_1","Low",2023-05-31,151,"year_2023",2,17,0,1,1,1,0,1,1
"BP","A","trapnest_1","Low",2023-06-02,153,"year_2023",2,17,0,1,1,1,0,1,1
"BP","A","trapnest_1","Low",2023-06-05,156,"year_2023",1,18,1,0,0,0,0,0,0
"BP","A","trapnest_1","Low",2023-06-08,159,"year_2023",2,17,0,1,1,1,0,1,1
"BP","A","trapnest_1","Low",2023-06-10,161,"year_2023",0,17,0,1,1,1,0,1,1
"BP","A","trapnest_1","Low",2023-06-12,163,"year_2023",1,17,0,1,1,1,0,1,1
"BP","A","trapnest_1","Low",2023-06-14,165,"year_2023",0,17,0,1,1,1,0,1,1
"BP","A","trapnest_1","Low",2023-06-16,167,"year_2023",1,18,0,0,0,0,0,0,0
"BP","A","trapnest_1","Low",2023-06-20,171,"year_2023",3,18,0,0,0,0,0,0,0
"BP","A","trapnest_1","Low",2023-06-23,174,"year_2023",3,18,0,0,0,0,0,0,0
"BP","A","trapnest_1","Low",2023-06-29,180,"year_2023",1,18,0,0,0,0,0,0,0
"NN","G","trapnest_20","Mid",2023-05-07,127,"year_2023",1,12,0,6,0,0,0,0,6
"NN","G","trapnest_20","Mid",2023-05-11,131,"year_2023",4,12,0,6,0,0,0,0,6
"NN","G","trapnest_20","Mid",2023-05-12,132,"year_2023",1,12,0,6,0,0,0,0,6
"NN","G","trapnest_20","Mid",2023-05-15,135,"year_2023",3,12,0,6,0,0,0,0,6
"NN","G","trapnest_20","Mid",2023-05-16,136,"year_2023",1,12,0,6,0,0,0,0,6
"NN","G","trapnest_20","Mid",2023-05-18,138,"year_2023",2,12,0,6,0,0,0,0,6
"NN","G","trapnest_20","Mid",2023-05-19,139,"year_2023",1,12,0,6,0,0,0,0,6
"NN","G","trapnest_20","Mid",2023-05-21,141,"year_2023",1,12,0,6,0,0,0,0,6
"NN","G","trapnest_20","Mid",2023-05-22,142,"year_2023",1,12,0,6,0,0,0,0,6
"NN","G","trapnest_20","Mid",2023-05-25,145,"year_2023",3,12,0,6,0,0,0,0,6
"NN","G","trapnest_20","Mid",2023-05-26,146,"year_2023",1,12,0,6,0,0,0,0,6
"NN","G","trapnest_20","Mid",2023-05-28,148,"year_2023",2,12,0,6,0,0,0,0,6
"NN","G","trapnest_20","Mid",2023-05-29,149,"year_2023",1,12,2,6.5,0.5,0.5,0,0,6
"NN","G","trapnest_20","Mid",2023-05-31,151,"year_2023",2,12,0,6,2,2,1,1,5
"NN","G","trapnest_20","Mid",2023-06-01,152,"year_2023",1,12,2,6.5,2.5,0.5,0,3,7
"NN","G","trapnest_20","Mid",2023-06-04,155,"year_2023",3,12,0,6,3,1,0,3,6
"NN","G","trapnest_20","Mid",2023-06-05,156,"year_2023",1,12,0,6,3,1,0,3,6
"NN","G","trapnest_20","Mid",2023-06-08,159,"year_2023",2,12,0,6,3,0,0,3,6
"NN","G","trapnest_20","Mid",2023-06-10,161,"year_2023",0,12,0,6,3,0,0,3,6
"NN","G","trapnest_20","Mid",2023-06-11,162,"year_2023",1,10,0,6,3,0,0,3,6
"NN","G","trapnest_20","Mid",2023-06-12,163,"year_2023",0,10,0,6,3,0,0,3,6
"NN","G","trapnest_20","Mid",2023-06-15,166,"year_2023",0,10,0,6,3,0,0,3,6
"NN","G","trapnest_20","Mid",2023-06-19,170,"year_2023",0,10,0,6,3,0,0,3,6
"NN","G","trapnest_20","Mid",2023-06-22,173,"year_2023",3,11,0,6,3,0,0,3,6
"NN","G","trapnest_20","Mid",2023-06-23,174,"year_2023",1,11,0,6,3,0,0,3,6
"NN","G","trapnest_20","Mid",2023-06-30,181,"year_2023",1,11,0,6,3,0,0,3,6
"NN","G","trapnest_20","Mid",2023-07-03,184,"year_2023",2,12,0,6,3,0,0,3,6
"NN","G","trapnest_20","Mid",2023-07-04,185,"year_2023",1,12,0,6,3,0,0,3,6
"NN","G","trapnest_20","Mid",2023-07-06,187,"year_2023",2,12,0,6,3,0,0,3,6
"NN","G","trapnest_21","High",2023-05-07,127,"year_2023",1,7,0,11,0,0,0,0,11
"NN","G","trapnest_21","High",2023-05-11,131,"year_2023",4,7,0,11,0,0,0,0,11
"NN","G","trapnest_21","High",2023-05-12,132,"year_2023",1,7,0,11,0,0,0,0,11
"NN","G","trapnest_21","High",2023-05-15,135,"year_2023",3,7,0,11,0,0,0,0,11
"NN","G","trapnest_21","High",2023-05-16,136,"year_2023",1,7,0,11,0,0,0,0,11
"NN","G","trapnest_21","High",2023-05-18,138,"year_2023",2,7,0,11,0,0,0,0,11
"NN","G","trapnest_21","High",2023-05-19,139,"year_2023",1,7,0,11,0,0,0,0,11
"NN","G","trapnest_21","High",2023-05-21,141,"year_2023",1,7,0,11,0,0,0,0,11
"NN","G","trapnest_21","High",2023-05-22,142,"year_2023",1,7,0,11,0,0,0,0,11
"NN","G","trapnest_21","High",2023-05-25,145,"year_2023",3,7,0,11,0,0,0,0,11
"NN","G","trapnest_21","High",2023-05-26,146,"year_2023",1,7,0,11,0,0,0,0,11
"NN","G","trapnest_21","High",2023-05-28,148,"year_2023",2,7,0,11,0,0,0,0,11
"NN","G","trapnest_21","High",2023-05-29,149,"year_2023",1,7,0,11,0,0,0,0,11
"NN","G","trapnest_21","High",2023-05-31,151,"year_2023",2,7,0,11,0,0,0,0,11
"NN","G","trapnest_21","High",2023-06-01,152,"year_2023",1,7,0,11,0,0,0,0,11
"NN","G","trapnest_21","High",2023-06-04,155,"year_2023",3,7,0,11,0,0,0,0,11
"NN","G","trapnest_21","High",2023-06-05,156,"year_2023",1,7,0,11,0,0,0,0,11
"NN","G","trapnest_21","High",2023-06-08,159,"year_2023",2,6,0,11,0,0,0,0,11
"NN","G","trapnest_21","High",2023-06-10,161,"year_2023",0,6,0,11,0,0,0,0,11
"NN","G","trapnest_21","High",2023-06-11,162,"year_2023",1,5,0,11,0,0,0,0,11
"NN","G","trapnest_21","High",2023-06-12,163,"year_2023",0,6,0,11,0,0,0,0,11
"NN","G","trapnest_21","High",2023-06-15,166,"year_2023",0,4,0,11,0,0,0,0,11
"NN","G","trapnest_21","High",2023-06-19,170,"year_2023",0,3,0,11,0,0,0,0,11
"NN","G","trapnest_21","High",2023-06-22,173,"year_2023",3,4,0,11,0,0,0,0,11
"NN","G","trapnest_21","High",2023-06-23,174,"year_2023",1,6,0,11,0,0,0,0,11
"NN","G","trapnest_21","High",2023-06-30,181,"year_2023",1,5,0,11,0,0,0,0,11
"NN","G","trapnest_21","High",2023-07-03,184,"year_2023",2,5,0,11,0,0,0,0,11
"NN","G","trapnest_21","High",2023-07-04,185,"year_2023",1,5,0,11,0,0,0,0,11
"NN","G","trapnest_21","High",2023-07-06,187,"year_2023",2,5,0,11,0,0,0,0,11
"NN","H","trapnest_22","Low",2023-05-07,127,"year_2023",1,18,0,0,0,0,0,0,0
"NN","H","trapnest_22","Low",2023-05-11,131,"year_2023",4,18,0,0,0,0,0,0,0
"NN","H","trapnest_22","Low",2023-05-12,132,"year_2023",1,18,0,0,0,0,0,0,0
"NN","H","trapnest_22","Low",2023-05-15,135,"year_2023",3,18,0,0,0,0,0,0,0
"NN","H","trapnest_22","Low",2023-05-16,136,"year_2023",1,18,0,0,0,0,0,0,0
"NN","H","trapnest_22","Low",2023-05-18,138,"year_2023",2,18,0,0,0,0,0,0,0
"NN","H","trapnest_22","Low",2023-05-19,139,"year_2023",1,18,0,0,0,0,0,0,0
"NN","H","trapnest_22","Low",2023-05-21,141,"year_2023",1,18,0,0,0,0,0,0,0
"NN","H","trapnest_22","Low",2023-05-22,142,"year_2023",1,18,0,0,0,0,0,0,0
"NN","H","trapnest_22","Low",2023-05-25,145,"year_2023",3,18,0,0,0,0,0,0,0
"NN","H","trapnest_22","Low",2023-05-26,146,"year_2023",1,18,0,0,0,0,0,0,0
"NN","H","trapnest_22","Low",2023-05-28,148,"year_2023",2,18,0,0,0,0,0,0,0
"NN","H","trapnest_22","Low",2023-05-29,149,"year_2023",1,18,0,0,0,0,0,0,0
"NN","H","trapnest_22","Low",2023-05-31,151,"year_2023",2,18,0,0,0,0,0,0,0
"NN","H","trapnest_22","Low",2023-06-01,152,"year_2023",1,18,0,0,0,0,0,0,0
"NN","H","trapnest_22","Low",2023-06-04,155,"year_2023",3,18,0,0,0,0,0,0,0
"NN","H","trapnest_22","Low",2023-06-05,156,"year_2023",1,18,0,0,0,0,0,0,0
"NN","H","trapnest_22","Low",2023-06-08,159,"year_2023",2,18,0,0,0,0,0,0,0
"NN","H","trapnest_22","Low",2023-06-10,161,"year_2023",0,18,0,0,0,0,0,0,0
"NN","H","trapnest_22","Low",2023-06-11,162,"year_2023",1,18,0,0,0,0,0,0,0
"NN","H","trapnest_22","Low",2023-06-12,163,"year_2023",0,18,0,0,0,0,0,0,0
"NN","H","trapnest_22","Low",2023-06-15,166,"year_2023",0,18,0,0,0,0,0,0,0
"NN","H","trapnest_22","Low",2023-06-19,170,"year_2023",0,17,1,0,0,0,0,0,0
"NN","H","trapnest_22","Low",2023-06-22,173,"year_2023",3,15,0,1,1,1,1,0,0
"NN","H","trapnest_22","Low",2023-06-23,174,"year_2023",1,17,0,1,1,1,1,0,0
"NN","H","trapnest_22","Low",2023-06-30,181,"year_2023",1,17,0,1,1,0,1,0,0
"NN","H","trapnest_22","Low",2023-07-03,184,"year_2023",2,17,0,1,1,0,1,0,0
"NN","H","trapnest_22","Low",2023-07-04,185,"year_2023",1,17,0,1,1,0,1,0,0
"NN","H","trapnest_22","Low",2023-07-06,187,"year_2023",2,18,0,0,0,0,0,0,0
"NN","H","trapnest_23","Mid",2023-05-07,127,"year_2023",1,12,0,6,0,0,0,0,6
"NN","H","trapnest_23","Mid",2023-05-11,131,"year_2023",4,12,0,6,0,0,0,0,6
"NN","H","trapnest_23","Mid",2023-05-12,132,"year_2023",1,12,0,6,0,0,0,0,6
"NN","H","trapnest_23","Mid",2023-05-15,135,"year_2023",3,12,0,6,0,0,0,0,6
"NN","H","trapnest_23","Mid",2023-05-16,136,"year_2023",1,13,0,5,0,0,0,0,5
"NN","H","trapnest_23","Mid",2023-05-18,138,"year_2023",2,13,0,5,0,0,0,0,5
"NN","H","trapnest_23","Mid",2023-05-19,139,"year_2023",1,13,0,5,0,0,0,0,5
"NN","H","trapnest_23","Mid",2023-05-21,141,"year_2023",1,13,0,5,0,0,0,0,5
"NN","H","trapnest_23","Mid",2023-05-22,142,"year_2023",1,13,1,5,0,0,0,0,5
"NN","H","trapnest_23","Mid",2023-05-25,145,"year_2023",3,12,0,6,1,1,0,1,6
"NN","H","trapnest_23","Mid",2023-05-26,146,"year_2023",1,12,0,6,0,0,0,0,6
"NN","H","trapnest_23","Mid",2023-05-28,148,"year_2023",2,12,0,6,0,0,0,0,6
"NN","H","trapnest_23","Mid",2023-05-29,149,"year_2023",1,12,0,6,0,0,0,0,6
"NN","H","trapnest_23","Mid",2023-05-31,151,"year_2023",2,12,0,6,0,0,0,0,6
"NN","H","trapnest_23","Mid",2023-06-01,152,"year_2023",1,12,0,6,0,0,0,0,6
"NN","H","trapnest_23","Mid",2023-06-04,155,"year_2023",3,12,0,6,0,0,0,0,6
"NN","H","trapnest_23","Mid",2023-06-05,156,"year_2023",1,12,0,6,0,0,0,0,6
"NN","H","trapnest_23","Mid",2023-06-08,159,"year_2023",2,12,0,6,0,0,0,0,6
"NN","H","trapnest_23","Mid",2023-06-10,161,"year_2023",0,12,0,6,0,0,0,0,6
"NN","H","trapnest_23","Mid",2023-06-11,162,"year_2023",1,12,0,6,0,0,0,0,6
"NN","H","trapnest_23","Mid",2023-06-12,163,"year_2023",0,12,0,6,0,0,0,0,6
"NN","H","trapnest_23","Mid",2023-06-15,166,"year_2023",0,11,0,6,0,0,0,0,6
"NN","H","trapnest_23","Mid",2023-06-19,170,"year_2023",0,10,0,6,0,0,0,0,6
"NN","H","trapnest_23","Mid",2023-06-22,173,"year_2023",3,11,0,6,0,0,0,0,6
"NN","H","trapnest_23","Mid",2023-06-23,174,"year_2023",1,11,0,6,0,0,0,0,6
"NN","H","trapnest_23","Mid",2023-06-30,181,"year_2023",1,5,0,6,0,0,0,0,6
"NN","H","trapnest_23","Mid",2023-07-03,184,"year_2023",2,11,0,6,0,0,0,0,6
"NN","H","trapnest_23","Mid",2023-07-04,185,"year_2023",1,8,0,6,0,0,0,0,6
"NN","H","trapnest_23","Mid",2023-07-06,187,"year_2023",2,10,0,6,0,0,0,0,6
"NN","H","trapnest_24","High",2023-05-07,127,"year_2023",1,7,0,11,0,0,0,0,11
"NN","H","trapnest_24","High",2023-05-11,131,"year_2023",4,7,0,11,0,0,0,0,11
"NN","H","trapnest_24","High",2023-05-12,132,"year_2023",1,7,0,11,0,0,0,0,11
"NN","H","trapnest_24","High",2023-05-15,135,"year_2023",3,7,0,11,0,0,0,0,11
"NN","H","trapnest_24","High",2023-05-16,136,"year_2023",1,8,0,10,0,0,0,0,10
"NN","H","trapnest_24","High",2023-05-18,138,"year_2023",2,8,0,10,0,0,0,0,10
"NN","H","trapnest_24","High",2023-05-19,139,"year_2023",1,8,0,10,0,0,0,0,10
"NN","H","trapnest_24","High",2023-05-21,141,"year_2023",1,8,0,10,0,0,0,0,10
"NN","H","trapnest_24","High",2023-05-22,142,"year_2023",1,8,1,10,0,0,0,0,10
"NN","H","trapnest_24","High",2023-05-25,145,"year_2023",3,7,1,11,1,1,0,1,11
"NN","H","trapnest_24","High",2023-05-26,146,"year_2023",1,6,0,12,2,2,0,2,12
"NN","H","trapnest_24","High",2023-05-28,148,"year_2023",2,7,0,11,0,0,0,0,11
"NN","H","trapnest_24","High",2023-05-29,149,"year_2023",1,7,0,11,0,0,0,0,11
"NN","H","trapnest_24","High",2023-05-31,151,"year_2023",2,7,1,11,0,0,0,0,11
"NN","H","trapnest_24","High",2023-06-01,152,"year_2023",1,7,1,11,1,1,0,1,11
"NN","H","trapnest_24","High",2023-06-04,155,"year_2023",3,7,1,11,1,1,1,0,10
"NN","H","trapnest_24","High",2023-06-05,156,"year_2023",1,8,0,10,2,2,2,0,8
"NN","H","trapnest_24","High",2023-06-08,159,"year_2023",2,8,1,10,2,1,1,1,9
"NN","H","trapnest_24","High",2023-06-10,161,"year_2023",0,7,0,11,3,2,2,1,9
"NN","H","trapnest_24","High",2023-06-11,162,"year_2023",1,6,0,11,3,1,1,2,10
"NN","H","trapnest_24","High",2023-06-12,163,"year_2023",0,6,0,11,3,1,1,2,10
"NN","H","trapnest_24","High",2023-06-15,166,"year_2023",0,6,0,11,3,1,1,2,10
"NN","H","trapnest_24","High",2023-06-19,170,"year_2023",0,6,1,11,3,1,1,2,10
"NN","H","trapnest_24","High",2023-06-22,173,"year_2023",3,6,0,12,4,1,1,3,11
"NN","H","trapnest_24","High",2023-06-23,174,"year_2023",1,6,0,12,4,1,1,3,11
"NN","H","trapnest_24","High",2023-06-30,181,"year_2023",1,5,1,12,4,0,0,4,12
"NN","H","trapnest_24","High",2023-07-03,184,"year_2023",2,5,0,12,5,0,0,5,12
"NN","H","trapnest_24","High",2023-07-04,185,"year_2023",1,5,0,12,5,0,0,5,12
"NN","H","trapnest_24","High",2023-07-06,187,"year_2023",2,4,0,12,5,0,0,5,12
"NN","I","trapnest_25","Low",2023-05-07,127,"year_2023",1,18,0,0,0,0,0,0,0
"NN","I","trapnest_25","Low",2023-05-11,131,"year_2023",4,18,0,0,0,0,0,0,0
"NN","I","trapnest_25","Low",2023-05-12,132,"year_2023",1,18,0,0,0,0,0,0,0
"NN","I","trapnest_25","Low",2023-05-15,135,"year_2023",3,18,0,0,0,0,0,0,0
"NN","I","trapnest_25","Low",2023-05-16,136,"year_2023",1,18,0,0,0,0,0,0,0
"NN","I","trapnest_25","Low",2023-05-18,138,"year_2023",2,18,0,0,0,0,0,0,0
"NN","I","trapnest_25","Low",2023-05-19,139,"year_2023",1,18,0,0,0,0,0,0,0
"NN","I","trapnest_25","Low",2023-05-21,141,"year_2023",1,18,0,0,0,0,0,0,0
"NN","I","trapnest_25","Low",2023-05-22,142,"year_2023",1,18,0,0,0,0,0,0,0
"NN","I","trapnest_25","Low",2023-05-25,145,"year_2023",3,18,0,0,0,0,0,0,0
"NN","I","trapnest_25","Low",2023-05-26,146,"year_2023",1,18,0,0,0,0,0,0,0
"NN","I","trapnest_25","Low",2023-05-28,148,"year_2023",2,18,0,0,0,0,0,0,0
"NN","I","trapnest_25","Low",2023-05-29,149,"year_2023",1,18,3,1,1,1,0,1,1
"NN","I","trapnest_25","Low",2023-05-31,151,"year_2023",2,15,1,3,3,3,1,2,2
"NN","I","trapnest_25","Low",2023-06-01,152,"year_2023",1,14,1,4,4,4,1,3,3
"NN","I","trapnest_25","Low",2023-06-04,155,"year_2023",3,14,2,4.5,4.5,3.5,0,5,5
"NN","I","trapnest_25","Low",2023-06-05,156,"year_2023",1,16,0,2,2,2,0,2,2
"NN","I","trapnest_25","Low",2023-06-08,159,"year_2023",2,16,1,2,2,2,0,2,2
"NN","I","trapnest_25","Low",2023-06-10,161,"year_2023",0,15,0,3,3,3,0,3,3
"NN","I","trapnest_25","Low",2023-06-11,162,"year_2023",1,15,0,3,3,2,1,2,2
"NN","I","trapnest_25","Low",2023-06-12,163,"year_2023",0,16,0,2,2,1,1,1,1
"NN","I","trapnest_25","Low",2023-06-15,166,"year_2023",0,16,3,3,3,1,1.5,2,2
"NN","I","trapnest_25","Low",2023-06-19,170,"year_2023",0,15,0,3,3,2,2,1,1
"NN","I","trapnest_25","Low",2023-06-22,173,"year_2023",3,16,1,2,2,0,0,2,2
"NN","I","trapnest_25","Low",2023-06-23,174,"year_2023",1,16,0,2,2,1,0,2,2
"NN","I","trapnest_25","Low",2023-06-30,181,"year_2023",1,14,0,2,2,1,0,2,2
"NN","I","trapnest_25","Low",2023-07-03,184,"year_2023",2,14,0,2,2,0,0,2,2
"NN","I","trapnest_25","Low",2023-07-04,185,"year_2023",1,12,0,2,2,0,0,2,2
"NN","I","trapnest_25","Low",2023-07-06,187,"year_2023",2,13,0,1,1,0,0,1,1
"NN","I","trapnest_26","Mid",2023-05-07,127,"year_2023",1,12,0,6,0,0,0,0,6
"NN","I","trapnest_26","Mid",2023-05-11,131,"year_2023",4,12,0,6,0,0,0,0,6
"NN","I","trapnest_26","Mid",2023-05-12,132,"year_2023",1,12,0,6,0,0,0,0,6
"NN","I","trapnest_26","Mid",2023-05-15,135,"year_2023",3,12,0,6,0,0,0,0,6
"NN","I","trapnest_26","Mid",2023-05-16,136,"year_2023",1,13,0,5,0,0,0,0,5
"NN","I","trapnest_26","Mid",2023-05-18,138,"year_2023",2,13,0,5,0,0,0,0,5
"NN","I","trapnest_26","Mid",2023-05-19,139,"year_2023",1,13,0,5,0,0,0,0,5
"NN","I","trapnest_26","Mid",2023-05-21,141,"year_2023",1,13,0,5,0,0,0,0,5
"NN","I","trapnest_26","Mid",2023-05-22,142,"year_2023",1,13,1,5,0,0,0,0,5
"NN","I","trapnest_26","Mid",2023-05-25,145,"year_2023",3,12,0,6,1,1,0,1,6
"NN","I","trapnest_26","Mid",2023-05-26,146,"year_2023",1,12,0,6,1,1,0,1,6
"NN","I","trapnest_26","Mid",2023-05-28,148,"year_2023",2,12,0,6,0,0,0,0,6
"NN","I","trapnest_26","Mid",2023-05-29,149,"year_2023",1,12,0,6,0,0,0,0,6
"NN","I","trapnest_26","Mid",2023-05-31,151,"year_2023",2,12,0,6,0,0,0,0,6
"NN","I","trapnest_26","Mid",2023-06-01,152,"year_2023",1,10,0,6,0,0,0,0,6
"NN","I","trapnest_26","Mid",2023-06-04,155,"year_2023",3,9,0,5,0,0,0,0,5
"NN","I","trapnest_26","Mid",2023-06-05,156,"year_2023",1,11,0,5,0,0,0,0,5
"NN","I","trapnest_26","Mid",2023-06-08,159,"year_2023",2,11,0,5,0,0,0,0,5
"NN","I","trapnest_26","Mid",2023-06-10,161,"year_2023",0,12,0,4,0,0,0,0,4
"NN","I","trapnest_26","Mid",2023-06-11,162,"year_2023",1,11,0,4,0,0,0,0,4
"NN","I","trapnest_26","Mid",2023-06-12,163,"year_2023",0,11,0,5,0,0,0,0,5
"NN","I","trapnest_26","Mid",2023-06-15,166,"year_2023",0,11,0,5,0,0,0,0,5
"NN","I","trapnest_26","Mid",2023-06-19,170,"year_2023",0,9,0,5,0,0,0,0,5
"NN","I","trapnest_26","Mid",2023-06-22,173,"year_2023",3,11,0,5,0,0,0,0,5
"NN","I","trapnest_26","Mid",2023-06-23,174,"year_2023",1,12,0,6,0,0,0,0,6
"NN","I","trapnest_26","Mid",2023-06-30,181,"year_2023",1,12,0,6,0,0,0,0,6
"NN","I","trapnest_26","Mid",2023-07-03,184,"year_2023",2,12,0,6,0,0,0,0,6
"NN","I","trapnest_26","Mid",2023-07-04,185,"year_2023",1,12,0,6,0,0,0,0,6
"NN","I","trapnest_26","Mid",2023-07-06,187,"year_2023",2,11,0,6,0,0,0,0,6
"NN","I","trapnest_27","High",2023-05-07,127,"year_2023",1,7,0,11,0,0,0,0,11
"NN","I","trapnest_27","High",2023-05-11,131,"year_2023",4,7,0,11,0,0,0,0,11
"NN","I","trapnest_27","High",2023-05-12,132,"year_2023",1,7,0,11,0,0,0,0,11
"NN","I","trapnest_27","High",2023-05-15,135,"year_2023",3,7,0,11,0,0,0,0,11
"NN","I","trapnest_27","High",2023-05-16,136,"year_2023",1,7,0,11,0,0,0,0,11
"NN","I","trapnest_27","High",2023-05-18,138,"year_2023",2,7,0,11,0,0,0,0,11
"NN","I","trapnest_27","High",2023-05-19,139,"year_2023",1,7,0,11,0,0,0,0,11
"NN","I","trapnest_27","High",2023-05-21,141,"year_2023",1,7,0,11,0,0,0,0,11
"NN","I","trapnest_27","High",2023-05-22,142,"year_2023",1,7,0,11,0,0,0,0,11
"NN","I","trapnest_27","High",2023-05-25,145,"year_2023",3,7,0,11,0,0,0,0,11
"NN","I","trapnest_27","High",2023-05-26,146,"year_2023",1,7,0,11,0,0,0,0,11
"NN","I","trapnest_27","High",2023-05-28,148,"year_2023",2,7,0,11,0,0,0,0,11
"NN","I","trapnest_27","High",2023-05-29,149,"year_2023",1,7,0,11,0,0,0,0,11
"NN","I","trapnest_27","High",2023-05-31,151,"year_2023",2,7,0,11,0,0,0,0,11
"NN","I","trapnest_27","High",2023-06-01,152,"year_2023",1,6,0,11,0,0,0,0,11
"NN","I","trapnest_27","High",2023-06-04,155,"year_2023",3,6,0,11,0,0,0,0,11
"NN","I","trapnest_27","High",2023-06-05,156,"year_2023",1,7,0,10,0,0,0,0,10
"NN","I","trapnest_27","High",2023-06-08,159,"year_2023",2,6,0,11,0,0,0,0,11
"NN","I","trapnest_27","High",2023-06-10,161,"year_2023",0,6,0,11,0,0,0,0,11
"NN","I","trapnest_27","High",2023-06-11,162,"year_2023",1,6,0,11,0,0,0,0,11
"NN","I","trapnest_27","High",2023-06-12,163,"year_2023",0,6,0,11,0,0,0,0,11
"NN","I","trapnest_27","High",2023-06-15,166,"year_2023",0,6,0,11,0,0,0,0,11
"NN","I","trapnest_27","High",2023-06-19,170,"year_2023",0,7,0,11,0,0,0,0,11
"NN","I","trapnest_27","High",2023-06-22,173,"year_2023",3,7,0,11,0,0,0,0,11
"NN","I","trapnest_27","High",2023-06-23,174,"year_2023",1,7,0,11,0,0,0,0,11
"NN","I","trapnest_27","High",2023-06-30,181,"year_2023",1,6,0,11,0,0,0,0,11
"NN","I","trapnest_27","High",2023-07-03,184,"year_2023",2,6,0,11,0,0,0,0,11
"NN","I","trapnest_27","High",2023-07-04,185,"year_2023",1,6,0,11,0,0,0,0,11
"NN","I","trapnest_27","High",2023-07-06,187,"year_2023",2,5,0,11,0,0,0,0,11
"NN","J","trapnest_28","Low",2023-05-07,127,"year_2023",1,18,0,0,0,0,0,0,0
"NN","J","trapnest_28","Low",2023-05-11,131,"year_2023",4,18,0,0,0,0,0,0,0
"NN","J","trapnest_28","Low",2023-05-12,132,"year_2023",1,18,0,0,0,0,0,0,0
"NN","J","trapnest_28","Low",2023-05-15,135,"year_2023",3,18,0,0,0,0,0,0,0
"NN","J","trapnest_28","Low",2023-05-16,136,"year_2023",1,18,0,0,0,0,0,0,0
"NN","J","trapnest_28","Low",2023-05-18,138,"year_2023",2,18,0,0,0,0,0,0,0
"NN","J","trapnest_28","Low",2023-05-19,139,"year_2023",1,18,0,0,0,0,0,0,0
"NN","J","trapnest_28","Low",2023-05-21,141,"year_2023",1,18,0,0,0,0,0,0,0
"NN","J","trapnest_28","Low",2023-05-22,142,"year_2023",1,18,0,0,0,0,0,0,0
"NN","J","trapnest_28","Low",2023-05-25,145,"year_2023",3,18,0,0,0,0,0,0,0
"NN","J","trapnest_28","Low",2023-05-26,146,"year_2023",1,18,0,0,0,0,0,0,0
"NN","J","trapnest_28","Low",2023-05-28,148,"year_2023",2,18,0,0,0,0,0,0,0
"NN","J","trapnest_28","Low",2023-05-29,149,"year_2023",1,18,1,0,0,0,0,0,0
"NN","J","trapnest_28","Low",2023-05-31,151,"year_2023",2,18,0,0,0,0,0,0,0
"NN","J","trapnest_28","Low",2023-06-01,152,"year_2023",1,18,0,0,0,0,0,0,0
"NN","J","trapnest_28","Low",2023-06-04,155,"year_2023",3,18,0,0,0,0,0,0,0
"NN","J","trapnest_28","Low",2023-06-05,156,"year_2023",1,18,0,0,0,0,0,0,0
"NN","J","trapnest_28","Low",2023-06-08,159,"year_2023",2,18,0,0,0,0,0,0,0
"NN","J","trapnest_28","Low",2023-06-10,161,"year_2023",0,18,0,0,0,0,0,0,0
"NN","J","trapnest_28","Low",2023-06-11,162,"year_2023",1,18,0,0,0,0,0,0,0
"NN","J","trapnest_28","Low",2023-06-12,163,"year_2023",0,18,0,0,0,0,0,0,0
"NN","J","trapnest_28","Low",2023-06-15,166,"year_2023",0,18,0,0,0,0,0,0,0
"NN","J","trapnest_28","Low",2023-06-19,170,"year_2023",0,18,0,0,0,0,0,0,0
"NN","J","trapnest_28","Low",2023-06-22,173,"year_2023",3,17,1,0,0,0,0,0,0
"NN","J","trapnest_28","Low",2023-06-23,174,"year_2023",1,15,0,1,1,1,1,0,0
"NN","J","trapnest_28","Low",2023-06-30,181,"year_2023",1,13,0,1,1,1,0,1,1
"NN","J","trapnest_28","Low",2023-07-03,184,"year_2023",2,18,0,0,0,0,0,0,0
"NN","J","trapnest_28","Low",2023-07-04,185,"year_2023",1,15,0,0,0,0,0,0,0
"NN","J","trapnest_28","Low",2023-07-06,187,"year_2023",2,15,0,0,0,0,0,0,0
"NN","J","trapnest_29","Mid",2023-05-07,127,"year_2023",1,12,0,6,0,0,0,0,6
"NN","J","trapnest_29","Mid",2023-05-11,131,"year_2023",4,12,0,6,0,0,0,0,6
"NN","J","trapnest_29","Mid",2023-05-12,132,"year_2023",1,12,0,6,0,0,0,0,6
"NN","J","trapnest_29","Mid",2023-05-15,135,"year_2023",3,12,0,6,0,0,0,0,6
"NN","J","trapnest_29","Mid",2023-05-16,136,"year_2023",1,12,0,6,0,0,0,0,6
"NN","J","trapnest_29","Mid",2023-05-18,138,"year_2023",2,12,1,6,0,0,0,0,6
"NN","J","trapnest_29","Mid",2023-05-19,139,"year_2023",1,11,0,7,1,1,0,1,7
"NN","J","trapnest_29","Mid",2023-05-21,141,"year_2023",1,11,0,7,1,1,0,1,7
"NN","J","trapnest_29","Mid",2023-05-22,142,"year_2023",1,11,0,7,1,1,1,0,6
"NN","J","trapnest_29","Mid",2023-05-25,145,"year_2023",3,12,1,6,1,1,1,0,5
"NN","J","trapnest_29","Mid",2023-05-26,146,"year_2023",1,12,0,6,2,2,1,1,5
"NN","J","trapnest_29","Mid",2023-05-28,148,"year_2023",2,12,0,6,2,1,1,1,5
"NN","J","trapnest_29","Mid",2023-05-29,149,"year_2023",1,12,0,6,2,2,1,1,5
"NN","J","trapnest_29","Mid",2023-05-31,151,"year_2023",2,12,1,6,2,2,0,2,6
"NN","J","trapnest_29","Mid",2023-06-01,152,"year_2023",1,12,0,6,2,1,0,2,6
"NN","J","trapnest_29","Mid",2023-06-04,155,"year_2023",3,12,0,6,2,1,0,2,6
"NN","J","trapnest_29","Mid",2023-06-05,156,"year_2023",1,12,0,6,2,1,0,2,6
"NN","J","trapnest_29","Mid",2023-06-08,159,"year_2023",2,12,0,6,2,0,0,2,6
"NN","J","trapnest_29","Mid",2023-06-10,161,"year_2023",0,12,0,6,2,0,0,2,6
"NN","J","trapnest_29","Mid",2023-06-11,162,"year_2023",1,11,0,6,2,0,0,2,6
"NN","J","trapnest_29","Mid",2023-06-12,163,"year_2023",0,11,0,6,2,0,0,2,6
"NN","J","trapnest_29","Mid",2023-06-15,166,"year_2023",0,11,0,6,2,0,0,2,6
"NN","J","trapnest_29","Mid",2023-06-19,170,"year_2023",0,10,0,6,2,0,0,2,6
"NN","J","trapnest_29","Mid",2023-06-22,173,"year_2023",3,10,0,6,1,0,0,1,6
"NN","J","trapnest_29","Mid",2023-06-23,174,"year_2023",1,10,0,6,1,0,0,1,6
"NN","J","trapnest_29","Mid",2023-06-30,181,"year_2023",1,10,0,6,1,0,0,1,6
"NN","J","trapnest_29","Mid",2023-07-03,184,"year_2023",2,11,0,6,1,0,0,1,6
"NN","J","trapnest_29","Mid",2023-07-04,185,"year_2023",1,11,0,6,1,0,0,1,6
"NN","J","trapnest_29","Mid",2023-07-06,187,"year_2023",2,11,0,6,1,0,0,1,6
"BP","A","trapnest_2","Mid",2023-05-11,131,"year_2023",3,12,2,6.5,0.5,0.5,0,1,7
"BP","A","trapnest_2","Mid",2023-05-12,132,"year_2023",1,10,0,8,2,2,0,2,8
"BP","A","trapnest_2","Mid",2023-05-15,135,"year_2023",3,11,0,7,2,2,0,2,7
"BP","A","trapnest_2","Mid",2023-05-16,136,"year_2023",1,12,0,6,1,1,0,1,6
"BP","A","trapnest_2","Mid",2023-05-17,137,"year_2023",1,12,0,6,1,1,0,1,6
"BP","A","trapnest_2","Mid",2023-05-19,139,"year_2023",2,12,0,6,1,0,0,1,6
"BP","A","trapnest_2","Mid",2023-05-21,141,"year_2023",1,12,0,6,1,1,0,1,6
"BP","A","trapnest_2","Mid",2023-05-22,142,"year_2023",1,12,0,6,1,1,0,1,6
"BP","A","trapnest_2","Mid",2023-05-23,143,"year_2023",1,12,0,6,1,1,0,1,6
"BP","A","trapnest_2","Mid",2023-05-26,146,"year_2023",2,12,0,6,1,1,0,1,6
"BP","A","trapnest_2","Mid",2023-05-28,148,"year_2023",2,12,0,6,1,0,0,1,6
"BP","A","trapnest_2","Mid",2023-05-29,149,"year_2023",1,12,2,6.5,1.5,0.5,0,2,7
"BP","A","trapnest_2","Mid",2023-05-31,151,"year_2023",2,12,3,7,4,1,0,4.5,7.5
"BP","A","trapnest_2","Mid",2023-06-02,153,"year_2023",2,11,2,7.5,4.5,2.5,0,5,8
"BP","A","trapnest_2","Mid",2023-06-05,156,"year_2023",1,12,0,6,3,3,0,3,6
"BP","A","trapnest_2","Mid",2023-06-08,159,"year_2023",2,10,0,8,3,2,0,3,8
"BP","A","trapnest_2","Mid",2023-06-10,161,"year_2023",0,10,0,8,3,0,0,3,8
"BP","A","trapnest_2","Mid",2023-06-12,163,"year_2023",1,10,0,8,3,0,0,3,8
"BP","A","trapnest_2","Mid",2023-06-14,165,"year_2023",0,10,1,8,3,0,0,3,8
"BP","A","trapnest_2","Mid",2023-06-16,167,"year_2023",1,9,0,9,4,1,0,4,9
"BP","A","trapnest_2","Mid",2023-06-20,171,"year_2023",3,12,0,6,2,1,0,2,6
"BP","A","trapnest_2","Mid",2023-06-23,174,"year_2023",3,12,0,6,2,1,0,2,6
"BP","A","trapnest_2","Mid",2023-06-29,180,"year_2023",1,7,0,6,2,0,0,2,6
"NN","J","trapnest_30","High",2023-05-07,127,"year_2023",1,7,0,11,0,0,0,0,11
"NN","J","trapnest_30","High",2023-05-11,131,"year_2023",4,7,0,11,0,0,0,0,11
"NN","J","trapnest_30","High",2023-05-12,132,"year_2023",1,7,0,11,0,0,0,0,11
"NN","J","trapnest_30","High",2023-05-15,135,"year_2023",3,7,0,11,0,0,0,0,11
"NN","J","trapnest_30","High",2023-05-16,136,"year_2023",1,7,0,11,0,0,0,0,11
"NN","J","trapnest_30","High",2023-05-18,138,"year_2023",2,7,0,11,0,0,0,0,11
"NN","J","trapnest_30","High",2023-05-19,139,"year_2023",1,7,0,11,0,0,0,0,11
"NN","J","trapnest_30","High",2023-05-21,141,"year_2023",1,7,0,11,0,0,0,0,11
"NN","J","trapnest_30","High",2023-05-22,142,"year_2023",1,7,0,11,0,0,0,0,11
"NN","J","trapnest_30","High",2023-05-25,145,"year_2023",3,7,0,11,0,0,0,0,11
"NN","J","trapnest_30","High",2023-05-26,146,"year_2023",1,7,0,11,0,0,0,0,11
"NN","J","trapnest_30","High",2023-05-28,148,"year_2023",2,7,0,11,0,0,0,0,11
"NN","J","trapnest_30","High",2023-05-29,149,"year_2023",1,7,0,11,0,0,0,0,11
"NN","J","trapnest_30","High",2023-05-31,151,"year_2023",2,7,0,11,0,0,0,0,11
"NN","J","trapnest_30","High",2023-06-01,152,"year_2023",1,7,0,11,0,0,0,0,11
"NN","J","trapnest_30","High",2023-06-04,155,"year_2023",3,7,0,11,0,0,0,0,11
"NN","J","trapnest_30","High",2023-06-05,156,"year_2023",1,7,0,11,0,0,0,0,11
"NN","J","trapnest_30","High",2023-06-08,159,"year_2023",2,7,0,11,0,0,0,0,11
"NN","J","trapnest_30","High",2023-06-10,161,"year_2023",0,7,0,11,0,0,0,0,11
"NN","J","trapnest_30","High",2023-06-11,162,"year_2023",1,7,0,11,0,0,0,0,11
"NN","J","trapnest_30","High",2023-06-12,163,"year_2023",0,7,0,11,0,0,0,0,11
"NN","J","trapnest_30","High",2023-06-15,166,"year_2023",0,7,0,11,0,0,0,0,11
"NN","J","trapnest_30","High",2023-06-19,170,"year_2023",0,6,0,11,0,0,0,0,11
"NN","J","trapnest_30","High",2023-06-22,173,"year_2023",3,4,0,11,0,0,0,0,11
"NN","J","trapnest_30","High",2023-06-23,174,"year_2023",1,4,0,11,0,0,0,0,11
"NN","J","trapnest_30","High",2023-06-30,181,"year_2023",1,4,0,11,0,0,0,0,11
"NN","J","trapnest_30","High",2023-07-03,184,"year_2023",2,5,0,10,0,0,0,0,10
"NN","J","trapnest_30","High",2023-07-04,185,"year_2023",1,5,0,10,0,0,0,0,10
"NN","J","trapnest_30","High",2023-07-06,187,"year_2023",2,5,0,10,0,0,0,0,10
"NN","K","trapnest_31","Low",2023-05-07,127,"year_2023",1,18,0,0,0,0,0,0,0
"NN","K","trapnest_31","Low",2023-05-11,131,"year_2023",4,18,0,0,0,0,0,0,0
"NN","K","trapnest_31","Low",2023-05-12,132,"year_2023",1,18,0,0,0,0,0,0,0
"NN","K","trapnest_31","Low",2023-05-15,135,"year_2023",3,18,0,0,0,0,0,0,0
"NN","K","trapnest_31","Low",2023-05-16,136,"year_2023",1,18,0,0,0,0,0,0,0
"NN","K","trapnest_31","Low",2023-05-18,138,"year_2023",2,18,0,0,0,0,0,0,0
"NN","K","trapnest_31","Low",2023-05-19,139,"year_2023",1,18,0,0,0,0,0,0,0
"NN","K","trapnest_31","Low",2023-05-21,141,"year_2023",1,18,0,0,0,0,0,0,0
"NN","K","trapnest_31","Low",2023-05-22,142,"year_2023",1,18,0,0,0,0,0,0,0
"NN","K","trapnest_31","Low",2023-05-25,145,"year_2023",3,18,0,0,0,0,0,0,0
"NN","K","trapnest_31","Low",2023-05-26,146,"year_2023",1,18,0,0,0,0,0,0,0
"NN","K","trapnest_31","Low",2023-05-28,148,"year_2023",2,18,0,0,0,0,0,0,0
"NN","K","trapnest_31","Low",2023-05-29,149,"year_2023",1,18,1,0,0,0,0,0,0
"NN","K","trapnest_31","Low",2023-05-31,151,"year_2023",2,18,0,0,0,0,0,0,0
"NN","K","trapnest_31","Low",2023-06-01,152,"year_2023",1,18,0,0,0,0,0,0,0
"NN","K","trapnest_31","Low",2023-06-04,155,"year_2023",3,18,0,0,0,0,0,0,0
"NN","K","trapnest_31","Low",2023-06-05,156,"year_2023",1,18,0,0,0,0,0,0,0
"NN","K","trapnest_31","Low",2023-06-08,159,"year_2023",2,18,0,0,0,0,0,0,0
"NN","K","trapnest_31","Low",2023-06-10,161,"year_2023",0,18,0,0,0,0,0,0,0
"NN","K","trapnest_31","Low",2023-06-11,162,"year_2023",1,18,0,0,0,0,0,0,0
"NN","K","trapnest_31","Low",2023-06-12,163,"year_2023",0,18,0,0,0,0,0,0,0
"NN","K","trapnest_31","Low",2023-06-15,166,"year_2023",0,16,0,0,0,0,0,0,0
"NN","K","trapnest_31","Low",2023-06-19,170,"year_2023",0,14,0,0,0,0,0,0,0
"NN","K","trapnest_31","Low",2023-06-22,173,"year_2023",3,14,0,0,0,0,0,0,0
"NN","K","trapnest_31","Low",2023-06-23,174,"year_2023",1,15,0,0,0,0,0,0,0
"NN","K","trapnest_31","Low",2023-06-30,181,"year_2023",1,14,0,0,0,0,0,0,0
"NN","K","trapnest_31","Low",2023-07-03,184,"year_2023",2,17,0,0,0,0,0,0,0
"NN","K","trapnest_31","Low",2023-07-04,185,"year_2023",1,16,0,0,0,0,0,0,0
"NN","K","trapnest_31","Low",2023-07-06,187,"year_2023",2,17,0,0,0,0,0,0,0
"NN","K","trapnest_32","Mid",2023-05-07,127,"year_2023",1,12,0,6,0,0,0,0,6
"NN","K","trapnest_32","Mid",2023-05-11,131,"year_2023",4,12,0,6,0,0,0,0,6
"NN","K","trapnest_32","Mid",2023-05-12,132,"year_2023",1,12,0,6,0,0,0,0,6
"NN","K","trapnest_32","Mid",2023-05-15,135,"year_2023",3,12,0,6,0,0,0,0,6
"NN","K","trapnest_32","Mid",2023-05-16,136,"year_2023",1,12,0,6,0,0,0,0,6
"NN","K","trapnest_32","Mid",2023-05-18,138,"year_2023",2,12,0,6,0,0,0,0,6
"NN","K","trapnest_32","Mid",2023-05-19,139,"year_2023",1,12,0,6,0,0,0,0,6
"NN","K","trapnest_32","Mid",2023-05-21,141,"year_2023",1,12,0,6,0,0,0,0,6
"NN","K","trapnest_32","Mid",2023-05-22,142,"year_2023",1,12,0,6,0,0,0,0,6
"NN","K","trapnest_32","Mid",2023-05-25,145,"year_2023",3,12,0,6,0,0,0,0,6
"NN","K","trapnest_32","Mid",2023-05-26,146,"year_2023",1,12,3,7,1,1,0,1.5,7.5
"NN","K","trapnest_32","Mid",2023-05-28,148,"year_2023",2,12,0,6,3,3,0,3,6
"NN","K","trapnest_32","Mid",2023-05-29,149,"year_2023",1,12,1,6,3,3,0,3,6
"NN","K","trapnest_32","Mid",2023-05-31,151,"year_2023",2,11,0,7,4,1,0,4,7
"NN","K","trapnest_32","Mid",2023-06-01,152,"year_2023",1,11,1,7,4,1,0,4,7
"NN","K","trapnest_32","Mid",2023-06-04,155,"year_2023",3,11,0,7,2,1,0,2,7
"NN","K","trapnest_32","Mid",2023-06-05,156,"year_2023",1,12,0,6,2,1,0,2,6
"NN","K","trapnest_32","Mid",2023-06-08,159,"year_2023",2,12,0,6,2,1,0,2,6
"NN","K","trapnest_32","Mid",2023-06-10,161,"year_2023",0,12,0,6,2,0,0,2,6
"NN","K","trapnest_32","Mid",2023-06-11,162,"year_2023",1,12,0,6,2,0,0,2,6
"NN","K","trapnest_32","Mid",2023-06-12,163,"year_2023",0,12,0,6,2,0,0,2,6
"NN","K","trapnest_32","Mid",2023-06-15,166,"year_2023",0,11,0,6,2,0,0,2,6
"NN","K","trapnest_32","Mid",2023-06-19,170,"year_2023",0,11,0,6,2,0,0,2,6
"NN","K","trapnest_32","Mid",2023-06-22,173,"year_2023",3,11,0,6,2,0,0,2,6
"NN","K","trapnest_32","Mid",2023-06-23,174,"year_2023",1,11,0,6,2,0,0,2,6
"NN","K","trapnest_32","Mid",2023-07-03,184,"year_2023",2,11,0,6,1,0,0,1,6
"NN","K","trapnest_32","Mid",2023-07-04,185,"year_2023",1,10,0,6,1,0,0,1,6
"NN","K","trapnest_32","Mid",2023-07-06,187,"year_2023",2,9,0,6,1,0,0,1,6
"NN","K","trapnest_32","Mid",2023-06-30,181,"year_2023",1,9,0,6,2,0,0,2,6
"NN","K","trapnest_33","High",2023-05-07,127,"year_2023",1,7,0,11,0,0,0,0,11
"NN","K","trapnest_33","High",2023-05-11,131,"year_2023",4,7,0,11,0,0,0,0,11
"NN","K","trapnest_33","High",2023-05-12,132,"year_2023",1,7,0,11,0,0,0,0,11
"NN","K","trapnest_33","High",2023-05-15,135,"year_2023",3,7,0,11,0,0,0,0,11
"NN","K","trapnest_33","High",2023-05-16,136,"year_2023",1,7,0,11,0,0,0,0,11
"NN","K","trapnest_33","High",2023-05-18,138,"year_2023",2,7,0,11,0,0,0,0,11
"NN","K","trapnest_33","High",2023-05-19,139,"year_2023",1,7,0,11,0,0,0,0,11
"NN","K","trapnest_33","High",2023-05-21,141,"year_2023",1,7,0,11,0,0,0,0,11
"NN","K","trapnest_33","High",2023-05-22,142,"year_2023",1,7,0,11,0,0,0,0,11
"NN","K","trapnest_33","High",2023-05-25,145,"year_2023",3,7,0,11,0,0,0,0,11
"NN","K","trapnest_33","High",2023-05-26,146,"year_2023",1,7,0,11,0,0,0,0,11
"NN","K","trapnest_33","High",2023-05-28,148,"year_2023",2,7,0,11,0,0,0,0,11
"NN","K","trapnest_33","High",2023-05-29,149,"year_2023",1,7,0,11,0,0,0,0,11
"NN","K","trapnest_33","High",2023-05-31,151,"year_2023",2,7,0,11,0,0,0,0,11
"NN","K","trapnest_33","High",2023-06-01,152,"year_2023",1,7,0,11,0,0,0,0,11
"NN","K","trapnest_33","High",2023-06-04,155,"year_2023",3,7,0,11,0,0,0,0,11
"NN","K","trapnest_33","High",2023-06-05,156,"year_2023",1,7,0,11,0,0,0,0,11
"NN","K","trapnest_33","High",2023-06-08,159,"year_2023",2,7,0,11,0,0,0,0,11
"NN","K","trapnest_33","High",2023-06-10,161,"year_2023",0,7,0,11,0,0,0,0,11
"NN","K","trapnest_33","High",2023-06-11,162,"year_2023",1,7,0,11,0,0,0,0,11
"NN","K","trapnest_33","High",2023-06-12,163,"year_2023",0,7,0,11,0,0,0,0,11
"NN","K","trapnest_33","High",2023-06-15,166,"year_2023",0,7,0,11,0,0,0,0,11
"NN","K","trapnest_33","High",2023-06-19,170,"year_2023",0,7,0,11,0,0,0,0,11
"NN","K","trapnest_33","High",2023-06-22,173,"year_2023",3,7,0,11,0,0,0,0,11
"NN","K","trapnest_33","High",2023-06-23,174,"year_2023",1,7,0,11,0,0,0,0,11
"NN","K","trapnest_33","High",2023-06-30,181,"year_2023",1,7,0,11,0,0,0,0,11
"NN","K","trapnest_33","High",2023-07-03,184,"year_2023",2,7,0,11,0,0,0,0,11
"NN","K","trapnest_33","High",2023-07-04,185,"year_2023",1,7,0,11,0,0,0,0,11
"NN","K","trapnest_33","High",2023-07-06,187,"year_2023",2,7,0,11,0,0,0,0,11
"NN","L","trapnest_34","Low",2023-05-07,127,"year_2023",1,18,0,0,0,0,0,0,0
"NN","L","trapnest_34","Low",2023-05-11,131,"year_2023",4,18,0,0,0,0,0,0,0
"NN","L","trapnest_34","Low",2023-05-12,132,"year_2023",1,18,0,0,0,0,0,0,0
"NN","L","trapnest_34","Low",2023-05-15,135,"year_2023",3,18,0,0,0,0,0,0,0
"NN","L","trapnest_34","Low",2023-05-16,136,"year_2023",1,18,0,0,0,0,0,0,0
"NN","L","trapnest_34","Low",2023-05-18,138,"year_2023",2,18,0,0,0,0,0,0,0
"NN","L","trapnest_34","Low",2023-05-19,139,"year_2023",1,18,0,0,0,0,0,0,0
"NN","L","trapnest_34","Low",2023-05-21,141,"year_2023",1,18,0,0,0,0,0,0,0
"NN","L","trapnest_34","Low",2023-05-22,142,"year_2023",1,18,0,0,0,0,0,0,0
"NN","L","trapnest_34","Low",2023-05-25,145,"year_2023",3,18,0,0,0,0,0,0,0
"NN","L","trapnest_34","Low",2023-05-26,146,"year_2023",1,18,0,0,0,0,0,0,0
"NN","L","trapnest_34","Low",2023-05-28,148,"year_2023",2,18,0,0,0,0,0,0,0
"NN","L","trapnest_34","Low",2023-05-29,149,"year_2023",1,18,0,0,0,0,0,0,0
"NN","L","trapnest_34","Low",2023-05-31,151,"year_2023",2,18,0,0,0,0,0,0,0
"NN","L","trapnest_34","Low",2023-06-01,152,"year_2023",1,18,0,0,0,0,0,0,0
"NN","L","trapnest_34","Low",2023-06-04,155,"year_2023",3,18,0,0,0,0,0,0,0
"NN","L","trapnest_34","Low",2023-06-05,156,"year_2023",1,18,0,0,0,0,0,0,0
"NN","L","trapnest_34","Low",2023-06-08,159,"year_2023",2,18,0,0,0,0,0,0,0
"NN","L","trapnest_34","Low",2023-06-10,161,"year_2023",0,18,0,0,0,0,0,0,0
"NN","L","trapnest_34","Low",2023-06-11,162,"year_2023",1,18,0,0,0,0,0,0,0
"NN","L","trapnest_34","Low",2023-06-12,163,"year_2023",0,18,0,0,0,0,0,0,0
"NN","L","trapnest_34","Low",2023-06-15,166,"year_2023",0,18,0,0,0,0,0,0,0
"NN","L","trapnest_34","Low",2023-06-19,170,"year_2023",0,18,0,0,0,0,0,0,0
"NN","L","trapnest_34","Low",2023-06-22,173,"year_2023",3,18,0,0,0,0,0,0,0
"NN","L","trapnest_34","Low",2023-06-23,174,"year_2023",1,18,0,0,0,0,0,0,0
"NN","L","trapnest_34","Low",2023-06-30,181,"year_2023",1,18,0,0,0,0,0,0,0
"NN","L","trapnest_34","Low",2023-07-03,184,"year_2023",2,18,0,0,0,0,0,0,0
"NN","L","trapnest_34","Low",2023-07-04,185,"year_2023",1,17,0,0,0,0,0,0,0
"NN","L","trapnest_34","Low",2023-07-06,187,"year_2023",2,17,0,0,0,0,0,0,0
"NN","L","trapnest_35","Mid",2023-05-07,127,"year_2023",1,12,0,6,0,0,0,0,6
"NN","L","trapnest_35","Mid",2023-05-11,131,"year_2023",4,12,0,6,0,0,0,0,6
"NN","L","trapnest_35","Mid",2023-05-12,132,"year_2023",1,12,0,6,0,0,0,0,6
"NN","L","trapnest_35","Mid",2023-05-15,135,"year_2023",3,12,0,6,0,0,0,0,6
"NN","L","trapnest_35","Mid",2023-05-16,136,"year_2023",1,12,0,6,0,0,0,0,6
"NN","L","trapnest_35","Mid",2023-05-18,138,"year_2023",2,12,0,6,0,0,0,0,6
"NN","L","trapnest_35","Mid",2023-05-19,139,"year_2023",1,12,0,6,0,0,0,0,6
"NN","L","trapnest_35","Mid",2023-05-21,141,"year_2023",1,12,0,6,0,0,0,0,6
"NN","L","trapnest_35","Mid",2023-05-22,142,"year_2023",1,12,0,6,0,0,0,0,6
"NN","L","trapnest_35","Mid",2023-05-25,145,"year_2023",3,12,0,6,0,0,0,0,6
"NN","L","trapnest_35","Mid",2023-05-26,146,"year_2023",1,12,0,6,0,0,0,0,6
"NN","L","trapnest_35","Mid",2023-05-28,148,"year_2023",2,12,0,6,0,0,0,0,6
"NN","L","trapnest_35","Mid",2023-05-29,149,"year_2023",1,12,0,6,0,0,0,0,6
"NN","L","trapnest_35","Mid",2023-05-31,151,"year_2023",2,12,0,6,0,0,0,0,6
"NN","L","trapnest_35","Mid",2023-06-01,152,"year_2023",1,11,0,6,0,0,0,0,6
"NN","L","trapnest_35","Mid",2023-06-04,155,"year_2023",3,9,2,6.5,0.5,0.5,0,1,7
"NN","L","trapnest_35","Mid",2023-06-05,156,"year_2023",1,13,0,3,2,2,0,2,3
"NN","L","trapnest_35","Mid",2023-06-08,159,"year_2023",2,11,0,4,2,2,1,1,3
"NN","L","trapnest_35","Mid",2023-06-10,161,"year_2023",0,12,0,4,2,1,1,1,3
"NN","L","trapnest_35","Mid",2023-06-11,162,"year_2023",1,9,0,4,2,1,1,1,3
"NN","L","trapnest_35","Mid",2023-06-12,163,"year_2023",0,12,0,4,2,0,1,1,3
"NN","L","trapnest_35","Mid",2023-06-15,166,"year_2023",0,11,0,4,2,0,1,1,3
"NN","L","trapnest_35","Mid",2023-06-19,170,"year_2023",0,10,0,4,2,0,1,1,3
"NN","L","trapnest_35","Mid",2023-06-22,173,"year_2023",3,8,1,6,1,0,0,1,6
"NN","L","trapnest_35","Mid",2023-06-23,174,"year_2023",1,8,0,7,2,1,0,2,7
"NN","L","trapnest_35","Mid",2023-06-30,181,"year_2023",1,6,0,7,2,1,0,2,7
"NN","L","trapnest_35","Mid",2023-07-03,184,"year_2023",2,10,0,6,2,0,0,2,6
"NN","L","trapnest_35","Mid",2023-07-04,185,"year_2023",1,10,0,6,2,0,0,2,6
"NN","L","trapnest_35","Mid",2023-07-06,187,"year_2023",2,12,1,6,2,0,0,2,6
"NN","L","trapnest_36","High",2023-05-07,127,"year_2023",1,7,0,11,0,0,0,0,11
"NN","L","trapnest_36","High",2023-05-11,131,"year_2023",4,7,0,11,0,0,0,0,11
"NN","L","trapnest_36","High",2023-05-12,132,"year_2023",1,7,0,11,0,0,0,0,11
"NN","L","trapnest_36","High",2023-05-15,135,"year_2023",3,7,0,11,0,0,0,0,11
"NN","L","trapnest_36","High",2023-05-16,136,"year_2023",1,7,0,11,0,0,0,0,11
"NN","L","trapnest_36","High",2023-05-18,138,"year_2023",2,7,0,11,0,0,0,0,11
"NN","L","trapnest_36","High",2023-05-19,139,"year_2023",1,7,0,11,0,0,0,0,11
"NN","L","trapnest_36","High",2023-05-21,141,"year_2023",1,7,0,11,0,0,0,0,11
"NN","L","trapnest_36","High",2023-05-22,142,"year_2023",1,7,0,11,0,0,0,0,11
"NN","L","trapnest_36","High",2023-05-25,145,"year_2023",3,7,0,11,0,0,0,0,11
"NN","L","trapnest_36","High",2023-05-26,146,"year_2023",1,7,0,11,0,0,0,0,11
"NN","L","trapnest_36","High",2023-05-28,148,"year_2023",2,7,0,11,0,0,0,0,11
"NN","L","trapnest_36","High",2023-05-29,149,"year_2023",1,7,2,11.5,0.5,0.5,0,1,12
"NN","L","trapnest_36","High",2023-05-31,151,"year_2023",2,7,4,12.5,3.5,3.5,0,3.5,12.5
"NN","L","trapnest_36","High",2023-06-01,152,"year_2023",1,5,0,13,6,6,3,3,10
"NN","L","trapnest_36","High",2023-06-04,155,"year_2023",3,7,1,11,6,5,3,3,8
"NN","L","trapnest_36","High",2023-06-05,156,"year_2023",1,7,0,11,6,2,3,3,8
"NN","L","trapnest_36","High",2023-06-08,159,"year_2023",2,7,1,11,6,2,3,3,8
"NN","L","trapnest_36","High",2023-06-10,161,"year_2023",0,7,0,11,7,2,3,4,8
"NN","L","trapnest_36","High",2023-06-11,162,"year_2023",1,7,0,11,7,2,3,4,8
"NN","L","trapnest_36","High",2023-06-12,163,"year_2023",0,7,0,11,7,1,3,4,8
"NN","L","trapnest_36","High",2023-06-15,166,"year_2023",0,7,0,11,7,1,2,5,9
"NN","L","trapnest_36","High",2023-06-19,170,"year_2023",0,7,0,11,7,0,1,6,10
"NN","L","trapnest_36","High",2023-06-22,173,"year_2023",3,6,1,11,7,0,0,7,11
"NN","L","trapnest_36","High",2023-06-23,174,"year_2023",1,6,0,11,7,1,0,7,11
"NN","L","trapnest_36","High",2023-06-30,181,"year_2023",1,5,0,11,7,1,0,7,11
"NN","L","trapnest_36","High",2023-07-03,184,"year_2023",2,6,0,11,7,1,0,7,11
"NN","L","trapnest_36","High",2023-07-04,185,"year_2023",1,5,0,11,7,1,0,7,11
"NN","L","trapnest_36","High",2023-07-06,187,"year_2023",2,7,0,11,7,0,0,7,11
"BP","M","trapnest_37","Low",2023-07-03,184,"year_2023",1,18,0,0,0,0,0,0,0
"BP","M","trapnest_37","Low",2023-07-04,185,"year_2023",1,18,0,0,0,0,0,0,0
"BP","M","trapnest_37","Low",2023-07-07,188,"year_2023",3,18,0,0,0,0,0,0,0
"BP","M","trapnest_37","Low",2023-07-10,191,"year_2023",1,17,0,0,0,0,0,0,0
"BP","M","trapnest_37","Low",2023-07-12,193,"year_2023",1,18,0,0,0,0,0,0,0
"BP","M","trapnest_37","Low",2023-07-14,195,"year_2023",1,18,0,0,0,0,0,0,0
"BP","M","trapnest_37","Low",2023-07-17,198,"year_2023",2,18,0,0,0,0,0,0,0
"BP","M","trapnest_37","Low",2023-07-20,201,"year_2023",2,18,0,0,0,0,0,0,0
"BP","M","trapnest_37","Low",2023-07-24,205,"year_2023",2,18,0,0,0,0,0,0,0
"BP","M","trapnest_37","Low",2023-07-26,207,"year_2023",1,17,0,0,0,0,0,0,0
"BP","M","trapnest_37","Low",2023-07-28,209,"year_2023",0,17,0,0,0,0,0,0,0
"BP","M","trapnest_37","Low",2023-07-29,210,"year_2023",0,17,0,0,0,0,0,0,0
"BP","M","trapnest_37","Low",2023-08-01,213,"year_2023",2,15,0,0,0,0,0,0,0
"BP","M","trapnest_37","Low",2023-08-04,216,"year_2023",2,17,0,0,0,0,0,0,0
"BP","M","trapnest_37","Low",2023-08-09,221,"year_2023",4,17,0,0,0,0,0,0,0
"BP","M","trapnest_38","Mid",2023-07-03,184,"year_2023",1,12,0,0,0,0,0,0,0
"BP","M","trapnest_38","Mid",2023-07-04,185,"year_2023",1,11,0,0,0,0,0,0,0
"BP","M","trapnest_38","Mid",2023-07-07,188,"year_2023",3,11,0,0,0,0,0,0,0
"BP","M","trapnest_38","Mid",2023-07-10,191,"year_2023",1,12,0,0,0,0,0,0,0
"BP","M","trapnest_38","Mid",2023-07-12,193,"year_2023",1,12,0,0,0,0,0,0,0
"BP","M","trapnest_38","Mid",2023-07-14,195,"year_2023",1,12,0,0,0,0,0,0,0
"BP","M","trapnest_38","Mid",2023-07-17,198,"year_2023",2,12,0,0,0,0,0,0,0
"BP","M","trapnest_38","Mid",2023-07-20,201,"year_2023",2,12,0,0,0,0,0,0,0
"BP","M","trapnest_38","Mid",2023-07-24,205,"year_2023",2,12,0,0,0,0,0,0,0
"BP","M","trapnest_38","Mid",2023-07-26,207,"year_2023",1,12,0,0,0,0,0,0,0
"BP","M","trapnest_38","Mid",2023-07-28,209,"year_2023",0,12,0,0,0,0,0,0,0
"BP","M","trapnest_38","Mid",2023-07-29,210,"year_2023",0,12,0,0,0,0,0,0,0
"BP","M","trapnest_38","Mid",2023-08-01,213,"year_2023",2,12,0,0,0,0,0,0,0
"BP","M","trapnest_38","Mid",2023-08-04,216,"year_2023",2,12,0,0,0,0,0,0,0
"BP","M","trapnest_38","Mid",2023-08-09,221,"year_2023",4,12,0,0,0,0,0,0,0
"BP","M","trapnest_39","High",2023-07-03,184,"year_2023",1,7,0,0,0,0,0,0,0
"BP","M","trapnest_39","High",2023-07-04,185,"year_2023",1,6,0,0,0,0,0,0,0
"BP","M","trapnest_39","High",2023-07-07,188,"year_2023",3,6,0,0,0,0,0,0,0
"BP","M","trapnest_39","High",2023-07-10,191,"year_2023",1,6,0,0,0,0,0,0,0
"BP","M","trapnest_39","High",2023-07-12,193,"year_2023",1,6,0,0,0,0,0,0,0
"BP","M","trapnest_39","High",2023-07-14,195,"year_2023",1,6,0,0,0,0,0,0,0
"BP","M","trapnest_39","High",2023-07-17,198,"year_2023",2,6,0,0,0,0,0,0,0
"BP","M","trapnest_39","High",2023-07-20,201,"year_2023",2,7,0,0,0,0,0,0,0
"BP","M","trapnest_39","High",2023-07-24,205,"year_2023",2,7,0,0,0,0,0,0,0
"BP","M","trapnest_39","High",2023-07-26,207,"year_2023",1,7,0,0,0,0,0,0,0
"BP","M","trapnest_39","High",2023-07-28,209,"year_2023",0,7,0,0,0,0,0,0,0
"BP","M","trapnest_39","High",2023-07-29,210,"year_2023",0,7,0,0,0,0,0,0,0
"BP","M","trapnest_39","High",2023-08-01,213,"year_2023",2,7,0,0,0,0,0,0,0
"BP","M","trapnest_39","High",2023-08-04,216,"year_2023",2,7,0,0,0,0,0,0,0
"BP","M","trapnest_39","High",2023-08-09,221,"year_2023",4,7,0,0,0,0,0,0,0
"BP","A","trapnest_3","High",2023-05-11,131,"year_2023",3,7,0,11,0,0,0,0,11
"BP","A","trapnest_3","High",2023-05-12,132,"year_2023",1,7,0,11,0,0,0,0,11
"BP","A","trapnest_3","High",2023-05-15,135,"year_2023",3,7,0,11,0,0,0,0,11
"BP","A","trapnest_3","High",2023-05-16,136,"year_2023",1,7,0,11,0,0,0,0,11
"BP","A","trapnest_3","High",2023-05-17,137,"year_2023",1,7,0,11,0,0,0,0,11
"BP","A","trapnest_3","High",2023-05-19,139,"year_2023",2,7,0,11,0,0,0,0,11
"BP","A","trapnest_3","High",2023-05-21,141,"year_2023",1,7,0,11,0,0,0,0,11
"BP","A","trapnest_3","High",2023-05-22,142,"year_2023",1,7,0,11,0,0,0,0,11
"BP","A","trapnest_3","High",2023-05-23,143,"year_2023",1,7,1,11,0,0,0,0,11
"BP","A","trapnest_3","High",2023-05-26,146,"year_2023",2,7,1,11,1,1,0,1,11
"BP","A","trapnest_3","High",2023-05-28,148,"year_2023",2,7,0,11,2,1,0,2,11
"BP","A","trapnest_3","High",2023-05-29,149,"year_2023",1,7,1,11,2,1,0,2,11
"BP","A","trapnest_3","High",2023-05-31,151,"year_2023",2,6,1,12,3,1,0,3,12
"BP","A","trapnest_3","High",2023-06-02,153,"year_2023",2,8,3,11,5,3,0,5.5,11.5
"BP","A","trapnest_3","High",2023-06-05,156,"year_2023",1,5,0,13,7,2,0,7,13
"BP","A","trapnest_3","High",2023-06-08,159,"year_2023",2,7,0,11,6,2,0,6,11
"BP","A","trapnest_3","High",2023-06-10,161,"year_2023",0,7,0,11,6,0,0,6,11
"BP","A","trapnest_3","High",2023-06-12,163,"year_2023",1,7,0,11,6,0,0,6,11
"BP","A","trapnest_3","High",2023-06-14,165,"year_2023",0,7,0,11,6,0,0,6,11
"BP","A","trapnest_3","High",2023-06-16,167,"year_2023",1,7,1,11,6,0,0,6,11
"BP","A","trapnest_3","High",2023-06-20,171,"year_2023",3,7,0,11,6,1,0,6,11
"BP","A","trapnest_3","High",2023-06-23,174,"year_2023",3,6,0,11,6,1,0,6,11
"BP","A","trapnest_3","High",2023-06-29,180,"year_2023",1,5,0,11,6,1,0,6,11
"BP","N","trapnest_40","Low",2023-07-03,184,"year_2023",1,18,0,0,0,0,0,0,0
"BP","N","trapnest_40","Low",2023-07-04,185,"year_2023",1,18,0,0,0,0,0,0,0
"BP","N","trapnest_40","Low",2023-07-07,188,"year_2023",3,18,0,0,0,0,0,0,0
"BP","N","trapnest_40","Low",2023-07-10,191,"year_2023",1,18,0,0,0,0,0,0,0
"BP","N","trapnest_40","Low",2023-07-12,193,"year_2023",1,18,0,0,0,0,0,0,0
"BP","N","trapnest_40","Low",2023-07-14,195,"year_2023",1,18,0,0,0,0,0,0,0
"BP","N","trapnest_40","Low",2023-07-17,198,"year_2023",2,18,0,0,0,0,0,0,0
"BP","N","trapnest_40","Low",2023-07-20,201,"year_2023",2,18,0,0,0,0,0,0,0
"BP","N","trapnest_40","Low",2023-07-24,205,"year_2023",2,18,0,0,0,0,0,0,0
"BP","N","trapnest_40","Low",2023-07-26,207,"year_2023",1,18,0,0,0,0,0,0,0
"BP","N","trapnest_40","Low",2023-07-28,209,"year_2023",0,18,0,0,0,0,0,0,0
"BP","N","trapnest_40","Low",2023-07-29,210,"year_2023",0,18,0,0,0,0,0,0,0
"BP","N","trapnest_40","Low",2023-08-01,213,"year_2023",2,18,0,0,0,0,0,0,0
"BP","N","trapnest_40","Low",2023-08-04,216,"year_2023",2,18,0,0,0,0,0,0,0
"BP","N","trapnest_40","Low",2023-08-09,221,"year_2023",4,18,0,0,0,0,0,0,0
"BP","N","trapnest_41","Mid",2023-07-03,184,"year_2023",1,12,0,0,0,0,0,0,0
"BP","N","trapnest_41","Mid",2023-07-04,185,"year_2023",1,10,0,0,0,0,0,0,0
"BP","N","trapnest_41","Mid",2023-07-07,188,"year_2023",3,11,0,0,0,0,0,0,0
"BP","N","trapnest_41","Mid",2023-07-10,191,"year_2023",1,11,0,0,0,0,0,0,0
"BP","N","trapnest_41","Mid",2023-07-12,193,"year_2023",1,12,0,0,0,0,0,0,0
"BP","N","trapnest_41","Mid",2023-07-14,195,"year_2023",1,12,0,0,0,0,0,0,0
"BP","N","trapnest_41","Mid",2023-07-17,198,"year_2023",2,12,0,0,0,0,0,0,0
"BP","N","trapnest_41","Mid",2023-07-20,201,"year_2023",2,12,0,0,0,0,0,0,0
"BP","N","trapnest_41","Mid",2023-07-24,205,"year_2023",2,12,0,0,0,0,0,0,0
"BP","N","trapnest_41","Mid",2023-07-26,207,"year_2023",1,12,0,0,0,0,0,0,0
"BP","N","trapnest_41","Mid",2023-07-28,209,"year_2023",0,12,0,0,0,0,0,0,0
"BP","N","trapnest_41","Mid",2023-07-29,210,"year_2023",0,12,0,0,0,0,0,0,0
"BP","N","trapnest_41","Mid",2023-08-01,213,"year_2023",2,12,0,0,0,0,0,0,0
"BP","N","trapnest_41","Mid",2023-08-04,216,"year_2023",2,12,0,0,0,0,0,0,0
"BP","N","trapnest_41","Mid",2023-08-09,221,"year_2023",4,12,0,0,0,0,0,0,0
"BP","N","trapnest_42","High",2023-07-03,184,"year_2023",1,7,0,0,0,0,0,0,0
"BP","N","trapnest_42","High",2023-07-04,185,"year_2023",1,5,0,0,0,0,0,0,0
"BP","N","trapnest_42","High",2023-07-07,188,"year_2023",3,7,0,0,0,0,0,0,0
"BP","N","trapnest_42","High",2023-07-10,191,"year_2023",1,7,0,0,0,0,0,0,0
"BP","N","trapnest_42","High",2023-07-12,193,"year_2023",1,7,0,0,0,0,0,0,0
"BP","N","trapnest_42","High",2023-07-14,195,"year_2023",1,7,0,0,0,0,0,0,0
"BP","N","trapnest_42","High",2023-07-17,198,"year_2023",2,7,0,0,0,0,0,0,0
"BP","N","trapnest_42","High",2023-07-20,201,"year_2023",2,7,0,0,0,0,0,0,0
"BP","N","trapnest_42","High",2023-07-24,205,"year_2023",2,7,0,0,0,0,0,0,0
"BP","N","trapnest_42","High",2023-07-26,207,"year_2023",1,7,0,0,0,0,0,0,0
"BP","N","trapnest_42","High",2023-07-28,209,"year_2023",0,7,0,0,0,0,0,0,0
"BP","N","trapnest_42","High",2023-07-29,210,"year_2023",0,7,0,0,0,0,0,0,0
"BP","N","trapnest_42","High",2023-08-01,213,"year_2023",2,7,0,0,0,0,0,0,0
"BP","N","trapnest_42","High",2023-08-04,216,"year_2023",2,7,0,0,0,0,0,0,0
"BP","N","trapnest_42","High",2023-08-09,221,"year_2023",4,7,0,0,0,0,0,0,0
"BP","O","trapnest_43","Low",2023-07-03,184,"year_2023",1,18,0,0,0,0,0,0,0
"BP","O","trapnest_43","Low",2023-07-04,185,"year_2023",1,18,0,0,0,0,0,0,0
"BP","O","trapnest_43","Low",2023-07-07,188,"year_2023",3,15,0,0,0,0,0,0,0
"BP","O","trapnest_43","Low",2023-07-10,191,"year_2023",1,15,0,0,0,0,0,0,0
"BP","O","trapnest_43","Low",2023-07-12,193,"year_2023",1,18,0,0,0,0,0,0,0
"BP","O","trapnest_43","Low",2023-07-14,195,"year_2023",1,17,0,0,0,0,0,0,0
"BP","O","trapnest_43","Low",2023-07-17,198,"year_2023",2,17,0,0,0,0,0,0,0
"BP","O","trapnest_43","Low",2023-07-20,201,"year_2023",2,17,0,0,0,0,0,0,0
"BP","O","trapnest_43","Low",2023-07-24,205,"year_2023",2,17,0,0,0,0,0,0,0
"BP","O","trapnest_43","Low",2023-07-26,207,"year_2023",1,17,0,0,0,0,0,0,0
"BP","O","trapnest_43","Low",2023-07-28,209,"year_2023",0,17,0,0,0,0,0,0,0
"BP","O","trapnest_43","Low",2023-07-29,210,"year_2023",0,17,0,0,0,0,0,0,0
"BP","O","trapnest_43","Low",2023-08-01,213,"year_2023",2,17,0,0,0,0,0,0,0
"BP","O","trapnest_43","Low",2023-08-04,216,"year_2023",2,18,0,0,0,0,0,0,0
"BP","O","trapnest_43","Low",2023-08-09,221,"year_2023",4,17,0,0,0,0,0,0,0
"BP","O","trapnest_44","Mid",2023-07-03,184,"year_2023",1,12,0,0,0,0,0,0,0
"BP","O","trapnest_44","Mid",2023-07-04,185,"year_2023",1,12,0,0,0,0,0,0,0
"BP","O","trapnest_44","Mid",2023-07-07,188,"year_2023",3,12,0,0,0,0,0,0,0
"BP","O","trapnest_44","Mid",2023-07-10,191,"year_2023",1,12,0,0,0,0,0,0,0
"BP","O","trapnest_44","Mid",2023-07-12,193,"year_2023",1,12,0,0,0,0,0,0,0
"BP","O","trapnest_44","Mid",2023-07-14,195,"year_2023",1,12,0,0,0,0,0,0,0
"BP","O","trapnest_44","Mid",2023-07-17,198,"year_2023",2,12,0,0,0,0,0,0,0
"BP","O","trapnest_44","Mid",2023-07-20,201,"year_2023",2,12,0,0,0,0,0,0,0
"BP","O","trapnest_44","Mid",2023-07-24,205,"year_2023",2,12,0,0,0,0,0,0,0
"BP","O","trapnest_44","Mid",2023-07-26,207,"year_2023",1,12,0,0,0,0,0,0,0
"BP","O","trapnest_44","Mid",2023-07-28,209,"year_2023",0,12,0,0,0,0,0,0,0
"BP","O","trapnest_44","Mid",2023-07-29,210,"year_2023",0,12,0,0,0,0,0,0,0
"BP","O","trapnest_44","Mid",2023-08-01,213,"year_2023",2,12,0,0,0,0,0,0,0
"BP","O","trapnest_44","Mid",2023-08-04,216,"year_2023",2,12,0,0,0,0,0,0,0
"BP","O","trapnest_44","Mid",2023-08-09,221,"year_2023",4,12,0,0,0,0,0,0,0
"BP","O","trapnest_45","High",2023-07-03,184,"year_2023",1,7,0,0,0,0,0,0,0
"BP","O","trapnest_45","High",2023-07-04,185,"year_2023",1,3,0,0,0,0,0,0,0
"BP","O","trapnest_45","High",2023-07-07,188,"year_2023",3,4,0,0,0,0,0,0,0
"BP","O","trapnest_45","High",2023-07-10,191,"year_2023",1,4,0,0,0,0,0,0,0
"BP","O","trapnest_45","High",2023-07-12,193,"year_2023",1,7,0,0,0,0,0,0,0
"BP","O","trapnest_45","High",2023-07-14,195,"year_2023",1,7,0,0,0,0,0,0,0
"BP","O","trapnest_45","High",2023-07-17,198,"year_2023",2,7,0,0,0,0,0,0,0
"BP","O","trapnest_45","High",2023-07-20,201,"year_2023",2,7,0,0,0,0,0,0,0
"BP","O","trapnest_45","High",2023-07-24,205,"year_2023",2,7,0,0,0,0,0,0,0
"BP","O","trapnest_45","High",2023-07-26,207,"year_2023",1,7,0,0,0,0,0,0,0
"BP","O","trapnest_45","High",2023-07-28,209,"year_2023",0,7,0,0,0,0,0,0,0
"BP","O","trapnest_45","High",2023-07-29,210,"year_2023",0,7,0,0,0,0,0,0,0
"BP","O","trapnest_45","High",2023-08-01,213,"year_2023",2,7,0,0,0,0,0,0,0
"BP","O","trapnest_45","High",2023-08-04,216,"year_2023",2,7,0,0,0,0,0,0,0
"BP","O","trapnest_45","High",2023-08-09,221,"year_2023",4,7,0,0,0,0,0,0,0
"BP","P","trapnest_46","Low",2023-07-03,184,"year_2023",1,18,0,0,0,0,0,0,0
"BP","P","trapnest_46","Low",2023-07-04,185,"year_2023",1,18,0,0,0,0,0,0,0
"BP","P","trapnest_46","Low",2023-07-07,188,"year_2023",3,17,0,0,0,0,0,0,0
"BP","P","trapnest_46","Low",2023-07-10,191,"year_2023",1,16,0,0,0,0,0,0,0
"BP","P","trapnest_46","Low",2023-07-12,193,"year_2023",1,17,0,0,0,0,0,0,0
"BP","P","trapnest_46","Low",2023-07-14,195,"year_2023",1,18,0,0,0,0,0,0,0
"BP","P","trapnest_46","Low",2023-07-17,198,"year_2023",2,18,0,0,0,0,0,0,0
"BP","P","trapnest_46","Low",2023-07-20,201,"year_2023",2,18,0,0,0,0,0,0,0
"BP","P","trapnest_46","Low",2023-07-24,205,"year_2023",2,18,0,0,0,0,0,0,0
"BP","P","trapnest_46","Low",2023-07-26,207,"year_2023",1,18,0,0,0,0,0,0,0
"BP","P","trapnest_46","Low",2023-07-28,209,"year_2023",0,18,0,0,0,0,0,0,0
"BP","P","trapnest_46","Low",2023-07-29,210,"year_2023",0,18,0,0,0,0,0,0,0
"BP","P","trapnest_46","Low",2023-08-01,213,"year_2023",2,18,0,0,0,0,0,0,0
"BP","P","trapnest_46","Low",2023-08-04,216,"year_2023",2,18,0,0,0,0,0,0,0
"BP","P","trapnest_46","Low",2023-08-09,221,"year_2023",4,18,0,0,0,0,0,0,0
"BP","P","trapnest_47","Mid",2023-07-03,184,"year_2023",1,12,0,0,0,0,0,0,0
"BP","P","trapnest_47","Mid",2023-07-04,185,"year_2023",1,12,0,0,0,0,0,0,0
"BP","P","trapnest_47","Mid",2023-07-07,188,"year_2023",3,12,0,0,0,0,0,0,0
"BP","P","trapnest_47","Mid",2023-07-10,191,"year_2023",1,12,0,0,0,0,0,0,0
"BP","P","trapnest_47","Mid",2023-07-12,193,"year_2023",1,12,0,0,0,0,0,0,0
"BP","P","trapnest_47","Mid",2023-07-14,195,"year_2023",1,12,0,0,0,0,0,0,0
"BP","P","trapnest_47","Mid",2023-07-17,198,"year_2023",2,12,0,0,0,0,0,0,0
"BP","P","trapnest_47","Mid",2023-07-20,201,"year_2023",2,12,0,0,0,0,0,0,0
"BP","P","trapnest_47","Mid",2023-07-24,205,"year_2023",2,12,0,0,0,0,0,0,0
"BP","P","trapnest_47","Mid",2023-07-26,207,"year_2023",1,12,0,0,0,0,0,0,0
"BP","P","trapnest_47","Mid",2023-07-28,209,"year_2023",0,12,0,0,0,0,0,0,0
"BP","P","trapnest_47","Mid",2023-07-29,210,"year_2023",0,12,0,0,0,0,0,0,0
"BP","P","trapnest_47","Mid",2023-08-01,213,"year_2023",2,12,0,0,0,0,0,0,0
"BP","P","trapnest_47","Mid",2023-08-04,216,"year_2023",2,12,0,0,0,0,0,0,0
"BP","P","trapnest_47","Mid",2023-08-09,221,"year_2023",4,12,0,0,0,0,0,0,0
"BP","P","trapnest_48","High",2023-07-03,184,"year_2023",1,7,0,0,0,0,0,0,0
"BP","P","trapnest_48","High",2023-07-04,185,"year_2023",1,6,0,0,0,0,0,0,0
"BP","P","trapnest_48","High",2023-07-07,188,"year_2023",3,6,0,0,0,0,0,0,0
"BP","P","trapnest_48","High",2023-07-10,191,"year_2023",1,6,0,0,0,0,0,0,0
"BP","P","trapnest_48","High",2023-07-12,193,"year_2023",1,7,0,0,0,0,0,0,0
"BP","P","trapnest_48","High",2023-07-14,195,"year_2023",1,7,0,0,0,0,0,0,0
"BP","P","trapnest_48","High",2023-07-17,198,"year_2023",2,7,0,0,0,0,0,0,0
"BP","P","trapnest_48","High",2023-07-20,201,"year_2023",2,7,0,0,0,0,0,0,0
"BP","P","trapnest_48","High",2023-07-24,205,"year_2023",2,7,0,0,0,0,0,0,0
"BP","P","trapnest_48","High",2023-07-26,207,"year_2023",1,7,0,0,0,0,0,0,0
"BP","P","trapnest_48","High",2023-07-28,209,"year_2023",0,7,0,0,0,0,0,0,0
"BP","P","trapnest_48","High",2023-07-29,210,"year_2023",0,7,0,0,0,0,0,0,0
"BP","P","trapnest_48","High",2023-08-01,213,"year_2023",2,7,0,0,0,0,0,0,0
"BP","P","trapnest_48","High",2023-08-04,216,"year_2023",2,7,0,0,0,0,0,0,0
"BP","P","trapnest_48","High",2023-08-09,221,"year_2023",4,7,0,0,0,0,0,0,0
"BP","Q","trapnest_49","Low",2023-07-03,184,"year_2023",1,17,0,0,0,0,0,0,0
"BP","Q","trapnest_49","Low",2023-07-04,185,"year_2023",1,17,0,0,0,0,0,0,0
"BP","Q","trapnest_49","Low",2023-07-07,188,"year_2023",3,16,0,0,0,0,0,0,0
"BP","Q","trapnest_49","Low",2023-07-10,191,"year_2023",1,17,0,0,0,0,0,0,0
"BP","Q","trapnest_49","Low",2023-07-12,193,"year_2023",1,17,0,0,0,0,0,0,0
"BP","Q","trapnest_49","Low",2023-07-14,195,"year_2023",1,17,0,0,0,0,0,0,0
"BP","Q","trapnest_49","Low",2023-07-17,198,"year_2023",2,17,0,0,0,0,0,0,0
"BP","Q","trapnest_49","Low",2023-07-20,201,"year_2023",2,16,0,0,0,0,0,0,0
"BP","Q","trapnest_49","Low",2023-07-24,205,"year_2023",2,17,0,0,0,0,0,0,0
"BP","Q","trapnest_49","Low",2023-07-26,207,"year_2023",1,17,0,0,0,0,0,0,0
"BP","Q","trapnest_49","Low",2023-07-28,209,"year_2023",0,16,0,0,0,0,0,0,0
"BP","Q","trapnest_49","Low",2023-07-29,210,"year_2023",0,16,0,0,0,0,0,0,0
"BP","Q","trapnest_49","Low",2023-08-01,213,"year_2023",2,16,0,0,0,0,0,0,0
"BP","Q","trapnest_49","Low",2023-08-04,216,"year_2023",2,15,0,0,0,0,0,0,0
"BP","Q","trapnest_49","Low",2023-08-09,221,"year_2023",4,16,0,0,0,0,0,0,0
"BP","B","trapnest_4","Low",2023-05-11,131,"year_2023",3,18,0,0,0,0,0,0,0
"BP","B","trapnest_4","Low",2023-05-12,132,"year_2023",1,18,0,0,0,0,0,0,0
"BP","B","trapnest_4","Low",2023-05-15,135,"year_2023",3,18,0,0,0,0,0,0,0
"BP","B","trapnest_4","Low",2023-05-16,136,"year_2023",1,18,0,0,0,0,0,0,0
"BP","B","trapnest_4","Low",2023-05-17,137,"year_2023",1,18,0,0,0,0,0,0,0
"BP","B","trapnest_4","Low",2023-05-19,139,"year_2023",2,18,0,0,0,0,0,0,0
"BP","B","trapnest_4","Low",2023-05-21,141,"year_2023",1,18,0,0,0,0,0,0,0
"BP","B","trapnest_4","Low",2023-05-22,142,"year_2023",1,18,0,0,0,0,0,0,0
"BP","B","trapnest_4","Low",2023-05-23,143,"year_2023",1,18,0,0,0,0,0,0,0
"BP","B","trapnest_4","Low",2023-05-26,146,"year_2023",2,18,0,0,0,0,0,0,0
"BP","B","trapnest_4","Low",2023-05-28,148,"year_2023",2,18,0,0,0,0,0,0,0
"BP","B","trapnest_4","Low",2023-05-29,149,"year_2023",1,18,0,0,0,0,0,0,0
"BP","B","trapnest_4","Low",2023-05-31,151,"year_2023",2,18,0,0,0,0,0,0,0
"BP","B","trapnest_4","Low",2023-06-02,153,"year_2023",2,18,0,0,0,0,0,0,0
"BP","B","trapnest_4","Low",2023-06-05,156,"year_2023",1,18,0,0,0,0,0,0,0
"BP","B","trapnest_4","Low",2023-06-08,159,"year_2023",2,18,0,0,0,0,0,0,0
"BP","B","trapnest_4","Low",2023-06-10,161,"year_2023",0,18,0,0,0,0,0,0,0
"BP","B","trapnest_4","Low",2023-06-12,163,"year_2023",1,18,0,0,0,0,0,0,0
"BP","B","trapnest_4","Low",2023-06-14,165,"year_2023",0,17,0,0,0,0,0,0,0
"BP","B","trapnest_4","Low",2023-06-16,167,"year_2023",1,17,0,0,0,0,0,0,0
"BP","B","trapnest_4","Low",2023-06-20,171,"year_2023",3,16,0,0,0,0,0,0,0
"BP","B","trapnest_4","Low",2023-06-23,174,"year_2023",3,14,0,0,0,0,0,0,0
"BP","B","trapnest_4","Low",2023-06-29,180,"year_2023",1,15,0,0,0,0,0,0,0
"BP","Q","trapnest_50","Mid",2023-07-03,184,"year_2023",1,12,0,0,0,0,0,0,0
"BP","Q","trapnest_50","Mid",2023-07-04,185,"year_2023",1,10,1,0,0,0,0,0,0
"BP","Q","trapnest_50","Mid",2023-07-07,188,"year_2023",3,7,0,1,1,1,0,1,1
"BP","Q","trapnest_50","Mid",2023-07-10,191,"year_2023",1,5,0,1,1,1,0,1,1
"BP","Q","trapnest_50","Mid",2023-07-12,193,"year_2023",1,9,0,0,0,0,0,0,0
"BP","Q","trapnest_50","Mid",2023-07-14,195,"year_2023",1,8,0,0,0,0,0,0,0
"BP","Q","trapnest_50","Mid",2023-07-17,198,"year_2023",2,8,0,0,0,0,0,0,0
"BP","Q","trapnest_50","Mid",2023-07-20,201,"year_2023",2,7,0,0,0,0,0,0,0
"BP","Q","trapnest_50","Mid",2023-07-24,205,"year_2023",2,8,0,0,0,0,0,0,0
"BP","Q","trapnest_50","Mid",2023-07-26,207,"year_2023",1,8,0,0,0,0,0,0,0
"BP","Q","trapnest_50","Mid",2023-07-28,209,"year_2023",0,8,0,0,0,0,0,0,0
"BP","Q","trapnest_50","Mid",2023-07-29,210,"year_2023",0,8,0,0,0,0,0,0,0
"BP","Q","trapnest_50","Mid",2023-08-01,213,"year_2023",2,8,0,0,0,0,0,0,0
"BP","Q","trapnest_50","Mid",2023-08-04,216,"year_2023",2,10,0,0,0,0,0,0,0
"BP","Q","trapnest_50","Mid",2023-08-09,221,"year_2023",4,10,0,0,0,0,0,0,0
"BP","Q","trapnest_51","High",2023-07-03,184,"year_2023",1,7,0,0,0,0,0,0,0
"BP","Q","trapnest_51","High",2023-07-04,185,"year_2023",1,7,1,0,0,0,0,0,0
"BP","Q","trapnest_51","High",2023-07-07,188,"year_2023",3,6,0,1,1,1,0,1,1
"BP","Q","trapnest_51","High",2023-07-10,191,"year_2023",1,6,0,1,1,1,0,1,1
"BP","Q","trapnest_51","High",2023-07-12,193,"year_2023",1,6,0,0,0,0,0,0,0
"BP","Q","trapnest_51","High",2023-07-14,195,"year_2023",1,6,0,0,0,0,0,0,0
"BP","Q","trapnest_51","High",2023-07-17,198,"year_2023",2,5,0,0,0,0,0,0,0
"BP","Q","trapnest_51","High",2023-07-20,201,"year_2023",2,5,0,0,0,0,0,0,0
"BP","Q","trapnest_51","High",2023-07-24,205,"year_2023",2,5,0,0,0,0,0,0,0
"BP","Q","trapnest_51","High",2023-07-26,207,"year_2023",1,6,0,0,0,0,0,0,0
"BP","Q","trapnest_51","High",2023-07-28,209,"year_2023",0,6,0,0,0,0,0,0,0
"BP","Q","trapnest_51","High",2023-07-29,210,"year_2023",0,6,0,0,0,0,0,0,0
"BP","Q","trapnest_51","High",2023-08-01,213,"year_2023",2,6,0,0,0,0,0,0,0
"BP","Q","trapnest_51","High",2023-08-04,216,"year_2023",2,6,0,0,0,0,0,0,0
"BP","Q","trapnest_51","High",2023-08-09,221,"year_2023",4,6,0,0,0,0,0,0,0
"BP","R","trapnest_52","Low",2023-07-03,184,"year_2023",1,18,0,0,0,0,0,0,0
"BP","R","trapnest_52","Low",2023-07-14,195,"year_2023",1,17,0,0,0,0,0,0,0
"BP","R","trapnest_52","Low",2023-07-24,205,"year_2023",2,17,0,0,0,0,0,0,0
"BP","R","trapnest_52","Low",2023-07-26,207,"year_2023",1,17,0,0,0,0,0,0,0
"BP","R","trapnest_52","Low",2023-07-28,209,"year_2023",0,17,0,0,0,0,0,0,0
"BP","R","trapnest_52","Low",2023-07-29,210,"year_2023",0,17,0,0,0,0,0,0,0
"BP","R","trapnest_52","Low",2023-08-01,213,"year_2023",2,17,0,0,0,0,0,0,0
"BP","R","trapnest_52","Low",2023-08-04,216,"year_2023",2,17,0,0,0,0,0,0,0
"BP","R","trapnest_52","Low",2023-08-09,221,"year_2023",4,17,0,0,0,0,0,0,0
"BP","R","trapnest_52","Low",2023-07-04,185,"year_2023",1,17,0,0,0,0,0,0,0
"BP","R","trapnest_52","Low",2023-07-20,201,"year_2023",2,16,0,0,0,0,0,0,0
"BP","R","trapnest_52","Low",2023-07-07,188,"year_2023",3,16,0,0,0,0,0,0,0
"BP","R","trapnest_52","Low",2023-07-10,191,"year_2023",1,16,0,0,0,0,0,0,0
"BP","R","trapnest_52","Low",2023-07-12,193,"year_2023",1,16,0,0,0,0,0,0,0
"BP","R","trapnest_52","Low",2023-07-17,198,"year_2023",2,16,0,0,0,0,0,0,0
"BP","R","trapnest_53","Mid",2023-07-03,184,"year_2023",1,12,0,0,0,0,0,0,0
"BP","R","trapnest_53","Mid",2023-07-04,185,"year_2023",1,10,0,0,0,0,0,0,0
"BP","R","trapnest_53","Mid",2023-07-07,188,"year_2023",3,9,0,0,0,0,0,0,0
"BP","R","trapnest_53","Mid",2023-07-10,191,"year_2023",1,11,0,0,0,0,0,0,0
"BP","R","trapnest_53","Mid",2023-07-12,193,"year_2023",1,11,0,0,0,0,0,0,0
"BP","R","trapnest_53","Mid",2023-07-14,195,"year_2023",1,10,0,0,0,0,0,0,0
"BP","R","trapnest_53","Mid",2023-07-17,198,"year_2023",2,9,0,0,0,0,0,0,0
"BP","R","trapnest_53","Mid",2023-07-20,201,"year_2023",2,11,0,0,0,0,0,0,0
"BP","R","trapnest_53","Mid",2023-07-24,205,"year_2023",2,11,0,0,0,0,0,0,0
"BP","R","trapnest_53","Mid",2023-07-26,207,"year_2023",1,12,0,0,0,0,0,0,0
"BP","R","trapnest_53","Mid",2023-07-28,209,"year_2023",0,12,0,0,0,0,0,0,0
"BP","R","trapnest_53","Mid",2023-07-29,210,"year_2023",0,12,0,0,0,0,0,0,0
"BP","R","trapnest_53","Mid",2023-08-01,213,"year_2023",2,12,0,0,0,0,0,0,0
"BP","R","trapnest_53","Mid",2023-08-04,216,"year_2023",2,12,0,0,0,0,0,0,0
"BP","R","trapnest_53","Mid",2023-08-09,221,"year_2023",4,11,0,0,0,0,0,0,0
"BP","R","trapnest_54","High",2023-07-03,184,"year_2023",1,7,0,0,0,0,0,0,0
"BP","R","trapnest_54","High",2023-07-04,185,"year_2023",1,7,0,0,0,0,0,0,0
"BP","R","trapnest_54","High",2023-07-07,188,"year_2023",3,7,0,0,0,0,0,0,0
"BP","R","trapnest_54","High",2023-07-10,191,"year_2023",1,7,0,0,0,0,0,0,0
"BP","R","trapnest_54","High",2023-07-12,193,"year_2023",1,7,0,0,0,0,0,0,0
"BP","R","trapnest_54","High",2023-07-14,195,"year_2023",1,7,0,0,0,0,0,0,0
"BP","R","trapnest_54","High",2023-07-17,198,"year_2023",2,7,0,0,0,0,0,0,0
"BP","R","trapnest_54","High",2023-07-20,201,"year_2023",2,7,0,0,0,0,0,0,0
"BP","R","trapnest_54","High",2023-07-24,205,"year_2023",2,7,0,0,0,0,0,0,0
"BP","R","trapnest_54","High",2023-07-26,207,"year_2023",1,7,0,0,0,0,0,0,0
"BP","R","trapnest_54","High",2023-07-28,209,"year_2023",0,7,0,0,0,0,0,0,0
"BP","R","trapnest_54","High",2023-07-29,210,"year_2023",0,7,0,0,0,0,0,0,0
"BP","R","trapnest_54","High",2023-08-01,213,"year_2023",2,7,0,0,0,0,0,0,0
"BP","R","trapnest_54","High",2023-08-04,216,"year_2023",2,7,0,0,0,0,0,0,0
"BP","R","trapnest_54","High",2023-08-09,221,"year_2023",4,7,0,0,0,0,0,0,0
"CP","S","trapnest_55","Low",2023-07-04,185,"year_2023",1,18,0,0,0,0,0,0,0
"CP","S","trapnest_55","Low",2023-07-05,186,"year_2023",1,18,0,0,0,0,0,0,0
"CP","S","trapnest_55","Low",2023-07-07,188,"year_2023",2,18,0,0,0,0,0,0,0
"CP","S","trapnest_55","Low",2023-07-10,191,"year_2023",1,18,0,0,0,0,0,0,0
"CP","S","trapnest_55","Low",2023-07-12,193,"year_2023",1,18,0,0,0,0,0,0,0
"CP","S","trapnest_55","Low",2023-07-14,195,"year_2023",1,18,0,0,0,0,0,0,0
"CP","S","trapnest_55","Low",2023-07-17,198,"year_2023",2,18,0,0,0,0,0,0,0
"CP","S","trapnest_55","Low",2023-07-20,201,"year_2023",2,18,0,0,0,0,0,0,0
"CP","S","trapnest_55","Low",2023-07-24,205,"year_2023",2,18,0,0,0,0,0,0,0
"CP","S","trapnest_55","Low",2023-07-26,207,"year_2023",1,18,0,0,0,0,0,0,0
"CP","S","trapnest_55","Low",2023-07-28,209,"year_2023",0,18,0,0,0,0,0,0,0
"CP","S","trapnest_55","Low",2023-07-29,210,"year_2023",0,18,0,0,0,0,0,0,0
"CP","S","trapnest_55","Low",2023-08-01,213,"year_2023",2,18,0,0,0,0,0,0,0
"CP","S","trapnest_55","Low",2023-08-04,216,"year_2023",2,18,0,0,0,0,0,0,0
"CP","S","trapnest_55","Low",2023-08-09,221,"year_2023",4,18,0,0,0,0,0,0,0
"CP","S","trapnest_56","Mid",2023-07-04,185,"year_2023",1,12,0,0,0,0,0,0,0
"CP","S","trapnest_56","Mid",2023-07-05,186,"year_2023",1,12,0,0,0,0,0,0,0
"CP","S","trapnest_56","Mid",2023-07-07,188,"year_2023",2,12,0,0,0,0,0,0,0
"CP","S","trapnest_56","Mid",2023-07-10,191,"year_2023",1,12,0,0,0,0,0,0,0
"CP","S","trapnest_56","Mid",2023-07-12,193,"year_2023",1,12,0,0,0,0,0,0,0
"CP","S","trapnest_56","Mid",2023-07-14,195,"year_2023",1,12,0,0,0,0,0,0,0
"CP","S","trapnest_56","Mid",2023-07-17,198,"year_2023",2,12,0,0,0,0,0,0,0
"CP","S","trapnest_56","Mid",2023-07-20,201,"year_2023",2,12,0,0,0,0,0,0,0
"CP","S","trapnest_56","Mid",2023-07-24,205,"year_2023",2,12,0,0,0,0,0,0,0
"CP","S","trapnest_56","Mid",2023-07-26,207,"year_2023",1,12,0,0,0,0,0,0,0
"CP","S","trapnest_56","Mid",2023-07-28,209,"year_2023",0,12,0,0,0,0,0,0,0
"CP","S","trapnest_56","Mid",2023-07-29,210,"year_2023",0,12,0,0,0,0,0,0,0
"CP","S","trapnest_56","Mid",2023-08-01,213,"year_2023",2,12,0,0,0,0,0,0,0
"CP","S","trapnest_56","Mid",2023-08-04,216,"year_2023",2,12,0,0,0,0,0,0,0
"CP","S","trapnest_56","Mid",2023-08-09,221,"year_2023",4,12,0,0,0,0,0,0,0
"CP","S","trapnest_57","High",2023-07-04,185,"year_2023",1,7,0,0,0,0,0,0,0
"CP","S","trapnest_57","High",2023-07-05,186,"year_2023",1,7,0,0,0,0,0,0,0
"CP","S","trapnest_57","High",2023-07-07,188,"year_2023",2,7,0,0,0,0,0,0,0
"CP","S","trapnest_57","High",2023-07-10,191,"year_2023",1,7,0,0,0,0,0,0,0
"CP","S","trapnest_57","High",2023-07-12,193,"year_2023",1,7,0,0,0,0,0,0,0
"CP","S","trapnest_57","High",2023-07-14,195,"year_2023",1,7,0,0,0,0,0,0,0
"CP","S","trapnest_57","High",2023-07-17,198,"year_2023",2,7,0,0,0,0,0,0,0
"CP","S","trapnest_57","High",2023-07-20,201,"year_2023",2,7,0,0,0,0,0,0,0
"CP","S","trapnest_57","High",2023-07-24,205,"year_2023",2,7,0,0,0,0,0,0,0
"CP","S","trapnest_57","High",2023-07-26,207,"year_2023",1,7,0,0,0,0,0,0,0
"CP","S","trapnest_57","High",2023-07-28,209,"year_2023",0,7,0,0,0,0,0,0,0
"CP","S","trapnest_57","High",2023-07-29,210,"year_2023",0,7,0,0,0,0,0,0,0
"CP","S","trapnest_57","High",2023-08-01,213,"year_2023",2,7,0,0,0,0,0,0,0
"CP","S","trapnest_57","High",2023-08-04,216,"year_2023",2,7,0,0,0,0,0,0,0
"CP","S","trapnest_57","High",2023-08-09,221,"year_2023",4,6,0,0,0,0,0,0,0
"CP","T","trapnest_58","Low",2023-07-04,185,"year_2023",1,18,0,0,0,0,0,0,0
"CP","T","trapnest_58","Low",2023-07-05,186,"year_2023",1,17,0,0,0,0,0,0,0
"CP","T","trapnest_58","Low",2023-07-07,188,"year_2023",2,17,0,0,0,0,0,0,0
"CP","T","trapnest_58","Low",2023-07-10,191,"year_2023",1,18,0,0,0,0,0,0,0
"CP","T","trapnest_58","Low",2023-07-12,193,"year_2023",1,18,0,0,0,0,0,0,0
"CP","T","trapnest_58","Low",2023-07-14,195,"year_2023",1,18,0,0,0,0,0,0,0
"CP","T","trapnest_58","Low",2023-07-17,198,"year_2023",2,18,0,0,0,0,0,0,0
"CP","T","trapnest_58","Low",2023-07-20,201,"year_2023",2,18,0,0,0,0,0,0,0
"CP","T","trapnest_58","Low",2023-07-24,205,"year_2023",2,18,0,0,0,0,0,0,0
"CP","T","trapnest_58","Low",2023-07-26,207,"year_2023",1,18,0,0,0,0,0,0,0
"CP","T","trapnest_58","Low",2023-07-28,209,"year_2023",0,18,0,0,0,0,0,0,0
"CP","T","trapnest_58","Low",2023-07-29,210,"year_2023",0,18,0,0,0,0,0,0,0
"CP","T","trapnest_58","Low",2023-08-01,213,"year_2023",2,18,0,0,0,0,0,0,0
"CP","T","trapnest_58","Low",2023-08-04,216,"year_2023",2,18,0,0,0,0,0,0,0
"CP","T","trapnest_58","Low",2023-08-09,221,"year_2023",4,18,0,0,0,0,0,0,0
"CP","T","trapnest_59","Mid",2023-07-04,185,"year_2023",1,13,0,0,0,0,0,0,0
"CP","T","trapnest_59","Mid",2023-07-05,186,"year_2023",1,13,0,0,0,0,0,0,0
"CP","T","trapnest_59","Mid",2023-07-07,188,"year_2023",2,12,0,0,0,0,0,0,0
"CP","T","trapnest_59","Mid",2023-07-10,191,"year_2023",1,12,0,0,0,0,0,0,0
"CP","T","trapnest_59","Mid",2023-07-12,193,"year_2023",1,13,0,0,0,0,0,0,0
"CP","T","trapnest_59","Mid",2023-07-14,195,"year_2023",1,13,0,0,0,0,0,0,0
"CP","T","trapnest_59","Mid",2023-07-17,198,"year_2023",2,13,0,0,0,0,0,0,0
"CP","T","trapnest_59","Mid",2023-07-20,201,"year_2023",2,13,0,0,0,0,0,0,0
"CP","T","trapnest_59","Mid",2023-07-24,205,"year_2023",2,13,0,0,0,0,0,0,0
"CP","T","trapnest_59","Mid",2023-07-26,207,"year_2023",1,13,0,0,0,0,0,0,0
"CP","T","trapnest_59","Mid",2023-07-28,209,"year_2023",0,13,0,0,0,0,0,0,0
"CP","T","trapnest_59","Mid",2023-07-29,210,"year_2023",0,13,0,0,0,0,0,0,0
"CP","T","trapnest_59","Mid",2023-08-01,213,"year_2023",2,13,0,0,0,0,0,0,0
"CP","T","trapnest_59","Mid",2023-08-04,216,"year_2023",2,13,0,0,0,0,0,0,0
"CP","T","trapnest_59","Mid",2023-08-09,221,"year_2023",4,13,0,0,0,0,0,0,0
"BP","B","trapnest_5","Mid",2023-05-11,131,"year_2023",3,12,0,6,0,0,0,0,6
"BP","B","trapnest_5","Mid",2023-05-12,132,"year_2023",1,12,0,6,0,0,0,0,6
"BP","B","trapnest_5","Mid",2023-05-15,135,"year_2023",3,12,0,6,0,0,0,0,6
"BP","B","trapnest_5","Mid",2023-05-16,136,"year_2023",1,12,0,6,0,0,0,0,6
"BP","B","trapnest_5","Mid",2023-05-17,137,"year_2023",1,12,0,6,0,0,0,0,6
"BP","B","trapnest_5","Mid",2023-05-19,139,"year_2023",2,12,0,6,0,0,0,0,6
"BP","B","trapnest_5","Mid",2023-05-21,141,"year_2023",1,12,0,6,0,0,0,0,6
"BP","B","trapnest_5","Mid",2023-05-22,142,"year_2023",1,12,0,6,0,0,0,0,6
"BP","B","trapnest_5","Mid",2023-05-23,143,"year_2023",1,12,0,6,0,0,0,0,6
"BP","B","trapnest_5","Mid",2023-05-26,146,"year_2023",2,12,0,6,0,0,0,0,6
"BP","B","trapnest_5","Mid",2023-05-28,148,"year_2023",2,12,0,6,0,0,0,0,6
"BP","B","trapnest_5","Mid",2023-05-29,149,"year_2023",1,12,1,6,0,0,0,0,6
"BP","B","trapnest_5","Mid",2023-05-31,151,"year_2023",2,12,0,6,1,1,0,1,6
"BP","B","trapnest_5","Mid",2023-06-02,153,"year_2023",2,12,1,6,1,1,0,1,6
"BP","B","trapnest_5","Mid",2023-06-05,156,"year_2023",1,12,0,6,2,0,0,2,6
"BP","B","trapnest_5","Mid",2023-06-08,159,"year_2023",2,12,0,6,2,0,0,2,6
"BP","B","trapnest_5","Mid",2023-06-10,161,"year_2023",0,12,0,6,2,0,0,2,6
"BP","B","trapnest_5","Mid",2023-06-12,163,"year_2023",1,12,0,6,2,0,0,2,6
"BP","B","trapnest_5","Mid",2023-06-14,165,"year_2023",0,12,0,6,2,0,0,2,6
"BP","B","trapnest_5","Mid",2023-06-16,167,"year_2023",1,12,0,6,2,0,0,2,6
"BP","B","trapnest_5","Mid",2023-06-20,171,"year_2023",3,12,0,6,2,0,0,2,6
"BP","B","trapnest_5","Mid",2023-06-23,174,"year_2023",3,13,0,4,0,0,0,0,4
"BP","B","trapnest_5","Mid",2023-06-29,180,"year_2023",1,10,0,6,0,0,0,0,6
"CP","T","trapnest_60","High",2023-07-04,185,"year_2023",1,7,0,0,0,0,0,0,0
"CP","T","trapnest_60","High",2023-07-05,186,"year_2023",1,7,0,0,0,0,0,0,0
"CP","T","trapnest_60","High",2023-07-07,188,"year_2023",2,7,0,0,0,0,0,0,0
"CP","T","trapnest_60","High",2023-07-10,191,"year_2023",1,7,0,0,0,0,0,0,0
"CP","T","trapnest_60","High",2023-07-12,193,"year_2023",1,7,0,0,0,0,0,0,0
"CP","T","trapnest_60","High",2023-07-14,195,"year_2023",1,7,0,0,0,0,0,0,0
"CP","T","trapnest_60","High",2023-07-17,198,"year_2023",2,7,0,0,0,0,0,0,0
"CP","T","trapnest_60","High",2023-07-20,201,"year_2023",2,7,0,0,0,0,0,0,0
"CP","T","trapnest_60","High",2023-07-24,205,"year_2023",2,7,0,0,0,0,0,0,0
"CP","T","trapnest_60","High",2023-07-26,207,"year_2023",1,7,0,0,0,0,0,0,0
"CP","T","trapnest_60","High",2023-07-28,209,"year_2023",0,7,0,0,0,0,0,0,0
"CP","T","trapnest_60","High",2023-07-29,210,"year_2023",0,7,0,0,0,0,0,0,0
"CP","T","trapnest_60","High",2023-08-01,213,"year_2023",2,7,0,0,0,0,0,0,0
"CP","T","trapnest_60","High",2023-08-04,216,"year_2023",2,7,0,0,0,0,0,0,0
"CP","T","trapnest_60","High",2023-08-09,221,"year_2023",4,7,0,0,0,0,0,0,0
"CP","U","trapnest_61","Low",2023-07-04,185,"year_2023",1,18,0,0,0,0,0,0,0
"CP","U","trapnest_61","Low",2023-07-05,186,"year_2023",1,18,0,0,0,0,0,0,0
"CP","U","trapnest_61","Low",2023-07-07,188,"year_2023",2,18,0,0,0,0,0,0,0
"CP","U","trapnest_61","Low",2023-07-10,191,"year_2023",1,18,0,0,0,0,0,0,0
"CP","U","trapnest_61","Low",2023-07-12,193,"year_2023",1,18,0,0,0,0,0,0,0
"CP","U","trapnest_61","Low",2023-07-14,195,"year_2023",1,18,0,0,0,0,0,0,0
"CP","U","trapnest_61","Low",2023-07-17,198,"year_2023",2,18,0,0,0,0,0,0,0
"CP","U","trapnest_61","Low",2023-07-20,201,"year_2023",2,18,0,0,0,0,0,0,0
"CP","U","trapnest_61","Low",2023-07-24,205,"year_2023",2,18,0,0,0,0,0,0,0
"CP","U","trapnest_61","Low",2023-07-26,207,"year_2023",1,18,0,0,0,0,0,0,0
"CP","U","trapnest_61","Low",2023-07-28,209,"year_2023",0,18,0,0,0,0,0,0,0
"CP","U","trapnest_61","Low",2023-07-29,210,"year_2023",0,18,0,0,0,0,0,0,0
"CP","U","trapnest_61","Low",2023-08-01,213,"year_2023",2,18,0,0,0,0,0,0,0
"CP","U","trapnest_61","Low",2023-08-04,216,"year_2023",2,18,0,0,0,0,0,0,0
"CP","U","trapnest_61","Low",2023-08-09,221,"year_2023",4,18,0,0,0,0,0,0,0
"CP","U","trapnest_62","Mid",2023-07-04,185,"year_2023",1,12,0,0,0,0,0,0,0
"CP","U","trapnest_62","Mid",2023-07-05,186,"year_2023",1,12,1,0,0,0,0,0,0
"CP","U","trapnest_62","Mid",2023-07-07,188,"year_2023",2,11,0,1,1,1,0,1,1
"CP","U","trapnest_62","Mid",2023-07-10,191,"year_2023",1,11,0,1,1,1,0,1,1
"CP","U","trapnest_62","Mid",2023-07-12,193,"year_2023",1,10,0,1,1,1,0,1,1
"CP","U","trapnest_62","Mid",2023-07-14,195,"year_2023",1,10,0,1,1,0,0,1,1
"CP","U","trapnest_62","Mid",2023-07-17,198,"year_2023",2,11,0,0,0,0,0,0,0
"CP","U","trapnest_62","Mid",2023-07-20,201,"year_2023",2,10,0,0,0,0,0,0,0
"CP","U","trapnest_62","Mid",2023-07-24,205,"year_2023",2,8,0,0,0,0,0,0,0
"CP","U","trapnest_62","Mid",2023-07-26,207,"year_2023",1,10,0,0,0,0,0,0,0
"CP","U","trapnest_62","Mid",2023-07-28,209,"year_2023",0,11,0,0,0,0,0,0,0
"CP","U","trapnest_62","Mid",2023-07-29,210,"year_2023",0,11,0,0,0,0,0,0,0
"CP","U","trapnest_62","Mid",2023-08-01,213,"year_2023",2,10,0,0,0,0,0,0,0
"CP","U","trapnest_62","Mid",2023-08-04,216,"year_2023",2,10,0,0,0,0,0,0,0
"CP","U","trapnest_62","Mid",2023-08-09,221,"year_2023",4,8,0,0,0,0,0,0,0
"CP","U","trapnest_63","High",2023-07-04,185,"year_2023",1,7,0,0,0,0,0,0,0
"CP","U","trapnest_63","High",2023-07-05,186,"year_2023",1,7,0,0,0,0,0,0,0
"CP","U","trapnest_63","High",2023-07-07,188,"year_2023",2,7,0,0,0,0,0,0,0
"CP","U","trapnest_63","High",2023-07-10,191,"year_2023",1,7,0,0,0,0,0,0,0
"CP","U","trapnest_63","High",2023-07-12,193,"year_2023",1,7,0,0,0,0,0,0,0
"CP","U","trapnest_63","High",2023-07-14,195,"year_2023",1,7,0,0,0,0,0,0,0
"CP","U","trapnest_63","High",2023-07-26,207,"year_2023",1,6,0,0,0,0,0,0,0
"CP","U","trapnest_63","High",2023-07-28,209,"year_2023",0,6,0,0,0,0,0,0,0
"CP","U","trapnest_63","High",2023-07-29,210,"year_2023",0,6,0,0,0,0,0,0,0
"CP","U","trapnest_63","High",2023-08-01,213,"year_2023",2,6,0,0,0,0,0,0,0
"CP","U","trapnest_63","High",2023-08-04,216,"year_2023",2,6,0,0,0,0,0,0,0
"CP","U","trapnest_63","High",2023-08-09,221,"year_2023",4,7,0,0,0,0,0,0,0
"CP","U","trapnest_63","High",2023-07-17,198,"year_2023",2,6,0,0,0,0,0,0,0
"CP","U","trapnest_63","High",2023-07-20,201,"year_2023",2,6,0,0,0,0,0,0,0
"CP","U","trapnest_63","High",2023-07-24,205,"year_2023",2,5,0,0,0,0,0,0,0
"CP","V","trapnest_64","Low",2023-07-04,185,"year_2023",1,18,0,0,0,0,0,0,0
"CP","V","trapnest_64","Low",2023-07-05,186,"year_2023",1,17,0,0,0,0,0,0,0
"CP","V","trapnest_64","Low",2023-07-07,188,"year_2023",2,16,0,0,0,0,0,0,0
"CP","V","trapnest_64","Low",2023-07-10,191,"year_2023",1,16,0,0,0,0,0,0,0
"CP","V","trapnest_64","Low",2023-07-12,193,"year_2023",1,15,0,0,0,0,0,0,0
"CP","V","trapnest_64","Low",2023-07-14,195,"year_2023",1,16,0,0,0,0,0,0,0
"CP","V","trapnest_64","Low",2023-07-17,198,"year_2023",2,16,0,0,0,0,0,0,0
"CP","V","trapnest_64","Low",2023-07-20,201,"year_2023",2,16,0,0,0,0,0,0,0
"CP","V","trapnest_64","Low",2023-07-24,205,"year_2023",2,16,0,0,0,0,0,0,0
"CP","V","trapnest_64","Low",2023-07-26,207,"year_2023",1,16,0,0,0,0,0,0,0
"CP","V","trapnest_64","Low",2023-07-28,209,"year_2023",0,18,0,0,0,0,0,0,0
"CP","V","trapnest_64","Low",2023-07-29,210,"year_2023",0,18,0,0,0,0,0,0,0
"CP","V","trapnest_64","Low",2023-08-01,213,"year_2023",2,18,0,0,0,0,0,0,0
"CP","V","trapnest_64","Low",2023-08-04,216,"year_2023",2,18,0,0,0,0,0,0,0
"CP","V","trapnest_64","Low",2023-08-09,221,"year_2023",4,18,0,0,0,0,0,0,0
"CP","V","trapnest_65","Mid",2023-07-04,185,"year_2023",1,12,0,0,0,0,0,0,0
"CP","V","trapnest_65","Mid",2023-07-05,186,"year_2023",1,12,0,0,0,0,0,0,0
"CP","V","trapnest_65","Mid",2023-07-07,188,"year_2023",2,12,0,0,0,0,0,0,0
"CP","V","trapnest_65","Mid",2023-07-10,191,"year_2023",1,12,0,0,0,0,0,0,0
"CP","V","trapnest_65","Mid",2023-07-12,193,"year_2023",1,12,0,0,0,0,0,0,0
"CP","V","trapnest_65","Mid",2023-07-14,195,"year_2023",1,12,0,0,0,0,0,0,0
"CP","V","trapnest_65","Mid",2023-07-17,198,"year_2023",2,12,0,0,0,0,0,0,0
"CP","V","trapnest_65","Mid",2023-07-20,201,"year_2023",2,12,0,0,0,0,0,0,0
"CP","V","trapnest_65","Mid",2023-07-24,205,"year_2023",2,12,0,0,0,0,0,0,0
"CP","V","trapnest_65","Mid",2023-07-26,207,"year_2023",1,12,0,0,0,0,0,0,0
"CP","V","trapnest_65","Mid",2023-07-28,209,"year_2023",0,12,0,0,0,0,0,0,0
"CP","V","trapnest_65","Mid",2023-07-29,210,"year_2023",0,12,0,0,0,0,0,0,0
"CP","V","trapnest_65","Mid",2023-08-01,213,"year_2023",2,12,0,0,0,0,0,0,0
"CP","V","trapnest_65","Mid",2023-08-04,216,"year_2023",2,12,0,0,0,0,0,0,0
"CP","V","trapnest_65","Mid",2023-08-09,221,"year_2023",4,12,0,0,0,0,0,0,0
"CP","V","trapnest_66","High",2023-07-04,185,"year_2023",1,7,0,0,0,0,0,0,0
"CP","V","trapnest_66","High",2023-07-05,186,"year_2023",1,6,0,0,0,0,0,0,0
"CP","V","trapnest_66","High",2023-07-07,188,"year_2023",2,6,0,0,0,0,0,0,0
"CP","V","trapnest_66","High",2023-07-10,191,"year_2023",1,5,0,0,0,0,0,0,0
"CP","V","trapnest_66","High",2023-07-12,193,"year_2023",1,6,0,0,0,0,0,0,0
"CP","V","trapnest_66","High",2023-07-14,195,"year_2023",1,6,0,0,0,0,0,0,0
"CP","V","trapnest_66","High",2023-07-17,198,"year_2023",2,6,0,0,0,0,0,0,0
"CP","V","trapnest_66","High",2023-07-20,201,"year_2023",2,6,0,0,0,0,0,0,0
"CP","V","trapnest_66","High",2023-07-24,205,"year_2023",2,6,0,0,0,0,0,0,0
"CP","V","trapnest_66","High",2023-07-26,207,"year_2023",1,6,0,0,0,0,0,0,0
"CP","V","trapnest_66","High",2023-07-28,209,"year_2023",0,5,0,0,0,0,0,0,0
"CP","V","trapnest_66","High",2023-07-29,210,"year_2023",0,6,0,0,0,0,0,0,0
"CP","V","trapnest_66","High",2023-08-01,213,"year_2023",2,6,0,0,0,0,0,0,0
"CP","V","trapnest_66","High",2023-08-04,216,"year_2023",2,5,0,0,0,0,0,0,0
"CP","V","trapnest_66","High",2023-08-09,221,"year_2023",4,6,0,0,0,0,0,0,0
"CP","W","trapnest_67","Low",2023-07-04,185,"year_2023",1,18,0,0,0,0,0,0,0
"CP","W","trapnest_67","Low",2023-07-05,186,"year_2023",1,18,0,0,0,0,0,0,0
"CP","W","trapnest_67","Low",2023-07-07,188,"year_2023",2,17,0,0,0,0,0,0,0
"CP","W","trapnest_67","Low",2023-07-10,191,"year_2023",1,17,0,0,0,0,0,0,0
"CP","W","trapnest_67","Low",2023-07-12,193,"year_2023",1,17,0,0,0,0,0,0,0
"CP","W","trapnest_67","Low",2023-07-14,195,"year_2023",1,17,0,0,0,0,0,0,0
"CP","W","trapnest_67","Low",2023-07-17,198,"year_2023",2,17,0,0,0,0,0,0,0
"CP","W","trapnest_67","Low",2023-07-20,201,"year_2023",2,17,0,0,0,0,0,0,0
"CP","W","trapnest_67","Low",2023-07-24,205,"year_2023",2,18,0,0,0,0,0,0,0
"CP","W","trapnest_67","Low",2023-07-26,207,"year_2023",1,18,0,0,0,0,0,0,0
"CP","W","trapnest_67","Low",2023-07-28,209,"year_2023",0,18,0,0,0,0,0,0,0
"CP","W","trapnest_67","Low",2023-07-29,210,"year_2023",0,18,0,0,0,0,0,0,0
"CP","W","trapnest_67","Low",2023-08-01,213,"year_2023",2,18,0,0,0,0,0,0,0
"CP","W","trapnest_67","Low",2023-08-04,216,"year_2023",2,18,0,0,0,0,0,0,0
"CP","W","trapnest_67","Low",2023-08-09,221,"year_2023",4,18,0,0,0,0,0,0,0
"CP","W","trapnest_68","Mid",2023-07-04,185,"year_2023",1,12,0,0,0,0,0,0,0
"CP","W","trapnest_68","Mid",2023-07-05,186,"year_2023",1,12,0,0,0,0,0,0,0
"CP","W","trapnest_68","Mid",2023-07-07,188,"year_2023",2,12,0,0,0,0,0,0,0
"CP","W","trapnest_68","Mid",2023-07-10,191,"year_2023",1,12,0,0,0,0,0,0,0
"CP","W","trapnest_68","Mid",2023-07-12,193,"year_2023",1,12,0,0,0,0,0,0,0
"CP","W","trapnest_68","Mid",2023-07-14,195,"year_2023",1,12,0,0,0,0,0,0,0
"CP","W","trapnest_68","Mid",2023-07-17,198,"year_2023",2,12,0,0,0,0,0,0,0
"CP","W","trapnest_68","Mid",2023-07-20,201,"year_2023",2,12,0,0,0,0,0,0,0
"CP","W","trapnest_68","Mid",2023-07-24,205,"year_2023",2,12,0,0,0,0,0,0,0
"CP","W","trapnest_68","Mid",2023-07-26,207,"year_2023",1,12,0,0,0,0,0,0,0
"CP","W","trapnest_68","Mid",2023-07-28,209,"year_2023",0,12,0,0,0,0,0,0,0
"CP","W","trapnest_68","Mid",2023-07-29,210,"year_2023",0,12,0,0,0,0,0,0,0
"CP","W","trapnest_68","Mid",2023-08-01,213,"year_2023",2,12,0,0,0,0,0,0,0
"CP","W","trapnest_68","Mid",2023-08-04,216,"year_2023",2,12,0,0,0,0,0,0,0
"CP","W","trapnest_68","Mid",2023-08-09,221,"year_2023",4,12,0,0,0,0,0,0,0
"CP","W","trapnest_69","High",2023-07-04,185,"year_2023",1,7,0,0,0,0,0,0,0
"CP","W","trapnest_69","High",2023-07-05,186,"year_2023",1,7,0,0,0,0,0,0,0
"CP","W","trapnest_69","High",2023-07-07,188,"year_2023",2,7,0,0,0,0,0,0,0
"CP","W","trapnest_69","High",2023-07-10,191,"year_2023",1,7,0,0,0,0,0,0,0
"CP","W","trapnest_69","High",2023-07-12,193,"year_2023",1,7,0,0,0,0,0,0,0
"CP","W","trapnest_69","High",2023-07-14,195,"year_2023",1,7,0,0,0,0,0,0,0
"CP","W","trapnest_69","High",2023-07-17,198,"year_2023",2,7,0,0,0,0,0,0,0
"CP","W","trapnest_69","High",2023-07-20,201,"year_2023",2,7,0,0,0,0,0,0,0
"CP","W","trapnest_69","High",2023-07-24,205,"year_2023",2,7,0,0,0,0,0,0,0
"CP","W","trapnest_69","High",2023-07-26,207,"year_2023",1,7,0,0,0,0,0,0,0
"CP","W","trapnest_69","High",2023-07-28,209,"year_2023",0,7,0,0,0,0,0,0,0
"CP","W","trapnest_69","High",2023-07-29,210,"year_2023",0,7,0,0,0,0,0,0,0
"CP","W","trapnest_69","High",2023-08-01,213,"year_2023",2,7,0,0,0,0,0,0,0
"CP","W","trapnest_69","High",2023-08-04,216,"year_2023",2,7,0,0,0,0,0,0,0
"CP","W","trapnest_69","High",2023-08-09,221,"year_2023",4,7,0,0,0,0,0,0,0
"BP","B","trapnest_6","High",2023-06-02,153,"year_2023",2,8,0,10,4,3,1,3,9
"BP","B","trapnest_6","High",2023-06-05,156,"year_2023",1,7,1,11,4,3,0,4,11
"BP","B","trapnest_6","High",2023-06-08,159,"year_2023",2,7,0,11,5,2,0,5,11
"BP","B","trapnest_6","High",2023-06-10,161,"year_2023",0,7,0,11,5,2,0,5,11
"BP","B","trapnest_6","High",2023-06-12,163,"year_2023",1,7,0,11,5,1,0,5,11
"BP","B","trapnest_6","High",2023-06-14,165,"year_2023",0,7,0,11,5,1,0,5,11
"BP","B","trapnest_6","High",2023-06-16,167,"year_2023",1,7,0,11,5,1,0,5,11
"BP","B","trapnest_6","High",2023-06-20,171,"year_2023",3,6,0,11,5,0,0,5,11
"BP","B","trapnest_6","High",2023-06-23,174,"year_2023",3,6,0,11,5,0,0,5,11
"BP","B","trapnest_6","High",2023-06-29,180,"year_2023",1,6,0,11,5,0,0,5,11
"BP","B","trapnest_6","High",2023-05-11,131,"year_2023",3,7,0,11,0,0,0,0,10
"BP","B","trapnest_6","High",2023-05-12,132,"year_2023",1,7,0,11,0,0,0,0,10
"BP","B","trapnest_6","High",2023-05-15,135,"year_2023",3,7,0,11,0,0,0,0,10
"BP","B","trapnest_6","High",2023-05-16,136,"year_2023",1,7,0,11,0,0,0,0,10
"BP","B","trapnest_6","High",2023-05-17,137,"year_2023",1,7,0,11,0,0,0,0,10
"BP","B","trapnest_6","High",2023-05-19,139,"year_2023",2,7,0,11,0,0,0,0,10
"BP","B","trapnest_6","High",2023-05-21,141,"year_2023",1,7,0,11,0,0,0,0,10
"BP","B","trapnest_6","High",2023-05-22,142,"year_2023",1,7,0,11,0,0,0,0,10
"BP","B","trapnest_6","High",2023-05-23,143,"year_2023",1,7,0,11,0,0,0,0,10
"BP","B","trapnest_6","High",2023-05-26,146,"year_2023",2,7,0,11,0,0,0,0,10
"BP","B","trapnest_6","High",2023-05-28,148,"year_2023",2,7,0,11,0,0,0,0,10
"BP","B","trapnest_6","High",2023-05-29,149,"year_2023",1,7,1,11,0,0,0,0,10
"BP","B","trapnest_6","High",2023-05-31,151,"year_2023",2,7,3,12,2,2,0,2.5,11.5
"CP","X","trapnest_70","Low",2023-07-04,185,"year_2023",1,18,0,0,0,0,0,0,0
"CP","X","trapnest_70","Low",2023-07-05,186,"year_2023",1,17,0,0,0,0,0,0,0
"CP","X","trapnest_70","Low",2023-07-07,188,"year_2023",2,17,0,0,0,0,0,0,0
"CP","X","trapnest_70","Low",2023-07-10,191,"year_2023",1,17,0,0,0,0,0,0,0
"CP","X","trapnest_70","Low",2023-07-12,193,"year_2023",1,17,0,0,0,0,0,0,0
"CP","X","trapnest_70","Low",2023-07-14,195,"year_2023",1,18,0,0,0,0,0,0,0
"CP","X","trapnest_70","Low",2023-07-17,198,"year_2023",2,18,0,0,0,0,0,0,0
"CP","X","trapnest_70","Low",2023-07-20,201,"year_2023",2,18,0,0,0,0,0,0,0
"CP","X","trapnest_70","Low",2023-07-24,205,"year_2023",2,18,0,0,0,0,0,0,0
"CP","X","trapnest_70","Low",2023-07-26,207,"year_2023",1,18,0,0,0,0,0,0,0
"CP","X","trapnest_70","Low",2023-07-28,209,"year_2023",0,18,0,0,0,0,0,0,0
"CP","X","trapnest_70","Low",2023-07-29,210,"year_2023",0,18,0,0,0,0,0,0,0
"CP","X","trapnest_70","Low",2023-08-01,213,"year_2023",2,18,0,0,0,0,0,0,0
"CP","X","trapnest_70","Low",2023-08-04,216,"year_2023",2,18,0,0,0,0,0,0,0
"CP","X","trapnest_70","Low",2023-08-09,221,"year_2023",4,18,0,0,0,0,0,0,0
"CP","X","trapnest_71","Mid",2023-07-04,185,"year_2023",1,12,0,0,0,0,0,0,0
"CP","X","trapnest_71","Mid",2023-07-05,186,"year_2023",1,12,0,0,0,0,0,0,0
"CP","X","trapnest_71","Mid",2023-07-07,188,"year_2023",2,12,0,0,0,0,0,0,0
"CP","X","trapnest_71","Mid",2023-07-10,191,"year_2023",1,12,0,0,0,0,0,0,0
"CP","X","trapnest_71","Mid",2023-07-12,193,"year_2023",1,12,0,0,0,0,0,0,0
"CP","X","trapnest_71","Mid",2023-07-14,195,"year_2023",1,12,0,0,0,0,0,0,0
"CP","X","trapnest_71","Mid",2023-07-17,198,"year_2023",2,12,0,0,0,0,0,0,0
"CP","X","trapnest_71","Mid",2023-07-20,201,"year_2023",2,12,0,0,0,0,0,0,0
"CP","X","trapnest_71","Mid",2023-07-24,205,"year_2023",2,12,0,0,0,0,0,0,0
"CP","X","trapnest_71","Mid",2023-07-26,207,"year_2023",1,12,0,0,0,0,0,0,0
"CP","X","trapnest_71","Mid",2023-07-28,209,"year_2023",0,12,0,0,0,0,0,0,0
"CP","X","trapnest_71","Mid",2023-07-29,210,"year_2023",0,12,0,0,0,0,0,0,0
"CP","X","trapnest_71","Mid",2023-08-01,213,"year_2023",2,12,0,0,0,0,0,0,0
"CP","X","trapnest_71","Mid",2023-08-04,216,"year_2023",2,12,0,0,0,0,0,0,0
"CP","X","trapnest_71","Mid",2023-08-09,221,"year_2023",4,12,0,0,0,0,0,0,0
"CP","X","trapnest_72","High",2023-07-04,185,"year_2023",1,7,0,0,0,0,0,0,0
"CP","X","trapnest_72","High",2023-07-05,186,"year_2023",1,7,0,0,0,0,0,0,0
"CP","X","trapnest_72","High",2023-07-07,188,"year_2023",2,7,0,0,0,0,0,0,0
"CP","X","trapnest_72","High",2023-07-10,191,"year_2023",1,7,0,0,0,0,0,0,0
"CP","X","trapnest_72","High",2023-07-12,193,"year_2023",1,7,0,0,0,0,0,0,0
"CP","X","trapnest_72","High",2023-07-14,195,"year_2023",1,7,0,0,0,0,0,0,0
"CP","X","trapnest_72","High",2023-07-17,198,"year_2023",2,7,0,0,0,0,0,0,0
"CP","X","trapnest_72","High",2023-07-20,201,"year_2023",2,7,0,0,0,0,0,0,0
"CP","X","trapnest_72","High",2023-07-24,205,"year_2023",2,7,0,0,0,0,0,0,0
"CP","X","trapnest_72","High",2023-07-26,207,"year_2023",1,7,0,0,0,0,0,0,0
"CP","X","trapnest_72","High",2023-07-28,209,"year_2023",0,7,0,0,0,0,0,0,0
"CP","X","trapnest_72","High",2023-07-29,210,"year_2023",0,7,0,0,0,0,0,0,0
"CP","X","trapnest_72","High",2023-08-01,213,"year_2023",2,7,0,0,0,0,0,0,0
"CP","X","trapnest_72","High",2023-08-04,216,"year_2023",2,7,0,0,0,0,0,0,0
"CP","X","trapnest_72","High",2023-08-09,221,"year_2023",4,7,0,0,0,0,0,0,0
"BP","AA","trapnest_73","Low",2024-06-05,157,"year_2024",2,18,0,0,0,0,0,0,0
"BP","AA","trapnest_73","Low",2024-06-11,163,"year_2024",1,18,0,0,0,0,0,0,0
"BP","AA","trapnest_73","Low",2024-06-14,166,"year_2024",1,18,0,0,0,0,0,0,0
"BP","AA","trapnest_73","Low",2024-06-17,169,"year_2024",3,18,0,0,0,0,0,0,0
"BP","AA","trapnest_73","Low",2024-06-21,173,"year_2024",4,18,0,0,0,0,0,0,0
"BP","AA","trapnest_73","Low",2024-06-25,177,"year_2024",1,17,0,0,0,0,0,0,0
"BP","AA","trapnest_73","Low",2024-06-28,180,"year_2024",3,17,0,0,0,0,0,0,0
"BP","AA","trapnest_73","Low",2024-07-02,184,"year_2024",3,16,0,0,0,0,0,0,0
"BP","AA","trapnest_73","Low",2024-07-05,187,"year_2024",3,16,0,0,0,0,0,0,0
"BP","AA","trapnest_73","Low",2024-07-08,190,"year_2024",2,16,0,0,0,0,0,0,0
"BP","AA","trapnest_73","Low",2024-07-13,195,"year_2024",2,16,0,0,0,0,0,0,0
"BP","AA","trapnest_73","Low",2024-07-16,198,"year_2024",3,16,0,0,0,0,0,0,0
"BP","AA","trapnest_73","Low",2024-07-19,201,"year_2024",2,17,0,0,0,0,0,0,0
"BP","AA","trapnest_73","Low",2024-07-22,204,"year_2024",3,16,0,0,0,0,0,0,0
"BP","AA","trapnest_73","Low",2024-07-26,208,"year_2024",2,17,0,0,0,0,0,0,0
"BP","AA","trapnest_73","Low",2024-07-29,211,"year_2024",3,16,0,0,0,0,0,0,0
"BP","AA","trapnest_73","Low",2024-08-02,215,"year_2024",3,16,0,0,0,0,0,0,0
"BP","AA","trapnest_73","Low",2024-08-06,219,"year_2024",3,17,0,0,0,0,0,0,0
"BP","AA","trapnest_73","Low",2024-08-08,221,"year_2024",0,17,0,0,0,0,0,0,0
"BP","AA","trapnest_73","Low",2024-08-12,225,"year_2024",3,17,0,0,0,0,0,0,0
"BP","AA","trapnest_74","Mid",2024-06-05,157,"year_2024",2,12,0,0,0,0,0,0,0
"BP","AA","trapnest_74","Mid",2024-06-11,163,"year_2024",1,12,0,0,0,0,0,0,0
"BP","AA","trapnest_74","Mid",2024-06-14,166,"year_2024",1,12,0,0,0,0,0,0,0
"BP","AA","trapnest_74","Mid",2024-06-17,169,"year_2024",3,12,0,0,0,0,0,0,0
"BP","AA","trapnest_74","Mid",2024-06-21,173,"year_2024",4,12,0,0,0,0,0,0,0
"BP","AA","trapnest_74","Mid",2024-06-25,177,"year_2024",1,12,0,0,0,0,0,0,0
"BP","AA","trapnest_74","Mid",2024-06-28,180,"year_2024",3,12,0,0,0,0,0,0,0
"BP","AA","trapnest_74","Mid",2024-07-02,184,"year_2024",3,12,0,0,0,0,0,0,0
"BP","AA","trapnest_74","Mid",2024-07-05,187,"year_2024",3,12,0,0,0,0,0,0,0
"BP","AA","trapnest_74","Mid",2024-07-08,190,"year_2024",2,12,0,0,0,0,0,0,0
"BP","AA","trapnest_74","Mid",2024-07-13,195,"year_2024",2,12,0,0,0,0,0,0,0
"BP","AA","trapnest_74","Mid",2024-07-16,198,"year_2024",3,12,0,0,0,0,0,0,0
"BP","AA","trapnest_74","Mid",2024-07-19,201,"year_2024",2,12,0,0,0,0,0,0,0
"BP","AA","trapnest_74","Mid",2024-07-22,204,"year_2024",3,12,0,0,0,0,0,0,0
"BP","AA","trapnest_74","Mid",2024-07-26,208,"year_2024",2,12,0,0,0,0,0,0,0
"BP","AA","trapnest_74","Mid",2024-07-29,211,"year_2024",3,12,0,0,0,0,0,0,0
"BP","AA","trapnest_74","Mid",2024-08-02,215,"year_2024",3,12,0,0,0,0,0,0,0
"BP","AA","trapnest_74","Mid",2024-08-06,219,"year_2024",3,12,0,0,0,0,0,0,0
"BP","AA","trapnest_74","Mid",2024-08-08,221,"year_2024",0,12,0,0,0,0,0,0,0
"BP","AA","trapnest_74","Mid",2024-08-12,225,"year_2024",3,12,0,0,0,0,0,0,0
"BP","AA","trapnest_75","High",2024-06-05,157,"year_2024",2,7,0,0,0,0,0,0,0
"BP","AA","trapnest_75","High",2024-06-11,163,"year_2024",1,7,0,0,0,0,0,0,0
"BP","AA","trapnest_75","High",2024-06-25,177,"year_2024",1,7,0,0,0,0,0,0,0
"BP","AA","trapnest_75","High",2024-06-28,180,"year_2024",3,7,0,0,0,0,0,0,0
"BP","AA","trapnest_75","High",2024-07-02,184,"year_2024",3,7,0,0,0,0,0,0,0
"BP","AA","trapnest_75","High",2024-07-05,187,"year_2024",3,7,0,0,0,0,0,0,0
"BP","AA","trapnest_75","High",2024-07-08,190,"year_2024",2,7,0,0,0,0,0,0,0
"BP","AA","trapnest_75","High",2024-07-13,195,"year_2024",2,7,0,0,0,0,0,0,0
"BP","AA","trapnest_75","High",2024-07-16,198,"year_2024",3,7,0,0,0,0,0,0,0
"BP","AA","trapnest_75","High",2024-07-19,201,"year_2024",2,7,0,0,0,0,0,0,0
"BP","AA","trapnest_75","High",2024-07-22,204,"year_2024",3,7,0,0,0,0,0,0,0
"BP","AA","trapnest_75","High",2024-07-26,208,"year_2024",2,7,0,0,0,0,0,0,0
"BP","AA","trapnest_75","High",2024-06-14,166,"year_2024",1,6,0,0,0,0,0,0,0
"BP","AA","trapnest_75","High",2024-06-17,169,"year_2024",3,6,0,0,0,0,0,0,0
"BP","AA","trapnest_75","High",2024-06-21,173,"year_2024",4,6,0,0,0,0,0,0,0
"BP","AA","trapnest_75","High",2024-07-29,211,"year_2024",3,6,0,0,0,0,0,0,0
"BP","AA","trapnest_75","High",2024-08-02,215,"year_2024",3,6,0,0,0,0,0,0,0
"BP","AA","trapnest_75","High",2024-08-06,219,"year_2024",3,6,0,0,0,0,0,0,0
"BP","AA","trapnest_75","High",2024-08-08,221,"year_2024",0,6,0,0,0,0,0,0,0
"BP","AA","trapnest_75","High",2024-08-12,225,"year_2024",3,6,0,0,0,0,0,0,0
"BP","AB","trapnest_76","Low",2024-06-05,157,"year_2024",2,18,0,0,0,0,0,0,0
"BP","AB","trapnest_76","Low",2024-06-11,163,"year_2024",1,18,0,0,0,0,0,0,0
"BP","AB","trapnest_76","Low",2024-06-14,166,"year_2024",1,18,0,0,0,0,0,0,0
"BP","AB","trapnest_76","Low",2024-06-17,169,"year_2024",3,18,0,0,0,0,0,0,0
"BP","AB","trapnest_76","Low",2024-06-21,173,"year_2024",4,18,0,0,0,0,0,0,0
"BP","AB","trapnest_76","Low",2024-06-25,177,"year_2024",1,18,0,0,0,0,0,0,0
"BP","AB","trapnest_76","Low",2024-06-28,180,"year_2024",3,18,0,0,0,0,0,0,0
"BP","AB","trapnest_76","Low",2024-07-02,184,"year_2024",3,18,0,0,0,0,0,0,0
"BP","AB","trapnest_76","Low",2024-07-05,187,"year_2024",3,17,0,0,0,0,0,0,0
"BP","AB","trapnest_76","Low",2024-07-08,190,"year_2024",2,17,0,0,0,0,0,0,0
"BP","AB","trapnest_76","Low",2024-07-13,195,"year_2024",2,17,0,0,0,0,0,0,0
"BP","AB","trapnest_76","Low",2024-07-16,198,"year_2024",3,17,0,0,0,0,0,0,0
"BP","AB","trapnest_76","Low",2024-07-19,201,"year_2024",2,17,0,0,0,0,0,0,0
"BP","AB","trapnest_76","Low",2024-07-22,204,"year_2024",3,17,0,0,0,0,0,0,0
"BP","AB","trapnest_76","Low",2024-07-26,208,"year_2024",2,17,0,0,0,0,0,0,0
"BP","AB","trapnest_76","Low",2024-07-29,211,"year_2024",3,17,0,0,0,0,0,0,0
"BP","AB","trapnest_76","Low",2024-08-02,215,"year_2024",3,18,0,0,0,0,0,0,0
"BP","AB","trapnest_76","Low",2024-08-06,219,"year_2024",3,18,0,0,0,0,0,0,0
"BP","AB","trapnest_76","Low",2024-08-08,221,"year_2024",0,18,0,0,0,0,0,0,0
"BP","AB","trapnest_76","Low",2024-08-12,225,"year_2024",3,18,0,0,0,0,0,0,0
"BP","AB","trapnest_77","Mid",2024-06-05,157,"year_2024",2,12,1,0,0,0,0,0,0
"BP","AB","trapnest_77","Mid",2024-06-11,163,"year_2024",1,11,0,1,1,1,0,1,1
"BP","AB","trapnest_77","Mid",2024-06-14,166,"year_2024",1,11,0,1,1,1,0,1,1
"BP","AB","trapnest_77","Mid",2024-06-17,169,"year_2024",3,11,0,1,1,1,0,1,1
"BP","AB","trapnest_77","Mid",2024-06-21,173,"year_2024",4,11,0,1,1,1,0,1,1
"BP","AB","trapnest_77","Mid",2024-06-25,177,"year_2024",1,12,0,0,0,0,0,0,0
"BP","AB","trapnest_77","Mid",2024-06-28,180,"year_2024",3,12,0,0,0,0,0,0,0
"BP","AB","trapnest_77","Mid",2024-07-02,184,"year_2024",3,12,0,0,0,0,0,0,0
"BP","AB","trapnest_77","Mid",2024-07-05,187,"year_2024",3,12,0,0,0,0,0,0,0
"BP","AB","trapnest_77","Mid",2024-07-08,190,"year_2024",2,12,0,0,0,0,0,0,0
"BP","AB","trapnest_77","Mid",2024-07-13,195,"year_2024",2,12,0,0,0,0,0,0,0
"BP","AB","trapnest_77","Mid",2024-07-16,198,"year_2024",3,12,0,0,0,0,0,0,0
"BP","AB","trapnest_77","Mid",2024-07-19,201,"year_2024",2,12,0,0,0,0,0,0,0
"BP","AB","trapnest_77","Mid",2024-07-22,204,"year_2024",3,12,0,0,0,0,0,0,0
"BP","AB","trapnest_77","Mid",2024-07-26,208,"year_2024",2,12,0,0,0,0,0,0,0
"BP","AB","trapnest_77","Mid",2024-07-29,211,"year_2024",3,12,0,0,0,0,0,0,0
"BP","AB","trapnest_77","Mid",2024-08-02,215,"year_2024",3,12,0,0,0,0,0,0,0
"BP","AB","trapnest_77","Mid",2024-08-06,219,"year_2024",3,12,0,0,0,0,0,0,0
"BP","AB","trapnest_77","Mid",2024-08-08,221,"year_2024",0,12,0,0,0,0,0,0,0
"BP","AB","trapnest_77","Mid",2024-08-12,225,"year_2024",3,12,0,0,0,0,0,0,0
"BP","AB","trapnest_78","High",2024-06-05,157,"year_2024",2,7,0,0,0,0,0,0,0
"BP","AB","trapnest_78","High",2024-06-11,163,"year_2024",1,7,0,0,0,0,0,0,0
"BP","AB","trapnest_78","High",2024-06-14,166,"year_2024",1,7,0,0,0,0,0,0,0
"BP","AB","trapnest_78","High",2024-06-17,169,"year_2024",3,7,0,0,0,0,0,0,0
"BP","AB","trapnest_78","High",2024-06-21,173,"year_2024",4,7,0,0,0,0,0,0,0
"BP","AB","trapnest_78","High",2024-06-25,177,"year_2024",1,7,0,0,0,0,0,0,0
"BP","AB","trapnest_78","High",2024-06-28,180,"year_2024",3,7,0,0,0,0,0,0,0
"BP","AB","trapnest_78","High",2024-07-02,184,"year_2024",3,7,0,0,0,0,0,0,0
"BP","AB","trapnest_78","High",2024-07-05,187,"year_2024",3,6,0,0,0,0,0,0,0
"BP","AB","trapnest_78","High",2024-07-08,190,"year_2024",2,6,0,0,0,0,0,0,0
"BP","AB","trapnest_78","High",2024-07-13,195,"year_2024",2,6,0,0,0,0,0,0,0
"BP","AB","trapnest_78","High",2024-07-16,198,"year_2024",3,6,0,0,0,0,0,0,0
"BP","AB","trapnest_78","High",2024-07-19,201,"year_2024",2,6,0,0,0,0,0,0,0
"BP","AB","trapnest_78","High",2024-07-22,204,"year_2024",3,6,0,0,0,0,0,0,0
"BP","AB","trapnest_78","High",2024-07-26,208,"year_2024",2,6,0,0,0,0,0,0,0
"BP","AB","trapnest_78","High",2024-07-29,211,"year_2024",3,6,0,0,0,0,0,0,0
"BP","AB","trapnest_78","High",2024-08-02,215,"year_2024",3,6,0,0,0,0,0,0,0
"BP","AB","trapnest_78","High",2024-08-06,219,"year_2024",3,5,0,0,0,0,0,0,0
"BP","AB","trapnest_78","High",2024-08-08,221,"year_2024",0,6,0,0,0,0,0,0,0
"BP","AB","trapnest_78","High",2024-08-12,225,"year_2024",3,6,0,0,0,0,0,0,0
"BP","AC","trapnest_79","Low",2024-06-05,157,"year_2024",2,18,0,0,0,0,0,0,0
"BP","AC","trapnest_79","Low",2024-06-11,163,"year_2024",1,18,0,0,0,0,0,0,0
"BP","AC","trapnest_79","Low",2024-06-14,166,"year_2024",1,18,0,0,0,0,0,0,0
"BP","AC","trapnest_79","Low",2024-06-17,169,"year_2024",3,18,0,0,0,0,0,0,0
"BP","AC","trapnest_79","Low",2024-06-21,173,"year_2024",4,18,0,0,0,0,0,0,0
"BP","AC","trapnest_79","Low",2024-06-25,177,"year_2024",1,18,0,0,0,0,0,0,0
"BP","AC","trapnest_79","Low",2024-06-28,180,"year_2024",3,18,0,0,0,0,0,0,0
"BP","AC","trapnest_79","Low",2024-07-05,187,"year_2024",3,18,0,0,0,0,0,0,0
"BP","AC","trapnest_79","Low",2024-07-08,190,"year_2024",2,18,0,0,0,0,0,0,0
"BP","AC","trapnest_79","Low",2024-07-13,195,"year_2024",2,18,0,0,0,0,0,0,0
"BP","AC","trapnest_79","Low",2024-07-16,198,"year_2024",3,18,0,0,0,0,0,0,0
"BP","AC","trapnest_79","Low",2024-07-19,201,"year_2024",2,18,0,0,0,0,0,0,0
"BP","AC","trapnest_79","Low",2024-07-22,204,"year_2024",3,18,0,0,0,0,0,0,0
"BP","AC","trapnest_79","Low",2024-07-26,208,"year_2024",2,18,0,0,0,0,0,0,0
"BP","AC","trapnest_79","Low",2024-07-29,211,"year_2024",3,18,0,0,0,0,0,0,0
"BP","AC","trapnest_79","Low",2024-08-02,215,"year_2024",3,18,0,0,0,0,0,0,0
"BP","AC","trapnest_79","Low",2024-08-06,219,"year_2024",3,18,0,0,0,0,0,0,0
"BP","AC","trapnest_79","Low",2024-08-08,221,"year_2024",0,18,0,0,0,0,0,0,0
"BP","AC","trapnest_79","Low",2024-08-12,225,"year_2024",3,18,0,0,0,0,0,0,0
"BP","AC","trapnest_79","Low",2024-07-02,184,"year_2024",3,18,0,0,0,0,0,0,0
"BP","C","trapnest_7","Low",2023-05-11,131,"year_2023",3,18,0,0,0,0,0,0,0
"BP","C","trapnest_7","Low",2023-05-12,132,"year_2023",1,18,0,0,0,0,0,0,0
"BP","C","trapnest_7","Low",2023-05-15,135,"year_2023",3,18,0,0,0,0,0,0,0
"BP","C","trapnest_7","Low",2023-05-16,136,"year_2023",1,18,0,0,0,0,0,0,0
"BP","C","trapnest_7","Low",2023-05-17,137,"year_2023",1,18,0,0,0,0,0,0,0
"BP","C","trapnest_7","Low",2023-05-19,139,"year_2023",2,18,0,0,0,0,0,0,0
"BP","C","trapnest_7","Low",2023-05-21,141,"year_2023",1,18,0,0,0,0,0,0,0
"BP","C","trapnest_7","Low",2023-05-22,142,"year_2023",1,18,1,0,0,0,0,0,0
"BP","C","trapnest_7","Low",2023-05-23,143,"year_2023",1,17,0,1,1,1,0,1,1
"BP","C","trapnest_7","Low",2023-05-26,146,"year_2023",2,18,0,0,0,0,0,0,0
"BP","C","trapnest_7","Low",2023-05-28,148,"year_2023",2,18,0,0,0,0,0,0,0
"BP","C","trapnest_7","Low",2023-05-29,149,"year_2023",1,18,5,2,2,2,0,2.5,2.5
"BP","C","trapnest_7","Low",2023-05-31,151,"year_2023",2,14,1,3,3,3,0,3,3
"BP","C","trapnest_7","Low",2023-06-02,153,"year_2023",2,13,0,4,4,4,0,4,4
"BP","C","trapnest_7","Low",2023-06-05,156,"year_2023",1,14,0,3,3,2,0,3,3
"BP","C","trapnest_7","Low",2023-06-08,159,"year_2023",2,13,1,2,2,0,0,2,2
"BP","C","trapnest_7","Low",2023-06-10,161,"year_2023",0,14,0,1,1,1,0,1,1
"BP","C","trapnest_7","Low",2023-06-12,163,"year_2023",1,14,0,1,1,1,0,1,1
"BP","C","trapnest_7","Low",2023-06-14,165,"year_2023",0,14,1,1,1,0,0,1,1
"BP","C","trapnest_7","Low",2023-06-16,167,"year_2023",1,13,0,1,1,0,0,1,1
"BP","C","trapnest_7","Low",2023-06-20,171,"year_2023",3,15,0,0,0,0,0,0,0
"BP","C","trapnest_7","Low",2023-06-23,174,"year_2023",3,15,1,0,0,0,0,0,0
"BP","C","trapnest_7","Low",2023-06-29,180,"year_2023",1,15,0,1,1,1,0,1,1
"BP","AC","trapnest_80","Mid",2024-06-05,157,"year_2024",2,10,0,0,0,0,0,0,0
"BP","AC","trapnest_80","Mid",2024-06-11,163,"year_2024",1,10,0,0,0,0,0,0,0
"BP","AC","trapnest_80","Mid",2024-06-14,166,"year_2024",1,10,0,0,0,0,0,0,0
"BP","AC","trapnest_80","Mid",2024-06-17,169,"year_2024",3,10,0,0,0,0,0,0,0
"BP","AC","trapnest_80","Mid",2024-06-21,173,"year_2024",4,12,0,0,0,0,0,0,0
"BP","AC","trapnest_80","Mid",2024-06-25,177,"year_2024",1,12,0,0,0,0,0,0,0
"BP","AC","trapnest_80","Mid",2024-06-28,180,"year_2024",3,12,0,0,0,0,0,0,0
"BP","AC","trapnest_80","Mid",2024-07-02,184,"year_2024",3,12,0,0,0,0,0,0,0
"BP","AC","trapnest_80","Mid",2024-07-05,187,"year_2024",3,12,0,0,0,0,0,0,0
"BP","AC","trapnest_80","Mid",2024-07-08,190,"year_2024",2,12,0,0,0,0,0,0,0
"BP","AC","trapnest_80","Mid",2024-07-13,195,"year_2024",2,12,0,0,0,0,0,0,0
"BP","AC","trapnest_80","Mid",2024-07-16,198,"year_2024",3,12,0,0,0,0,0,0,0
"BP","AC","trapnest_80","Mid",2024-07-19,201,"year_2024",2,12,0,0,0,0,0,0,0
"BP","AC","trapnest_80","Mid",2024-07-22,204,"year_2024",3,12,0,0,0,0,0,0,0
"BP","AC","trapnest_80","Mid",2024-07-26,208,"year_2024",2,12,0,0,0,0,0,0,0
"BP","AC","trapnest_80","Mid",2024-07-29,211,"year_2024",3,12,0,0,0,0,0,0,0
"BP","AC","trapnest_80","Mid",2024-08-02,215,"year_2024",3,12,0,0,0,0,0,0,0
"BP","AC","trapnest_80","Mid",2024-08-06,219,"year_2024",3,12,0,0,0,0,0,0,0
"BP","AC","trapnest_80","Mid",2024-08-08,221,"year_2024",0,12,0,0,0,0,0,0,0
"BP","AC","trapnest_80","Mid",2024-08-12,225,"year_2024",3,12,0,0,0,0,0,0,0
"BP","AC","trapnest_81","High",2024-06-05,157,"year_2024",2,7,0,0,0,0,0,0,0
"BP","AC","trapnest_81","High",2024-06-11,163,"year_2024",1,7,0,0,0,0,0,0,0
"BP","AC","trapnest_81","High",2024-06-14,166,"year_2024",1,7,0,0,0,0,0,0,0
"BP","AC","trapnest_81","High",2024-06-17,169,"year_2024",3,7,0,0,0,0,0,0,0
"BP","AC","trapnest_81","High",2024-06-21,173,"year_2024",4,7,0,0,0,0,0,0,0
"BP","AC","trapnest_81","High",2024-06-25,177,"year_2024",1,7,0,0,0,0,0,0,0
"BP","AC","trapnest_81","High",2024-06-28,180,"year_2024",3,7,0,0,0,0,0,0,0
"BP","AC","trapnest_81","High",2024-07-02,184,"year_2024",3,7,0,0,0,0,0,0,0
"BP","AC","trapnest_81","High",2024-07-05,187,"year_2024",3,8,0,0,0,0,0,0,0
"BP","AC","trapnest_81","High",2024-07-08,190,"year_2024",2,7,0,0,0,0,0,0,0
"BP","AC","trapnest_81","High",2024-07-13,195,"year_2024",2,9,0,0,0,0,0,0,0
"BP","AC","trapnest_81","High",2024-07-16,198,"year_2024",3,7,0,0,0,0,0,0,0
"BP","AC","trapnest_81","High",2024-07-19,201,"year_2024",2,7,0,0,0,0,0,0,0
"BP","AC","trapnest_81","High",2024-07-22,204,"year_2024",3,7,0,0,0,0,0,0,0
"BP","AC","trapnest_81","High",2024-07-26,208,"year_2024",2,7,0,0,0,0,0,0,0
"BP","AC","trapnest_81","High",2024-07-29,211,"year_2024",3,7,0,0,0,0,0,0,0
"BP","AC","trapnest_81","High",2024-08-02,215,"year_2024",3,6,0,0,0,0,0,0,0
"BP","AC","trapnest_81","High",2024-08-06,219,"year_2024",3,6,0,0,0,0,0,0,0
"BP","AC","trapnest_81","High",2024-08-08,221,"year_2024",0,6,0,0,0,0,0,0,0
"BP","AC","trapnest_81","High",2024-08-12,225,"year_2024",3,6,0,0,0,0,0,0,0
"BP","AD","trapnest_82","Low",2024-06-05,157,"year_2024",2,18,0,0,0,0,0,0,0
"BP","AD","trapnest_82","Low",2024-06-11,163,"year_2024",1,18,0,0,0,0,0,0,0
"BP","AD","trapnest_82","Low",2024-06-14,166,"year_2024",1,17,0,0,0,0,0,0,0
"BP","AD","trapnest_82","Low",2024-06-17,169,"year_2024",3,17,0,0,0,0,0,0,0
"BP","AD","trapnest_82","Low",2024-06-21,173,"year_2024",4,17,0,0,0,0,0,0,0
"BP","AD","trapnest_82","Low",2024-06-25,177,"year_2024",1,18,0,0,0,0,0,0,0
"BP","AD","trapnest_82","Low",2024-06-28,180,"year_2024",3,18,0,0,0,0,0,0,0
"BP","AD","trapnest_82","Low",2024-07-02,184,"year_2024",3,18,0,0,0,0,0,0,0
"BP","AD","trapnest_82","Low",2024-07-05,187,"year_2024",3,18,0,0,0,0,0,0,0
"BP","AD","trapnest_82","Low",2024-07-08,190,"year_2024",2,18,0,0,0,0,0,0,0
"BP","AD","trapnest_82","Low",2024-07-13,195,"year_2024",2,18,0,0,0,0,0,0,0
"BP","AD","trapnest_82","Low",2024-07-16,198,"year_2024",3,18,0,0,0,0,0,0,0
"BP","AD","trapnest_82","Low",2024-07-19,201,"year_2024",2,18,0,0,0,0,0,0,0
"BP","AD","trapnest_82","Low",2024-07-22,204,"year_2024",3,18,0,0,0,0,0,0,0
"BP","AD","trapnest_82","Low",2024-07-26,208,"year_2024",2,18,0,0,0,0,0,0,0
"BP","AD","trapnest_82","Low",2024-07-29,211,"year_2024",3,18,0,0,0,0,0,0,0
"BP","AD","trapnest_82","Low",2024-08-02,215,"year_2024",3,18,0,0,0,0,0,0,0
"BP","AD","trapnest_82","Low",2024-08-06,219,"year_2024",3,18,0,0,0,0,0,0,0
"BP","AD","trapnest_82","Low",2024-08-08,221,"year_2024",0,18,0,0,0,0,0,0,0
"BP","AD","trapnest_82","Low",2024-08-12,225,"year_2024",3,18,0,0,0,0,0,0,0
"BP","AD","trapnest_83","Mid",2024-06-05,157,"year_2024",2,12,0,0,0,0,0,0,0
"BP","AD","trapnest_83","Mid",2024-06-11,163,"year_2024",1,12,0,0,0,0,0,0,0
"BP","AD","trapnest_83","Mid",2024-06-14,166,"year_2024",1,11,0,0,0,0,0,0,0
"BP","AD","trapnest_83","Mid",2024-06-17,169,"year_2024",3,10,0,0,0,0,0,0,0
"BP","AD","trapnest_83","Mid",2024-06-21,173,"year_2024",4,10,0,0,0,0,0,0,0
"BP","AD","trapnest_83","Mid",2024-06-25,177,"year_2024",1,11,0,0,0,0,0,0,0
"BP","AD","trapnest_83","Mid",2024-06-28,180,"year_2024",3,11,0,0,0,0,0,0,0
"BP","AD","trapnest_83","Mid",2024-07-02,184,"year_2024",3,12,0,0,0,0,0,0,0
"BP","AD","trapnest_83","Mid",2024-07-05,187,"year_2024",3,11,0,0,0,0,0,0,0
"BP","AD","trapnest_83","Mid",2024-07-08,190,"year_2024",2,11,0,0,0,0,0,0,0
"BP","AD","trapnest_83","Mid",2024-07-13,195,"year_2024",2,11,0,0,0,0,0,0,0
"BP","AD","trapnest_83","Mid",2024-07-16,198,"year_2024",3,11,0,0,0,0,0,0,0
"BP","AD","trapnest_83","Mid",2024-07-19,201,"year_2024",2,11,0,0,0,0,0,0,0
"BP","AD","trapnest_83","Mid",2024-07-22,204,"year_2024",3,12,0,0,0,0,0,0,0
"BP","AD","trapnest_83","Mid",2024-07-26,208,"year_2024",2,12,0,0,0,0,0,0,0
"BP","AD","trapnest_83","Mid",2024-07-29,211,"year_2024",3,12,0,0,0,0,0,0,0
"BP","AD","trapnest_83","Mid",2024-08-02,215,"year_2024",3,12,0,0,0,0,0,0,0
"BP","AD","trapnest_83","Mid",2024-08-06,219,"year_2024",3,12,0,0,0,0,0,0,0
"BP","AD","trapnest_83","Mid",2024-08-08,221,"year_2024",0,12,0,0,0,0,0,0,0
"BP","AD","trapnest_83","Mid",2024-08-12,225,"year_2024",3,12,0,0,0,0,0,0,0
"BP","AD","trapnest_84","High",2024-06-28,180,"year_2024",3,7,0,0,0,0,0,0,0
"BP","AD","trapnest_84","High",2024-07-02,184,"year_2024",3,7,0,0,0,0,0,0,0
"BP","AD","trapnest_84","High",2024-07-05,187,"year_2024",3,7,0,0,0,0,0,0,0
"BP","AD","trapnest_84","High",2024-07-08,190,"year_2024",2,7,0,0,0,0,0,0,0
"BP","AD","trapnest_84","High",2024-07-13,195,"year_2024",2,7,0,0,0,0,0,0,0
"BP","AD","trapnest_84","High",2024-07-16,198,"year_2024",3,6,0,0,0,0,0,0,0
"BP","AD","trapnest_84","High",2024-07-19,201,"year_2024",2,7,0,0,0,0,0,0,0
"BP","AD","trapnest_84","High",2024-07-22,204,"year_2024",3,7,0,0,0,0,0,0,0
"BP","AD","trapnest_84","High",2024-07-26,208,"year_2024",2,7,0,0,0,0,0,0,0
"BP","AD","trapnest_84","High",2024-07-29,211,"year_2024",3,6,0,0,0,0,0,0,0
"BP","AD","trapnest_84","High",2024-08-02,215,"year_2024",3,7,0,0,0,0,0,0,0
"BP","AD","trapnest_84","High",2024-08-06,219,"year_2024",3,7,0,0,0,0,0,0,0
"BP","AD","trapnest_84","High",2024-08-08,221,"year_2024",0,7,0,0,0,0,0,0,0
"BP","AD","trapnest_84","High",2024-08-12,225,"year_2024",3,7,0,0,0,0,0,0,0
"BP","AD","trapnest_84","High",2024-06-05,157,"year_2024",2,7,0,0,0,0,0,0,0
"BP","AD","trapnest_84","High",2024-06-11,163,"year_2024",1,7,0,0,0,0,0,0,0
"BP","AD","trapnest_84","High",2024-06-14,166,"year_2024",1,7,0,0,0,0,0,0,0
"BP","AD","trapnest_84","High",2024-06-17,169,"year_2024",3,7,0,0,0,0,0,0,0
"BP","AD","trapnest_84","High",2024-06-21,173,"year_2024",4,7,0,0,0,0,0,0,0
"BP","AD","trapnest_84","High",2024-06-25,177,"year_2024",1,6,0,0,0,0,0,0,0
"BP","AE","trapnest_85","Low",2024-06-05,157,"year_2024",2,18,0,0,0,0,0,0,0
"BP","AE","trapnest_85","Low",2024-06-11,163,"year_2024",1,18,0,0,0,0,0,0,0
"BP","AE","trapnest_85","Low",2024-06-14,166,"year_2024",1,18,0,0,0,0,0,0,0
"BP","AE","trapnest_85","Low",2024-06-17,169,"year_2024",3,18,0,0,0,0,0,0,0
"BP","AE","trapnest_85","Low",2024-06-21,173,"year_2024",4,18,0,0,0,0,0,0,0
"BP","AE","trapnest_85","Low",2024-06-25,177,"year_2024",1,18,0,0,0,0,0,0,0
"BP","AE","trapnest_85","Low",2024-06-28,180,"year_2024",3,18,0,0,0,0,0,0,0
"BP","AE","trapnest_85","Low",2024-07-02,184,"year_2024",3,18,0,0,0,0,0,0,0
"BP","AE","trapnest_85","Low",2024-07-05,187,"year_2024",3,18,0,0,0,0,0,0,0
"BP","AE","trapnest_85","Low",2024-07-08,190,"year_2024",2,18,0,0,0,0,0,0,0
"BP","AE","trapnest_85","Low",2024-07-13,195,"year_2024",2,18,0,0,0,0,0,0,0
"BP","AE","trapnest_85","Low",2024-07-16,198,"year_2024",3,16,0,0,0,0,0,0,0
"BP","AE","trapnest_85","Low",2024-07-19,201,"year_2024",2,16,0,0,0,0,0,0,0
"BP","AE","trapnest_85","Low",2024-07-22,204,"year_2024",3,17,0,0,0,0,0,0,0
"BP","AE","trapnest_85","Low",2024-07-26,208,"year_2024",2,16,0,0,0,0,0,0,0
"BP","AE","trapnest_85","Low",2024-07-29,211,"year_2024",3,15,0,0,0,0,0,0,0
"BP","AE","trapnest_85","Low",2024-08-02,215,"year_2024",3,16,0,0,0,0,0,0,0
"BP","AE","trapnest_85","Low",2024-08-06,219,"year_2024",3,16,0,0,0,0,0,0,0
"BP","AE","trapnest_85","Low",2024-08-08,221,"year_2024",0,16,0,0,0,0,0,0,0
"BP","AE","trapnest_85","Low",2024-08-12,225,"year_2024",3,16,0,0,0,0,0,0,0
"BP","AE","trapnest_86","Mid",2024-06-05,157,"year_2024",2,12,0,0,0,0,0,0,0
"BP","AE","trapnest_86","Mid",2024-06-11,163,"year_2024",1,12,0,0,0,0,0,0,0
"BP","AE","trapnest_86","Mid",2024-06-14,166,"year_2024",1,12,0,0,0,0,0,0,0
"BP","AE","trapnest_86","Mid",2024-06-17,169,"year_2024",3,12,0,0,0,0,0,0,0
"BP","AE","trapnest_86","Mid",2024-06-21,173,"year_2024",4,12,0,0,0,0,0,0,0
"BP","AE","trapnest_86","Mid",2024-06-25,177,"year_2024",1,12,0,0,0,0,0,0,0
"BP","AE","trapnest_86","Mid",2024-06-28,180,"year_2024",3,11,0,0,0,0,0,0,0
"BP","AE","trapnest_86","Mid",2024-07-02,184,"year_2024",3,11,0,0,0,0,0,0,0
"BP","AE","trapnest_86","Mid",2024-07-05,187,"year_2024",3,10,0,0,0,0,0,0,0
"BP","AE","trapnest_86","Mid",2024-07-08,190,"year_2024",2,10,0,0,0,0,0,0,0
"BP","AE","trapnest_86","Mid",2024-07-13,195,"year_2024",2,11,0,0,0,0,0,0,0
"BP","AE","trapnest_86","Mid",2024-07-16,198,"year_2024",3,12,0,0,0,0,0,0,0
"BP","AE","trapnest_86","Mid",2024-07-19,201,"year_2024",2,12,0,0,0,0,0,0,0
"BP","AE","trapnest_86","Mid",2024-07-22,204,"year_2024",3,11,0,0,0,0,0,0,0
"BP","AE","trapnest_86","Mid",2024-07-26,208,"year_2024",2,11,0,0,0,0,0,0,0
"BP","AE","trapnest_86","Mid",2024-07-29,211,"year_2024",3,10,0,0,0,0,0,0,0
"BP","AE","trapnest_86","Mid",2024-08-02,215,"year_2024",3,11,0,0,0,0,0,0,0
"BP","AE","trapnest_86","Mid",2024-08-06,219,"year_2024",3,11,0,0,0,0,0,0,0
"BP","AE","trapnest_86","Mid",2024-08-08,221,"year_2024",0,11,0,0,0,0,0,0,0
"BP","AE","trapnest_86","Mid",2024-08-12,225,"year_2024",3,11,0,0,0,0,0,0,0
"BP","AE","trapnest_87","High",2024-06-25,177,"year_2024",1,7,0,0,0,0,0,0,0
"BP","AE","trapnest_87","High",2024-06-28,180,"year_2024",3,7,0,0,0,0,0,0,0
"BP","AE","trapnest_87","High",2024-06-05,157,"year_2024",2,7,0,0,0,0,0,0,0
"BP","AE","trapnest_87","High",2024-06-11,163,"year_2024",1,7,0,0,0,0,0,0,0
"BP","AE","trapnest_87","High",2024-06-14,166,"year_2024",1,7,0,0,0,0,0,0,0
"BP","AE","trapnest_87","High",2024-06-17,169,"year_2024",3,7,0,0,0,0,0,0,0
"BP","AE","trapnest_87","High",2024-07-02,184,"year_2024",3,7,0,0,0,0,0,0,0
"BP","AE","trapnest_87","High",2024-07-05,187,"year_2024",3,6,0,0,0,0,0,0,0
"BP","AE","trapnest_87","High",2024-07-08,190,"year_2024",2,6,0,0,0,0,0,0,0
"BP","AE","trapnest_87","High",2024-07-13,195,"year_2024",2,6,0,0,0,0,0,0,0
"BP","AE","trapnest_87","High",2024-07-22,204,"year_2024",3,7,0,0,0,0,0,0,0
"BP","AE","trapnest_87","High",2024-07-26,208,"year_2024",2,7,0,0,0,0,0,0,0
"BP","AE","trapnest_87","High",2024-07-29,211,"year_2024",3,7,0,0,0,0,0,0,0
"BP","AE","trapnest_87","High",2024-08-02,215,"year_2024",3,7,0,0,0,0,0,0,0
"BP","AE","trapnest_87","High",2024-08-06,219,"year_2024",3,7,0,0,0,0,0,0,0
"BP","AE","trapnest_87","High",2024-08-08,221,"year_2024",0,8,0,0,0,0,0,0,0
"BP","AE","trapnest_87","High",2024-08-12,225,"year_2024",3,7,0,0,0,0,0,0,0
"BP","AE","trapnest_87","High",2024-07-19,201,"year_2024",2,6,0,0,0,0,0,0,0
"BP","AE","trapnest_87","High",2024-06-21,173,"year_2024",4,7,0,0,0,0,0,0,0
"BP","AE","trapnest_87","High",2024-07-16,198,"year_2024",3,5,0,0,0,0,0,0,0
"BP","AF","trapnest_88","Low",2024-06-05,157,"year_2024",2,18,0,0,0,0,0,0,0
"BP","AF","trapnest_88","Low",2024-06-11,163,"year_2024",1,18,0,0,0,0,0,0,0
"BP","AF","trapnest_88","Low",2024-06-14,166,"year_2024",1,18,0,0,0,0,0,0,0
"BP","AF","trapnest_88","Low",2024-06-17,169,"year_2024",3,18,0,0,0,0,0,0,0
"BP","AF","trapnest_88","Low",2024-06-21,173,"year_2024",4,17,0,0,0,0,0,0,0
"BP","AF","trapnest_88","Low",2024-06-25,177,"year_2024",1,17,0,0,0,0,0,0,0
"BP","AF","trapnest_88","Low",2024-06-28,180,"year_2024",3,17,0,0,0,0,0,0,0
"BP","AF","trapnest_88","Low",2024-07-02,184,"year_2024",3,17,0,0,0,0,0,0,0
"BP","AF","trapnest_88","Low",2024-07-05,187,"year_2024",3,18,1,0,0,0,0,0,0
"BP","AF","trapnest_88","Low",2024-07-08,190,"year_2024",2,17,0,1,1,1,0,1,1
"BP","AF","trapnest_88","Low",2024-07-13,195,"year_2024",2,17,0,1,1,1,0,1,1
"BP","AF","trapnest_88","Low",2024-07-16,198,"year_2024",3,17,0,1,1,0,0,1,1
"BP","AF","trapnest_88","Low",2024-07-19,201,"year_2024",2,18,0,0,0,0,0,0,0
"BP","AF","trapnest_88","Low",2024-07-22,204,"year_2024",3,18,0,0,0,0,0,0,0
"BP","AF","trapnest_88","Low",2024-07-26,208,"year_2024",2,18,0,0,0,0,0,0,0
"BP","AF","trapnest_88","Low",2024-07-29,211,"year_2024",3,18,0,0,0,0,0,0,0
"BP","AF","trapnest_88","Low",2024-08-02,215,"year_2024",3,18,0,0,0,0,0,0,0
"BP","AF","trapnest_88","Low",2024-08-06,219,"year_2024",3,18,0,0,0,0,0,0,0
"BP","AF","trapnest_88","Low",2024-08-08,221,"year_2024",0,18,0,0,0,0,0,0,0
"BP","AF","trapnest_88","Low",2024-08-12,225,"year_2024",3,18,0,0,0,0,0,0,0
"BP","AF","trapnest_89","Mid",2024-06-05,157,"year_2024",2,12,0,0,0,0,0,0,0
"BP","AF","trapnest_89","Mid",2024-06-11,163,"year_2024",1,12,0,0,0,0,0,0,0
"BP","AF","trapnest_89","Mid",2024-06-14,166,"year_2024",1,12,0,0,0,0,0,0,0
"BP","AF","trapnest_89","Mid",2024-06-17,169,"year_2024",3,12,0,0,0,0,0,0,0
"BP","AF","trapnest_89","Mid",2024-06-21,173,"year_2024",4,12,0,0,0,0,0,0,0
"BP","AF","trapnest_89","Mid",2024-06-25,177,"year_2024",1,12,0,0,0,0,0,0,0
"BP","AF","trapnest_89","Mid",2024-06-28,180,"year_2024",3,12,0,0,0,0,0,0,0
"BP","AF","trapnest_89","Mid",2024-07-02,184,"year_2024",3,12,0,0,0,0,0,0,0
"BP","AF","trapnest_89","Mid",2024-07-05,187,"year_2024",3,12,0,0,0,0,0,0,0
"BP","AF","trapnest_89","Mid",2024-07-08,190,"year_2024",2,12,0,0,0,0,0,0,0
"BP","AF","trapnest_89","Mid",2024-07-13,195,"year_2024",2,12,0,0,0,0,0,0,0
"BP","AF","trapnest_89","Mid",2024-07-16,198,"year_2024",3,12,0,0,0,0,0,0,0
"BP","AF","trapnest_89","Mid",2024-07-19,201,"year_2024",2,12,0,0,0,0,0,0,0
"BP","AF","trapnest_89","Mid",2024-07-22,204,"year_2024",3,12,0,0,0,0,0,0,0
"BP","AF","trapnest_89","Mid",2024-07-26,208,"year_2024",2,12,0,0,0,0,0,0,0
"BP","AF","trapnest_89","Mid",2024-07-29,211,"year_2024",3,12,0,0,0,0,0,0,0
"BP","AF","trapnest_89","Mid",2024-08-02,215,"year_2024",3,12,0,0,0,0,0,0,0
"BP","AF","trapnest_89","Mid",2024-08-06,219,"year_2024",3,12,0,0,0,0,0,0,0
"BP","AF","trapnest_89","Mid",2024-08-08,221,"year_2024",0,12,0,0,0,0,0,0,0
"BP","AF","trapnest_89","Mid",2024-08-12,225,"year_2024",3,12,0,0,0,0,0,0,0
"BP","C","trapnest_8","Mid",2023-05-11,131,"year_2023",3,12,0,6,0,0,0,0,6
"BP","C","trapnest_8","Mid",2023-05-12,132,"year_2023",1,12,0,6,0,0,0,0,6
"BP","C","trapnest_8","Mid",2023-05-15,135,"year_2023",3,12,0,6,0,0,0,0,6
"BP","C","trapnest_8","Mid",2023-05-16,136,"year_2023",1,12,0,6,0,0,0,0,6
"BP","C","trapnest_8","Mid",2023-05-17,137,"year_2023",1,12,0,6,0,0,0,0,6
"BP","C","trapnest_8","Mid",2023-05-19,139,"year_2023",2,12,0,6,0,0,0,0,6
"BP","C","trapnest_8","Mid",2023-05-21,141,"year_2023",1,12,0,6,0,0,0,0,6
"BP","C","trapnest_8","Mid",2023-05-22,142,"year_2023",1,12,1,6,0,0,0,0,6
"BP","C","trapnest_8","Mid",2023-05-23,143,"year_2023",1,12,1,6,1,1,1,0,5
"BP","C","trapnest_8","Mid",2023-05-26,146,"year_2023",2,11,1,7,2,2,2,0,5
"BP","C","trapnest_8","Mid",2023-05-28,148,"year_2023",2,10,0,8,3,3,3,0,5
"BP","C","trapnest_8","Mid",2023-05-29,149,"year_2023",1,10,1,8,3,2,2,1,6
"BP","C","trapnest_8","Mid",2023-05-31,151,"year_2023",2,11,0,7,4,2,0,4,7
"BP","C","trapnest_8","Mid",2023-06-02,153,"year_2023",2,12,0,6,3,1,0,3,6
"BP","C","trapnest_8","Mid",2023-06-05,156,"year_2023",1,11,0,6,2,0,0,2,6
"BP","C","trapnest_8","Mid",2023-06-08,159,"year_2023",2,11,0,6,2,0,0,2,6
"BP","C","trapnest_8","Mid",2023-06-10,161,"year_2023",0,11,0,6,2,0,0,2,6
"BP","C","trapnest_8","Mid",2023-06-12,163,"year_2023",1,11,0,6,2,0,0,2,6
"BP","C","trapnest_8","Mid",2023-06-14,165,"year_2023",0,11,0,6,2,0,0,2,6
"BP","C","trapnest_8","Mid",2023-06-16,167,"year_2023",1,11,0,6,2,0,0,2,6
"BP","C","trapnest_8","Mid",2023-06-20,171,"year_2023",3,11,0,6,2,0,0,2,6
"BP","C","trapnest_8","Mid",2023-06-23,174,"year_2023",3,10,0,6,2,0,0,2,6
"BP","C","trapnest_8","Mid",2023-06-29,180,"year_2023",1,11,0,6,2,0,0,2,6
"BP","AF","trapnest_90","High",2024-06-05,157,"year_2024",2,7,0,0,0,0,0,0,0
"BP","AF","trapnest_90","High",2024-06-11,163,"year_2024",1,7,0,0,0,0,0,0,0
"BP","AF","trapnest_90","High",2024-06-14,166,"year_2024",1,7,0,0,0,0,0,0,0
"BP","AF","trapnest_90","High",2024-06-17,169,"year_2024",3,7,0,0,0,0,0,0,0
"BP","AF","trapnest_90","High",2024-06-21,173,"year_2024",4,7,0,0,0,0,0,0,0
"BP","AF","trapnest_90","High",2024-07-02,184,"year_2024",3,7,0,0,0,0,0,0,0
"BP","AF","trapnest_90","High",2024-07-05,187,"year_2024",3,7,0,0,0,0,0,0,0
"BP","AF","trapnest_90","High",2024-07-08,190,"year_2024",2,7,0,0,0,0,0,0,0
"BP","AF","trapnest_90","High",2024-07-13,195,"year_2024",2,7,0,0,0,0,0,0,0
"BP","AF","trapnest_90","High",2024-07-16,198,"year_2024",3,7,0,0,0,0,0,0,0
"BP","AF","trapnest_90","High",2024-07-19,201,"year_2024",2,7,0,0,0,0,0,0,0
"BP","AF","trapnest_90","High",2024-07-22,204,"year_2024",3,7,0,0,0,0,0,0,0
"BP","AF","trapnest_90","High",2024-07-26,208,"year_2024",2,7,0,0,0,0,0,0,0
"BP","AF","trapnest_90","High",2024-07-29,211,"year_2024",3,7,0,0,0,0,0,0,0
"BP","AF","trapnest_90","High",2024-06-25,177,"year_2024",1,6,0,0,0,0,0,0,0
"BP","AF","trapnest_90","High",2024-06-28,180,"year_2024",3,6,0,0,0,0,0,0,0
"BP","AF","trapnest_90","High",2024-08-02,215,"year_2024",3,7,0,0,0,0,0,0,0
"BP","AF","trapnest_90","High",2024-08-06,219,"year_2024",3,6,0,0,0,0,0,0,0
"BP","AF","trapnest_90","High",2024-08-08,221,"year_2024",0,6,0,0,0,0,0,0,0
"BP","AF","trapnest_90","High",2024-08-12,225,"year_2024",3,6,0,0,0,0,0,0,0
"CP","AG","trapnest_91","Low",2024-06-05,157,"year_2024",2,18,0,0,0,0,0,0,0
"CP","AG","trapnest_91","Low",2024-06-11,163,"year_2024",1,18,0,0,0,0,0,0,0
"CP","AG","trapnest_91","Low",2024-06-14,166,"year_2024",1,18,0,0,0,0,0,0,0
"CP","AG","trapnest_91","Low",2024-06-17,169,"year_2024",3,18,0,0,0,0,0,0,0
"CP","AG","trapnest_91","Low",2024-06-21,173,"year_2024",4,18,1,0,0,0,0,0,0
"CP","AG","trapnest_91","Low",2024-06-25,177,"year_2024",1,16,0,1,1,1,0,1,1
"CP","AG","trapnest_91","Low",2024-06-28,180,"year_2024",3,16,0,1,1,1,0,1,1
"CP","AG","trapnest_91","Low",2024-07-02,184,"year_2024",3,16,0,1,1,0,0,1,1
"CP","AG","trapnest_91","Low",2024-07-05,187,"year_2024",3,17,0,0,0,0,0,0,0
"CP","AG","trapnest_91","Low",2024-07-08,190,"year_2024",2,17,0,0,0,0,0,0,0
"CP","AG","trapnest_91","Low",2024-07-13,195,"year_2024",2,17,0,0,0,0,0,0,0
"CP","AG","trapnest_91","Low",2024-07-16,198,"year_2024",3,16,0,0,0,0,0,0,0
"CP","AG","trapnest_91","Low",2024-07-19,201,"year_2024",2,16,0,0,0,0,0,0,0
"CP","AG","trapnest_91","Low",2024-07-22,204,"year_2024",3,17,0,0,0,0,0,0,0
"CP","AG","trapnest_91","Low",2024-07-24,206,"year_2024",2,16,0,0,0,0,0,0,0
"CP","AG","trapnest_91","Low",2024-07-26,208,"year_2024",0,17,0,0,0,0,0,0,0
"CP","AG","trapnest_91","Low",2024-07-29,211,"year_2024",3,17,0,0,0,0,0,0,0
"CP","AG","trapnest_91","Low",2024-08-02,215,"year_2024",3,17,0,0,0,0,0,0,0
"CP","AG","trapnest_91","Low",2024-08-06,219,"year_2024",3,18,0,0,0,0,0,0,0
"CP","AG","trapnest_91","Low",2024-08-08,221,"year_2024",0,18,0,0,0,0,0,0,0
"CP","AG","trapnest_91","Low",2024-08-12,225,"year_2024",3,18,0,0,0,0,0,0,0
"CP","AG","trapnest_92","Mid",2024-06-05,157,"year_2024",2,12,0,0,0,0,0,0,0
"CP","AG","trapnest_92","Mid",2024-06-11,163,"year_2024",1,12,0,0,0,0,0,0,0
"CP","AG","trapnest_92","Mid",2024-06-14,166,"year_2024",1,12,0,0,0,0,0,0,0
"CP","AG","trapnest_92","Mid",2024-06-17,169,"year_2024",3,12,0,0,0,0,0,0,0
"CP","AG","trapnest_92","Mid",2024-06-21,173,"year_2024",4,12,0,0,0,0,0,0,0
"CP","AG","trapnest_92","Mid",2024-06-25,177,"year_2024",1,12,0,0,0,0,0,0,0
"CP","AG","trapnest_92","Mid",2024-06-28,180,"year_2024",3,12,0,0,0,0,0,0,0
"CP","AG","trapnest_92","Mid",2024-07-02,184,"year_2024",3,12,0,0,0,0,0,0,0
"CP","AG","trapnest_92","Mid",2024-07-05,187,"year_2024",3,12,0,0,0,0,0,0,0
"CP","AG","trapnest_92","Mid",2024-07-08,190,"year_2024",2,12,0,0,0,0,0,0,0
"CP","AG","trapnest_92","Mid",2024-07-13,195,"year_2024",2,12,0,0,0,0,0,0,0
"CP","AG","trapnest_92","Mid",2024-07-16,198,"year_2024",3,12,0,0,0,0,0,0,0
"CP","AG","trapnest_92","Mid",2024-07-19,201,"year_2024",2,12,0,0,0,0,0,0,0
"CP","AG","trapnest_92","Mid",2024-07-22,204,"year_2024",3,12,0,0,0,0,0,0,0
"CP","AG","trapnest_92","Mid",2024-07-24,206,"year_2024",2,12,0,0,0,0,0,0,0
"CP","AG","trapnest_92","Mid",2024-07-26,208,"year_2024",0,12,0,0,0,0,0,0,0
"CP","AG","trapnest_92","Mid",2024-07-29,211,"year_2024",3,12,0,0,0,0,0,0,0
"CP","AG","trapnest_92","Mid",2024-08-02,215,"year_2024",3,12,0,0,0,0,0,0,0
"CP","AG","trapnest_92","Mid",2024-08-06,219,"year_2024",3,12,0,0,0,0,0,0,0
"CP","AG","trapnest_92","Mid",2024-08-08,221,"year_2024",0,12,0,0,0,0,0,0,0
"CP","AG","trapnest_92","Mid",2024-08-12,225,"year_2024",3,12,0,0,0,0,0,0,0
"CP","AG","trapnest_93","High",2024-06-05,157,"year_2024",2,7,0,0,0,0,0,0,0
"CP","AG","trapnest_93","High",2024-06-11,163,"year_2024",1,7,0,0,0,0,0,0,0
"CP","AG","trapnest_93","High",2024-06-14,166,"year_2024",1,7,0,0,0,0,0,0,0
"CP","AG","trapnest_93","High",2024-06-17,169,"year_2024",3,7,0,0,0,0,0,0,0
"CP","AG","trapnest_93","High",2024-06-21,173,"year_2024",4,6,0,0,0,0,0,0,0
"CP","AG","trapnest_93","High",2024-06-25,177,"year_2024",1,5,0,0,0,0,0,0,0
"CP","AG","trapnest_93","High",2024-06-28,180,"year_2024",3,5,0,0,0,0,0,0,0
"CP","AG","trapnest_93","High",2024-07-02,184,"year_2024",3,5,0,0,0,0,0,0,0
"CP","AG","trapnest_93","High",2024-07-05,187,"year_2024",3,6,0,0,0,0,0,0,0
"CP","AG","trapnest_93","High",2024-07-08,190,"year_2024",2,7,0,0,0,0,0,0,0
"CP","AG","trapnest_93","High",2024-07-13,195,"year_2024",2,7,0,0,0,0,0,0,0
"CP","AG","trapnest_93","High",2024-07-16,198,"year_2024",3,7,0,0,0,0,0,0,0
"CP","AG","trapnest_93","High",2024-07-19,201,"year_2024",2,7,0,0,0,0,0,0,0
"CP","AG","trapnest_93","High",2024-07-22,204,"year_2024",3,7,0,0,0,0,0,0,0
"CP","AG","trapnest_93","High",2024-07-24,206,"year_2024",2,7,0,0,0,0,0,0,0
"CP","AG","trapnest_93","High",2024-07-26,208,"year_2024",0,7,0,0,0,0,0,0,0
"CP","AG","trapnest_93","High",2024-07-29,211,"year_2024",3,7,0,0,0,0,0,0,0
"CP","AG","trapnest_93","High",2024-08-02,215,"year_2024",3,7,0,0,0,0,0,0,0
"CP","AG","trapnest_93","High",2024-08-06,219,"year_2024",3,7,0,0,0,0,0,0,0
"CP","AG","trapnest_93","High",2024-08-08,221,"year_2024",0,7,0,0,0,0,0,0,0
"CP","AG","trapnest_93","High",2024-08-12,225,"year_2024",3,7,0,0,0,0,0,0,0
"CP","AH","trapnest_94","Low",2024-06-05,157,"year_2024",2,18,0,0,0,0,0,0,0
"CP","AH","trapnest_94","Low",2024-06-11,163,"year_2024",1,18,0,0,0,0,0,0,0
"CP","AH","trapnest_94","Low",2024-06-14,166,"year_2024",1,18,0,0,0,0,0,0,0
"CP","AH","trapnest_94","Low",2024-06-17,169,"year_2024",3,17,0,0,0,0,0,0,0
"CP","AH","trapnest_94","Low",2024-06-21,173,"year_2024",4,16,0,0,0,0,0,0,0
"CP","AH","trapnest_94","Low",2024-06-25,177,"year_2024",1,17,0,0,0,0,0,0,0
"CP","AH","trapnest_94","Low",2024-06-28,180,"year_2024",3,17,0,0,0,0,0,0,0
"CP","AH","trapnest_94","Low",2024-07-02,184,"year_2024",3,17,0,0,0,0,0,0,0
"CP","AH","trapnest_94","Low",2024-07-05,187,"year_2024",3,17,0,0,0,0,0,0,0
"CP","AH","trapnest_94","Low",2024-07-08,190,"year_2024",2,16,0,0,0,0,0,0,0
"CP","AH","trapnest_94","Low",2024-07-13,195,"year_2024",2,16,0,0,0,0,0,0,0
"CP","AH","trapnest_94","Low",2024-07-16,198,"year_2024",3,15,0,0,0,0,0,0,0
"CP","AH","trapnest_94","Low",2024-07-19,201,"year_2024",2,17,0,0,0,0,0,0,0
"CP","AH","trapnest_94","Low",2024-07-22,204,"year_2024",3,16,0,0,0,0,0,0,0
"CP","AH","trapnest_94","Low",2024-07-24,206,"year_2024",2,17,0,0,0,0,0,0,0
"CP","AH","trapnest_94","Low",2024-07-26,208,"year_2024",0,17,0,0,0,0,0,0,0
"CP","AH","trapnest_94","Low",2024-07-29,211,"year_2024",3,16,0,0,0,0,0,0,0
"CP","AH","trapnest_94","Low",2024-08-02,215,"year_2024",3,17,0,0,0,0,0,0,0
"CP","AH","trapnest_94","Low",2024-08-06,219,"year_2024",3,16,0,0,0,0,0,0,0
"CP","AH","trapnest_94","Low",2024-08-08,221,"year_2024",0,17,0,0,0,0,0,0,0
"CP","AH","trapnest_94","Low",2024-08-12,225,"year_2024",3,17,0,0,0,0,0,0,0
"CP","AH","trapnest_95","Mid",2024-06-05,157,"year_2024",2,12,0,0,0,0,0,0,0
"CP","AH","trapnest_95","Mid",2024-06-11,163,"year_2024",1,12,0,0,0,0,0,0,0
"CP","AH","trapnest_95","Mid",2024-06-14,166,"year_2024",1,12,0,0,0,0,0,0,0
"CP","AH","trapnest_95","Mid",2024-06-17,169,"year_2024",3,12,0,0,0,0,0,0,0
"CP","AH","trapnest_95","Mid",2024-06-21,173,"year_2024",4,12,0,0,0,0,0,0,0
"CP","AH","trapnest_95","Mid",2024-06-25,177,"year_2024",1,12,0,0,0,0,0,0,0
"CP","AH","trapnest_95","Mid",2024-06-28,180,"year_2024",3,12,0,0,0,0,0,0,0
"CP","AH","trapnest_95","Mid",2024-07-02,184,"year_2024",3,12,0,0,0,0,0,0,0
"CP","AH","trapnest_95","Mid",2024-07-05,187,"year_2024",3,12,0,0,0,0,0,0,0
"CP","AH","trapnest_95","Mid",2024-07-08,190,"year_2024",2,12,0,0,0,0,0,0,0
"CP","AH","trapnest_95","Mid",2024-07-13,195,"year_2024",2,11,0,0,0,0,0,0,0
"CP","AH","trapnest_95","Mid",2024-07-16,198,"year_2024",3,12,0,0,0,0,0,0,0
"CP","AH","trapnest_95","Mid",2024-07-19,201,"year_2024",2,12,0,0,0,0,0,0,0
"CP","AH","trapnest_95","Mid",2024-07-22,204,"year_2024",3,13,0,0,0,0,0,0,0
"CP","AH","trapnest_95","Mid",2024-07-24,206,"year_2024",2,12,0,0,0,0,0,0,0
"CP","AH","trapnest_95","Mid",2024-07-26,208,"year_2024",0,12,0,0,0,0,0,0,0
"CP","AH","trapnest_95","Mid",2024-07-29,211,"year_2024",3,12,0,0,0,0,0,0,0
"CP","AH","trapnest_95","Mid",2024-08-02,215,"year_2024",3,12,0,0,0,0,0,0,0
"CP","AH","trapnest_95","Mid",2024-08-06,219,"year_2024",3,12,0,0,0,0,0,0,0
"CP","AH","trapnest_95","Mid",2024-08-08,221,"year_2024",0,12,0,0,0,0,0,0,0
"CP","AH","trapnest_95","Mid",2024-08-12,225,"year_2024",3,12,0,0,0,0,0,0,0
"CP","AH","trapnest_96","High",2024-06-05,157,"year_2024",2,7,0,0,0,0,0,0,0
"CP","AH","trapnest_96","High",2024-06-11,163,"year_2024",1,7,0,0,0,0,0,0,0
"CP","AH","trapnest_96","High",2024-06-14,166,"year_2024",1,7,0,0,0,0,0,0,0
"CP","AH","trapnest_96","High",2024-06-17,169,"year_2024",3,7,0,0,0,0,0,0,0
"CP","AH","trapnest_96","High",2024-06-21,173,"year_2024",4,7,0,0,0,0,0,0,0
"CP","AH","trapnest_96","High",2024-06-25,177,"year_2024",1,7,0,0,0,0,0,0,0
"CP","AH","trapnest_96","High",2024-06-28,180,"year_2024",3,7,0,0,0,0,0,0,0
"CP","AH","trapnest_96","High",2024-07-02,184,"year_2024",3,7,0,0,0,0,0,0,0
"CP","AH","trapnest_96","High",2024-07-05,187,"year_2024",3,7,0,0,0,0,0,0,0
"CP","AH","trapnest_96","High",2024-07-08,190,"year_2024",2,7,0,0,0,0,0,0,0
"CP","AH","trapnest_96","High",2024-07-13,195,"year_2024",2,7,0,0,0,0,0,0,0
"CP","AH","trapnest_96","High",2024-07-16,198,"year_2024",3,7,0,0,0,0,0,0,0
"CP","AH","trapnest_96","High",2024-07-19,201,"year_2024",2,7,0,0,0,0,0,0,0
"CP","AH","trapnest_96","High",2024-07-22,204,"year_2024",3,7,0,0,0,0,0,0,0
"CP","AH","trapnest_96","High",2024-07-24,206,"year_2024",2,7,0,0,0,0,0,0,0
"CP","AH","trapnest_96","High",2024-07-26,208,"year_2024",0,7,0,0,0,0,0,0,0
"CP","AH","trapnest_96","High",2024-07-29,211,"year_2024",3,7,0,0,0,0,0,0,0
"CP","AH","trapnest_96","High",2024-08-02,215,"year_2024",3,7,0,0,0,0,0,0,0
"CP","AH","trapnest_96","High",2024-08-06,219,"year_2024",3,7,0,0,0,0,0,0,0
"CP","AH","trapnest_96","High",2024-08-08,221,"year_2024",0,7,0,0,0,0,0,0,0
"CP","AH","trapnest_96","High",2024-08-12,225,"year_2024",3,7,0,0,0,0,0,0,0
"CP","AI","trapnest_97","Low",2024-06-05,157,"year_2024",2,18,0,0,0,0,0,0,0
"CP","AI","trapnest_97","Low",2024-06-11,163,"year_2024",1,18,0,0,0,0,0,0,0
"CP","AI","trapnest_97","Low",2024-06-14,166,"year_2024",1,18,0,0,0,0,0,0,0
"CP","AI","trapnest_97","Low",2024-06-17,169,"year_2024",3,18,0,0,0,0,0,0,0
"CP","AI","trapnest_97","Low",2024-06-21,173,"year_2024",4,15,0,0,0,0,0,0,0
"CP","AI","trapnest_97","Low",2024-06-25,177,"year_2024",1,12,0,0,0,0,0,0,0
"CP","AI","trapnest_97","Low",2024-06-28,180,"year_2024",3,14,0,0,0,0,0,0,0
"CP","AI","trapnest_97","Low",2024-07-02,184,"year_2024",3,16,0,0,0,0,0,0,0
"CP","AI","trapnest_97","Low",2024-07-05,187,"year_2024",3,16,0,0,0,0,0,0,0
"CP","AI","trapnest_97","Low",2024-07-08,190,"year_2024",2,16,0,0,0,0,0,0,0
"CP","AI","trapnest_97","Low",2024-07-13,195,"year_2024",2,18,0,0,0,0,0,0,0
"CP","AI","trapnest_97","Low",2024-07-16,198,"year_2024",3,18,0,0,0,0,0,0,0
"CP","AI","trapnest_97","Low",2024-07-19,201,"year_2024",2,18,0,0,0,0,0,0,0
"CP","AI","trapnest_97","Low",2024-07-22,204,"year_2024",3,18,0,0,0,0,0,0,0
"CP","AI","trapnest_97","Low",2024-07-24,206,"year_2024",2,18,0,0,0,0,0,0,0
"CP","AI","trapnest_97","Low",2024-07-26,208,"year_2024",0,18,0,0,0,0,0,0,0
"CP","AI","trapnest_97","Low",2024-07-29,211,"year_2024",3,18,0,0,0,0,0,0,0
"CP","AI","trapnest_97","Low",2024-08-02,215,"year_2024",3,18,0,0,0,0,0,0,0
"CP","AI","trapnest_97","Low",2024-08-06,219,"year_2024",3,18,0,0,0,0,0,0,0
"CP","AI","trapnest_97","Low",2024-08-08,221,"year_2024",0,18,0,0,0,0,0,0,0
"CP","AI","trapnest_97","Low",2024-08-12,225,"year_2024",3,18,0,0,0,0,0,0,0
"CP","AI","trapnest_98","Mid",2024-06-05,157,"year_2024",2,12,0,0,0,0,0,0,0
"CP","AI","trapnest_98","Mid",2024-06-11,163,"year_2024",1,12,0,0,0,0,0,0,0
"CP","AI","trapnest_98","Mid",2024-06-14,166,"year_2024",1,12,0,0,0,0,0,0,0
"CP","AI","trapnest_98","Mid",2024-06-17,169,"year_2024",3,12,0,0,0,0,0,0,0
"CP","AI","trapnest_98","Mid",2024-06-21,173,"year_2024",4,12,0,0,0,0,0,0,0
"CP","AI","trapnest_98","Mid",2024-06-25,177,"year_2024",1,12,0,0,0,0,0,0,0
"CP","AI","trapnest_98","Mid",2024-06-28,180,"year_2024",3,12,0,0,0,0,0,0,0
"CP","AI","trapnest_98","Mid",2024-07-02,184,"year_2024",3,12,0,0,0,0,0,0,0
"CP","AI","trapnest_98","Mid",2024-07-05,187,"year_2024",3,12,0,0,0,0,0,0,0
"CP","AI","trapnest_98","Mid",2024-07-08,190,"year_2024",2,12,0,0,0,0,0,0,0
"CP","AI","trapnest_98","Mid",2024-07-13,195,"year_2024",2,12,0,0,0,0,0,0,0
"CP","AI","trapnest_98","Mid",2024-07-16,198,"year_2024",3,12,0,0,0,0,0,0,0
"CP","AI","trapnest_98","Mid",2024-07-19,201,"year_2024",2,12,0,0,0,0,0,0,0
"CP","AI","trapnest_98","Mid",2024-07-22,204,"year_2024",3,12,0,0,0,0,0,0,0
"CP","AI","trapnest_98","Mid",2024-07-24,206,"year_2024",2,12,0,0,0,0,0,0,0
"CP","AI","trapnest_98","Mid",2024-07-26,208,"year_2024",0,12,0,0,0,0,0,0,0
"CP","AI","trapnest_98","Mid",2024-07-29,211,"year_2024",3,12,0,0,0,0,0,0,0
"CP","AI","trapnest_98","Mid",2024-08-02,215,"year_2024",3,12,0,0,0,0,0,0,0
"CP","AI","trapnest_98","Mid",2024-08-06,219,"year_2024",3,12,0,0,0,0,0,0,0
"CP","AI","trapnest_98","Mid",2024-08-08,221,"year_2024",0,12,0,0,0,0,0,0,0
"CP","AI","trapnest_98","Mid",2024-08-12,225,"year_2024",3,12,0,0,0,0,0,0,0
"CP","AI","trapnest_99","High",2024-06-05,157,"year_2024",2,7,0,0,0,0,0,0,0
"CP","AI","trapnest_99","High",2024-06-11,163,"year_2024",1,7,0,0,0,0,0,0,0
"CP","AI","trapnest_99","High",2024-06-14,166,"year_2024",1,7,0,0,0,0,0,0,0
"CP","AI","trapnest_99","High",2024-06-17,169,"year_2024",3,7,0,0,0,0,0,0,0
"CP","AI","trapnest_99","High",2024-06-21,173,"year_2024",4,7,2,0.5,0.5,0.5,0,1,1
"CP","AI","trapnest_99","High",2024-06-25,177,"year_2024",1,5,0,2,2,2,0,2,2
"CP","AI","trapnest_99","High",2024-06-28,180,"year_2024",3,6,0,1,1,1,0,1,1
"CP","AI","trapnest_99","High",2024-07-02,184,"year_2024",3,6,0,1,1,1,0,1,1
"CP","AI","trapnest_99","High",2024-07-05,187,"year_2024",3,6,0,1,1,1,0,1,1
"CP","AI","trapnest_99","High",2024-07-08,190,"year_2024",2,6,0,1,1,0,0,1,1
"CP","AI","trapnest_99","High",2024-07-13,195,"year_2024",2,7,0,0,0,0,0,0,0
"CP","AI","trapnest_99","High",2024-07-16,198,"year_2024",3,7,0,0,0,0,0,0,0
"CP","AI","trapnest_99","High",2024-07-19,201,"year_2024",2,7,0,0,0,0,0,0,0
"CP","AI","trapnest_99","High",2024-07-22,204,"year_2024",3,7,0,0,0,0,0,0,0
"CP","AI","trapnest_99","High",2024-07-24,206,"year_2024",2,7,0,0,0,0,0,0,0
"CP","AI","trapnest_99","High",2024-07-26,208,"year_2024",0,7,0,0,0,0,0,0,0
"CP","AI","trapnest_99","High",2024-07-29,211,"year_2024",3,7,0,0,0,0,0,0,0
"CP","AI","trapnest_99","High",2024-08-02,215,"year_2024",3,7,0,0,0,0,0,0,0
"CP","AI","trapnest_99","High",2024-08-06,219,"year_2024",3,7,0,0,0,0,0,0,0
"CP","AI","trapnest_99","High",2024-08-08,221,"year_2024",0,7,0,0,0,0,0,0,0
"CP","AI","trapnest_99","High",2024-08-12,225,"year_2024",3,7,0,0,0,0,0,0,0
"BP","C","trapnest_9","High",2023-05-11,131,"year_2023",3,7,0,11,0,0,0,0,11
"BP","C","trapnest_9","High",2023-05-12,132,"year_2023",1,7,0,11,0,0,0,0,11
"BP","C","trapnest_9","High",2023-05-15,135,"year_2023",3,7,0,11,0,0,0,0,11
"BP","C","trapnest_9","High",2023-05-16,136,"year_2023",1,7,0,11,0,0,0,0,11
"BP","C","trapnest_9","High",2023-05-17,137,"year_2023",1,7,0,11,0,0,0,0,11
"BP","C","trapnest_9","High",2023-05-19,139,"year_2023",2,7,0,11,0,0,0,0,11
"BP","C","trapnest_9","High",2023-05-21,141,"year_2023",1,7,0,11,0,0,0,0,11
"BP","C","trapnest_9","High",2023-05-22,142,"year_2023",1,7,1,11,0,0,0,0,11
"BP","C","trapnest_9","High",2023-05-23,143,"year_2023",1,7,0,11,1,1,1,0,10
"BP","C","trapnest_9","High",2023-05-26,146,"year_2023",2,7,0,11,1,1,1,0,10
"BP","C","trapnest_9","High",2023-05-28,148,"year_2023",2,7,0,11,1,1,1,0,10
"BP","C","trapnest_9","High",2023-05-29,149,"year_2023",1,7,1,11,1,1,0,1,11
"BP","C","trapnest_9","High",2023-05-31,151,"year_2023",2,7,0,11,2,1,0,2,11
"BP","C","trapnest_9","High",2023-06-02,153,"year_2023",2,7,0,11,2,1,0,2,11
"BP","C","trapnest_9","High",2023-06-05,156,"year_2023",1,7,1,11,2,1,0,2,11
"BP","C","trapnest_9","High",2023-06-08,159,"year_2023",2,7,0,10,3,1,0,3,10
"BP","C","trapnest_9","High",2023-06-10,161,"year_2023",0,5,0,10,3,1,0,3,10
"BP","C","trapnest_9","High",2023-06-12,163,"year_2023",1,5,0,10,3,1,0,3,10
"BP","C","trapnest_9","High",2023-06-29,180,"year_2023",1,4,0,10,3,0,0,3,10
"BP","C","trapnest_9","High",2023-06-14,165,"year_2023",0,3,0,10,3,1,0,3,10
"BP","C","trapnest_9","High",2023-06-16,167,"year_2023",1,4,0,11,3,0,0,3,11
"BP","C","trapnest_9","High",2023-06-20,171,"year_2023",3,2,0,11,3,0,0,3,11
"BP","C","trapnest_9","High",2023-06-23,174,"year_2023",3,1,0,10,3,0,0,3,10
